#pragma once

#include <stdint.h>

const uint16_t benzeneScene[240 * 240] = {
    0xD4E3, 0xD4E3, 0xD503, 0xD4E3, 0xD503, 0xD503, 0xD503, 0xD4E3, 0xD4E3, 0xD4E3, 0xD4E3, 0xD4E3, 
    0xD4E3, 0xD4E3, 0xD4E3, 0xD4E3, 0xD4E3, 0xD4E3, 0xD503, 0xD4E3, 0xD4E3, 0xCCE3, 0xCCE3, 0xCCE3, 
    0xCCC3, 0xD4E3, 0xD4E3, 0xCCE3, 0xCCE3, 0xCCC3, 0xD4E3, 0xD4E3, 0xD4E3, 0xD4E3, 0xCCE3, 0xCCE3, 
    0xD4E3, 0xD4E3, 0xCCE3, 0xCCE3, 0xD4E3, 0xD4E3, 0xD4E3, 0xD4E3, 0xD4E3, 0xD4E3, 0xD4E3, 0xD4E3, 
    0xD4E3, 0xCCE3, 0xD4E3, 0xD4E3, 0xCCC3, 0xCCC3, 0xD4E3, 0xD4E3, 0xD4E3, 0xD4E3, 0xCCE3, 0xD4E3, 
    0xD4E3, 0xD4E3, 0xD4E3, 0xD4E3, 0xD4E3, 0xCCE3, 0xCCE3, 0xCCC3, 0xCCE3, 0xCCE3, 0xCCC3, 0xD4E3, 
    0xD503, 0xD503, 0xD503, 0xD503, 0xD4E3, 0xD503, 0xD503, 0xD503, 0xD503, 0xD503, 0xD503, 0xD503, 
    0xD503, 0xD503, 0xD503, 0xD503, 0xD503, 0xD503, 0xD503, 0xD503, 0xD523, 0xDD23, 0xDD23, 0xD523, 
    0xDD23, 0xD523, 0xDD23, 0xD523, 0xD523, 0xD523, 0xD523, 0xDD23, 0xD523, 0xDD23, 0xDD23, 0xDD24, 
    0xDD23, 0xDD23, 0xD503, 0xD503, 0xD503, 0xDD23, 0xD503, 0xD503, 0xD503, 0xD503, 0xD503, 0xD503, 
    0xD503, 0xD523, 0xD503, 0xD4E3, 0xD503, 0xD503, 0xD503, 0xD503, 0xD503, 0xD503, 0xD503, 0xD503, 
    0xD503, 0xD503, 0xD503, 0xD503, 0xD503, 0xD503, 0xD503, 0xD4E3, 0xD4E3, 0xD4E3, 0xD4E3, 0xD4E3, 
    0xCCE3, 0xCCE3, 0xCCE3, 0xCCE3, 0xD503, 0xDD23, 0xDD23, 0xDD24, 0xDD23, 0xD4E3, 0xD4E3, 0xD4E3, 
    0xD4E3, 0xD503, 0xD503, 0xD4E3, 0xD4E3, 0xD4E3, 0xD4E3, 0xCCE3, 0xD4E3, 0xCCE3, 0xD4E3, 0xD4E3, 
    0xD4E3, 0xD4E3, 0xCCE3, 0xCCE3, 0xCCE3, 0xCCE3, 0xCCE3, 0xD4E3, 0xD4E3, 0xD4E3, 0xD4E3, 0xD4E3, 
    0xD4E3, 0xD4E3, 0xD4E3, 0xD4E3, 0xD4E3, 0xD4E3, 0xD4E3, 0xD4E3, 0xD4E3, 0xD4E3, 0xD4E3, 0xD4E3, 
    0xD4E3, 0xD4E3, 0xD4E3, 0xCCE3, 0xCCE3, 0xCCC3, 0xD4E3, 0xD4E3, 0xD4E3, 0xD4E3, 0xD4E3, 0xD4E3, 
    0xD4E3, 0xCCE3, 0xCCE3, 0xCCE3, 0xD4E3, 0xD4E3, 0xD503, 0xD4E3, 0xD4E3, 0xD4E3, 0xD4E3, 0xD4E3, 
    0xD4E3, 0xD4E3, 0xD503, 0xD503, 0xD4E3, 0xD503, 0xD503, 0xD503, 0xD503, 0xD503, 0xD503, 0xD503, 
    0xD4E3, 0xD4E3, 0xD4E3, 0xD503, 0xD4E3, 0xD4E3, 0xD4E3, 0xD4E3, 0xD503, 0xD503, 0xD503, 0xD503, 
    0xD4E3, 0xD4E3, 0xD4E3, 0xD503, 0xD503, 0xD4E3, 0xD4E3, 0xD4E3, 0xD4E3, 0xD4E3, 0xD4E3, 0xD4E3, 
    0xD4E3, 0xD4E3, 0xD4E3, 0xD4E3, 0xD4E3, 0xD4E3, 0xD4E3, 0xD4E3, 0xD4E3, 0xD4E3, 0xCCE3, 0xCCE3, 
    0xCCC3, 0xCCC3, 0xCCC3, 0xCCC3, 0xCCC3, 0xD4E3, 0xCCE3, 0xD4E3, 0xD4E3, 0xCCC3, 0xCCC3, 0xCCC3, 
    0xCCE3, 0xD4E3, 0xCCE3, 0xCCE3, 0xD4E3, 0xD4E3, 0xD4E3, 0xD4E3, 0xD4E3, 0xCCE3, 0xCCE3, 0xD4E3, 
    0xD4E3, 0xD4E3, 0xCCE3, 0xCCE3, 0xCCC3, 0xCCE3, 0xCCE3, 0xD4E3, 0xD4E3, 0xD4E3, 0xD4E3, 0xD4E3, 
    0xD4E3, 0xD4E3, 0xD4E3, 0xD4E3, 0xD4E3, 0xD4E3, 0xD4E3, 0xCCE3, 0xCCE3, 0xCCE3, 0xCCE3, 0xD4E3, 
    0xD4E3, 0xD4E3, 0xD4E3, 0xD503, 0xD4E3, 0xD4E3, 0xD503, 0xD503, 0xD503, 0xD503, 0xD503, 0xD503, 
    0xD503, 0xD503, 0xD503, 0xD503, 0xD503, 0xD503, 0xD503, 0xD503, 0xD503, 0xD523, 0xDD24, 0xDD24, 
    0xD523, 0xDD23, 0xD523, 0xD523, 0xD523, 0xD523, 0xD523, 0xDD23, 0xDD23, 0xD523, 0xDD23, 0xDD23, 
    0xDD23, 0xDD23, 0xD523, 0xD503, 0xD503, 0xD523, 0xD523, 0xD503, 0xD523, 0xD503, 0xD503, 0xD503, 
    0xD503, 0xD503, 0xD503, 0xD503, 0xD503, 0xD503, 0xD4E3, 0xD4E3, 0xD503, 0xD503, 0xD503, 0xD503, 
    0xD503, 0xD503, 0xD503, 0xD4E3, 0xD4E3, 0xD4E3, 0xD4E3, 0xD4E3, 0xD4E3, 0xD4E3, 0xD4E3, 0xD4E3, 
    0xD4E3, 0xD4E3, 0xD4E3, 0xD4E3, 0x8302, 0x5A41, 0x5A41, 0x6261, 0x6261, 0xB443, 0xD503, 0xD4E3, 
    0xD4E3, 0xD4E3, 0xD4E3, 0xD4E3, 0xD503, 0xD4E3, 0xD4E3, 0xD4E3, 0xCCE3, 0xCCE3, 0xD4E3, 0xD4E3, 
    0xCCC3, 0xCCC3, 0xCCC3, 0xCCC3, 0xD4E3, 0xD4E3, 0xCCE3, 0xCCE3, 0xD4E3, 0xD4E3, 0xD4E3, 0xD4E3, 
    0xD4E3, 0xD503, 0xD503, 0xD4E3, 0xCCC3, 0xD4E3, 0xD4E3, 0xD4E3, 0xD4E3, 0xD4E3, 0xCCE3, 0xD4E3, 
    0xCCE3, 0xD4E3, 0xD4E3, 0xD4E3, 0xD4E3, 0xD4E3, 0xD4E3, 0xD4E3, 0xD4E3, 0xD4E3, 0xD4E3, 0xD4E3, 
    0xCCE3, 0xCCE3, 0xD4E3, 0xCCE3, 0xCCE3, 0xD4E3, 0xD4E3, 0xD4E3, 0xD4E3, 0xD503, 0xD4E3, 0xD4E3, 
    0xD4E3, 0xD4E3, 0xD503, 0xD503, 0xD503, 0xD4E3, 0xD4E3, 0xD503, 0xD503, 0xD503, 0xD503, 0xD503, 
    0xD4E3, 0xCCE3, 0xD4E3, 0xD503, 0xD4E3, 0xD4E3, 0xD4E3, 0xD4E3, 0xD4E3, 0xD503, 0xD503, 0xD503, 
    0xD4E3, 0xD4E3, 0xD4E3, 0xD503, 0xD503, 0xD4E3, 0xD4E3, 0xD4E3, 0xD4E3, 0xD4E3, 0xD4E3, 0xD4E3, 
    0xD4E3, 0xD4E3, 0xD4E3, 0xD4E3, 0xD4E3, 0xD4E3, 0xD4E3, 0xD4E3, 0xD4E3, 0xD4E3, 0xD4E3, 0xCCE3, 
    0xCCE3, 0xCCE3, 0xCCE3, 0xCCC3, 0xCCC3, 0xCCC3, 0xCCC3, 0xCCE3, 0xCCE3, 0xCCE3, 0xCCE3, 0xCCE3, 
    0xCCE3, 0xD4E3, 0xD4E3, 0xCCE3, 0xCCE3, 0xCCE3, 0xCCE3, 0xD4E3, 0xCCE3, 0xCCE3, 0xCCE3, 0xCCE3, 
    0xCCE3, 0xCCE3, 0xCCE3, 0xD4E3, 0xCCE3, 0xCCE3, 0xCCC3, 0xCCE3, 0xD4E3, 0xD4E3, 0xD4E3, 0xD4E3, 
    0xCCE3, 0xD4E3, 0xD4E3, 0xD4E3, 0xD4E3, 0xD4E3, 0xCCE3, 0xD4E3, 0xD4E3, 0xD4E3, 0xCCE3, 0xD4E3, 
    0xD4E3, 0xD4E3, 0xD503, 0xD4E3, 0xD4E3, 0xD503, 0xD4E3, 0xD503, 0xD503, 0xD503, 0xD503, 0xD503, 
    0xD503, 0xD503, 0xD503, 0xD503, 0xD503, 0xD503, 0xD503, 0xD503, 0xD523, 0xDD23, 0xDD24, 0xDD23, 
    0xDD23, 0xD523, 0xD523, 0xD503, 0xD523, 0xD523, 0xDD23, 0xD523, 0xDD23, 0xDD23, 0xD523, 0xDD23, 
    0xDD23, 0xDD23, 0xDD23, 0xD523, 0xD503, 0xDD23, 0xD523, 0xD503, 0xD503, 0xD503, 0xD503, 0xD503, 
    0xD503, 0xD503, 0xD503, 0xD503, 0xD503, 0xD503, 0xD503, 0xD503, 0xD503, 0xD503, 0xD503, 0xD503, 
    0xD503, 0xD503, 0xD4E3, 0xD4E3, 0xD4E3, 0xD4E3, 0xD4E3, 0xD4E3, 0xD4E3, 0xD4E3, 0xD4E3, 0xD4E3, 
    0xD4E3, 0xD503, 0xCCC3, 0x49C1, 0x20A1, 0x5963, 0x5983, 0x5983, 0x4102, 0x2900, 0xAC03, 0xDD04, 
    0xD4E3, 0xD503, 0xD4E3, 0xD503, 0xD4E3, 0xD4E3, 0xD4E3, 0xD4E3, 0xD4E3, 0xD4E3, 0xCCE3, 0xCCC3, 
    0xCCE3, 0xCCC3, 0xCCE3, 0xCCC3, 0xD4E3, 0xD4E3, 0xD4E3, 0xD4E3, 0xD4E3, 0xD4E3, 0xD4E3, 0xD4E3, 
    0xD4E3, 0xD503, 0xD503, 0xD4E3, 0xD4E3, 0xD4E3, 0xD4E3, 0xD4E3, 0xD4E3, 0xD4E3, 0xCCE3, 0xD4E3, 
    0xCCE3, 0xCCE3, 0xD4E3, 0xD4E3, 0xD4E3, 0xD4E3, 0xD4E3, 0xD4E3, 0xD4E3, 0xD4E3, 0xD4E3, 0xD4E3, 
    0xD4E3, 0xCCE3, 0xCCE3, 0xD4E3, 0xD4E3, 0xD4E3, 0xD4E3, 0xD4E3, 0xD503, 0xD4E3, 0xD503, 0xD503, 
    0xD503, 0xD503, 0xD503, 0xD503, 0xD503, 0xD4E3, 0xD4E3, 0xD4E3, 0xD503, 0xD503, 0xD503, 0xD4E3, 
    0xD4E3, 0xCCE3, 0xD4E3, 0xD503, 0xD503, 0xD503, 0xD503, 0xD4E3, 0xD4E3, 0xD503, 0xD503, 0xD503, 
    0xD4E3, 0xD4E3, 0xD4E3, 0xD4E3, 0xD503, 0xD4E3, 0xD4E3, 0xD4E3, 0xD4E3, 0xD4E3, 0xD4E3, 0xD4E3, 
    0xD4E3, 0xD4E3, 0xD4E3, 0xD4E3, 0xD4E3, 0xD4E3, 0xD4E3, 0xD4E3, 0xD4E3, 0xD4E3, 0xCCE3, 0xCCE3, 
    0xD4E3, 0xD4E3, 0xCCE3, 0xD4E3, 0xCCE3, 0xCCE3, 0xCCE3, 0xD4E3, 0xD4E3, 0xCCE3, 0xD4E3, 0xD4E3, 
    0xCCE3, 0xD4E3, 0xD4E3, 0xCCE3, 0xCCE3, 0xCCE3, 0xCCE3, 0xD4E3, 0xD4E3, 0xD4E3, 0xCCE3, 0xCCE3, 
    0xD4E3, 0xD4E3, 0xCCE3, 0xD4E3, 0xD4E3, 0xD4E3, 0xD4E3, 0xD4E3, 0xD4E3, 0xD4E3, 0xD4E3, 0xD4E3, 
    0xD4E3, 0xD4E3, 0xD4E3, 0xD4E3, 0xD4E3, 0xD4E3, 0xD4E3, 0xD4E3, 0xD4E3, 0xD4E3, 0xD4E3, 0xD4E3, 
    0xD4E3, 0xD4E3, 0xD4E3, 0xD4E3, 0xD4E3, 0xD503, 0xD503, 0xD503, 0xD503, 0xD503, 0xD503, 0xD503, 
    0xD503, 0xD503, 0xD503, 0xD503, 0xD503, 0xDD23, 0xD523, 0xD523, 0xDD23, 0xDD23, 0xDD23, 0xDD23, 
    0xDD43, 0xDD23, 0xDD23, 0xD523, 0xD523, 0xD523, 0xD523, 0xDD23, 0xD523, 0xDD23, 0xD523, 0xDD23, 
    0xDD23, 0xDD23, 0xDD23, 0xDD23, 0xDD23, 0xDD23, 0xD503, 0xD503, 0xD503, 0xD503, 0xD523, 0xD523, 
    0xD523, 0xD503, 0xD503, 0xD523, 0xD503, 0xD503, 0xD503, 0xD503, 0xD523, 0xD523, 0xD523, 0xD523, 
    0xD503, 0xD503, 0xD503, 0xD503, 0xD503, 0xD503, 0xD503, 0xD503, 0xD503, 0xDD23, 0xDD23, 0xD503, 
    0xD503, 0xCCC3, 0x5A21, 0x3902, 0xAAE6, 0xB306, 0xAAC6, 0xAAC6, 0xAAC5, 0x69C3, 0x20C1, 0xAC03, 
    0xDD24, 0xD503, 0xD503, 0xD503, 0xD4E3, 0xD4E3, 0xD503, 0xD503, 0xD4E3, 0xD4E3, 0xD4E3, 0xD4E3, 
    0xD4E3, 0xD4E3, 0xCCC2, 0xCCE3, 0xD4E3, 0xD4E3, 0xD4E3, 0xD4E3, 0xD4E3, 0xD4E3, 0xD4E3, 0xD503, 
    0xD503, 0xD503, 0xD503, 0xD4E3, 0xD4E3, 0xD4E3, 0xD4E3, 0xD503, 0xD503, 0xD4E3, 0xD4E3, 0xD4E3, 
    0xD4E3, 0xD4E3, 0xD4E3, 0xD4E3, 0xD4E3, 0xD503, 0xD503, 0xD4E3, 0xD4E3, 0xD4E3, 0xD4E3, 0xD4E3, 
    0xD4E3, 0xD4E3, 0xD4E3, 0xD4E3, 0xD4E3, 0xD4E3, 0xD4E3, 0xD4E3, 0xD503, 0xD503, 0xD503, 0xD503, 
    0xD503, 0xD503, 0xD503, 0xD503, 0xD503, 0xD4E3, 0xD503, 0xD503, 0xD503, 0xD503, 0xD503, 0xD503, 
    0xD4E3, 0xD4E3, 0xD4E3, 0xD503, 0xD503, 0xD503, 0xD503, 0xD4E3, 0xD4E3, 0xD503, 0xD503, 0xD503, 
    0xD4E3, 0xD4E3, 0xD4E3, 0xD4E3, 0xD4E3, 0xD4E3, 0xD4E3, 0xD4E3, 0xD4E3, 0xD4E3, 0xD4E3, 0xD4E3, 
    0xD4E3, 0xD4E3, 0xD4E3, 0xD4E3, 0xD4E3, 0xD4E3, 0xD4E3, 0xD4E3, 0xD4E3, 0xD4E3, 0xCCE3, 0xCCE3, 
    0xCCE3, 0xCCE3, 0xCCE3, 0xD4E3, 0xD4E3, 0xD4E3, 0xCCE3, 0xD4E3, 0xD4E3, 0xD4E3, 0xD4E3, 0xD4E3, 
    0xD4E3, 0xD4E3, 0xD4E3, 0xD4E3, 0xD4E3, 0xCCE3, 0xD4E3, 0xD4E3, 0xD4E3, 0xCCE3, 0xD4E3, 0xD4E3, 
    0xD4E3, 0xD4E3, 0xD4E3, 0xD4E3, 0xD4E3, 0xD4E3, 0xD4E3, 0xD4E3, 0xD4E3, 0xCCE3, 0xD4E3, 0xD4E3, 
    0xCCE3, 0xD4E3, 0xD4E3, 0xD4E3, 0xD4E3, 0xD4E3, 0xD4E3, 0xD4E3, 0xD4E3, 0xD4E3, 0xD4E3, 0xD4E3, 
    0xD4E3, 0xD4E3, 0xD503, 0xD4E3, 0xD4E3, 0xD4E3, 0xD4E3, 0xD4E3, 0xD503, 0xD503, 0xD503, 0xD503, 
    0xD503, 0xD503, 0xD503, 0xD503, 0xD503, 0xDD23, 0xDD23, 0xDD23, 0xDD23, 0xDD23, 0xDD23, 0xDD43, 
    0xDD43, 0xDD43, 0xDD23, 0xDD23, 0xD523, 0xDD23, 0xDD23, 0xDD23, 0xD523, 0xDD23, 0xDD23, 0xDD23, 
    0xDD43, 0xDD23, 0xDD23, 0xDD23, 0xDD23, 0xDD23, 0xDD03, 0xDD23, 0xD503, 0xDD23, 0xDD23, 0xDD23, 
    0xD523, 0xDD23, 0xDD23, 0xDD23, 0xD523, 0xD503, 0xD503, 0xDD23, 0xDD23, 0xDD23, 0xD523, 0xDD23, 
    0xD523, 0xD503, 0xD503, 0xD503, 0xD503, 0xD503, 0xD503, 0xD503, 0x6A61, 0x49C1, 0x49C1, 0x41A1, 
    0xABE2, 0x6A61, 0x4963, 0xBB47, 0xB2E6, 0x6182, 0x38E2, 0x38E1, 0x71C3, 0xB2E6, 0x8204, 0x2901, 
    0xB443, 0xDD23, 0xD503, 0xD503, 0xD503, 0xD503, 0xD503, 0xD503, 0xD503, 0xD4E3, 0xD503, 0xD4E3, 
    0xD4E3, 0xD4E3, 0xD4E3, 0xD4E3, 0xD503, 0xD4E3, 0xD4E3, 0xD4E3, 0xD4E3, 0xD503, 0xD503, 0xD503, 
    0xD503, 0xD503, 0xD503, 0xD503, 0xD503, 0xD4E3, 0xD4E3, 0xD503, 0xD503, 0xD4E3, 0xD4E3, 0xD4E3, 
    0xD4E3, 0xD503, 0xD4E3, 0xD4E3, 0xD4E3, 0xD503, 0xD503, 0xD4E3, 0xD4E3, 0xD4E3, 0xD4E3, 0xD4E3, 
    0xD4E3, 0xD4E3, 0xD4E3, 0xD4E3, 0xD4E3, 0xD4E3, 0xD503, 0xD4E3, 0xD4E3, 0xD503, 0xD503, 0xD503, 
    0xD503, 0xD503, 0xD523, 0xD503, 0xD503, 0xD503, 0xD503, 0xD503, 0xD503, 0xD503, 0xD503, 0xD503, 
    0xD503, 0xD4E3, 0xD4E3, 0xD503, 0xD503, 0xD503, 0xD503, 0xD503, 0xD503, 0xD503, 0xD503, 0xD503, 
    0xD4E3, 0xCCC3, 0xCCE3, 0xD4E3, 0xCCE3, 0xCCE3, 0xD4E3, 0xCCE3, 0xD4E3, 0xD4E3, 0xD4E3, 0xD4E3, 
    0xD4E3, 0xD4E3, 0xD4E3, 0xD4E3, 0xD4E3, 0xD4E3, 0xD4E3, 0xD4E3, 0xD4E3, 0xD4E3, 0xCCE3, 0xD4E3, 
    0xCCE3, 0xD4E3, 0xCCC3, 0xCCE3, 0xD4E3, 0xD4E3, 0xD4E3, 0xD4E3, 0xD4E3, 0xD4E3, 0xD4E3, 0xD4E3, 
    0xD4E3, 0xD4E3, 0xD4E3, 0xD4E3, 0xD4E3, 0xD4E3, 0xCCE3, 0xD4E3, 0xD4E3, 0xD4E3, 0xD4E3, 0xD4E3, 
    0xD4E3, 0xD4E3, 0xD4E3, 0xD4E3, 0xD503, 0xD4E3, 0xD4E3, 0xD4E3, 0xD4E3, 0xCCC3, 0xD4E3, 0xCCE3, 
    0xCCE3, 0xCCE3, 0xD4E3, 0xD4E3, 0xD4E3, 0xD4E3, 0xD4E3, 0xD4E3, 0xD4E3, 0xD4E3, 0xD4E3, 0xD503, 
    0xD503, 0xD4E3, 0xD4E3, 0xD503, 0xD4E3, 0xD4E3, 0xD503, 0xD4E3, 0xD503, 0xD503, 0xD503, 0xD503, 
    0xD503, 0xD503, 0xD503, 0xDD23, 0xDD23, 0xDD23, 0xDD23, 0xDD43, 0xDD43, 0xDD43, 0xDD43, 0xDD43, 
    0xDD43, 0xDD43, 0xDD43, 0xDD43, 0xDD23, 0xDD23, 0xDD23, 0xDD23, 0xDD23, 0xDD23, 0xDD23, 0xDD43, 
    0xDD43, 0xDD43, 0xDD43, 0xDD43, 0xDD43, 0xDD23, 0xDD23, 0xDD23, 0xDD23, 0xDD23, 0xDD23, 0xDD43, 
    0xDD43, 0xDD23, 0xDD23, 0xDD43, 0xDD23, 0xD503, 0xDD23, 0xDD23, 0xDD43, 0xDD23, 0xDD23, 0xDD23, 
    0xDD23, 0xDD23, 0xDD23, 0xDD23, 0xDD03, 0xDD23, 0xCCC3, 0x4181, 0x1925, 0x1947, 0x1946, 0x10E5, 
    0x18A1, 0x30E2, 0xB306, 0xA2C6, 0x5142, 0x18A0, 0x41A1, 0x3981, 0x20C1, 0x71C3, 0xB2E6, 0x71E4, 
    0x28E1, 0xB423, 0xDD24, 0xD503, 0xD503, 0xD503, 0xD503, 0xD503, 0xD503, 0xD503, 0xD503, 0xD503, 
    0xD4E3, 0xD4E3, 0xD4E3, 0xD4E3, 0xD503, 0xD503, 0xD503, 0xD503, 0xD503, 0xD503, 0xD503, 0xD503, 
    0xD503, 0xD503, 0xD503, 0xD503, 0xD503, 0xD503, 0xD4E3, 0xD503, 0xD503, 0xD503, 0xD503, 0xD503, 
    0xD4E3, 0xD4E3, 0xD503, 0xD503, 0xD503, 0xD503, 0xD503, 0xD503, 0xD4E3, 0xD4E3, 0xD4E3, 0xD4E3, 
    0xD4E3, 0xD4E3, 0xD4E3, 0xD4E3, 0xD4E3, 0xD503, 0xD503, 0xD503, 0xD4E3, 0xD503, 0xD503, 0xD503, 
    0xD523, 0xD503, 0xD503, 0xD503, 0xD503, 0xD503, 0xD503, 0xD503, 0xD503, 0xD503, 0xD503, 0xD503, 
    0xD503, 0xD503, 0xD503, 0xD503, 0xD503, 0xD503, 0xD503, 0xD503, 0xD503, 0xD4E3, 0xD4E3, 0xD4E3, 
    0xCCC3, 0xD4C3, 0xD4C3, 0xD4E3, 0xD4E3, 0xD4E3, 0xD4E3, 0xD4E3, 0xD4E3, 0xD4E3, 0xD4E3, 0xD4E3, 
    0xD4E3, 0xD4E3, 0xD4E3, 0xD4E3, 0xD4E3, 0xD4E3, 0xD4E3, 0xD4E3, 0xD4E3, 0xD4E3, 0xCCE3, 0xD4E3, 
    0xD4E3, 0xD4E3, 0xCCE3, 0xD4E3, 0xD4E3, 0xD4E3, 0xD4E3, 0xD4E3, 0xD4E3, 0xD4E3, 0xD4E3, 0xD4E3, 
    0xD4E3, 0xD4E3, 0xD4E3, 0xD4E3, 0xD4E3, 0xD4E3, 0xD4E3, 0xD4E3, 0xD4E3, 0xD4E3, 0xD4E3, 0xD4E3, 
    0xD4E3, 0xD4E3, 0xD4E3, 0xD4E3, 0xD503, 0xD4E3, 0xD4E3, 0xD4E3, 0xD4E2, 0xD4E2, 0xD4E3, 0xD4E3, 
    0xCCE3, 0xCCE3, 0xD4E3, 0xD4E3, 0xD4E3, 0xD4E3, 0xD4E3, 0xD4E3, 0xD4E3, 0xD4E3, 0xD4E3, 0xD4E3, 
    0xD503, 0xD503, 0xD503, 0xD503, 0xD503, 0xD503, 0xD503, 0xD503, 0xD503, 0xD503, 0xD503, 0xD503, 
    0xD503, 0xD4E3, 0xC4A3, 0xC4A3, 0xC4A3, 0xC4A3, 0xC4C3, 0xCCC3, 0xCCC3, 0xCCE3, 0xCCE3, 0xCCE3, 
    0xCCC3, 0xCCC3, 0xCCC3, 0xCCC3, 0xCCC3, 0xCCC3, 0xC4C3, 0xCCC3, 0xCCC3, 0xCCC3, 0xCCC3, 0xCCC3, 
    0xCCE3, 0xCCE3, 0xCCE3, 0xCCC3, 0xCCE3, 0xCCC3, 0xCCC3, 0xCCC3, 0xCCC3, 0xCCC3, 0xCCC3, 0xCCC3, 
    0xCCC3, 0xCCC3, 0xCCC3, 0xC4C3, 0xC4C3, 0xC4C3, 0xCCC3, 0xCCC3, 0xCCC3, 0xCCC3, 0xCCC3, 0xC4C3, 
    0xC4C3, 0xCCC3, 0xCCC3, 0xC4A3, 0xC4A3, 0xBC63, 0x3961, 0x10E4, 0x3A8C, 0x94D3, 0x7BEF, 0x52AB, 
    0x2986, 0x18A1, 0x6182, 0x5122, 0x20A0, 0x93A3, 0xDD23, 0xDD23, 0x8322, 0x20A1, 0x79E4, 0xAAE6, 
    0x5163, 0x3141, 0xBC63, 0xDD44, 0xD523, 0xD503, 0xD503, 0xD503, 0xD503, 0xD503, 0xD503, 0xD503, 
    0xD503, 0xD4E3, 0xD503, 0xD503, 0xD503, 0xD503, 0xD4E3, 0xD503, 0xD503, 0xD503, 0xD503, 0xD503, 
    0xD503, 0xD503, 0xD503, 0xD503, 0xD503, 0xD503, 0xD503, 0xD503, 0xD503, 0xD503, 0xD503, 0xD503, 
    0xD503, 0xD503, 0xD503, 0xD503, 0xD503, 0xD503, 0xD503, 0xD503, 0xD4E3, 0xD4E3, 0xD4E3, 0xD4E3, 
    0xD4E3, 0xD4E3, 0xD4E3, 0xD503, 0xD503, 0xD503, 0xD503, 0xD503, 0xD503, 0xD503, 0xD503, 0xD503, 
    0xD503, 0xD523, 0xD503, 0xD503, 0xD503, 0xD503, 0xD503, 0xD503, 0xD503, 0xD503, 0xD503, 0xD503, 
    0xD503, 0xD503, 0xD503, 0xD503, 0xD503, 0xD503, 0xD503, 0xD503, 0xD503, 0xD503, 0xD4E3, 0xD4E3, 
    0xCCC3, 0xCCC3, 0xD4E3, 0xD4E3, 0xD4E3, 0xD4E3, 0xD4E3, 0xD4E3, 0xD4E3, 0xD4E3, 0xD4E3, 0xD4E3, 
    0xD4E3, 0xD4E3, 0xD4E3, 0xD4E3, 0xD4E3, 0xD4E3, 0xD4E3, 0xD4E3, 0xD4E3, 0xD4E3, 0xD4E3, 0xD4E3, 
    0xD4E3, 0xD4E3, 0xCCE3, 0xD4E3, 0xD4E3, 0xD4E3, 0xD4E3, 0xD4E3, 0xD4E3, 0xD4E3, 0xD4E3, 0xD4E3, 
    0xD4E3, 0xD4E3, 0xD4E3, 0xD4E3, 0xD4E3, 0xD4E3, 0xD4E3, 0xD4E3, 0xD4E3, 0xD4E3, 0xD4E3, 0xD4E3, 
    0xD4E3, 0xD4E3, 0xD503, 0xD4E3, 0xD503, 0xD503, 0xD4E3, 0xD4E3, 0xD4E2, 0xD4E3, 0xD4E3, 0xCCE3, 
    0xCCE3, 0xCCE3, 0xD4E3, 0xD4E3, 0xD4E3, 0xD4E3, 0xD503, 0xD503, 0xD503, 0xD4E3, 0xD4E3, 0xD4E3, 
    0xD503, 0xD503, 0xD503, 0xD503, 0xD503, 0xD4E3, 0xD503, 0xD503, 0xD503, 0xD503, 0xD503, 0xDD43, 
    0xDD23, 0xB423, 0x18A0, 0x18A0, 0x18A0, 0x18A0, 0x18A1, 0x18A1, 0x18A1, 0x18A0, 0x18A0, 0x18A0, 
    0x18A0, 0x18A0, 0x18A0, 0x18A0, 0x18A0, 0x18A0, 0x18A0, 0x18A0, 0x18A0, 0x10A0, 0x18A0, 0x18A0, 
    0x18A0, 0x18A1, 0x18A1, 0x18A1, 0x18A0, 0x18A0, 0x18A0, 0x18A0, 0x18A0, 0x10A0, 0x18A0, 0x18A0, 
    0x18A0, 0x18A0, 0x18A0, 0x18A0, 0x18A0, 0x18A0, 0x18A1, 0x18A1, 0x18A0, 0x18A0, 0x18A0, 0x18A0, 
    0x18A0, 0x18A0, 0x18A0, 0x18A0, 0x18A0, 0x18A1, 0x0041, 0x10E5, 0x3A49, 0x9CB1, 0xAD12, 0x738E, 
    0x4A49, 0x1904, 0x0820, 0x30E1, 0xAC03, 0xDD43, 0xD4E3, 0xD503, 0xDD43, 0x8B62, 0x2081, 0x71E4, 
    0xAAE6, 0x5163, 0x3961, 0xC483, 0xDD44, 0xD503, 0xD503, 0xD503, 0xD503, 0xD503, 0xD503, 0xD503, 
    0xD503, 0xD503, 0xD503, 0xD503, 0xD503, 0xD503, 0xD4E3, 0xD503, 0xD503, 0xD503, 0xD503, 0xD503, 
    0xD503, 0xD503, 0xD503, 0xD503, 0xD503, 0xD503, 0xD503, 0xD503, 0xD503, 0xD503, 0xD503, 0xD503, 
    0xD503, 0xD503, 0xD503, 0xD503, 0xD503, 0xD503, 0xD503, 0xD503, 0xD503, 0xD503, 0xD4E3, 0xD4E3, 
    0xD4E3, 0xD503, 0xD503, 0xD503, 0xD503, 0xD503, 0xD503, 0xD503, 0xD503, 0xD503, 0xD503, 0xD503, 
    0xD503, 0xD523, 0xD523, 0xD503, 0xD503, 0xD503, 0xD503, 0xD503, 0xD503, 0xD503, 0xD503, 0xD503, 
    0xD503, 0xD503, 0xD503, 0xD503, 0xD503, 0xD503, 0xD503, 0xD503, 0xD503, 0xD4E3, 0xD4E3, 0xD503, 
    0xCCE3, 0xCCC3, 0xCCC3, 0xCCC3, 0xCCC3, 0xCCC3, 0xD4E3, 0xD4E3, 0xD4E3, 0xD4E3, 0xD4E3, 0xD4E3, 
    0xD4E3, 0xD4E3, 0xD4E3, 0xD4E3, 0xD4E3, 0xD4E3, 0xD4E3, 0xD4E3, 0xD4E3, 0xD4E3, 0xD4E3, 0xD4E3, 
    0xD4E3, 0xD4E3, 0xD4E3, 0xD4E3, 0xD4E3, 0xD4E3, 0xD4E3, 0xD4E3, 0xD4E3, 0xD4E3, 0xD4E3, 0xD4E3, 
    0xD4E3, 0xD4E3, 0xD4E3, 0xD4E3, 0xD4E3, 0xD4E3, 0xD4E3, 0xD4E3, 0xD4E3, 0xD4E3, 0xD4E3, 0xD4E3, 
    0xD4E3, 0xD4E3, 0xD503, 0xD503, 0xD503, 0xD503, 0xD503, 0xD4E3, 0xD4E3, 0xD4E3, 0xD4E3, 0xD4E3, 
    0xCCC3, 0xCCE3, 0xD4E3, 0xD4E3, 0xD4E3, 0xD4E3, 0xD4E3, 0xD503, 0xD4E3, 0xD4E3, 0xD4E3, 0xD503, 
    0xD503, 0xD503, 0xD503, 0xD503, 0xD503, 0xD503, 0xD503, 0xD503, 0xD503, 0xDD23, 0xD503, 0x6242, 
    0x3141, 0x2901, 0x49A4, 0x6225, 0x5A25, 0x6225, 0x6245, 0x6245, 0x6225, 0x6225, 0x5A25, 0x6225, 
    0x6225, 0x5A25, 0x5A25, 0x6225, 0x5A05, 0x5A25, 0x6225, 0x6225, 0x6225, 0x6225, 0x5A25, 0x6225, 
    0x6225, 0x5A05, 0x5A05, 0x5A05, 0x6225, 0x5A25, 0x6225, 0x6225, 0x5A05, 0x6225, 0x5A25, 0x5A05, 
    0x5A05, 0x5A04, 0x5A04, 0x5A04, 0x5A04, 0x5A04, 0x5A05, 0x5A05, 0x5A04, 0x5A05, 0x5A04, 0x5A05, 
    0x5A05, 0x5A04, 0x59E4, 0x59E4, 0x2902, 0x0882, 0x10E4, 0x0041, 0x0882, 0x2986, 0x630B, 0x632C, 
    0x4228, 0x2166, 0x10A3, 0x1081, 0xBC63, 0xDD23, 0xD503, 0xD503, 0xD503, 0xD523, 0x8B42, 0x20C1, 
    0x7204, 0xAAC6, 0x5983, 0x3121, 0xC483, 0xDD23, 0xD503, 0xD503, 0xD503, 0xD503, 0xDD03, 0xD503, 
    0xD503, 0xD503, 0xD503, 0xD503, 0xD503, 0xD503, 0xD4E3, 0xD503, 0xD503, 0xD503, 0xD523, 0xD523, 
    0xD503, 0xD503, 0xD503, 0xD503, 0xD503, 0xD503, 0xD503, 0xD503, 0xD503, 0xD503, 0xD503, 0xD503, 
    0xD503, 0xD503, 0xD503, 0xD503, 0xD4E3, 0xD503, 0xD503, 0xD503, 0xD503, 0xD503, 0xD4E3, 0xD503, 
    0xD503, 0xD4E3, 0xD4E3, 0xD503, 0xD503, 0xD503, 0xD503, 0xD503, 0xD503, 0xD503, 0xD503, 0xD523, 
    0xD503, 0xD503, 0xD503, 0xD503, 0xD503, 0xD503, 0xD503, 0xD503, 0xDD23, 0xD503, 0xD503, 0xD503, 
    0xD503, 0xD503, 0xD503, 0xD503, 0xD503, 0xD503, 0xD503, 0xD503, 0xD503, 0xD503, 0xD4E3, 0xD4E3, 
    0xD4E3, 0xD4E3, 0xD4E3, 0xD4E3, 0xD4E3, 0xD4E3, 0xD4E3, 0xD4E3, 0xD4E3, 0xD4E3, 0xD4E3, 0xD4E3, 
    0xD4E3, 0xD4E3, 0xD4E3, 0xD4E3, 0xD4E3, 0xD4E3, 0xD4E3, 0xD4E3, 0xD4E3, 0xD4E3, 0xD4E3, 0xD4E3, 
    0xD4E3, 0xD4E3, 0xD4E3, 0xD4E3, 0xD4E3, 0xD4E3, 0xD4E3, 0xD4E3, 0xD4E3, 0xD4E3, 0xD4E3, 0xD4E3, 
    0xD4E3, 0xD4E3, 0xD4E3, 0xD4E3, 0xD4E3, 0xD4E3, 0xD4E3, 0xD4E3, 0xD4E3, 0xD4E3, 0xD4E3, 0xD4E3, 
    0xD4E3, 0xD4E3, 0xD4E3, 0xD4E3, 0xD503, 0xD4E3, 0xD4E3, 0xD503, 0xD4E3, 0xD4E3, 0xD4E3, 0xD4E3, 
    0xD4E3, 0xCCE3, 0xCCE3, 0xD4E3, 0xD4E3, 0xD4E3, 0xD4E3, 0xD4E3, 0xD4E3, 0xD503, 0xD503, 0xD503, 
    0xD503, 0xD503, 0xD503, 0xD503, 0xD503, 0xD503, 0xD503, 0xD503, 0xDD43, 0x9BA2, 0x6241, 0x3123, 
    0x4184, 0x4984, 0x51E5, 0x49C4, 0x49E5, 0x49C5, 0x49C5, 0x41C5, 0x49C5, 0x41A4, 0x41A4, 0x41A4, 
    0x41A4, 0x41A4, 0x41A4, 0x49C4, 0x49C4, 0x49C4, 0x41C4, 0x49C4, 0x49C4, 0x49C5, 0x49C5, 0x49C4, 
    0x49C4, 0x49C4, 0x49C4, 0x49A4, 0x49C5, 0x49C5, 0x49C5, 0x49C4, 0x41A4, 0x41C4, 0x41A4, 0x49C4, 
    0x41A4, 0x41A4, 0x41A4, 0x4184, 0x41A4, 0x41A4, 0x41A4, 0x41A4, 0x41A4, 0x41A4, 0x41A4, 0x41A4, 
    0x41A4, 0x49C4, 0x41A4, 0x41A4, 0x18E3, 0x1967, 0x322A, 0x21A8, 0x08A3, 0x0841, 0x3165, 0x3A07, 
    0x31A7, 0x2966, 0x1904, 0x0041, 0xA3E2, 0xE563, 0xDD23, 0xD523, 0xD503, 0xD503, 0xDD23, 0x8322, 
    0x20C1, 0x8A24, 0xB2E6, 0x5163, 0x3121, 0xC483, 0xDD23, 0xD503, 0xD503, 0xD503, 0xD503, 0xD503, 
    0xD503, 0xD503, 0xD503, 0xD503, 0xD503, 0xD503, 0xD503, 0xD503, 0xD503, 0xD503, 0xDD23, 0xD523, 
    0xD523, 0xD523, 0xD503, 0xD503, 0xD503, 0xD503, 0xD503, 0xD503, 0xD503, 0xD503, 0xD503, 0xD503, 
    0xD503, 0xD503, 0xD503, 0xD503, 0xD503, 0xD503, 0xD503, 0xD503, 0xD503, 0xD503, 0xD4E3, 0xD503, 
    0xD503, 0xD4E3, 0xD4E3, 0xD503, 0xD4E3, 0xD503, 0xD503, 0xD503, 0xD503, 0xD503, 0xD523, 0xD523, 
    0xD523, 0xD503, 0xD503, 0xD503, 0xD503, 0xD503, 0xDD24, 0xCCC3, 0x7B02, 0xD503, 0xDD23, 0xD503, 
    0xD503, 0xD503, 0xD503, 0xD503, 0xD503, 0xD503, 0xD503, 0xD503, 0xD4E3, 0xD503, 0xD503, 0xD4E3, 
    0xD4E3, 0xD4E3, 0xD4E3, 0xD4E3, 0xD4E3, 0xD4E3, 0xD4E3, 0xD4E3, 0xD4E3, 0xD4E3, 0xD4E3, 0xD4E3, 
    0xD4E3, 0xD4E3, 0xD4E3, 0xD4E3, 0xD4E3, 0xD4E3, 0xD4E3, 0xD4E3, 0xD503, 0xD4E3, 0xD4E3, 0xD4E3, 
    0xD4E3, 0xD4E3, 0xD4E3, 0xD4E3, 0xD4E3, 0xD4E3, 0xD4E3, 0xD4E3, 0xD4E3, 0xD4E3, 0xD4E3, 0xD4E3, 
    0xD4E3, 0xD4E3, 0xD4E3, 0xD4E3, 0xD4E3, 0xD4E3, 0xD4E3, 0xD4E3, 0xD4E3, 0xD4E3, 0xD4E3, 0xD4E3, 
    0xD4E3, 0xD4E3, 0xD4E3, 0xD4E3, 0xD4E3, 0xD4E3, 0xD4E3, 0xD4E3, 0xD503, 0xD4E3, 0xD4E3, 0xD4E3, 
    0xCCE3, 0xD4E3, 0xD4E3, 0xD4E3, 0xD4E3, 0xD4E3, 0xD503, 0xD503, 0xD503, 0xD503, 0xD503, 0xD503, 
    0xD503, 0xD503, 0xD503, 0xD503, 0xD503, 0xD503, 0xD503, 0xD523, 0xA3C2, 0x4182, 0x20C2, 0x6245, 
    0x6A66, 0x7286, 0x3985, 0x10C4, 0x1104, 0x1104, 0x1105, 0x10E4, 0x10E4, 0x10E4, 0x10E4, 0x10E4, 
    0x1105, 0x1105, 0x1105, 0x1105, 0x1105, 0x1104, 0x1105, 0x1105, 0x1104, 0x1104, 0x1104, 0x1104, 
    0x1104, 0x1105, 0x1105, 0x1104, 0x1105, 0x1105, 0x10E4, 0x10E4, 0x10E4, 0x10E4, 0x10E4, 0x10E4, 
    0x10E4, 0x10E4, 0x10E4, 0x1104, 0x1105, 0x1105, 0x1105, 0x1104, 0x10E4, 0x10E4, 0x10E4, 0x10E4, 
    0x10E4, 0x10E4, 0x10E4, 0x10C3, 0x10C4, 0x322A, 0x6BD0, 0x3A6B, 0x1988, 0x0062, 0x0020, 0x10C3, 
    0x2145, 0x1904, 0x10C3, 0x0020, 0x72A2, 0xABE2, 0xD504, 0xDD23, 0xD504, 0xD503, 0xD503, 0xE544, 
    0x8302, 0x38E1, 0x8224, 0xB2E6, 0x4922, 0x3141, 0xCCC3, 0xDD23, 0xDD23, 0xDD23, 0xD503, 0xD523, 
    0xD503, 0xD503, 0xD503, 0xD523, 0xD523, 0xD503, 0xD503, 0xD503, 0xD503, 0xD523, 0xDD23, 0xD523, 
    0xD523, 0xD523, 0xD503, 0xD503, 0xD503, 0xD503, 0xD523, 0xD503, 0xD503, 0xD503, 0xD503, 0xD503, 
    0xDD03, 0xD503, 0xD503, 0xD503, 0xD503, 0xD503, 0xD503, 0xD503, 0xD503, 0xD503, 0xD503, 0xD503, 
    0xD503, 0xD503, 0xD503, 0xD503, 0xD503, 0xD503, 0xD503, 0xD503, 0xD503, 0xD523, 0xD523, 0xD523, 
    0xDD23, 0xDD43, 0xDD43, 0xD523, 0xD523, 0xD503, 0xD503, 0x8B42, 0x38C1, 0x9362, 0xDD23, 0xDD23, 
    0xD523, 0xD523, 0xDD23, 0xDD23, 0xD503, 0xD503, 0xD503, 0xD503, 0xD503, 0xD503, 0xD503, 0xD4E3, 
    0xD4E3, 0xD4E3, 0xD4E3, 0xD4E3, 0xD4E3, 0xD4E3, 0xD4E3, 0xD4E3, 0xD4E3, 0xD4E3, 0xD4E3, 0xD4E3, 
    0xD4E3, 0xD4E3, 0xD4E3, 0xD4E3, 0xD4E3, 0xD4E3, 0xD4E3, 0xD503, 0xD4E3, 0xD4E3, 0xD4E3, 0xD4E3, 
    0xD4E3, 0xD4E3, 0xD4E3, 0xD4E3, 0xD4E3, 0xD4E3, 0xD4E3, 0xD4E3, 0xD4E3, 0xD4E3, 0xD4E3, 0xD4E3, 
    0xD4E3, 0xD4E3, 0xD4E3, 0xD4E3, 0xD4E3, 0xD4E3, 0xD4E3, 0xD4E3, 0xD4E3, 0xD4E3, 0xD4E3, 0xD4E3, 
    0xD4E3, 0xD4E3, 0xD4E3, 0xD4E3, 0xD4E3, 0xD4E3, 0xD4E3, 0xD4E3, 0xD4E3, 0xD4E3, 0xD4E3, 0xD4E3, 
    0xD4E3, 0xCCE3, 0xD4E3, 0xD4E3, 0xD4E3, 0xD503, 0xD503, 0xD503, 0xD503, 0xD503, 0xD503, 0xD503, 
    0xD503, 0xD503, 0xD503, 0xD503, 0xD503, 0xD503, 0xCCE3, 0x9BA2, 0x2901, 0x49C4, 0x72A6, 0x5A05, 
    0x10A2, 0x10C3, 0x2987, 0x324B, 0x326C, 0x324C, 0x2A2B, 0x2A2B, 0x2A2B, 0x2A2B, 0x2A2B, 0x2A2B, 
    0x324C, 0x2A4C, 0x2A4B, 0x2A4B, 0x2A4B, 0x2A4B, 0x2A4B, 0x2A2B, 0x2A2B, 0x2A2B, 0x2A2B, 0x2A2B, 
    0x2A2B, 0x2A2B, 0x2A2B, 0x324B, 0x2A4B, 0x2A2B, 0x2A2B, 0x2A2B, 0x2A2B, 0x2A2B, 0x2A2B, 0x2A0B, 
    0x2A2B, 0x2A2B, 0x2A2B, 0x2A4B, 0x2A4C, 0x2A2B, 0x2A0B, 0x2A0B, 0x2A0B, 0x2A0B, 0x2A0B, 0x2A0B, 
    0x2A0B, 0x2A0A, 0x220B, 0x21A8, 0x08A3, 0x3A29, 0x4B0E, 0x3A6C, 0x21A8, 0x10E4, 0x08C3, 0x0862, 
    0x0841, 0x0882, 0x0861, 0x1061, 0x0841, 0x1081, 0xA403, 0xCCC3, 0xDD44, 0xD524, 0xD503, 0xDD23, 
    0xE564, 0x6AA2, 0x3102, 0x8204, 0xA2A6, 0x4122, 0x3981, 0xD4E3, 0xDD43, 0xD523, 0xDD23, 0xD523, 
    0xD503, 0xD503, 0xDD23, 0xD523, 0xD523, 0xDD23, 0xD523, 0xD523, 0xD523, 0xD523, 0xD523, 0xDD23, 
    0xD523, 0xD503, 0xD503, 0xD503, 0xD503, 0xD503, 0xD503, 0xD503, 0xD503, 0xD523, 0xD503, 0xD503, 
    0xD503, 0xD503, 0xD503, 0xD503, 0xD503, 0xD503, 0xD503, 0xD503, 0xD503, 0xD503, 0xD503, 0xD503, 
    0xD503, 0xD503, 0xD503, 0xD503, 0xD503, 0xD503, 0xD503, 0xD503, 0xD523, 0xD523, 0xD503, 0xDD23, 
    0xBC83, 0x8B42, 0x9BA3, 0xDD44, 0xDD43, 0xCCE3, 0x8322, 0x2061, 0xA162, 0x1860, 0x9382, 0xD523, 
    0xE543, 0xD503, 0x93A2, 0x9B82, 0xCCE3, 0xDD23, 0xD503, 0xD503, 0xD503, 0xD4E3, 0xD4E3, 0xD4E3, 
    0xD4E3, 0xD4E3, 0xD4E3, 0xD4E3, 0xD4E3, 0xD4E3, 0xD4E3, 0xD4E3, 0xD4E3, 0xD4E3, 0xD4E3, 0xD4E3, 
    0xD4E3, 0xD4E3, 0xD4E3, 0xD4E3, 0xD4E3, 0xD4E3, 0xD503, 0xD4E3, 0xD4E3, 0xD4E3, 0xD4E3, 0xD4E3, 
    0xD4E3, 0xD4E3, 0xD4E3, 0xD4E3, 0xD4E3, 0xD4E3, 0xD4E3, 0xD4E3, 0xD4E3, 0xD4E3, 0xD4E3, 0xD4E3, 
    0xD4E3, 0xD503, 0xD4E3, 0xD4E3, 0xD503, 0xD4E3, 0xD4E3, 0xD4E3, 0xD4E3, 0xD4E3, 0xD4E3, 0xD4E3, 
    0xD4E3, 0xD4E3, 0xD4E3, 0xD4E3, 0xD4E3, 0xD4E3, 0xD4E3, 0xD4E3, 0xD4E3, 0xD4E3, 0xD4E3, 0xD4E3, 
    0xD4E3, 0xD4E3, 0xD4E3, 0xD4E3, 0xD4E3, 0xD503, 0xD503, 0xD4E3, 0xD503, 0xD503, 0xD503, 0xD503, 
    0xD503, 0xD503, 0xD503, 0xD503, 0xD503, 0xD523, 0xB423, 0x0840, 0x5A26, 0x7AA7, 0x41A4, 0x10A3, 
    0x1967, 0x29E9, 0x530D, 0x5B2E, 0x3A8C, 0x2A0A, 0x1988, 0x1988, 0x1968, 0x1968, 0x1968, 0x1968, 
    0x1967, 0x1967, 0x1967, 0x1967, 0x1967, 0x1967, 0x1967, 0x1967, 0x1967, 0x1967, 0x1967, 0x1967, 
    0x1967, 0x1967, 0x1988, 0x1988, 0x1987, 0x1967, 0x1967, 0x1967, 0x1967, 0x1967, 0x1967, 0x1967, 
    0x1967, 0x1988, 0x1988, 0x1967, 0x1988, 0x1988, 0x1967, 0x1967, 0x1987, 0x1988, 0x1988, 0x1988, 
    0x1968, 0x1988, 0x1988, 0x1968, 0x1105, 0x10C4, 0x320A, 0x320A, 0x2188, 0x1947, 0x1126, 0x1105, 
    0x10C4, 0x08A3, 0x0020, 0x18A2, 0x3143, 0x3963, 0x0841, 0x5A42, 0xDD24, 0xDD23, 0xD523, 0xDD23, 
    0xDD23, 0xDD44, 0x6262, 0x2081, 0x8204, 0xA2C6, 0x38E2, 0x5221, 0xD504, 0xDD43, 0xDD23, 0xDD23, 
    0xD503, 0xD503, 0xD523, 0xDD23, 0xDD23, 0xDD23, 0xDD23, 0xDD23, 0xD523, 0xD523, 0xD523, 0xD523, 
    0xD503, 0xDD23, 0xD523, 0xD523, 0xD523, 0xD503, 0xD523, 0xD503, 0xDD03, 0xDD23, 0xDD23, 0xDD23, 
    0xD503, 0xD503, 0xD503, 0xD503, 0xD503, 0xDD23, 0xD503, 0xD503, 0xD503, 0xD503, 0xD503, 0xD503, 
    0xD503, 0xD503, 0xD503, 0xD503, 0xD523, 0xD523, 0xD523, 0xD523, 0xD523, 0xD523, 0xD523, 0xDD44, 
    0x8342, 0x1000, 0x50E1, 0x5A42, 0x7AE2, 0xA3E2, 0x1820, 0x9921, 0xDA81, 0x70C1, 0x0840, 0xBC82, 
    0xA3E2, 0x5221, 0x48A1, 0x1860, 0xBC83, 0xDD43, 0xD523, 0xD503, 0xD503, 0xD503, 0xD503, 0xD4E3, 
    0xD4E3, 0xD4E3, 0xD4E3, 0xD4E3, 0xD4E3, 0xD503, 0xD503, 0xD4E3, 0xD4E3, 0xD4E3, 0xD4E3, 0xD4E3, 
    0xD4E3, 0xD4E3, 0xD503, 0xD503, 0xD4E3, 0xD4E3, 0xD503, 0xD503, 0xD4E3, 0xD4E3, 0xD503, 0xD4E3, 
    0xD4E3, 0xD4E3, 0xD4E3, 0xD4E3, 0xD4E3, 0xD4E3, 0xD4E3, 0xD4E3, 0xD4E3, 0xD4E3, 0xD4E3, 0xD4E3, 
    0xD4E3, 0xD503, 0xD503, 0xD4E3, 0xD503, 0xD503, 0xD4E3, 0xD4E3, 0xD4E3, 0xD4E3, 0xD4E3, 0xD4E3, 
    0xD4E3, 0xD4E3, 0xD4E3, 0xD4E3, 0xD4E3, 0xD4E3, 0xD4E3, 0xD4E3, 0xD4E3, 0xD4E3, 0xD4E3, 0xD4E3, 
    0xD4E3, 0xD4E3, 0xD4E3, 0xD4E3, 0xD4E3, 0xD503, 0xD4E3, 0xD4E3, 0xD4E3, 0xD4E3, 0xD4E3, 0xD503, 
    0xD503, 0xD503, 0xD503, 0xD503, 0xDD43, 0xA3C3, 0x20C1, 0x5A05, 0x6A46, 0x3964, 0x1904, 0x2A2A, 
    0x42CD, 0x4AED, 0x2A0A, 0x21A8, 0x1988, 0x1988, 0x1988, 0x1967, 0x1967, 0x1967, 0x1967, 0x1967, 
    0x1967, 0x1967, 0x1947, 0x1947, 0x1947, 0x1967, 0x1967, 0x1947, 0x1947, 0x1947, 0x1947, 0x1967, 
    0x1967, 0x1967, 0x1967, 0x1967, 0x1967, 0x1967, 0x1967, 0x1947, 0x1967, 0x1967, 0x1967, 0x1967, 
    0x1967, 0x1967, 0x1967, 0x1967, 0x1967, 0x1967, 0x1967, 0x1967, 0x1967, 0x1988, 0x1967, 0x1967, 
    0x1967, 0x1967, 0x1967, 0x1968, 0x1988, 0x10E4, 0x10C3, 0x1126, 0x1926, 0x1105, 0x10E5, 0x10C4, 
    0x0882, 0x0882, 0x10E4, 0x10E4, 0x10A2, 0x20E2, 0x2923, 0x18A1, 0x4181, 0xDD23, 0xDD43, 0xDD23, 
    0xDD23, 0xDD23, 0xD503, 0x72A2, 0x30C1, 0x8A65, 0xAAE6, 0x4102, 0x51E1, 0xD504, 0xDD24, 0xDD23, 
    0xDD23, 0xD503, 0xDD23, 0xDD23, 0xDD23, 0xDD23, 0xDD23, 0xDD23, 0xDD23, 0xDD23, 0xDD23, 0xDD23, 
    0xDD23, 0xDD23, 0xDD23, 0xD523, 0xD523, 0xD523, 0xD523, 0xD503, 0xD503, 0xDD23, 0xD523, 0xDD23, 
    0xDD23, 0xD503, 0xDD23, 0xDD23, 0xDD23, 0xDD23, 0xDD03, 0xDD03, 0xD503, 0xD503, 0xD503, 0xD503, 
    0xD503, 0xD503, 0xD503, 0xD523, 0xDD23, 0xDD23, 0xDD23, 0xD523, 0xDD23, 0xD523, 0xD523, 0xDD43, 
    0x93C3, 0x48C0, 0x9941, 0x58E1, 0x2860, 0x20C1, 0x60A0, 0xC1C1, 0xEBA1, 0xB981, 0x50A0, 0x20E1, 
    0x3080, 0x58C1, 0x9101, 0x4121, 0xC4C3, 0xDD43, 0xDD23, 0xDD23, 0xD503, 0xD503, 0xD503, 0xD4E3, 
    0xD4E3, 0xD4E3, 0xD4E3, 0xD4E3, 0xD503, 0xD503, 0xD503, 0xD503, 0xD503, 0xD4E3, 0xD4E3, 0xD4E3, 
    0xD503, 0xD503, 0xD503, 0xD4E3, 0xD4E3, 0xD4E3, 0xD503, 0xD503, 0xD4E3, 0xD4E3, 0xD503, 0xD503, 
    0xD4E3, 0xD4E3, 0xD4E3, 0xD4E3, 0xD4E3, 0xD4E3, 0xD4E3, 0xD4E3, 0xD4E3, 0xD4E3, 0xD4E3, 0xD4E3, 
    0xD4E3, 0xD503, 0xD4E3, 0xD4E3, 0xD503, 0xD503, 0xD4E3, 0xD4E3, 0xD4E3, 0xD4E3, 0xD4E3, 0xD4E3, 
    0xD4E3, 0xD4E3, 0xD4E3, 0xD4E3, 0xD4E3, 0xD4E3, 0xD4E3, 0xD4E3, 0xD4E3, 0xD4E3, 0xD4E3, 0xD4E3, 
    0xD4E3, 0xD4E3, 0xD4E3, 0xD4E3, 0xD4E3, 0xD503, 0xD503, 0xD503, 0xD503, 0xD4E3, 0xD4E3, 0xD503, 
    0xD503, 0xD523, 0xDD23, 0xDD23, 0xB443, 0x5A22, 0x3943, 0x82E6, 0x4183, 0x10E4, 0x21C9, 0x324B, 
    0x21E9, 0x21A9, 0x1988, 0x1967, 0x1967, 0x1968, 0x1968, 0x1967, 0x1967, 0x1967, 0x1967, 0x1968, 
    0x1967, 0x1967, 0x1967, 0x1967, 0x1967, 0x1967, 0x1967, 0x1967, 0x1967, 0x1967, 0x1967, 0x1967, 
    0x1967, 0x1967, 0x1967, 0x1988, 0x1968, 0x1967, 0x1947, 0x1967, 0x1967, 0x1968, 0x1967, 0x1967, 
    0x1967, 0x1967, 0x1967, 0x1967, 0x1967, 0x1967, 0x1967, 0x1967, 0x1968, 0x1988, 0x1968, 0x1967, 
    0x1967, 0x1967, 0x1967, 0x1968, 0x1988, 0x1967, 0x10E5, 0x08A3, 0x0882, 0x0882, 0x0862, 0x0861, 
    0x0882, 0x1105, 0x1967, 0x1126, 0x10E4, 0x0882, 0x18A2, 0x3123, 0x18C2, 0x5A42, 0xE543, 0xDD23, 
    0xDD23, 0xDD23, 0xDD43, 0xDD23, 0x5A21, 0x30E2, 0x9A85, 0xA2A5, 0x30C1, 0x5A41, 0xDD23, 0xDD23, 
    0xD503, 0xDD23, 0xDD23, 0xDD23, 0xDD23, 0xDD23, 0xDD23, 0xDD23, 0xDD23, 0xDD23, 0xDD23, 0xDD23, 
    0xDD23, 0xD523, 0xD523, 0xD503, 0xDD23, 0xDD23, 0xDD23, 0xDD23, 0xDD23, 0xDD23, 0xDD23, 0xDD23, 
    0xDD23, 0xDD23, 0xDD23, 0xDD23, 0xDD23, 0xDD23, 0xD503, 0xD503, 0xDD23, 0xDD03, 0xD503, 0xD503, 
    0xD503, 0xD503, 0xD503, 0xD503, 0xDD23, 0xDD23, 0xDD23, 0xDD23, 0xDD23, 0xDD23, 0xD523, 0xD523, 
    0xDD44, 0x5202, 0x58A0, 0xF2A2, 0xBA01, 0x90E1, 0xC140, 0xE2E1, 0xF5A3, 0xF2C1, 0xB121, 0x70A1, 
    0xB1C1, 0xD222, 0x2840, 0x8342, 0xE563, 0xDD44, 0xDD23, 0xDD23, 0xD503, 0xD4E3, 0xD4E3, 0xD503, 
    0xD4E3, 0xD4C3, 0xD4E3, 0xD4E3, 0xD503, 0xD503, 0xD503, 0xD503, 0xD4E3, 0xD4E3, 0xD503, 0xD503, 
    0xD503, 0xD503, 0xD4E3, 0xD4E3, 0xD4E3, 0xD4E3, 0xD503, 0xD503, 0xD503, 0xD503, 0xD503, 0xD503, 
    0xD4E3, 0xD4E3, 0xD503, 0xD503, 0xD4E3, 0xD4E3, 0xD4E3, 0xD4E3, 0xD4E3, 0xD4E3, 0xD4E3, 0xD4E3, 
    0xD4E3, 0xD4E3, 0xD4E3, 0xD4E3, 0xD503, 0xD4E3, 0xD503, 0xD4E3, 0xD4E3, 0xD4E3, 0xD4E3, 0xD4E3, 
    0xD4E3, 0xD4E3, 0xD503, 0xD4E3, 0xD4E3, 0xD4E3, 0xD4E3, 0xD4E3, 0xD4E3, 0xD4E3, 0xD4E3, 0xD503, 
    0xD503, 0xD503, 0xD503, 0xD4E3, 0xD503, 0xD503, 0xD503, 0xD503, 0xD503, 0xD503, 0xD503, 0xD523, 
    0xD523, 0xD523, 0xD523, 0xE543, 0x6282, 0x1081, 0x82E6, 0x49A4, 0x2945, 0x21C9, 0x2A0A, 0x1946, 
    0x1106, 0x1126, 0x1126, 0x1126, 0x1106, 0x1105, 0x1126, 0x1946, 0x1968, 0x1926, 0x1126, 0x1106, 
    0x1105, 0x1105, 0x1105, 0x1106, 0x1106, 0x1105, 0x1105, 0x1105, 0x1105, 0x1106, 0x1126, 0x1126, 
    0x1126, 0x1126, 0x1126, 0x1126, 0x1126, 0x1126, 0x1105, 0x1105, 0x1105, 0x1126, 0x1126, 0x1105, 
    0x1126, 0x1126, 0x1106, 0x1106, 0x1105, 0x1105, 0x1126, 0x1126, 0x1126, 0x1126, 0x1126, 0x1126, 
    0x1106, 0x1106, 0x1126, 0x1126, 0x1126, 0x1126, 0x1106, 0x1105, 0x1105, 0x10E5, 0x08C4, 0x08C4, 
    0x10E5, 0x1105, 0x1105, 0x1105, 0x1105, 0x1126, 0x10C3, 0x3143, 0x3143, 0x18C1, 0x6A82, 0xDD23, 
    0xDD23, 0xDD23, 0xDD23, 0xDD43, 0xD503, 0x5201, 0x30E2, 0x9A85, 0xA2A5, 0x28C1, 0x8302, 0xD503, 
    0xDD23, 0xDD23, 0xDD23, 0xDD23, 0xDD43, 0xDD43, 0xDD43, 0xDD43, 0xDD43, 0xDD23, 0xDD43, 0xDD23, 
    0xDD23, 0xDD23, 0xDD23, 0xDD23, 0xDD23, 0xDD23, 0xDD23, 0xDD23, 0xDD23, 0xDD23, 0xDD23, 0xDD23, 
    0xDD43, 0xDD23, 0xDD23, 0xDD23, 0xDD23, 0xDD23, 0xDD23, 0xDD23, 0xDD23, 0xDD23, 0xDD23, 0xDD23, 
    0xDD23, 0xDD23, 0xDD23, 0xDD23, 0xDD23, 0xDD43, 0xDD23, 0xDD23, 0xDD23, 0xDD23, 0xD523, 0xD523, 
    0xDD44, 0xA3E3, 0x28A1, 0xA961, 0xFC20, 0xE2E1, 0xD220, 0xEBA1, 0xF582, 0xF421, 0xD1C0, 0xE300, 
    0xEBC0, 0x7901, 0x20E0, 0xCCC3, 0xDD43, 0xDD44, 0xDD23, 0xD503, 0xD503, 0xD4E3, 0xD503, 0xD503, 
    0xD4E3, 0xD4E3, 0xD4E3, 0xD4E3, 0xD503, 0xD4E3, 0xD503, 0xD4E3, 0xD503, 0xD503, 0xD503, 0xD503, 
    0xD503, 0xD503, 0xD503, 0xD4E3, 0xD4E3, 0xD503, 0xD503, 0xD503, 0xD503, 0xD503, 0xD503, 0xD503, 
    0xD4E3, 0xD4E3, 0xD4E3, 0xD503, 0xD503, 0xD4E3, 0xD4E3, 0xD4E3, 0xD4E3, 0xD4E3, 0xD503, 0xD503, 
    0xD4E3, 0xD503, 0xD4E3, 0xD503, 0xD503, 0xD503, 0xD4E3, 0xD4E3, 0xD4E3, 0xD4E3, 0xD4E3, 0xD4E3, 
    0xD503, 0xD4E3, 0xD4E3, 0xD4E3, 0xD503, 0xD503, 0xD4E3, 0xD4E3, 0xD4E3, 0xD4E3, 0xD4E3, 0xD503, 
    0xD503, 0xD503, 0xD503, 0xD503, 0xD503, 0xD503, 0xD503, 0xD503, 0xD503, 0xD503, 0xDD03, 0xDD23, 
    0xD523, 0xDD23, 0xDD23, 0xDD44, 0x51E2, 0x20E2, 0x7286, 0x18A2, 0x2188, 0x2A2B, 0x1947, 0x0861, 
    0x0841, 0x0840, 0x0860, 0x0860, 0x0840, 0x0840, 0x0840, 0x0882, 0x1967, 0x08A3, 0x0840, 0x0841, 
    0x0840, 0x0860, 0x0840, 0x0841, 0x0841, 0x0840, 0x0841, 0x0861, 0x0861, 0x0840, 0x0840, 0x08A3, 
    0x0861, 0x0861, 0x0841, 0x0840, 0x0841, 0x0841, 0x0860, 0x0840, 0x0840, 0x0840, 0x0861, 0x0861, 
    0x0861, 0x0841, 0x0841, 0x0840, 0x0840, 0x0840, 0x0861, 0x0861, 0x0840, 0x0840, 0x0841, 0x0841, 
    0x1061, 0x0861, 0x0840, 0x08A3, 0x0841, 0x0840, 0x0861, 0x0861, 0x0841, 0x0861, 0x0861, 0x0840, 
    0x0861, 0x0861, 0x0861, 0x0861, 0x0841, 0x10C4, 0x1126, 0x1082, 0x4183, 0x2902, 0x2101, 0xD504, 
    0xDD43, 0xDD23, 0xDD23, 0xDD23, 0xDD43, 0xCCE3, 0x49C1, 0x4102, 0xAAA5, 0x9265, 0x20A1, 0x72C2, 
    0xE543, 0xD523, 0xDD23, 0xDD23, 0xDD23, 0xDD23, 0xDD43, 0xDD43, 0xDD23, 0xDD23, 0xDD23, 0xDD23, 
    0xDD23, 0xDD23, 0xDD23, 0xDD23, 0xDD23, 0xDD23, 0xDD23, 0xDD23, 0xDD23, 0xDD23, 0xDD43, 0xDD43, 
    0xDD43, 0xDD23, 0xDD23, 0xDD23, 0xDD23, 0xDD23, 0xD523, 0xDD23, 0xDD23, 0xDD23, 0xDD23, 0xDD23, 
    0xD503, 0xD503, 0xD523, 0xDD23, 0xDD23, 0xDD23, 0xDD23, 0xDD23, 0xDD23, 0xD523, 0xD503, 0xDD23, 
    0xAC03, 0x6262, 0x28C1, 0x90E1, 0xE280, 0xF504, 0xF564, 0xF564, 0xF692, 0xF521, 0xED46, 0xF4E3, 
    0xDA81, 0x70A1, 0x3901, 0x8B62, 0xDD64, 0xDD43, 0xDD23, 0xD523, 0xD503, 0xD503, 0xD503, 0xD4E3, 
    0xD503, 0xD4E3, 0xD4E3, 0xD4E3, 0xD4E3, 0xD4E3, 0xD503, 0xD503, 0xD503, 0xD503, 0xD503, 0xD503, 
    0xD503, 0xD503, 0xD503, 0xD503, 0xD503, 0xD503, 0xD503, 0xD4E3, 0xD4E3, 0xD4E3, 0xD503, 0xD503, 
    0xD4E3, 0xD4E3, 0xD4E3, 0xD503, 0xD503, 0xD503, 0xD503, 0xD4E3, 0xD4E3, 0xD503, 0xD503, 0xD503, 
    0xD503, 0xD4E3, 0xD4E3, 0xD4E3, 0xD503, 0xD503, 0xD503, 0xD503, 0xD503, 0xD4E3, 0xD4E3, 0xD4E3, 
    0xD503, 0xD503, 0xD4E3, 0xD4E3, 0xD4E3, 0xD503, 0xD503, 0xD503, 0xD4E3, 0xD4E3, 0xD4E3, 0xD503, 
    0xD503, 0xD503, 0xD503, 0xD4E3, 0xD503, 0xD503, 0xD503, 0xD503, 0xD503, 0xD503, 0xD503, 0xD503, 
    0xDD23, 0xDD23, 0xDD63, 0x6282, 0x3963, 0x6A65, 0x5A04, 0x18C2, 0x1987, 0x21EA, 0x1146, 0x0861, 
    0x9B82, 0xB442, 0xAC02, 0xAC01, 0xAC01, 0xB401, 0xABE1, 0x20E1, 0x0062, 0x0041, 0x6AA1, 0xBC41, 
    0xB421, 0xB422, 0xAC01, 0xABE1, 0xB401, 0x8301, 0x0021, 0x6282, 0xB422, 0xB401, 0x4181, 0x0021, 
    0x1081, 0xA3C2, 0xB402, 0x7AE1, 0x0000, 0x5A42, 0xBC42, 0xAC01, 0xABE1, 0xABE1, 0xABE1, 0xB401, 
    0xB402, 0x20E1, 0x2921, 0xB421, 0xAC01, 0xAC01, 0xAC01, 0xB401, 0xAC01, 0x9341, 0x0840, 0x51E1, 
    0xBC42, 0xB422, 0x3141, 0x0021, 0x18A0, 0xA3C2, 0xB422, 0x8301, 0x0021, 0x72A1, 0xB421, 0xAC01, 
    0xAC02, 0xABE2, 0xABC1, 0xABE1, 0x6261, 0x0041, 0x1105, 0x10C3, 0x3123, 0x3963, 0x3122, 0x3141, 
    0xC4A3, 0xE543, 0xDD43, 0xDD23, 0xDD23, 0xDD43, 0xCCC3, 0x49C1, 0x4122, 0x9265, 0x8204, 0x3921, 
    0x2921, 0x2901, 0x2901, 0x2921, 0x2921, 0x2901, 0x2900, 0x2901, 0x2901, 0x2901, 0x2901, 0x2901, 
    0x2921, 0x2901, 0x2901, 0x2901, 0x2901, 0x2901, 0x2900, 0x2901, 0x2901, 0x2921, 0x2921, 0x2921, 
    0x2900, 0x2901, 0x2900, 0x2900, 0x2900, 0x2901, 0x2901, 0x2900, 0x2900, 0x2900, 0x2901, 0x2901, 
    0x2100, 0x2100, 0x2100, 0x2100, 0x2900, 0x2901, 0x2901, 0x2901, 0x2900, 0x2100, 0x2901, 0x3121, 
    0x20A0, 0x2840, 0x78E1, 0xC180, 0xE300, 0xF4C1, 0xF608, 0xF671, 0xF6F9, 0xF650, 0xF5E6, 0xF420, 
    0xE2A1, 0xC981, 0x6880, 0x3080, 0x49C1, 0xD503, 0xDD44, 0xDD23, 0xD523, 0xD503, 0xD503, 0xD503, 
    0xD4E3, 0xD4E3, 0xD503, 0xD503, 0xD503, 0xD503, 0xD503, 0xD503, 0xD503, 0xD503, 0xD503, 0xD503, 
    0xD503, 0xD503, 0xD503, 0xD503, 0xD503, 0xD503, 0xD503, 0xD503, 0xD4E3, 0xD4E3, 0xD4E3, 0xD4E3, 
    0xD4E3, 0xD4E3, 0xD4E3, 0xD4E3, 0xD4E3, 0xD503, 0xD503, 0xD503, 0xD503, 0xD503, 0xD503, 0xD503, 
    0xD503, 0xD503, 0xD4E3, 0xD503, 0xD503, 0xD503, 0xD503, 0xD503, 0xD4E3, 0xD4E3, 0xD4E3, 0xD503, 
    0xD503, 0xD503, 0xD503, 0xD503, 0xD503, 0xD503, 0xD503, 0xD503, 0xD503, 0xD4E3, 0xD503, 0xD4E3, 
    0xD503, 0xD503, 0xD503, 0xD4E3, 0xD503, 0xD503, 0xD503, 0xD503, 0xD503, 0xD503, 0xD503, 0xD523, 
    0xDD23, 0xDD23, 0xE563, 0x49C1, 0x3143, 0x7285, 0x18C2, 0x1988, 0x21C9, 0x1967, 0x1126, 0x0861, 
    0xBC42, 0xDD02, 0xCCC2, 0xD4E2, 0xDD02, 0xD4E2, 0xD4E2, 0xA3C2, 0x49A1, 0x0021, 0x8321, 0xDD02, 
    0xD4C2, 0xD4E2, 0xD4E2, 0xD4E2, 0xDD02, 0xA3C1, 0x0021, 0x72C1, 0xD4E2, 0xDCE2, 0x6A61, 0x1081, 
    0x1060, 0xBC42, 0xD4E2, 0xA3C2, 0x0021, 0x72A1, 0xE522, 0xDD02, 0xD4C2, 0xD4C2, 0xCCA2, 0xD4C2, 
    0xD4C2, 0x2901, 0x3141, 0xD4E2, 0xD4E2, 0xD4C2, 0xD4C2, 0xD4C2, 0xD4C2, 0xB402, 0x0840, 0x5A21, 
    0xD4E2, 0xDD02, 0x6242, 0x1081, 0x20C1, 0xC482, 0xDD02, 0x9381, 0x0000, 0x8301, 0xD4C2, 0xCCA1, 
    0xD4C2, 0xD4C2, 0xD4C1, 0xDCE1, 0x7AE1, 0x0021, 0x1126, 0x1126, 0x10A3, 0x2922, 0x3123, 0x0860, 
    0xC483, 0xDD44, 0xDD23, 0xDD23, 0xDD23, 0xD523, 0xDD43, 0xB463, 0x2921, 0x38E2, 0x9265, 0x9265, 
    0x5983, 0x5983, 0x61A3, 0x61A3, 0x61A3, 0x61A3, 0x61A3, 0x61A3, 0x61A3, 0x61A3, 0x69A3, 0x69A3, 
    0x69A3, 0x61A3, 0x6183, 0x61A3, 0x61A3, 0x61A3, 0x61A3, 0x61A3, 0x5983, 0x6183, 0x6183, 0x6183, 
    0x6183, 0x61A3, 0x6183, 0x6183, 0x61A3, 0x61A3, 0x61A3, 0x61A3, 0x69A3, 0x61A3, 0x69C3, 0x69A3, 
    0x69A3, 0x61A3, 0x6183, 0x61A3, 0x69A3, 0x69A3, 0x6183, 0x61A3, 0x6183, 0x6183, 0x5962, 0x4081, 
    0x8901, 0xC9E1, 0xF300, 0xEBC1, 0xFD01, 0xF5EB, 0xF672, 0xF71A, 0xF6FA, 0xF6D8, 0xF62D, 0xF588, 
    0xFD01, 0xEC00, 0xD281, 0xB981, 0x60A0, 0x59E1, 0xC4A3, 0xDD43, 0xDD23, 0xD523, 0xD503, 0xD523, 
    0xD4E3, 0xD503, 0xD503, 0xD503, 0xD503, 0xD503, 0xD503, 0xD503, 0xD503, 0xD503, 0xD503, 0xD503, 
    0xD503, 0xD503, 0xD503, 0xD503, 0xD523, 0xD523, 0xD503, 0xD503, 0xD503, 0xD503, 0xD503, 0xD4E3, 
    0xD4E3, 0xD503, 0xD503, 0xD503, 0xD503, 0xD503, 0xD503, 0xD503, 0xD503, 0xD503, 0xD503, 0xD503, 
    0xD503, 0xD503, 0xD503, 0xD503, 0xD503, 0xD503, 0xD503, 0xD503, 0xD4E3, 0xD503, 0xD503, 0xD503, 
    0xD503, 0xD503, 0xD503, 0xD503, 0xD503, 0xD503, 0xD503, 0xD503, 0xD503, 0xD503, 0xD503, 0xD503, 
    0xD503, 0xD503, 0xD503, 0xD4E3, 0xD503, 0xD503, 0xD503, 0xD503, 0xD503, 0xD523, 0xDD23, 0xDD23, 
    0xDD23, 0xDD23, 0xE563, 0x49E1, 0x3143, 0x6A65, 0x18C2, 0x21C9, 0x21C9, 0x1947, 0x1126, 0x0861, 
    0xB402, 0xD4E2, 0xCCA2, 0x7AE1, 0x6A81, 0x9362, 0xCCA2, 0xDD02, 0x7AC1, 0x0000, 0x7AC1, 0xD4C2, 
    0xCCC2, 0xA3C2, 0x9361, 0x9382, 0x9B81, 0x6A81, 0x0000, 0x6A81, 0xD4C2, 0xCCA2, 0xD4C2, 0x72A1, 
    0x0860, 0xBC42, 0xD4E2, 0x9BA1, 0x0000, 0x41A1, 0x9361, 0x9B61, 0x8B41, 0x8B21, 0xC461, 0xCC81, 
    0xC481, 0x20C0, 0x3120, 0xD4C2, 0xD4E2, 0xBC42, 0x8B01, 0x8B01, 0x8B21, 0x7AC1, 0x0041, 0x5A21, 
    0xCCC2, 0xCCA2, 0xD4E2, 0x6261, 0x20E1, 0xCC82, 0xD4C2, 0x8B41, 0x0000, 0x7AC1, 0xCCA2, 0xCCA1, 
    0xA3A1, 0x8B41, 0x8B41, 0x9361, 0x51E0, 0x0041, 0x1126, 0x1126, 0x08A3, 0x2902, 0x3123, 0x1081, 
    0xC4A3, 0xDD44, 0xDD23, 0xDD23, 0xDD23, 0xDD23, 0xDD23, 0xDD43, 0xA3E3, 0x3961, 0x4102, 0x71E4, 
    0x8224, 0x8A44, 0x8A44, 0x8A44, 0x8A44, 0x8A44, 0x8A44, 0x9245, 0x9244, 0x9244, 0x9244, 0x9265, 
    0x9264, 0x8A44, 0x8A44, 0x9244, 0x9244, 0x8A44, 0x9265, 0x8A44, 0x8A44, 0x8A44, 0x8A24, 0x8A24, 
    0x8A44, 0x8A44, 0x8A44, 0x8A44, 0x8A44, 0x8A24, 0x8A44, 0x8A44, 0x9265, 0x9265, 0x8A44, 0x9244, 
    0x9244, 0x8A44, 0x8A44, 0x8A44, 0x8A44, 0x8A44, 0x8A44, 0x8A44, 0x8A24, 0x8A24, 0x8204, 0x30E2, 
    0x7901, 0xB9C0, 0xDAC0, 0xEBE1, 0xFD21, 0xFE0C, 0xF692, 0xF719, 0xF73B, 0xEED8, 0xF670, 0xF5AA, 
    0xF502, 0xE3C0, 0xD240, 0xA141, 0x5080, 0x5A01, 0xC4C3, 0xDD43, 0xDD23, 0xDD23, 0xD503, 0xDD03, 
    0xD503, 0xD503, 0xD503, 0xD4E3, 0xD503, 0xD503, 0xD503, 0xD503, 0xD503, 0xD503, 0xD503, 0xD503, 
    0xD503, 0xD503, 0xD503, 0xD503, 0xD503, 0xD503, 0xD503, 0xD503, 0xD503, 0xD503, 0xD503, 0xD503, 
    0xD503, 0xD503, 0xD503, 0xD503, 0xD503, 0xD503, 0xD503, 0xD503, 0xD503, 0xD503, 0xD503, 0xD503, 
    0xD503, 0xD503, 0xD503, 0xD503, 0xD503, 0xD503, 0xD503, 0xD503, 0xD503, 0xD503, 0xD503, 0xD503, 
    0xD503, 0xD503, 0xD503, 0xD503, 0xD503, 0xD503, 0xD503, 0xD503, 0xD503, 0xD503, 0xD503, 0xD503, 
    0xD503, 0xD503, 0xD503, 0xD503, 0xD503, 0xD503, 0xD503, 0xD523, 0xD503, 0xDD23, 0xDD23, 0xDD23, 
    0xDD23, 0xDD23, 0xE563, 0x49E1, 0x3143, 0x6A45, 0x18C2, 0x21A8, 0x21A9, 0x1947, 0x1126, 0x0840, 
    0xAC02, 0xD4E2, 0xC482, 0x18C1, 0x0001, 0x51E1, 0xCCA2, 0xCCA1, 0x6A61, 0x0000, 0x7AC1, 0xD4E2, 
    0xD4C1, 0x3961, 0x0001, 0x0021, 0x0021, 0x0020, 0x0001, 0x72A1, 0xD4E2, 0xCCA2, 0xD4A2, 0x82E1, 
    0x18A1, 0xBC42, 0xD4E2, 0xA3A1, 0x0841, 0x0021, 0x0021, 0x0041, 0x0041, 0x2900, 0xB401, 0xC441, 
    0x9B81, 0x18A0, 0x3121, 0xCCC2, 0xD4E2, 0x8B41, 0x0001, 0x0000, 0x0020, 0x0021, 0x0021, 0x5A21, 
    0xD4C2, 0xCC82, 0xCCA2, 0x7AC1, 0x2901, 0xC462, 0xD4C2, 0x9341, 0x0000, 0x7AE1, 0xCCA2, 0xCCA1, 
    0x3141, 0x0001, 0x0021, 0x0021, 0x0020, 0x0841, 0x1126, 0x1126, 0x08A3, 0x2902, 0x2922, 0x1080, 
    0xC4A3, 0xE544, 0xDD43, 0xDD23, 0xDD23, 0xDD23, 0xDD23, 0xD523, 0xDD44, 0xAC03, 0x3981, 0x20A1, 
    0x20A1, 0x30C2, 0x30E2, 0x30E2, 0x30E2, 0x30E2, 0x30C1, 0x30C2, 0x30C2, 0x30C2, 0x30C2, 0x30C2, 
    0x28C1, 0x28A1, 0x28A1, 0x28C1, 0x30C2, 0x30E2, 0x30E2, 0x30C2, 0x28C1, 0x28C1, 0x28C1, 0x28C1, 
    0x28C1, 0x28C1, 0x30E2, 0x30C2, 0x30C1, 0x30C1, 0x30C1, 0x28C1, 0x28C1, 0x30C2, 0x28C1, 0x28C1, 
    0x28C1, 0x28C1, 0x28C1, 0x28C1, 0x28C1, 0x28C1, 0x28C1, 0x28C1, 0x28C1, 0x30C2, 0x28C2, 0x28C2, 
    0x0841, 0x2861, 0x88E0, 0xC980, 0xD281, 0xF440, 0xFDA6, 0xF6D4, 0xF6F7, 0xEED5, 0xF607, 0xF440, 
    0xDAA1, 0xC181, 0x80C0, 0x2080, 0x5A21, 0xD503, 0xE543, 0xDD43, 0xDD23, 0xDD23, 0xDD23, 0xDD03, 
    0xD503, 0xD503, 0xD4E3, 0xD4E3, 0xD503, 0xD503, 0xD503, 0xD503, 0xD503, 0xD503, 0xD503, 0xD503, 
    0xD503, 0xD503, 0xD503, 0xD503, 0xD503, 0xD503, 0xD503, 0xD503, 0xD503, 0xD503, 0xD503, 0xD503, 
    0xD503, 0xD503, 0xD503, 0xD503, 0xD503, 0xD503, 0xD503, 0xD503, 0xD503, 0xD503, 0xD503, 0xD503, 
    0xD503, 0xD503, 0xD503, 0xD503, 0xD503, 0xD503, 0xD503, 0xD503, 0xD503, 0xD503, 0xD503, 0xD503, 
    0xD503, 0xD503, 0xD503, 0xD503, 0xD503, 0xD503, 0xD503, 0xD503, 0xD503, 0xD503, 0xD503, 0xD503, 
    0xD503, 0xD503, 0xD4E3, 0xD503, 0xD503, 0xD503, 0xD503, 0xD503, 0xDD23, 0xDD23, 0xDD23, 0xDD23, 
    0xDD23, 0xDD23, 0xE563, 0x49E1, 0x3123, 0x6245, 0x18C2, 0x21A8, 0x21A9, 0x1967, 0x1106, 0x0840, 
    0xABE2, 0xD4E2, 0xCCA2, 0x3121, 0x1060, 0x6221, 0xD4C2, 0xC461, 0x5A01, 0x0000, 0x7AE1, 0xD4C2, 
    0xCCA1, 0x49A1, 0x1080, 0x18A1, 0x1081, 0x0841, 0x0041, 0x72A2, 0xD4E2, 0xCCA2, 0xC482, 0xC461, 
    0x49C1, 0xB402, 0xD4C2, 0xA3A1, 0x0841, 0x0841, 0x0841, 0x0841, 0x18A1, 0xA3A1, 0xC441, 0xB3E1, 
    0x18A0, 0x0021, 0x3141, 0xCCA2, 0xCCC2, 0x9341, 0x18A1, 0x18A1, 0x1081, 0x0841, 0x0021, 0x5A41, 
    0xD4C2, 0xC482, 0xC461, 0xC461, 0x5A01, 0xBC42, 0xD4C2, 0x9361, 0x0000, 0x7AC1, 0xCCA2, 0xC481, 
    0x41A1, 0x1080, 0x18A0, 0x1061, 0x0882, 0x10E5, 0x1126, 0x1126, 0x08A3, 0x2902, 0x2902, 0x1080, 
    0xC4A3, 0xE564, 0xDD43, 0xDD43, 0xDD23, 0xDD23, 0xDD23, 0xD523, 0xD523, 0xE564, 0xAC03, 0x3141, 
    0x3141, 0x2921, 0x2921, 0x2921, 0x2921, 0x2901, 0x2921, 0x2921, 0x2921, 0x2921, 0x2921, 0x2921, 
    0x2921, 0x2921, 0x2921, 0x2921, 0x3121, 0x3141, 0x3141, 0x3121, 0x2921, 0x2921, 0x2901, 0x2900, 
    0x2901, 0x2921, 0x3121, 0x3121, 0x3121, 0x3121, 0x3121, 0x2921, 0x3121, 0x3121, 0x3141, 0x3121, 
    0x2921, 0x2921, 0x2921, 0x3121, 0x2921, 0x3141, 0x3141, 0x3121, 0x2921, 0x3121, 0x3121, 0x2921, 
    0x3142, 0x3141, 0x1880, 0x88C1, 0xE2C0, 0xF504, 0xFD42, 0xF5A5, 0xF6B2, 0xF563, 0xF563, 0xF4A1, 
    0xDA61, 0x5080, 0x20E0, 0xA3C2, 0xDD43, 0xDD43, 0xDD43, 0xDD23, 0xDD23, 0xDD23, 0xDD23, 0xDD03, 
    0xD503, 0xD503, 0xD503, 0xD503, 0xD503, 0xD503, 0xD503, 0xD503, 0xD503, 0xD503, 0xD503, 0xD503, 
    0xD503, 0xD503, 0xD503, 0xD503, 0xD503, 0xD503, 0xD503, 0xD523, 0xDD23, 0xD503, 0xD503, 0xD503, 
    0xD503, 0xD503, 0xD503, 0xD503, 0xD503, 0xD503, 0xD503, 0xD503, 0xD503, 0xD503, 0xD503, 0xD503, 
    0xD503, 0xD503, 0xD503, 0xD503, 0xD503, 0xD503, 0xD503, 0xD503, 0xD503, 0xD503, 0xD503, 0xD503, 
    0xD503, 0xD503, 0xD503, 0xD503, 0xD503, 0xD503, 0xD503, 0xD503, 0xD503, 0xD503, 0xD503, 0xD503, 
    0xD503, 0xD503, 0xD503, 0xD503, 0xD503, 0xD503, 0xD503, 0xD503, 0xD503, 0xDD23, 0xDD23, 0xDD23, 
    0xDD23, 0xDD23, 0xE563, 0x49E2, 0x3123, 0x6245, 0x18C2, 0x2188, 0x21A9, 0x1967, 0x1126, 0x0860, 
    0xABE2, 0xCCC2, 0xCCA1, 0xBC41, 0xB421, 0xBC41, 0xC461, 0x5A01, 0x0841, 0x0021, 0x7AC1, 0xCCA1, 
    0xC461, 0xB421, 0xB401, 0xC441, 0x6241, 0x0041, 0x0041, 0x6A81, 0xD4C2, 0xC481, 0xC461, 0xCC81, 
    0xBC21, 0xC462, 0xCCA2, 0x9B81, 0x0841, 0x0841, 0x0841, 0x0861, 0x8B21, 0xCC82, 0xB401, 0x7280, 
    0x0861, 0x0021, 0x3961, 0xCCA2, 0xC481, 0xBC41, 0xB401, 0xBC21, 0x7AC1, 0x0041, 0x0021, 0x5A21, 
    0xCCA2, 0xC481, 0xC461, 0xCC81, 0xB401, 0xC462, 0xCCA2, 0x8B41, 0x0000, 0x72A1, 0xCC82, 0xC461, 
    0xB402, 0xB401, 0xB401, 0x3960, 0x0062, 0x1126, 0x1126, 0x1126, 0x08A3, 0x20E2, 0x2902, 0x1080, 
    0xC4A3, 0xE564, 0xDD44, 0xDD44, 0xDD23, 0xDD23, 0xDD23, 0xDD23, 0xDD23, 0xDD24, 0xDD44, 0xDD43, 
    0xDD23, 0xD523, 0xD524, 0xDD23, 0xDD23, 0xDD23, 0xDD23, 0xDD44, 0xDD43, 0xDD43, 0xDD44, 0xDD43, 
    0xDD44, 0xDD23, 0xDD23, 0xDD23, 0xDD23, 0xDD43, 0xDD23, 0xDD43, 0xDD43, 0xDD43, 0xDD43, 0xDD23, 
    0xDD23, 0xDD43, 0xDD43, 0xDD43, 0xDD43, 0xDD43, 0xDD23, 0xDD23, 0xDD43, 0xDD44, 0xDD44, 0xDD43, 
    0xDD44, 0xDD44, 0xDD44, 0xDD64, 0xDD44, 0xDD64, 0xDD64, 0xDD64, 0xDD64, 0xDD44, 0xDD44, 0xDD44, 
    0xD524, 0x9BA2, 0x3101, 0x9141, 0xFC61, 0xEBE1, 0xE301, 0xFCC3, 0xFE8E, 0xF461, 0xE2A0, 0xEBE0, 
    0xF3E0, 0x88E0, 0x2901, 0xCCC3, 0xDD23, 0xDD23, 0xDD23, 0xDD23, 0xDD23, 0xDD23, 0xDD23, 0xDD23, 
    0xD4E3, 0xD503, 0xD503, 0xD503, 0xD4E3, 0xD503, 0xD503, 0xD503, 0xD503, 0xD503, 0xD503, 0xD503, 
    0xD503, 0xD503, 0xD503, 0xD503, 0xD503, 0xD503, 0xD503, 0xD523, 0xDD23, 0xD523, 0xD523, 0xD503, 
    0xD503, 0xD503, 0xD503, 0xD503, 0xD503, 0xD503, 0xD503, 0xD503, 0xD503, 0xD503, 0xD503, 0xD503, 
    0xD503, 0xD503, 0xD503, 0xD503, 0xD503, 0xD503, 0xD503, 0xD503, 0xD503, 0xD503, 0xD503, 0xD503, 
    0xD503, 0xD503, 0xD503, 0xD503, 0xD503, 0xD503, 0xD503, 0xD503, 0xD523, 0xD503, 0xD523, 0xD523, 
    0xD503, 0xD503, 0xD503, 0xD503, 0xD503, 0xD503, 0xD503, 0xD503, 0xDD23, 0xDD23, 0xDD23, 0xDD23, 
    0xDD23, 0xDD43, 0xE563, 0x49E1, 0x3102, 0x5A04, 0x18C2, 0x1967, 0x19A8, 0x1967, 0x1126, 0x0861, 
    0xABE2, 0xCCA2, 0xC482, 0xCC82, 0xCC82, 0xC461, 0xBC42, 0x51C1, 0x1081, 0x0021, 0x7AC1, 0xCCA1, 
    0xC481, 0xCC82, 0xC482, 0xCCA1, 0x6A61, 0x0021, 0x0041, 0x6A61, 0xCCA1, 0xCC81, 0xCC81, 0xCCA1, 
    0xCC81, 0xCC81, 0xCCA2, 0x9361, 0x0021, 0x0841, 0x0021, 0x8B01, 0xD4A1, 0xD4A1, 0xABC1, 0x0020, 
    0x0041, 0x0041, 0x3961, 0xCC81, 0xC461, 0xC462, 0xCC82, 0xD4A2, 0x8B21, 0x0021, 0x0021, 0x5A01, 
    0xCCA2, 0xC482, 0xCCA2, 0xCCA1, 0xCC81, 0xC462, 0xCCA2, 0x8B21, 0x0000, 0x7AA1, 0xCC81, 0xC461, 
    0xC461, 0xC462, 0xC461, 0x4180, 0x0062, 0x1126, 0x1126, 0x1946, 0x08A3, 0x20E2, 0x2902, 0x1080, 
    0xC4A3, 0xE563, 0xDD44, 0xDD44, 0xDD23, 0xDD23, 0xDD23, 0xDD44, 0xDD23, 0xDD44, 0xDD24, 0xDD24, 
    0xDD23, 0xDD24, 0xDD24, 0xDD24, 0xDD24, 0xDD44, 0xDD44, 0xDD44, 0xDD44, 0xDD44, 0xDD44, 0xDD44, 
    0xDD44, 0xDD44, 0xDD44, 0xDD44, 0xDD24, 0xDD43, 0xDD43, 0xDD43, 0xDD43, 0xDD44, 0xDD43, 0xDD43, 
    0xDD43, 0xDD64, 0xDD43, 0xDD44, 0xDD43, 0xDD43, 0xDD23, 0xDD23, 0xDD43, 0xDD44, 0xDD44, 0xDD44, 
    0xDD44, 0xDD44, 0xDD64, 0xDD64, 0xDD64, 0xDD64, 0xDD64, 0xDD64, 0xDD64, 0xDD64, 0xDD44, 0xDD64, 
    0xE564, 0x49E2, 0x58E0, 0xF301, 0xDA01, 0x9901, 0xB121, 0xDA81, 0xF523, 0xDB21, 0xB900, 0x9920, 
    0xD260, 0xF301, 0x50A0, 0x6AA2, 0xE564, 0xDD24, 0xDD23, 0xDD23, 0xDD23, 0xDD23, 0xDD23, 0xDD23, 
    0xD503, 0xD503, 0xD503, 0xD503, 0xD503, 0xD503, 0xD503, 0xD503, 0xD523, 0xD503, 0xD503, 0xD503, 
    0xD503, 0xD503, 0xD503, 0xD503, 0xD523, 0xD503, 0xD503, 0xD503, 0xD503, 0xD523, 0xDD23, 0xD523, 
    0xD523, 0xD503, 0xD503, 0xD523, 0xD523, 0xD503, 0xD503, 0xD503, 0xD503, 0xD503, 0xD503, 0xD503, 
    0xD503, 0xD503, 0xD503, 0xD503, 0xD503, 0xD503, 0xD523, 0xD503, 0xD523, 0xD503, 0xD503, 0xD503, 
    0xD503, 0xD503, 0xD503, 0xD503, 0xD503, 0xD503, 0xD503, 0xD503, 0xD523, 0xD503, 0xD523, 0xD523, 
    0xD503, 0xD503, 0xD503, 0xD503, 0xD503, 0xD503, 0xD503, 0xD503, 0xDD23, 0xDD23, 0xDD23, 0xDD23, 
    0xDD23, 0xDD23, 0xE563, 0x49C1, 0x2902, 0x51E4, 0x18A2, 0x1947, 0x1988, 0x1967, 0x1106, 0x0861, 
    0xA3C1, 0xCC81, 0xB421, 0x41A1, 0x3141, 0x72A1, 0xCC81, 0xD4A1, 0x6241, 0x0001, 0x72A1, 0xCC81, 
    0xCCA1, 0x72A1, 0x4181, 0x4180, 0x20C0, 0x0021, 0x0021, 0x6A61, 0xD4A2, 0xCCA2, 0x7281, 0xBC21, 
    0xC461, 0xC461, 0xCC81, 0x9361, 0x0041, 0x0001, 0x3961, 0xBC42, 0xCC82, 0xABE1, 0x3941, 0x0841, 
    0x0841, 0x0041, 0x3161, 0xC462, 0xC482, 0x9361, 0x41A1, 0x41A1, 0x3121, 0x0841, 0x0021, 0x5A01, 
    0xCCA2, 0xCC82, 0x6A61, 0xB401, 0xC461, 0xC462, 0xCC82, 0x8B21, 0x0000, 0x72A1, 0xC462, 0xC441, 
    0x6221, 0x3941, 0x3961, 0x1080, 0x0862, 0x1126, 0x1126, 0x1926, 0x08A3, 0x20E2, 0x20E2, 0x1080, 
    0xC483, 0xDD43, 0xDD43, 0xDD23, 0xDD23, 0xDD23, 0xDD23, 0xDD43, 0xDD43, 0xDD23, 0xDD23, 0xDD23, 
    0xDD23, 0xDD24, 0xD523, 0xD523, 0xD523, 0xDD23, 0xDD23, 0xDD23, 0xDD23, 0xDD23, 0xDD23, 0xDD23, 
    0xDD24, 0xDD24, 0xDD24, 0xDD23, 0xDD23, 0xDD23, 0xDD23, 0xDD23, 0xDD23, 0xDD43, 0xDD43, 0xDD43, 
    0xDD43, 0xDD43, 0xDD43, 0xDD43, 0xDD43, 0xDD23, 0xDD23, 0xDD23, 0xDD23, 0xDD44, 0xDD24, 0xDD44, 
    0xDD44, 0xDD44, 0xDD44, 0xDD44, 0xDD44, 0xDD44, 0xDD64, 0xDD44, 0xDD64, 0xDD64, 0xDD44, 0xE564, 
    0xA423, 0x5121, 0xB161, 0x99A1, 0x2840, 0x1020, 0x78C0, 0xB980, 0xF440, 0xC9C0, 0x70C0, 0x1820, 
    0x4060, 0xA9A0, 0xA161, 0x4941, 0xAC23, 0xDD64, 0xDD23, 0xDD23, 0xDD23, 0xD523, 0xD523, 0xD523, 
    0xD503, 0xD503, 0xD503, 0xD503, 0xD503, 0xD503, 0xD503, 0xD503, 0xD503, 0xD503, 0xD503, 0xD503, 
    0xD503, 0xD503, 0xD503, 0xD503, 0xDD24, 0xD523, 0xD503, 0xD503, 0xD503, 0xD503, 0xDD23, 0xD523, 
    0xD523, 0xD523, 0xD503, 0xD523, 0xD523, 0xD523, 0xD503, 0xD503, 0xD503, 0xD503, 0xD503, 0xD503, 
    0xD503, 0xD523, 0xD503, 0xD503, 0xD503, 0xD523, 0xD523, 0xD503, 0xD523, 0xD503, 0xD503, 0xD503, 
    0xD503, 0xD503, 0xD503, 0xD503, 0xD503, 0xD503, 0xD503, 0xD503, 0xD503, 0xD503, 0xD503, 0xD503, 
    0xD523, 0xD503, 0xD503, 0xD503, 0xD503, 0xDD23, 0xDD23, 0xDD23, 0xDD23, 0xDD23, 0xDD23, 0xDD23, 
    0xDD23, 0xDD43, 0xE564, 0x49E2, 0x28E2, 0x51C4, 0x10A2, 0x1946, 0x1988, 0x1967, 0x1125, 0x0861, 
    0xA3A1, 0xC481, 0xB401, 0x1060, 0x0000, 0x49C1, 0xCC61, 0xC461, 0x72A1, 0x0000, 0x72A1, 0xC481, 
    0xC481, 0x3961, 0x0001, 0x0001, 0x0001, 0x0041, 0x0021, 0x6A61, 0xCCA2, 0xCCA2, 0x3961, 0x6241, 
    0xC441, 0xC462, 0xCC81, 0x9B61, 0x0041, 0x3961, 0x9B61, 0xC441, 0xA3A1, 0x49A1, 0x0021, 0x0021, 
    0x0021, 0x0021, 0x3141, 0xBC42, 0xC481, 0x7AC1, 0x0001, 0x0001, 0x0001, 0x0021, 0x0021, 0x5A01, 
    0xCC81, 0xCC81, 0x3961, 0x6241, 0xC441, 0xC462, 0xC482, 0x8B21, 0x0000, 0x72A1, 0xC462, 0xC441, 
    0x3121, 0x0000, 0x0001, 0x0021, 0x0041, 0x08A3, 0x1126, 0x1126, 0x08A3, 0x20E2, 0x28E2, 0x1081, 
    0xC4A3, 0xDD43, 0xDD43, 0xDD43, 0xDD43, 0xDD23, 0xDD23, 0xDD23, 0xDD43, 0xDD43, 0xDD23, 0xDD23, 
    0xDD23, 0xDD24, 0xDD23, 0xD523, 0xDD23, 0xDD23, 0xDD23, 0xDD23, 0xDD23, 0xDD23, 0xDD23, 0xDD23, 
    0xDD43, 0xDD24, 0xDD24, 0xDD23, 0xDD23, 0xDD23, 0xDD23, 0xDD23, 0xDD23, 0xDD43, 0xDD43, 0xDD43, 
    0xDD43, 0xDD43, 0xDD43, 0xDD43, 0xDD43, 0xDD43, 0xDD44, 0xDD24, 0xDD24, 0xDD44, 0xDD24, 0xDD44, 
    0xDD44, 0xDD44, 0xDD44, 0xDD44, 0xDD44, 0xDD44, 0xDD44, 0xDD44, 0xDD44, 0xDD44, 0xDD44, 0xE584, 
    0x8342, 0x3040, 0x7901, 0x1860, 0x6262, 0x6A82, 0x1020, 0xA120, 0xDA41, 0x9920, 0x0820, 0x7B22, 
    0x5222, 0x1860, 0x7101, 0x2020, 0x9362, 0xDD43, 0xD523, 0xD523, 0xDD23, 0xD523, 0xD523, 0xD523, 
    0xD503, 0xD503, 0xD503, 0xD503, 0xD503, 0xD503, 0xD503, 0xD503, 0xD503, 0xD503, 0xD503, 0xD503, 
    0xD503, 0xD503, 0xD503, 0xD503, 0xD523, 0xD503, 0xD503, 0xD503, 0xD523, 0xD523, 0xD503, 0xD523, 
    0xD523, 0xD503, 0xD503, 0xD523, 0xD523, 0xD523, 0xD523, 0xD503, 0xD503, 0xD503, 0xD503, 0xD523, 
    0xD503, 0xDD23, 0xD523, 0xD503, 0xD523, 0xD523, 0xD523, 0xD523, 0xD503, 0xD523, 0xD523, 0xD523, 
    0xD503, 0xD503, 0xD523, 0xD523, 0xD503, 0xD503, 0xD503, 0xD503, 0xD503, 0xD503, 0xD503, 0xD503, 
    0xD503, 0xD503, 0xD503, 0xD503, 0xDD23, 0xDD23, 0xDD23, 0xDD23, 0xD503, 0xD523, 0xDD23, 0xDD23, 
    0xDD23, 0xDD43, 0xE563, 0x49E2, 0x28E2, 0x51C4, 0x10A2, 0x1946, 0x1988, 0x1967, 0x1126, 0x0861, 
    0xA3A1, 0xC462, 0xB401, 0x2900, 0x1880, 0x6221, 0xC441, 0xC461, 0x6A81, 0x0000, 0x72A0, 0xCC81, 
    0xC461, 0x7281, 0x49A1, 0x49C1, 0x49C1, 0x3961, 0x0000, 0x6241, 0xC482, 0xC481, 0x3141, 0x18A1, 
    0x9B61, 0xC441, 0xCC81, 0x9B61, 0x0021, 0x7AC1, 0xCC81, 0xC461, 0x9361, 0x3960, 0x49A1, 0x49C1, 
    0x41A1, 0x0860, 0x3121, 0xC462, 0xC481, 0x9361, 0x4181, 0x41A1, 0x49A1, 0x3961, 0x0041, 0x51E1, 
    0xC461, 0xC461, 0x3140, 0x20C0, 0xA3A1, 0xC462, 0xC462, 0x8301, 0x0000, 0x72A1, 0xC441, 0xBC41, 
    0x6A61, 0x4181, 0x49A1, 0x49C1, 0x2900, 0x0041, 0x1126, 0x1126, 0x08A3, 0x20E2, 0x28E2, 0x1081, 
    0xC4A3, 0xDD43, 0xDD43, 0xDD43, 0xDD43, 0xDD43, 0xDD23, 0xDD23, 0xDD43, 0xDD43, 0xDD23, 0xDD23, 
    0xDD24, 0xDD24, 0xD523, 0xD503, 0xDD23, 0xDD23, 0xDD23, 0xDD23, 0xDD23, 0xDD23, 0xDD23, 0xDD43, 
    0xDD23, 0xDD23, 0xDD24, 0xDD23, 0xDD23, 0xDD23, 0xDD23, 0xDD23, 0xDD23, 0xDD43, 0xDD23, 0xDD23, 
    0xDD43, 0xDD43, 0xDD43, 0xDD43, 0xDD43, 0xDD44, 0xDD44, 0xDD24, 0xDD24, 0xDD23, 0xDD23, 0xDD44, 
    0xDD44, 0xDD44, 0xDD44, 0xDD44, 0xDD44, 0xDD44, 0xDD44, 0xDD44, 0xDD64, 0xDD44, 0xDD44, 0xE564, 
    0xAC23, 0x5221, 0x72C2, 0xC4C3, 0xDD44, 0xC4A3, 0x41A1, 0x3060, 0xB961, 0x3080, 0x5201, 0xCD03, 
    0xDD43, 0xB463, 0x5A22, 0x51E1, 0xB423, 0xDD43, 0xD523, 0xD523, 0xD523, 0xD523, 0xD523, 0xD503, 
    0xD524, 0xD503, 0xD503, 0xD523, 0xD503, 0xD503, 0xD503, 0xD503, 0xD503, 0xD503, 0xD503, 0xD503, 
    0xD503, 0xD503, 0xD503, 0xD523, 0xD523, 0xD503, 0xD503, 0xD503, 0xD503, 0xD503, 0xD503, 0xD503, 
    0xD523, 0xD503, 0xD503, 0xD503, 0xD503, 0xD523, 0xD523, 0xD523, 0xD503, 0xD503, 0xD503, 0xD523, 
    0xD503, 0xD503, 0xD523, 0xD523, 0xDD23, 0xDD23, 0xD523, 0xD523, 0xD523, 0xD523, 0xD523, 0xDD23, 
    0xD523, 0xD523, 0xD523, 0xD523, 0xD503, 0xD503, 0xD503, 0xD503, 0xD523, 0xD503, 0xD503, 0xD503, 
    0xD503, 0xD503, 0xDD23, 0xDD23, 0xD523, 0xDD23, 0xDD23, 0xDD23, 0xDD23, 0xDD23, 0xDD23, 0xDD23, 
    0xDD23, 0xDD44, 0xE564, 0x49E1, 0x20E2, 0x51C3, 0x18A2, 0x1105, 0x1967, 0x1967, 0x1126, 0x0861, 
    0xA3A1, 0xC441, 0xB401, 0xB3E1, 0xABE1, 0xB401, 0xBC21, 0xC441, 0x6220, 0x0001, 0x7AA1, 0xCC81, 
    0xBC41, 0xC441, 0xC461, 0xC461, 0xC461, 0x9341, 0x0000, 0x6241, 0xCC81, 0xC461, 0x3941, 0x0021, 
    0x20C1, 0xB421, 0xC461, 0x9361, 0x0021, 0x7281, 0xC461, 0xBC41, 0xBC21, 0xBC21, 0xBC41, 0xC461, 
    0xBC41, 0x20E1, 0x3141, 0xC461, 0xC461, 0xBC41, 0xBC41, 0xBC41, 0xC441, 0xABE1, 0x0861, 0x5A01, 
    0xC441, 0xB401, 0x3120, 0x0020, 0x3121, 0xBC41, 0xC461, 0x8321, 0x0000, 0x72A1, 0xBC41, 0xBC21, 
    0xBC21, 0xBC21, 0xBC41, 0xC461, 0x7AC1, 0x0041, 0x1105, 0x1126, 0x08A3, 0x20E2, 0x2902, 0x1081, 
    0xC4A3, 0xE543, 0xDD43, 0xDD43, 0xDD44, 0xDD24, 0xDD23, 0xDD23, 0xDD23, 0xDD23, 0xDD23, 0xDD23, 
    0xDD23, 0xDD23, 0xDD23, 0xDD23, 0xDD23, 0xDD23, 0xDD23, 0xDD23, 0xDD23, 0xDD24, 0xDD23, 0xDD24, 
    0xDD23, 0xDD44, 0xDD24, 0xDD23, 0xDD23, 0xDD23, 0xDD23, 0xDD23, 0xDD23, 0xDD23, 0xDD23, 0xDD23, 
    0xDD23, 0xDD23, 0xDD43, 0xDD43, 0xDD23, 0xDD44, 0xDD44, 0xDD23, 0xDD23, 0xDD23, 0xDD23, 0xDD24, 
    0xDD44, 0xDD44, 0xDD44, 0xDD44, 0xDD43, 0xDD44, 0xDD44, 0xDD44, 0xDD44, 0xDD44, 0xDD44, 0xDD44, 
    0xDD64, 0xE584, 0xE564, 0xDD64, 0xDD44, 0xDD64, 0xCCE3, 0x51C1, 0x48A0, 0x5A02, 0xDD43, 0xDD63, 
    0xD523, 0xDD43, 0xDD43, 0xDD43, 0xDD23, 0xD523, 0xDD23, 0xD503, 0xD523, 0xD503, 0xD503, 0xD503, 
    0xD504, 0xD503, 0xD523, 0xD523, 0xD503, 0xD503, 0xD503, 0xD503, 0xD503, 0xD503, 0xD503, 0xD523, 
    0xD523, 0xD523, 0xD523, 0xDD23, 0xD523, 0xD503, 0xD503, 0xD503, 0xD503, 0xD523, 0xD523, 0xD523, 
    0xD523, 0xDD23, 0xDD23, 0xD523, 0xD523, 0xD523, 0xD523, 0xDD23, 0xDD23, 0xDD23, 0xDD24, 0xD523, 
    0xDD23, 0xDD23, 0xD523, 0xD503, 0xD523, 0xDD24, 0xDD23, 0xD523, 0xD523, 0xD523, 0xDD23, 0xD523, 
    0xD523, 0xDD23, 0xDD23, 0xDD23, 0xD523, 0xD523, 0xD503, 0xD503, 0xD523, 0xDD23, 0xD523, 0xD523, 
    0xD523, 0xD523, 0xDD23, 0xDD23, 0xDD23, 0xDD23, 0xDD24, 0xDD43, 0xDD23, 0xDD23, 0xDD43, 0xDD23, 
    0xDD44, 0xDD44, 0xE584, 0x41C1, 0x18A2, 0x49A3, 0x18C2, 0x10C4, 0x1146, 0x1968, 0x1146, 0x0861, 
    0x9B81, 0xC441, 0xC441, 0xC441, 0xC441, 0xBC01, 0xB3E1, 0x51C1, 0x0861, 0x0021, 0x7AC1, 0xCC81, 
    0xC441, 0xC441, 0xC441, 0xBC41, 0xBC21, 0x8B21, 0x0021, 0x72A1, 0xD4A1, 0xBC41, 0x3120, 0x0001, 
    0x20E1, 0xB401, 0xC461, 0x9B61, 0x0021, 0x72A1, 0xC461, 0xC441, 0xBC41, 0xBC21, 0xBC21, 0xC441, 
    0xBC41, 0x20E1, 0x3141, 0xCC81, 0xC461, 0xBC41, 0xBC41, 0xC441, 0xBC41, 0xABE1, 0x1061, 0x51E1, 
    0xC441, 0xBC00, 0x3120, 0x0021, 0x2921, 0xBC41, 0xC461, 0x8B21, 0x0001, 0x72A1, 0xC441, 0xBC21, 
    0xBC21, 0xB401, 0xB401, 0xC441, 0x7AC1, 0x0041, 0x1105, 0x10E5, 0x0882, 0x20E2, 0x2902, 0x0861, 
    0xC4A3, 0xE544, 0xDD43, 0xDD23, 0xDD24, 0xDD24, 0xDD23, 0xDD23, 0xDD23, 0xDD23, 0xDD23, 0xDD23, 
    0xDD23, 0xD523, 0xDD23, 0xDD23, 0xDD23, 0xDD23, 0xDD23, 0xD523, 0xDD24, 0xDD24, 0xDD24, 0xDD24, 
    0xDD23, 0xDD44, 0xDD43, 0xDD24, 0xDD23, 0xDD23, 0xDD23, 0xDD23, 0xDD24, 0xDD23, 0xDD43, 0xDD44, 
    0xDD43, 0xDD23, 0xDD24, 0xDD23, 0xDD43, 0xDD23, 0xDD23, 0xDD23, 0xDD23, 0xDD23, 0xDD23, 0xDD23, 
    0xDD23, 0xDD43, 0xDD43, 0xDD43, 0xDD44, 0xDD43, 0xDD44, 0xDD44, 0xDD44, 0xDD44, 0xDD44, 0xDD44, 
    0xDD64, 0xDD44, 0xDD44, 0xDD44, 0xDD44, 0xDD44, 0xDD44, 0xCCC3, 0x6262, 0xD504, 0xDD23, 0xDD23, 
    0xD523, 0xDD23, 0xDD23, 0xDD23, 0xD523, 0xD523, 0xD523, 0xD503, 0xD503, 0xD503, 0xD503, 0xD503, 
    0xD503, 0xD523, 0xD503, 0xD523, 0xD523, 0xD524, 0xD503, 0xD503, 0xD503, 0xD523, 0xDD23, 0xD523, 
    0xD523, 0xD523, 0xD523, 0xDD23, 0xDD23, 0xD523, 0xDD23, 0xD523, 0xD503, 0xD523, 0xDD23, 0xDD23, 
    0xDD23, 0xDD23, 0xDD23, 0xDD23, 0xDD23, 0xDD23, 0xDD23, 0xDD23, 0xDD23, 0xDD23, 0xDD24, 0xDD24, 
    0xDD23, 0xDD23, 0xD523, 0xDD23, 0xDD24, 0xDD23, 0xD523, 0xDD23, 0xDD23, 0xD523, 0xD523, 0xDD23, 
    0xDD23, 0xDD23, 0xD523, 0xDD23, 0xDD23, 0xDD23, 0xD503, 0xD503, 0xD523, 0xD523, 0xD523, 0xDD23, 
    0xDD23, 0xDD23, 0xDD23, 0xDD23, 0xDD23, 0xDD23, 0xDD23, 0xDD23, 0xDD23, 0xDD23, 0xDD44, 0xDD44, 
    0xDD44, 0xDD44, 0xE564, 0x72E2, 0x3142, 0x3122, 0x3963, 0x10A2, 0x10E5, 0x1967, 0x1126, 0x0840, 
    0x3120, 0x4160, 0x4180, 0x4180, 0x4180, 0x4160, 0x3940, 0x0840, 0x08A3, 0x0862, 0x2900, 0x4180, 
    0x4160, 0x4180, 0x4180, 0x4180, 0x4180, 0x3120, 0x0041, 0x2921, 0x49A1, 0x4180, 0x1060, 0x0041, 
    0x1061, 0x4180, 0x49A1, 0x3120, 0x0020, 0x2900, 0x49A0, 0x4180, 0x4181, 0x4180, 0x4180, 0x4180, 
    0x4180, 0x1080, 0x1080, 0x4981, 0x49A0, 0x4180, 0x4180, 0x4180, 0x4180, 0x3961, 0x0840, 0x18A0, 
    0x3960, 0x4180, 0x18A1, 0x0862, 0x1081, 0x4181, 0x41A1, 0x3100, 0x0020, 0x2900, 0x4181, 0x4180, 
    0x4180, 0x4160, 0x4160, 0x4180, 0x2900, 0x0041, 0x1105, 0x08A3, 0x20C2, 0x28E2, 0x20E2, 0x49C2, 
    0xCCC3, 0xDD43, 0xDD43, 0xDD23, 0xDD23, 0xDD24, 0xDD24, 0xDD24, 0xDD24, 0xDD23, 0xDD23, 0xDD23, 
    0xD523, 0xD523, 0xD503, 0xD503, 0xDD23, 0xDD23, 0xDD23, 0xDD24, 0xDD24, 0xD523, 0xDD24, 0xDD24, 
    0xDD24, 0xDD24, 0xDD23, 0xDD23, 0xDD43, 0xDD44, 0xDD43, 0xDD43, 0xDD44, 0xDD44, 0xDD24, 0xDD44, 
    0xDD43, 0xDD23, 0xDD24, 0xDD24, 0xDD43, 0xDD23, 0xDD23, 0xDD23, 0xDD23, 0xD523, 0xDD23, 0xDD23, 
    0xDD43, 0xDD23, 0xDD43, 0xDD43, 0xDD43, 0xDD43, 0xDD44, 0xDD44, 0xDD44, 0xDD44, 0xDD44, 0xDD44, 
    0xDD64, 0xDD44, 0xDD44, 0xDD44, 0xDD44, 0xDD44, 0xDD24, 0xDD44, 0xDD63, 0xDD23, 0xDD23, 0xD523, 
    0xD523, 0xDD23, 0xDD23, 0xDD24, 0xD523, 0xD503, 0xD523, 0xD503, 0xD503, 0xD503, 0xD503, 0xD503, 
    0xD503, 0xD503, 0xD503, 0xD503, 0xD523, 0xD523, 0xD503, 0xD503, 0xD503, 0xDD23, 0xD523, 0xD523, 
    0xDD23, 0xDD23, 0xD523, 0xDD23, 0xDD23, 0xDD23, 0xDD23, 0xD523, 0xDD23, 0xDD23, 0xDD23, 0xDD24, 
    0xDD24, 0xDD24, 0xDD23, 0xDD23, 0xDD23, 0xDD23, 0xDD23, 0xDD23, 0xDD24, 0xDD23, 0xDD23, 0xD523, 
    0xD523, 0xD523, 0xD524, 0xDD23, 0xDD23, 0xDD23, 0xD523, 0xDD23, 0xDD23, 0xD523, 0xDD23, 0xDD23, 
    0xDD23, 0xD523, 0xDD23, 0xDD24, 0xDD24, 0xDD23, 0xDD23, 0xD523, 0xD523, 0xD523, 0xDD23, 0xDD23, 
    0xDD23, 0xDD23, 0xDD23, 0xDD23, 0xDD23, 0xDD23, 0xDD23, 0xDD23, 0xDD24, 0xDD23, 0xDD24, 0xDD24, 
    0xDD23, 0xDD24, 0xDD44, 0xE584, 0x6A82, 0x1061, 0x4183, 0x20E2, 0x10E3, 0x1126, 0x1947, 0x10A3, 
    0x0062, 0x0062, 0x0062, 0x0062, 0x0062, 0x0882, 0x0862, 0x08A3, 0x1126, 0x08A3, 0x0062, 0x0062, 
    0x0062, 0x0062, 0x0062, 0x0062, 0x0062, 0x0862, 0x0882, 0x0882, 0x0062, 0x0062, 0x0882, 0x10C4, 
    0x0882, 0x0862, 0x0062, 0x0862, 0x0882, 0x0882, 0x0062, 0x0062, 0x0062, 0x0062, 0x0062, 0x0062, 
    0x0062, 0x0882, 0x0882, 0x0062, 0x0062, 0x0062, 0x0062, 0x0062, 0x0062, 0x0062, 0x0882, 0x0882, 
    0x0062, 0x0862, 0x0882, 0x10C4, 0x0882, 0x0062, 0x0062, 0x0862, 0x0882, 0x0862, 0x0062, 0x0062, 
    0x0062, 0x0062, 0x0062, 0x0062, 0x0062, 0x0882, 0x1105, 0x10A2, 0x28E2, 0x18A1, 0x2921, 0xDD43, 
    0xDD43, 0xDD23, 0xDD43, 0xDD23, 0xDD23, 0xDD23, 0xDD23, 0xDD23, 0xDD23, 0xDD23, 0xDD23, 0xDD23, 
    0xD523, 0xDD23, 0xDD23, 0xDD23, 0xDD23, 0xDD23, 0xDD23, 0xDD23, 0xDD23, 0xDD24, 0xDD24, 0xDD44, 
    0xDD44, 0xDD23, 0xDD23, 0xDD23, 0xDD44, 0xDD44, 0xDD44, 0xDD44, 0xDD44, 0xDD23, 0xDD43, 0xDD43, 
    0xDD43, 0xDD23, 0xDD24, 0xDD24, 0xDD24, 0xDD23, 0xDD23, 0xDD23, 0xDD23, 0xDD23, 0xDD23, 0xDD23, 
    0xDD23, 0xDD23, 0xDD23, 0xDD43, 0xDD23, 0xDD43, 0xDD23, 0xDD23, 0xDD44, 0xDD44, 0xDD44, 0xDD44, 
    0xDD44, 0xDD44, 0xDD44, 0xDD44, 0xDD44, 0xDD23, 0xDD23, 0xDD23, 0xDD23, 0xDD24, 0xDD24, 0xD523, 
    0xD523, 0xD523, 0xD523, 0xDD24, 0xD523, 0xD503, 0xD503, 0xD503, 0xD503, 0xD503, 0xD503, 0xD503, 
    0xD503, 0xD503, 0xD503, 0xD503, 0xD503, 0xD523, 0xD503, 0xDD23, 0xDD23, 0xDD23, 0xDD23, 0xDD24, 
    0xDD23, 0xDD23, 0xDD23, 0xDD23, 0xDD23, 0xDD23, 0xDD23, 0xDD23, 0xDD23, 0xDD23, 0xDD24, 0xDD24, 
    0xDD24, 0xDD24, 0xDD23, 0xDD24, 0xDD24, 0xDD24, 0xDD23, 0xDD23, 0xDD24, 0xDD24, 0xDD23, 0xDD23, 
    0xDD23, 0xD523, 0xD523, 0xD503, 0xDD23, 0xDD23, 0xDD23, 0xDD23, 0xDD23, 0xDD23, 0xDD23, 0xDD23, 
    0xDD23, 0xDD23, 0xDD24, 0xDD23, 0xDD23, 0xDD23, 0xDD23, 0xDD23, 0xDD23, 0xDD23, 0xDD23, 0xDD23, 
    0xDD23, 0xDD23, 0xDD23, 0xDD23, 0xDD23, 0xDD23, 0xDD23, 0xDD23, 0xDD43, 0xDD23, 0xDD23, 0xDD23, 
    0xDD23, 0xDD23, 0xDD44, 0xE564, 0x72C2, 0x18A1, 0x3122, 0x4183, 0x20E2, 0x10A3, 0x1126, 0x1947, 
    0x1947, 0x1967, 0x1947, 0x1947, 0x1947, 0x1947, 0x1947, 0x1947, 0x1947, 0x1946, 0x1946, 0x1946, 
    0x1947, 0x1947, 0x1146, 0x1946, 0x1947, 0x1947, 0x1947, 0x1947, 0x1947, 0x1947, 0x1947, 0x1947, 
    0x1947, 0x1946, 0x1946, 0x1946, 0x1947, 0x1947, 0x1947, 0x1947, 0x1947, 0x1947, 0x1947, 0x1947, 
    0x1147, 0x1947, 0x1947, 0x1947, 0x1147, 0x1947, 0x1947, 0x1947, 0x1147, 0x1947, 0x1947, 0x1947, 
    0x1947, 0x1947, 0x1147, 0x1946, 0x1947, 0x1946, 0x1147, 0x1947, 0x1947, 0x1947, 0x1947, 0x1126, 
    0x1126, 0x1946, 0x1946, 0x1126, 0x1105, 0x1105, 0x08A2, 0x2102, 0x2902, 0x1081, 0x41A1, 0xDD23, 
    0xDD23, 0xDD23, 0xDD23, 0xDD44, 0xDD43, 0xDD23, 0xDD23, 0xDD23, 0xDD23, 0xDD23, 0xDD23, 0xDD23, 
    0xDD23, 0xDD23, 0xDD23, 0xDD23, 0xDD23, 0xDD23, 0xDD23, 0xDD23, 0xDD23, 0xDD23, 0xDD23, 0xDD44, 
    0xDD44, 0xDD44, 0xDD24, 0xDD23, 0xDD44, 0xDD44, 0xDD44, 0xDD44, 0xDD43, 0xDD43, 0xDD43, 0xDD43, 
    0xDD23, 0xDD23, 0xDD23, 0xDD23, 0xDD23, 0xDD23, 0xDD23, 0xDD23, 0xDD23, 0xDD23, 0xDD23, 0xDD23, 
    0xDD23, 0xDD23, 0xDD23, 0xDD23, 0xDD23, 0xDD23, 0xDD23, 0xDD23, 0xDD23, 0xDD24, 0xDD23, 0xDD43, 
    0xDD23, 0xDD43, 0xDD43, 0xDD43, 0xDD23, 0xDD23, 0xDD23, 0xDD23, 0xDD23, 0xDD24, 0xDD24, 0xD523, 
    0xD523, 0xD523, 0xD523, 0xD523, 0xD523, 0xD523, 0xD503, 0xD503, 0xD503, 0xD503, 0xD503, 0xD503, 
    0xD503, 0xD503, 0xD523, 0xD503, 0xD503, 0xD503, 0xD523, 0xDD23, 0xDD23, 0xDD24, 0xD524, 0xDD23, 
    0xDD24, 0xDD23, 0xDD23, 0xDD23, 0xDD23, 0xDD23, 0xDD23, 0xDD23, 0xDD24, 0xDD23, 0xDD24, 0xDD24, 
    0xDD24, 0xD523, 0xDD23, 0xDD23, 0xDD23, 0xDD23, 0xDD23, 0xDD23, 0xDD23, 0xDD24, 0xDD24, 0xDD23, 
    0xDD23, 0xDD23, 0xD523, 0xD503, 0xDD23, 0xDD23, 0xDD24, 0xDD23, 0xDD23, 0xDD23, 0xDD23, 0xDD23, 
    0xDD23, 0xDD43, 0xDD43, 0xDD23, 0xDD23, 0xDD23, 0xDD23, 0xDD23, 0xDD23, 0xDD23, 0xDD23, 0xDD23, 
    0xDD23, 0xDD23, 0xDD23, 0xDD23, 0xDD23, 0xDD23, 0xDD23, 0xDD23, 0xDD23, 0xDD43, 0xDD24, 0xDD24, 
    0xDD23, 0xDD23, 0xDD23, 0xDD44, 0xD524, 0x8B83, 0x0841, 0x4183, 0x2923, 0x10A2, 0x10A3, 0x1126, 
    0x1946, 0x1967, 0x1947, 0x1947, 0x1946, 0x1946, 0x1947, 0x1947, 0x1947, 0x1147, 0x1946, 0x1947, 
    0x1947, 0x1146, 0x1146, 0x1147, 0x1147, 0x1947, 0x1947, 0x1947, 0x1147, 0x1147, 0x1947, 0x1947, 
    0x1947, 0x1946, 0x1946, 0x1947, 0x1947, 0x1946, 0x1947, 0x1146, 0x1146, 0x1947, 0x1947, 0x1947, 
    0x1947, 0x1147, 0x1947, 0x1947, 0x1147, 0x1147, 0x1146, 0x1146, 0x1146, 0x1947, 0x1947, 0x1147, 
    0x1147, 0x1147, 0x1147, 0x1946, 0x1147, 0x1146, 0x1147, 0x1147, 0x1147, 0x1147, 0x1126, 0x1126, 
    0x1126, 0x1126, 0x1126, 0x1126, 0x1105, 0x08A2, 0x1081, 0x3123, 0x18A2, 0x3962, 0xD503, 0xD523, 
    0xDD23, 0xDD24, 0xDD24, 0xDD23, 0xDD43, 0xDD43, 0xDD23, 0xDD23, 0xDD23, 0xDD23, 0xDD23, 0xDD23, 
    0xDD23, 0xDD23, 0xDD23, 0xDD23, 0xDD23, 0xDD23, 0xDD23, 0xDD23, 0xDD23, 0xDD23, 0xDD43, 0xDD43, 
    0xDD44, 0xDD44, 0xDD44, 0xDD23, 0xDD44, 0xDD44, 0xDD43, 0xDD23, 0xDD43, 0xDD43, 0xDD23, 0xDD23, 
    0xDD23, 0xDD23, 0xDD23, 0xDD23, 0xDD24, 0xDD44, 0xDD24, 0xDD23, 0xDD23, 0xDD23, 0xDD23, 0xDD23, 
    0xDD23, 0xD523, 0xDD23, 0xDD23, 0xDD23, 0xDD23, 0xDD23, 0xD523, 0xDD23, 0xDD23, 0xDD23, 0xDD23, 
    0xDD43, 0xDD43, 0xDD43, 0xDD43, 0xDD23, 0xDD23, 0xD523, 0xDD23, 0xD523, 0xD523, 0xD523, 0xD523, 
    0xD523, 0xD503, 0xD503, 0xD503, 0xD503, 0xD523, 0xD523, 0xD523, 0xD523, 0xD503, 0xD503, 0xD503, 
    0xD503, 0xD503, 0xD523, 0xD503, 0xD503, 0xD503, 0xD523, 0xDD23, 0xDD23, 0xDD23, 0xD523, 0xD523, 
    0xDD23, 0xDD23, 0xDD23, 0xDD23, 0xDD23, 0xD523, 0xDD23, 0xDD23, 0xDD23, 0xDD24, 0xDD23, 0xDD24, 
    0xDD24, 0xDD23, 0xDD23, 0xDD23, 0xDD23, 0xDD23, 0xDD23, 0xDD23, 0xDD23, 0xDD23, 0xDD23, 0xDD23, 
    0xDD23, 0xDD23, 0xDD23, 0xDD23, 0xDD23, 0xDD24, 0xDD24, 0xDD23, 0xDD23, 0xDD23, 0xDD23, 0xDD23, 
    0xDD23, 0xDD23, 0xDD23, 0xD523, 0xDD23, 0xDD23, 0xDD23, 0xDD23, 0xDD23, 0xDD23, 0xDD23, 0xDD23, 
    0xD523, 0xDD23, 0xDD23, 0xDD23, 0xDD23, 0xDD23, 0xDD23, 0xDD23, 0xDD23, 0xDD23, 0xDD23, 0xDD23, 
    0xDD23, 0xDD23, 0xDD23, 0xDD23, 0xDD43, 0xCCE4, 0x6AA2, 0x1061, 0x3143, 0x3123, 0x10A2, 0x10A2, 
    0x1105, 0x1126, 0x1947, 0x1947, 0x1946, 0x1146, 0x1146, 0x1947, 0x1947, 0x1947, 0x1947, 0x1947, 
    0x1947, 0x1147, 0x1146, 0x1147, 0x1147, 0x1947, 0x1947, 0x1947, 0x1947, 0x1947, 0x1947, 0x1947, 
    0x1947, 0x1947, 0x1947, 0x1947, 0x1947, 0x1146, 0x1946, 0x1946, 0x1146, 0x1146, 0x1146, 0x1947, 
    0x1947, 0x1947, 0x1147, 0x1947, 0x1147, 0x1146, 0x1146, 0x1146, 0x1146, 0x1947, 0x1947, 0x1947, 
    0x1147, 0x1146, 0x1146, 0x1946, 0x1146, 0x1146, 0x1147, 0x1147, 0x1147, 0x1126, 0x1126, 0x1126, 
    0x1126, 0x1126, 0x1105, 0x10E4, 0x10A3, 0x1082, 0x20E2, 0x18C2, 0x1081, 0x9382, 0xDD43, 0xD523, 
    0xDD23, 0xDD23, 0xDD23, 0xDD23, 0xDD23, 0xDD23, 0xDD23, 0xDD23, 0xDD23, 0xDD23, 0xDD23, 0xDD23, 
    0xDD23, 0xDD23, 0xDD23, 0xDD23, 0xDD23, 0xDD03, 0xDD23, 0xDD23, 0xDD23, 0xDD23, 0xDD23, 0xDD23, 
    0xDD23, 0xDD23, 0xDD23, 0xDD23, 0xDD23, 0xDD43, 0xDD43, 0xDD23, 0xDD43, 0xDD23, 0xDD23, 0xDD23, 
    0xDD23, 0xDD23, 0xDD23, 0xDD23, 0xDD23, 0xDD43, 0xDD23, 0xDD23, 0xDD23, 0xDD23, 0xDD23, 0xDD23, 
    0xDD23, 0xD523, 0xD523, 0xDD23, 0xDD23, 0xDD23, 0xDD23, 0xD503, 0xD523, 0xDD23, 0xDD23, 0xDD23, 
    0xDD23, 0xDD23, 0xDD23, 0xDD23, 0xDD23, 0xDD23, 0xDD23, 0xD523, 0xDD23, 0xD523, 0xD523, 0xD503, 
    0xD503, 0xD503, 0xD503, 0xD503, 0xD503, 0xD503, 0xDD24, 0xD503, 0xD523, 0xD503, 0xD503, 0xD503, 
    0xDD23, 0xDD23, 0xDD23, 0xD523, 0xD503, 0xD523, 0xDD23, 0xDD23, 0xDD23, 0xD503, 0xD503, 0xDD23, 
    0xDD23, 0xDD23, 0xDD23, 0xDD23, 0xDD23, 0xD523, 0xD523, 0xDD23, 0xDD23, 0xDD23, 0xDD23, 0xDD23, 
    0xDD23, 0xDD23, 0xDD23, 0xDD23, 0xDD23, 0xDD23, 0xDD23, 0xDD23, 0xDD23, 0xDD23, 0xDD23, 0xDD23, 
    0xDD23, 0xDD23, 0xDD23, 0xDD23, 0xDD23, 0xDD23, 0xDD23, 0xDD23, 0xDD23, 0xDD23, 0xDD23, 0xDD23, 
    0xDD23, 0xDD23, 0xDD23, 0xD523, 0xDD23, 0xDD23, 0xD523, 0xDD23, 0xDD23, 0xDD23, 0xDD23, 0xDD23, 
    0xD523, 0xDD23, 0xDD23, 0xDD23, 0xDD23, 0xDD23, 0xDD23, 0xDD23, 0xDD23, 0xDD23, 0xDD43, 0xDD23, 
    0xDD23, 0xDD23, 0xDD23, 0xDD23, 0xDD23, 0xDD44, 0xC4C3, 0x49C1, 0x0861, 0x2902, 0x3123, 0x2923, 
    0x0882, 0x0882, 0x10E4, 0x1146, 0x1146, 0x1126, 0x1126, 0x1146, 0x1946, 0x1146, 0x1146, 0x1146, 
    0x1946, 0x1147, 0x1147, 0x1147, 0x1146, 0x1147, 0x1946, 0x1147, 0x1147, 0x1147, 0x1147, 0x1146, 
    0x1946, 0x1947, 0x1947, 0x1946, 0x1946, 0x1146, 0x1146, 0x1946, 0x1946, 0x1146, 0x1146, 0x1146, 
    0x1146, 0x1947, 0x1146, 0x1146, 0x1146, 0x1146, 0x1146, 0x1146, 0x1126, 0x1146, 0x1946, 0x1146, 
    0x1146, 0x1146, 0x1126, 0x1126, 0x1146, 0x1146, 0x1146, 0x1146, 0x1146, 0x1126, 0x1126, 0x1126, 
    0x1105, 0x10C4, 0x0882, 0x0882, 0x18C2, 0x2922, 0x20E2, 0x0000, 0x8B42, 0xE583, 0xDD43, 0xDD23, 
    0xDD23, 0xDD43, 0xDD43, 0xDD43, 0xDD23, 0xDD23, 0xDD23, 0xDD23, 0xDD23, 0xDD23, 0xDD23, 0xDD23, 
    0xD523, 0xDD23, 0xDD23, 0xDD23, 0xDD23, 0xDD23, 0xDD23, 0xDD23, 0xDD23, 0xDD23, 0xDD43, 0xDD43, 
    0xDD23, 0xDD23, 0xDD23, 0xDD23, 0xDD23, 0xDD43, 0xDD43, 0xDD23, 0xDD23, 0xDD23, 0xDD23, 0xDD23, 
    0xDD23, 0xDD23, 0xDD23, 0xDD23, 0xDD23, 0xDD23, 0xDD43, 0xDD43, 0xDD43, 0xDD23, 0xDD23, 0xDD23, 
    0xDD23, 0xDD23, 0xDD23, 0xDD23, 0xDD23, 0xDD23, 0xDD23, 0xD503, 0xD503, 0xD523, 0xDD23, 0xDD23, 
    0xDD23, 0xDD23, 0xDD23, 0xDD43, 0xDD23, 0xDD23, 0xDD23, 0xDD23, 0xDD23, 0xDD23, 0xD503, 0xD503, 
    0xD503, 0xD503, 0xD503, 0xD523, 0xD503, 0xD523, 0xD523, 0xD523, 0xD523, 0xD523, 0xD503, 0xD523, 
    0xE584, 0xE583, 0xE583, 0xE583, 0xE583, 0xE583, 0xE583, 0xE584, 0xE583, 0xE583, 0xE583, 0xE583, 
    0xE583, 0xE583, 0xE583, 0xE583, 0xE583, 0xE583, 0xE583, 0xE583, 0xE583, 0xE584, 0xED84, 0xEDA4, 
    0xE584, 0xE583, 0xE583, 0xE583, 0xE583, 0xE584, 0xE583, 0xEDA3, 0xEDA4, 0xEDA4, 0xE584, 0xE584, 
    0xE583, 0xE583, 0xE583, 0xE583, 0xE583, 0xE584, 0xE583, 0xE5A3, 0xEDA3, 0xE583, 0xEDA3, 0xEDA3, 
    0xED83, 0xE583, 0xE583, 0xE583, 0xE583, 0xE583, 0xE583, 0xE583, 0xE583, 0xE583, 0xE583, 0xED83, 
    0xE583, 0xE583, 0xE583, 0xE583, 0xE583, 0xED83, 0xE584, 0xEDA4, 0xEDA3, 0xEDA3, 0xEDA3, 0xE583, 
    0xE583, 0xEDA3, 0xEDA3, 0xE583, 0xE583, 0xE584, 0xEDC4, 0xD544, 0x8343, 0x0861, 0x1081, 0x3123, 
    0x20E2, 0x28E2, 0x18C2, 0x08A3, 0x08A3, 0x08A3, 0x08A3, 0x08A3, 0x08A3, 0x10A3, 0x10A3, 0x08A3, 
    0x08A3, 0x08A3, 0x10A3, 0x10C3, 0x08A3, 0x08A3, 0x08A3, 0x08A3, 0x10A3, 0x10A3, 0x10A3, 0x10A3, 
    0x10C3, 0x10C3, 0x10C3, 0x10A3, 0x10A3, 0x10A3, 0x10A3, 0x10A3, 0x10A3, 0x10A3, 0x08A3, 0x08A3, 
    0x10A3, 0x10C3, 0x10C3, 0x10A3, 0x08A3, 0x08A3, 0x08A3, 0x10A3, 0x08A3, 0x08A3, 0x08A3, 0x08A3, 
    0x10A3, 0x08A3, 0x08A3, 0x08A3, 0x08A3, 0x08A3, 0x10A3, 0x08A3, 0x08A3, 0x10A3, 0x10A3, 0x10A3, 
    0x08A3, 0x18C2, 0x20E2, 0x2902, 0x2902, 0x0861, 0x20E1, 0xA403, 0xDD64, 0xEDA4, 0xE5A4, 0xED83, 
    0xE583, 0xED83, 0xEDA4, 0xE583, 0xED83, 0xED83, 0xE583, 0xE583, 0xE583, 0xE583, 0xE583, 0xE583, 
    0xE583, 0xE583, 0xE583, 0xED83, 0xED83, 0xED83, 0xED83, 0xE583, 0xE583, 0xE583, 0xE583, 0xE583, 
    0xE583, 0xE583, 0xE583, 0xE583, 0xE583, 0xE583, 0xED83, 0xE583, 0xE583, 0xE583, 0xE583, 0xE583, 
    0xE583, 0xE583, 0xED83, 0xE583, 0xE583, 0xE583, 0xED83, 0xEDA3, 0xED83, 0xED83, 0xE583, 0xED83, 
    0xE583, 0xE583, 0xE583, 0xE583, 0xE583, 0xE583, 0xE583, 0xE583, 0xE583, 0xE583, 0xE583, 0xE583, 
    0xE583, 0xE583, 0xED84, 0xED83, 0xED83, 0xED83, 0xE583, 0xE583, 0xE583, 0xE583, 0xE583, 0xE583, 
    0xE583, 0xE583, 0xE583, 0xE583, 0xE583, 0xE583, 0xE583, 0xE583, 0xE583, 0xE583, 0xED83, 0xE583, 
    0xE584, 0xE584, 0xE583, 0xE563, 0xE564, 0xE584, 0xE584, 0xE584, 0xE583, 0xE583, 0xE583, 0xE583, 
    0xE583, 0xE584, 0xE583, 0xE583, 0xE583, 0xE583, 0xE584, 0xE584, 0xE584, 0xE584, 0xE584, 0xE584, 
    0xE583, 0xE584, 0xE584, 0xE584, 0xE583, 0xE584, 0xE584, 0xE584, 0xE584, 0xE584, 0xE584, 0xE584, 
    0xE583, 0xE584, 0xE584, 0xE583, 0xE584, 0xE584, 0xE584, 0xE584, 0xED83, 0xE583, 0xE584, 0xE584, 
    0xE584, 0xE583, 0xE583, 0xE583, 0xE583, 0xE583, 0xE583, 0xE583, 0xE584, 0xE583, 0xE583, 0xE583, 
    0xE583, 0xE583, 0xE584, 0xE584, 0xE584, 0xE584, 0xE5A4, 0xEDA4, 0xEDA4, 0xED83, 0xED83, 0xE583, 
    0xED83, 0xE583, 0xE583, 0xE583, 0xE583, 0xE583, 0xE584, 0xEDA4, 0xDD44, 0x72C2, 0x5A22, 0x1881, 
    0x18A1, 0x18C1, 0x2902, 0x20C2, 0x18C2, 0x18C2, 0x18C2, 0x18C2, 0x18C2, 0x18C2, 0x18C2, 0x18C2, 
    0x18C2, 0x18C2, 0x18C2, 0x18C2, 0x18C2, 0x18C2, 0x18C2, 0x18C2, 0x18C2, 0x18C2, 0x18C2, 0x18C2, 
    0x18C2, 0x18C2, 0x20C2, 0x18C2, 0x18C2, 0x18C2, 0x18C2, 0x18C2, 0x18C2, 0x18C2, 0x18C2, 0x18C2, 
    0x18C2, 0x18C2, 0x18C2, 0x18C2, 0x18A2, 0x18A2, 0x18C2, 0x18C2, 0x18C2, 0x18C2, 0x18C2, 0x18C2, 
    0x18C2, 0x18C2, 0x18C2, 0x18C2, 0x18C2, 0x18C2, 0x18C2, 0x18C2, 0x18C2, 0x18C2, 0x18C2, 0x18C2, 
    0x18C2, 0x2902, 0x2902, 0x1081, 0x1081, 0x6262, 0x8B82, 0xEDA4, 0xEDA4, 0xE584, 0xE584, 0xE584, 
    0xE584, 0xE584, 0xE583, 0xE583, 0xE583, 0xE584, 0xE583, 0xE583, 0xE583, 0xE583, 0xE583, 0xE583, 
    0xE583, 0xE583, 0xE583, 0xE583, 0xED83, 0xED83, 0xE583, 0xE583, 0xE583, 0xE583, 0xE583, 0xE584, 
    0xE584, 0xE584, 0xE584, 0xE584, 0xE584, 0xE584, 0xE583, 0xE583, 0xE583, 0xE583, 0xE583, 0xE583, 
    0xE583, 0xE583, 0xE583, 0xE583, 0xE583, 0xE583, 0xE583, 0xED83, 0xE583, 0xE583, 0xE583, 0xE584, 
    0xE583, 0xE583, 0xE583, 0xE583, 0xE583, 0xE583, 0xE583, 0xE583, 0xE583, 0xED83, 0xE583, 0xE583, 
    0xE583, 0xE584, 0xE584, 0xE583, 0xE584, 0xE583, 0xE583, 0xE583, 0xE583, 0xE563, 0xE583, 0xE563, 
    0xE563, 0xE563, 0xE563, 0xE563, 0xE563, 0xE563, 0xE563, 0xE583, 0xE583, 0xEDA3, 0xEDA3, 0xED83, 
    0xDD44, 0xDD44, 0xDD24, 0xDD24, 0xDD24, 0xDD24, 0xDD24, 0xDD24, 0xDD24, 0xDD23, 0xDD43, 0xDD43, 
    0xDD43, 0xDD43, 0xDD43, 0xDD43, 0xDD43, 0xDD43, 0xDD44, 0xDD44, 0xDD44, 0xDD44, 0xDD43, 0xDD43, 
    0xDD43, 0xDD43, 0xDD43, 0xDD43, 0xDD23, 0xDD23, 0xDD23, 0xDD43, 0xDD43, 0xDD23, 0xDD23, 0xDD23, 
    0xDD43, 0xDD43, 0xDD43, 0xDD43, 0xDD43, 0xDD43, 0xDD43, 0xDD43, 0xDD43, 0xDD23, 0xDD23, 0xDD43, 
    0xDD43, 0xDD43, 0xDD23, 0xDD23, 0xDD43, 0xDD43, 0xDD43, 0xDD43, 0xDD43, 0xDD43, 0xDD43, 0xDD23, 
    0xDD23, 0xDD43, 0xDD43, 0xDD43, 0xDD43, 0xDD43, 0xDD43, 0xDD43, 0xDD43, 0xDD43, 0xDD43, 0xDD43, 
    0xDD43, 0xDD43, 0xDD23, 0xDD43, 0xDD43, 0xDD43, 0xDD43, 0xDD44, 0xDD64, 0xE584, 0xC4A3, 0x4181, 
    0x3982, 0x2901, 0x20C2, 0x20C2, 0x20C2, 0x20C2, 0x20C2, 0x20C2, 0x20C2, 0x20C2, 0x20C2, 0x20C2, 
    0x20C2, 0x20C2, 0x20C2, 0x20C2, 0x18C2, 0x20C2, 0x20C2, 0x20C2, 0x20C2, 0x20C2, 0x20C2, 0x20E2, 
    0x20C2, 0x20C2, 0x20E2, 0x20E2, 0x20E2, 0x20E2, 0x20C2, 0x20C2, 0x20C2, 0x20C2, 0x20C2, 0x20C2, 
    0x20C2, 0x20C2, 0x20C2, 0x20C2, 0x20C2, 0x20C2, 0x20C2, 0x20C2, 0x20C2, 0x20C2, 0x20C2, 0x20C2, 
    0x20C2, 0x20E2, 0x20C2, 0x20C2, 0x20C2, 0x20C2, 0x20C2, 0x20E2, 0x20C2, 0x20E2, 0x20E2, 0x20C2, 
    0x20C2, 0x20C2, 0x18C1, 0x3141, 0x41A1, 0xCD03, 0xED84, 0xDD64, 0xDD44, 0xDD43, 0xDD23, 0xDD43, 
    0xDD43, 0xDD43, 0xDD23, 0xDD43, 0xDD43, 0xDD43, 0xDD23, 0xDD23, 0xDD23, 0xDD23, 0xDD23, 0xDD23, 
    0xDD43, 0xDD43, 0xDD43, 0xDD43, 0xDD43, 0xDD23, 0xDD23, 0xDD23, 0xDD23, 0xDD23, 0xDD44, 0xDD44, 
    0xDD44, 0xDD44, 0xDD44, 0xDD43, 0xDD43, 0xDD43, 0xDD23, 0xDD23, 0xDD43, 0xDD43, 0xDD43, 0xDD43, 
    0xDD43, 0xDD43, 0xDD43, 0xDD43, 0xDD43, 0xDD43, 0xDD43, 0xDD43, 0xDD43, 0xDD43, 0xDD43, 0xDD43, 
    0xDD43, 0xDD23, 0xDD43, 0xDD43, 0xDD23, 0xDD43, 0xDD24, 0xDD23, 0xDD43, 0xDD43, 0xDD43, 0xDD43, 
    0xDD43, 0xDD43, 0xDD43, 0xDD43, 0xDD43, 0xDD43, 0xDD43, 0xDD43, 0xDD43, 0xDD23, 0xDD23, 0xDD23, 
    0xDD23, 0xDD23, 0xDD23, 0xDD23, 0xDD23, 0xDD23, 0xDD43, 0xDD63, 0xDD63, 0xE564, 0xE564, 0xE564, 
    0xDD44, 0xDD44, 0xDD44, 0xDD44, 0xDD44, 0xDD44, 0xDD64, 0xDD64, 0xDD44, 0xDD63, 0xE563, 0xDD63, 
    0xE563, 0xE563, 0xDD63, 0xE563, 0xDD63, 0xDD63, 0xDD64, 0xDD64, 0xDD64, 0xDD64, 0xDD63, 0xDD43, 
    0xDD43, 0xE563, 0xE563, 0xDD43, 0xDD43, 0xDD43, 0xDD43, 0xDD63, 0xDD63, 0xDD63, 0xE563, 0xDD63, 
    0xDD63, 0xE563, 0xE563, 0xDD63, 0xDD63, 0xE563, 0xDD63, 0xE563, 0xDD63, 0xDD63, 0xDD63, 0xDD63, 
    0xDD63, 0xDD63, 0xDD63, 0xDD63, 0xDD63, 0xDD63, 0xDD63, 0xDD43, 0xDD63, 0xE563, 0xE563, 0xE563, 
    0xE563, 0xE563, 0xE563, 0xE563, 0xE563, 0xE563, 0xE563, 0xE563, 0xE563, 0xE563, 0xE563, 0xE563, 
    0xE563, 0xE563, 0xE563, 0xE563, 0xE563, 0xE563, 0xE563, 0xE564, 0xE564, 0xDD64, 0xDD44, 0xDD64, 
    0xE5A4, 0x8B63, 0x0860, 0x1081, 0x1081, 0x1081, 0x1081, 0x1081, 0x1081, 0x1080, 0x1080, 0x1081, 
    0x1081, 0x1081, 0x1081, 0x1081, 0x1081, 0x1081, 0x1081, 0x1081, 0x1081, 0x1081, 0x1081, 0x10A1, 
    0x1081, 0x1081, 0x1081, 0x10A1, 0x10A1, 0x10A1, 0x1081, 0x1081, 0x1081, 0x1081, 0x1081, 0x1081, 
    0x1081, 0x1081, 0x1081, 0x1081, 0x1081, 0x1080, 0x1081, 0x1081, 0x1081, 0x10A1, 0x10A1, 0x1081, 
    0x1081, 0x1081, 0x1081, 0x10A1, 0x1081, 0x1081, 0x1081, 0x1081, 0x10A1, 0x10A1, 0x1081, 0x1081, 
    0x1081, 0x1081, 0x3961, 0xDD64, 0xE584, 0xE564, 0xE564, 0xE564, 0xE563, 0xE563, 0xE563, 0xE563, 
    0xE563, 0xE563, 0xE563, 0xE563, 0xDD63, 0xDD63, 0xDD43, 0xDD43, 0xDD43, 0xDD63, 0xDD63, 0xE563, 
    0xDD63, 0xDD63, 0xDD63, 0xDD63, 0xDD63, 0xDD63, 0xDD43, 0xDD43, 0xDD43, 0xDD43, 0xE564, 0xE564, 
    0xE563, 0xE563, 0xE563, 0xDD63, 0xDD63, 0xDD63, 0xDD63, 0xDD63, 0xE563, 0xE563, 0xE563, 0xE563, 
    0xE563, 0xE563, 0xE563, 0xDD63, 0xE563, 0xE563, 0xE563, 0xE563, 0xDD63, 0xDD63, 0xDD43, 0xE563, 
    0xDD43, 0xDD43, 0xDD63, 0xE563, 0xE563, 0xDD43, 0xDD43, 0xDD43, 0xE563, 0xE563, 0xE563, 0xE563, 
    0xE563, 0xE563, 0xE563, 0xE563, 0xE563, 0xE563, 0xE563, 0xE563, 0xDD63, 0xDD63, 0xDD43, 0xDD43, 
    0xDD43, 0xDD43, 0xDD43, 0xDD63, 0xDD43, 0xDD43, 0xE563, 0xE563, 0xE583, 0xE584, 0xE584, 0xE584, 
    0xE5A4, 0xE5A4, 0xE584, 0xE584, 0xE584, 0xE584, 0xEDA4, 0xEDA4, 0xEDA4, 0xEDA4, 0xEDA4, 0xEDA4, 
    0xEDA4, 0xEDA4, 0xEDA4, 0xEDA4, 0xEDA4, 0xEDA4, 0xEDA4, 0xEDA4, 0xEDA4, 0xEDA4, 0xEDA4, 0xEDA4, 
    0xEDA4, 0xEDA4, 0xEDA4, 0xEDA3, 0xEDA3, 0xEDA3, 0xEDA4, 0xEDA4, 0xEDA4, 0xEDA4, 0xEDA4, 0xEDA4, 
    0xEDA4, 0xEDA4, 0xEDA3, 0xEDA4, 0xEDA4, 0xEDA4, 0xEDA4, 0xEDA4, 0xEDA4, 0xE584, 0xE5A4, 0xE5A4, 
    0xE5A4, 0xEDA4, 0xEDA4, 0xEDA4, 0xEDA4, 0xEDA4, 0xED83, 0xE583, 0xEDA3, 0xEDA4, 0xEDA4, 0xEDA3, 
    0xEDA3, 0xEDA4, 0xEDA4, 0xEDA4, 0xEDA4, 0xEDA4, 0xEDA4, 0xEDA4, 0xEDA3, 0xEDA3, 0xEDA3, 0xEDA3, 
    0xEDA3, 0xEDA3, 0xEDA4, 0xEDA4, 0xEDA4, 0xEDA4, 0xEDA4, 0xEDA4, 0xEDA4, 0xEDA4, 0xE5A4, 0xE584, 
    0xE584, 0xDD64, 0xD503, 0xD503, 0xD503, 0xD523, 0xD523, 0xD523, 0xD523, 0xD523, 0xD523, 0xD523, 
    0xD523, 0xD523, 0xD523, 0xD523, 0xD523, 0xD523, 0xD503, 0xD503, 0xD503, 0xD503, 0xD503, 0xD524, 
    0xD524, 0xD523, 0xD524, 0xD524, 0xD544, 0xD524, 0xD524, 0xD524, 0xD524, 0xD523, 0xD523, 0xD523, 
    0xD523, 0xD523, 0xD523, 0xD523, 0xD523, 0xD503, 0xD503, 0xD503, 0xD503, 0xD503, 0xD523, 0xD503, 
    0xD503, 0xD503, 0xD523, 0xD523, 0xD523, 0xD523, 0xD523, 0xD523, 0xD523, 0xD523, 0xD523, 0xD524, 
    0xD524, 0xD503, 0xDD43, 0xEDA4, 0xEDA4, 0xEDA4, 0xEDA4, 0xEDA4, 0xEDA4, 0xEDA4, 0xEDA3, 0xE583, 
    0xEDA3, 0xEDA3, 0xEDA4, 0xEDA4, 0xEDA3, 0xEDA3, 0xEDA3, 0xEDA3, 0xEDA4, 0xEDA4, 0xEDA3, 0xEDA3, 
    0xEDA3, 0xEDA3, 0xEDA3, 0xEDA3, 0xEDA4, 0xEDA4, 0xEDA4, 0xEDA4, 0xE5A4, 0xE584, 0xEDA4, 0xEDA4, 
    0xEDA4, 0xE584, 0xE584, 0xE583, 0xE583, 0xEDA4, 0xE584, 0xE584, 0xED83, 0xED83, 0xEDA3, 0xEDA3, 
    0xEDA3, 0xEDA3, 0xEDA4, 0xEDA3, 0xED83, 0xEDA3, 0xEDA3, 0xEDA3, 0xEDA3, 0xEDA4, 0xEDA3, 0xEDA3, 
    0xEDA3, 0xEDA3, 0xED83, 0xED83, 0xE583, 0xE583, 0xE584, 0xE583, 0xEDA3, 0xEDA3, 0xE583, 0xEDA3, 
    0xEDA3, 0xEDA3, 0xEDA4, 0xEDA3, 0xEDA3, 0xEDA3, 0xEDA3, 0xEDA3, 0xEDA3, 0xEDA3, 0xEDA3, 0xEDA3, 
    0xED83, 0xED83, 0xE583, 0xE583, 0xED83, 0xED83, 0xED83, 0xEDA3, 0xEDA3, 0xE5A3, 0xEDA3, 0xEDA3, 
    0xDD44, 0xDD44, 0xDD64, 0xDD44, 0xDD44, 0xDD44, 0xDD43, 0xDD43, 0xDD44, 0xDD43, 0xDD44, 0xDD44, 
    0xDD64, 0xDD64, 0xDD44, 0xDD44, 0xDD64, 0xDD64, 0xDD43, 0xDD44, 0xDD64, 0xDD64, 0xDD44, 0xDD44, 
    0xDD44, 0xDD44, 0xDD44, 0xDD43, 0xDD43, 0xDD43, 0xDD44, 0xDD44, 0xDD43, 0xDD44, 0xDD44, 0xDD44, 
    0xDD64, 0xDD63, 0xDD43, 0xDD44, 0xDD64, 0xDD64, 0xDD64, 0xDD44, 0xDD63, 0xDD43, 0xDD43, 0xDD64, 
    0xDD64, 0xDD64, 0xDD64, 0xDD44, 0xDD43, 0xDD43, 0xDD43, 0xDD43, 0xDD43, 0xDD43, 0xDD43, 0xDD64, 
    0xDD43, 0xDD44, 0xDD64, 0xE563, 0xE564, 0xDD63, 0xDD63, 0xDD63, 0xDD63, 0xE563, 0xE563, 0xE563, 
    0xE563, 0xE563, 0xE563, 0xE563, 0xE563, 0xE563, 0xE564, 0xE564, 0xDD64, 0xDD43, 0xDD63, 0xDD64, 
    0xDD44, 0xE564, 0xE583, 0xE583, 0xE584, 0xE584, 0xE584, 0xE584, 0xE584, 0xE5A4, 0xE584, 0xE584, 
    0xE584, 0xE584, 0xE584, 0xE584, 0xE584, 0xE584, 0xE584, 0xE584, 0xE584, 0xE584, 0xE584, 0xE584, 
    0xE584, 0xE584, 0xE584, 0xE5A4, 0xE5A4, 0xE584, 0xE584, 0xE584, 0xE584, 0xE584, 0xE583, 0xE583, 
    0xE584, 0xE584, 0xE584, 0xE584, 0xE584, 0xE564, 0xE564, 0xE564, 0xE564, 0xE584, 0xE584, 0xE584, 
    0xE584, 0xE583, 0xE584, 0xE584, 0xE583, 0xE584, 0xE584, 0xE5A4, 0xE584, 0xE584, 0xE584, 0xE584, 
    0xE584, 0xE584, 0xE584, 0xE564, 0xE563, 0xE563, 0xE563, 0xDD63, 0xDD64, 0xDD64, 0xDD44, 0xDD44, 
    0xDD64, 0xE563, 0xE563, 0xE563, 0xDD43, 0xE563, 0xE563, 0xE563, 0xE563, 0xDD63, 0xE563, 0xDD63, 
    0xE563, 0xE563, 0xDD63, 0xDD63, 0xDD43, 0xDD64, 0xDD64, 0xDD44, 0xDD44, 0xDD44, 0xDD44, 0xE564, 
    0xDD64, 0xDD64, 0xDD64, 0xDD43, 0xE563, 0xE564, 0xDD64, 0xDD44, 0xDD43, 0xDD44, 0xDD44, 0xDD44, 
    0xDD44, 0xDD63, 0xDD63, 0xDD43, 0xDD43, 0xDD43, 0xDD43, 0xDD43, 0xDD43, 0xDD64, 0xDD63, 0xDD63, 
    0xDD43, 0xDD43, 0xDD43, 0xDD43, 0xDD43, 0xDD43, 0xDD44, 0xDD44, 0xDD43, 0xDD43, 0xDD43, 0xDD43, 
    0xDD43, 0xDD43, 0xDD43, 0xDD43, 0xDD43, 0xDD43, 0xDD43, 0xDD43, 0xDD43, 0xDD43, 0xDD43, 0xDD43, 
    0xDD43, 0xDD23, 0xDD23, 0xDD23, 0xDD23, 0xDD23, 0xDD23, 0xDD43, 0xDD43, 0xDD43, 0xDD43, 0xDD43, 
    0xE564, 0xE564, 0xE564, 0xE584, 0xE564, 0xE564, 0xE564, 0xE564, 0xE564, 0xE564, 0xE564, 0xE564, 
    0xE564, 0xE564, 0xE564, 0xE564, 0xDD64, 0xDD64, 0xDD64, 0xDD64, 0xDD64, 0xDD64, 0xDD64, 0xDD64, 
    0xE564, 0xE564, 0xE564, 0xE564, 0xE564, 0xE563, 0xE564, 0xE564, 0xE564, 0xE564, 0xDD64, 0xE564, 
    0xE564, 0xE564, 0xE563, 0xDD63, 0xE564, 0xE564, 0xE564, 0xE564, 0xE564, 0xE563, 0xE563, 0xE564, 
    0xE564, 0xE564, 0xE564, 0xE564, 0xE564, 0xE564, 0xE564, 0xE563, 0xE563, 0xE564, 0xE564, 0xE564, 
    0xE564, 0xE564, 0xE564, 0xE563, 0xE564, 0xE563, 0xE563, 0xE563, 0xE563, 0xE563, 0xE563, 0xE563, 
    0xE563, 0xE563, 0xE563, 0xE563, 0xE563, 0xE564, 0xE564, 0xE563, 0xE563, 0xE563, 0xE563, 0xE584, 
    0xE564, 0xE563, 0xE583, 0xE583, 0xE583, 0xE584, 0xE584, 0xE584, 0xE584, 0xE584, 0xE584, 0xE584, 
    0xE584, 0xE584, 0xE584, 0xE584, 0xE584, 0xE584, 0xE584, 0xE584, 0xE584, 0xE584, 0xE584, 0xE564, 
    0xE564, 0xDD44, 0xDD44, 0xDD44, 0xDD44, 0xDD44, 0xE544, 0xE564, 0xE544, 0xDD44, 0xDD44, 0xDD44, 
    0xDD64, 0xDD44, 0xDD44, 0xDD44, 0xE564, 0xE584, 0xE564, 0xE564, 0xE564, 0xE564, 0xE564, 0xE564, 
    0xE563, 0xE563, 0xE563, 0xE584, 0xE584, 0xE584, 0xE584, 0xE584, 0xE584, 0xE584, 0xE584, 0xE584, 
    0xE564, 0xE584, 0xE584, 0xE584, 0xE584, 0xE563, 0xE563, 0xE563, 0xE564, 0xE563, 0xE564, 0xE564, 
    0xE564, 0xE564, 0xE563, 0xE583, 0xE583, 0xE583, 0xE583, 0xE583, 0xE563, 0xE563, 0xE563, 0xE563, 
    0xE564, 0xE564, 0xE563, 0xE563, 0xE564, 0xE564, 0xE564, 0xE564, 0xDD64, 0xE564, 0xE564, 0xD504, 
    0xD504, 0xD504, 0xD503, 0xD503, 0xD524, 0xD524, 0xD504, 0xDD44, 0xDD64, 0xE564, 0xE564, 0xE563, 
    0xE563, 0xE563, 0xE563, 0xE563, 0xE563, 0xE563, 0xE563, 0xE563, 0xE563, 0xE563, 0xE563, 0xE563, 
    0xE563, 0xE563, 0xE563, 0xE563, 0xE563, 0xE563, 0xE563, 0xE563, 0xE563, 0xE563, 0xDD43, 0xE563, 
    0xE563, 0xE563, 0xE563, 0xE563, 0xE543, 0xE563, 0xE563, 0xE563, 0xE563, 0xDD43, 0xE563, 0xE563, 
    0xDD43, 0xDD43, 0xDD43, 0xDD43, 0xDD43, 0xDD43, 0xDD43, 0xDD63, 0xE543, 0xE563, 0xDD43, 0xDD43, 
    0xEDA4, 0xEDA4, 0xEDA4, 0xEDA4, 0xEDA4, 0xEDA4, 0xEDA4, 0xEDA3, 0xEDA4, 0xEDA4, 0xED83, 0xE583, 
    0xEDA4, 0xEDA4, 0xEDA4, 0xEDA4, 0xE5A4, 0xEDC4, 0xF5C4, 0xEDC4, 0xEDC4, 0xF5C4, 0xF5C4, 0xF5C4, 
    0xF5C4, 0xEDC4, 0xEDA4, 0xEDA4, 0xEDA4, 0xEDA4, 0xE5A4, 0xE584, 0xE584, 0xE584, 0xE584, 0xEDA4, 
    0xF5C4, 0xF5C4, 0xF5C4, 0xF5C4, 0xF5C4, 0xF5C4, 0xF5C4, 0xF5E4, 0xF5E4, 0xF5E4, 0xF5E4, 0xF5E4, 
    0xF5E3, 0xF5C4, 0xEDC4, 0xEDA4, 0xEDA4, 0xEDA4, 0xE584, 0xEDA4, 0xE584, 0xE584, 0xED84, 0xEDA4, 
    0xEDA4, 0xED84, 0xEDA4, 0xED83, 0xEDA4, 0xEDA4, 0xEDA4, 0xEDA3, 0xEDA3, 0xEDA3, 0xEDA3, 0xEDA3, 
    0xEDA3, 0xED83, 0xEDA4, 0xEDA4, 0xED83, 0xEDA4, 0xEDA4, 0xEDA3, 0xEDA3, 0xE583, 0xE583, 0xEDA4, 
    0xEDA4, 0xEDA4, 0xEDA4, 0xEDA4, 0xEDA4, 0xEDA4, 0xEDC4, 0xEDC4, 0xEDC4, 0xEDA4, 0xEDA4, 0xEDA4, 
    0xEDA4, 0xEDA4, 0xEDA4, 0xEDA4, 0xEDA4, 0xEDA4, 0xEDA4, 0xEDA4, 0xEDA4, 0xEDA4, 0xEDA4, 0xEDA4, 
    0xE544, 0xABA8, 0xAB88, 0x9B49, 0x9B49, 0x9B69, 0xA369, 0xA369, 0x9B49, 0x9B49, 0x9B49, 0x9B49, 
    0xA389, 0x9B69, 0xA388, 0xABC8, 0xE544, 0xEDC4, 0xEDA4, 0xEDA4, 0xEDA4, 0xEDA4, 0xEDA4, 0xEDA4, 
    0xEDA3, 0xEDA3, 0xED84, 0xEDA4, 0xEDA4, 0xEDA4, 0xEDA4, 0xEDA4, 0xED84, 0xEDA4, 0xEDA4, 0xEDA4, 
    0xEDA4, 0xEDA4, 0xEDA4, 0xEDA4, 0xEDA4, 0xEDA4, 0xEDA4, 0xEDA3, 0xED83, 0xEDA4, 0xEDA4, 0xEDA4, 
    0xEDA4, 0xEDA4, 0xEDA3, 0xEDA4, 0xEDA3, 0xEDA3, 0xEDA3, 0xEDA4, 0xEDA3, 0xEDA3, 0xEDA3, 0xED84, 
    0xEDA4, 0xEDA4, 0xEDA4, 0xEDA4, 0xEDA4, 0xEDA4, 0xEDA4, 0xEDA4, 0xEDA4, 0xE563, 0x8B42, 0x20C1, 
    0x18C1, 0x20C1, 0x20E1, 0x20E1, 0x20E1, 0x20C1, 0x3121, 0xC4C3, 0xEDA4, 0xE584, 0xE584, 0xEDA4, 
    0xEDA3, 0xEDA3, 0xED83, 0xED83, 0xE583, 0xED83, 0xED83, 0xE583, 0xE583, 0xE583, 0xE583, 0xEDA3, 
    0xEDA3, 0xEDA3, 0xEDA3, 0xEDA3, 0xED83, 0xED83, 0xED83, 0xED83, 0xEDA3, 0xED83, 0xE583, 0xED83, 
    0xEDA3, 0xED83, 0xED83, 0xED83, 0xED83, 0xEDA3, 0xEDA3, 0xEDA3, 0xEDA3, 0xED83, 0xED83, 0xED83, 
    0xE583, 0xE583, 0xE583, 0xE583, 0xE583, 0xE583, 0xE583, 0xED83, 0xED83, 0xE583, 0xE583, 0xE563, 
    0xDD44, 0xDD43, 0xDD43, 0xDD44, 0xDD64, 0xDD64, 0xDD64, 0xDD43, 0xDD44, 0xDD44, 0xDD44, 0xDD44, 
    0xDD64, 0xDD44, 0xDD44, 0xDD44, 0xED84, 0xAC43, 0x72C2, 0x72C2, 0x6AC2, 0x72C2, 0x72C2, 0x72C2, 
    0x72C2, 0xA403, 0xEDA4, 0xE564, 0xDD44, 0xDD44, 0xDD64, 0xDD44, 0xDD44, 0xDD64, 0xE584, 0x8B82, 
    0x72E2, 0x72E2, 0x72E2, 0x6AC2, 0x6AC2, 0x6AC2, 0x6AA2, 0x6AC2, 0x6AC2, 0x6AC2, 0x6AC2, 0x72E2, 
    0x7302, 0x7302, 0x93A3, 0xE5A4, 0xE564, 0xDD44, 0xDD44, 0xDD44, 0xDD44, 0xDD44, 0xDD44, 0xDD44, 
    0xDD43, 0xDD43, 0xDD43, 0xDD43, 0xDD43, 0xDD43, 0xDD43, 0xDD43, 0xDD43, 0xDD43, 0xDD43, 0xDD43, 
    0xDD43, 0xDD43, 0xDD43, 0xDD43, 0xDD43, 0xDD44, 0xDD44, 0xDD44, 0xDD43, 0xDD43, 0xDD43, 0xDD43, 
    0xDD63, 0xDD63, 0xDD63, 0xDD64, 0xDD64, 0xDD64, 0xDD64, 0xDD64, 0xE564, 0xE564, 0xE564, 0xE564, 
    0xE564, 0xE563, 0xE563, 0xE563, 0xE564, 0xE564, 0xE564, 0xE584, 0xE584, 0xC4A5, 0x9B68, 0x9B68, 
    0x9B89, 0x930A, 0x8AEA, 0x82CA, 0x82CA, 0x82CB, 0x82CA, 0x82AA, 0x7AAA, 0x82CA, 0x82CB, 0x7AAB, 
    0x82CA, 0x82AA, 0x82CB, 0x82CA, 0x9348, 0x9369, 0xBC67, 0xEDA4, 0xE584, 0xE564, 0xE564, 0xE564, 
    0xDD63, 0xDD63, 0xDD43, 0xDD43, 0xDD43, 0xDD63, 0xDD64, 0xE563, 0xDD63, 0xDD64, 0xDD63, 0xE563, 
    0xDD63, 0xE564, 0xDD63, 0xDD43, 0xDD63, 0xDD43, 0xDD43, 0xDD43, 0xDD43, 0xDD43, 0xDD43, 0xDD43, 
    0xDD43, 0xDD43, 0xDD43, 0xDD43, 0xDD43, 0xDD43, 0xDD43, 0xDD43, 0xDD43, 0xDD44, 0xDD44, 0xDD44, 
    0xDD64, 0xDD64, 0xDD44, 0xDD43, 0xDD44, 0xDD64, 0xDD44, 0xE584, 0xB443, 0x20E0, 0x18C2, 0x7B6B, 
    0x838C, 0x838C, 0x7B8C, 0x83AC, 0x7B6B, 0x732A, 0x5A88, 0x18C1, 0x6262, 0xDD23, 0xDD23, 0xDD44, 
    0xDD43, 0xDD43, 0xDD43, 0xDD43, 0xDD43, 0xDD23, 0xDD23, 0xDD43, 0xDD43, 0xDD43, 0xDD43, 0xDD43, 
    0xDD43, 0xDD43, 0xDD43, 0xDD43, 0xDD43, 0xDD43, 0xDD43, 0xDD43, 0xDD43, 0xDD43, 0xDD43, 0xDD43, 
    0xDD43, 0xDD43, 0xDD43, 0xDD43, 0xDD43, 0xDD43, 0xDD43, 0xDD23, 0xDD43, 0xDD23, 0xDD23, 0xDD23, 
    0xDD23, 0xDD23, 0xDD23, 0xDD43, 0xDD43, 0xDD43, 0xDD43, 0xDD43, 0xDD43, 0xDD43, 0xDD23, 0xDD23, 
    0xE564, 0xE564, 0xE563, 0xE563, 0xE564, 0xE564, 0xE564, 0xE563, 0xE564, 0xE564, 0xE564, 0xE564, 
    0xE564, 0xDD64, 0xDD64, 0xE584, 0x9362, 0x3961, 0x0862, 0x10C3, 0x10A3, 0x10A3, 0x18C3, 0x10A2, 
    0x1082, 0x3142, 0x72C2, 0xBC63, 0xE584, 0xE564, 0xDD64, 0xE564, 0xE584, 0xC4C4, 0x72C2, 0x38E1, 
    0x2861, 0x2881, 0x2881, 0x2881, 0x30A1, 0x30A1, 0x30A1, 0x30A2, 0x30A1, 0x30A1, 0x38C2, 0x38A1, 
    0x30A1, 0x38A1, 0x4101, 0x7B03, 0xC4C4, 0xE584, 0xE564, 0xE564, 0xE563, 0xE564, 0xE563, 0xE563, 
    0xE563, 0xE563, 0xE563, 0xE563, 0xE563, 0xE563, 0xE563, 0xE563, 0xE563, 0xE563, 0xE563, 0xE563, 
    0xE563, 0xE563, 0xE563, 0xE563, 0xE563, 0xE564, 0xE563, 0xE563, 0xE563, 0xE564, 0xE564, 0xE563, 
    0xE563, 0xE564, 0xE564, 0xE564, 0xE564, 0xE564, 0xE564, 0xE584, 0xE584, 0xE563, 0xE564, 0xE564, 
    0xE564, 0xE563, 0xE563, 0xE584, 0xE584, 0xE584, 0xDD64, 0xC486, 0xC466, 0xA388, 0x7A8A, 0x7A8A, 
    0x82AB, 0x7269, 0x49A7, 0x51C7, 0x51C7, 0x51C7, 0x49A7, 0x51A7, 0x49A7, 0x49A7, 0x51A7, 0x49A7, 
    0x4987, 0x4987, 0x6A49, 0x82CB, 0x7AAB, 0x728B, 0x9B69, 0xC466, 0xCCC5, 0xE584, 0xE564, 0xE564, 
    0xE564, 0xE563, 0xE563, 0xE563, 0xE563, 0xE563, 0xE563, 0xE583, 0xE563, 0xE563, 0xE564, 0xE564, 
    0xE564, 0xE564, 0xE564, 0xE563, 0xE563, 0xE563, 0xE563, 0xE563, 0xDD43, 0xE543, 0xE563, 0xE563, 
    0xE563, 0xE563, 0xE563, 0xE563, 0xE563, 0xE563, 0xE563, 0xE563, 0xE563, 0xE563, 0xE564, 0xE564, 
    0xE564, 0xE564, 0xE564, 0xE563, 0xE564, 0xE564, 0xE584, 0xAC23, 0x3162, 0x4A27, 0x7B6B, 0xA44E, 
    0xA44E, 0xA48F, 0xA48F, 0xA46E, 0x9C4E, 0x93EC, 0x83AB, 0x732A, 0x5267, 0x5A22, 0xDD44, 0xE564, 
    0xDD43, 0xDD43, 0xDD63, 0xDD63, 0xDD43, 0xDD43, 0xDD43, 0xDD43, 0xDD43, 0xDD63, 0xE563, 0xDD43, 
    0xE563, 0xE563, 0xE563, 0xE563, 0xE563, 0xE563, 0xDD63, 0xE563, 0xE563, 0xE543, 0xDD43, 0xDD43, 
    0xE563, 0xE543, 0xE563, 0xE563, 0xE563, 0xE563, 0xE563, 0xE563, 0xE563, 0xE563, 0xE563, 0xE543, 
    0xE563, 0xDD43, 0xDD43, 0xDD43, 0xDD43, 0xDD63, 0xE563, 0xE563, 0xE563, 0xE563, 0xE543, 0xE543, 
    0xE5A4, 0xEDA4, 0xEDA4, 0xE584, 0xE584, 0xEDA4, 0xEDA4, 0xEDA4, 0xEDA4, 0xEDA4, 0xEDA4, 0xED84, 
    0xE584, 0xE584, 0xEDA4, 0xA3E3, 0x18A1, 0x18C3, 0x4A07, 0x5268, 0x4A47, 0x4A27, 0x4A27, 0x4A27, 
    0x4A27, 0x2924, 0x0001, 0x72E2, 0xE584, 0xEDA4, 0xED84, 0xEDA4, 0xE564, 0x8B42, 0x1020, 0x58E1, 
    0xAA04, 0xC264, 0xCAA5, 0xCAA5, 0xD306, 0xD306, 0xD2E5, 0xCAC5, 0xCAC5, 0xCAA4, 0xD2E5, 0xCAA5, 
    0xC264, 0xB224, 0x7122, 0x1041, 0x8322, 0xD544, 0xEDA4, 0xE584, 0xED84, 0xED84, 0xED84, 0xEDA4, 
    0xEDA3, 0xED83, 0xEDA4, 0xED83, 0xEDA3, 0xEDA4, 0xEDA4, 0xEDA4, 0xEDA3, 0xEDA3, 0xEDA4, 0xEDA4, 
    0xEDA4, 0xEDA4, 0xEDA4, 0xEDA4, 0xEDA4, 0xEDA4, 0xEDA4, 0xEDA3, 0xEDA4, 0xED83, 0xEDA3, 0xEDA4, 
    0xEDA4, 0xEDA4, 0xEDA4, 0xEDA4, 0xEDA4, 0xEDA4, 0xEDA4, 0xEDA4, 0xEDA4, 0xEDA4, 0xEDA4, 0xEDA4, 
    0xEDA4, 0xED84, 0xEDA4, 0xEDA4, 0xEDA4, 0xE5A4, 0xDD25, 0xABA9, 0x8AEB, 0x82AB, 0x82CB, 0x7A8A, 
    0x7A6A, 0x49A6, 0x10A1, 0x18C2, 0x18C2, 0x18C2, 0x18C2, 0x18E2, 0x18C2, 0x18C2, 0x18C2, 0x18C2, 
    0x18C2, 0x10A1, 0x3965, 0x7A8A, 0x82CB, 0x8AEB, 0x82CB, 0x8ACA, 0xABA8, 0xE564, 0xE584, 0xED84, 
    0xEDA4, 0xED84, 0xED84, 0xEDA4, 0xEDA4, 0xEDA4, 0xEDA4, 0xEDA4, 0xEDA4, 0xEDA4, 0xEDA4, 0xEDA4, 
    0xEDA4, 0xEDA4, 0xEDA4, 0xEDA4, 0xED84, 0xE584, 0xED84, 0xEDA4, 0xED84, 0xED84, 0xEDA4, 0xEDA4, 
    0xED83, 0xED83, 0xED83, 0xED83, 0xEDA3, 0xEDA4, 0xED84, 0xEDA3, 0xEDA3, 0xEDA3, 0xEDA3, 0xEDA4, 
    0xEDA3, 0xEDA4, 0xEDA4, 0xE5A4, 0xEDA4, 0xEDA4, 0xF5E4, 0x9382, 0x2124, 0xACD0, 0xBD31, 0xA48F, 
    0x9C4E, 0xA46E, 0xA46E, 0x9C0D, 0x940D, 0x940D, 0x940D, 0xA46E, 0x5A68, 0x2101, 0xDD44, 0xE584, 
    0xE563, 0xE563, 0xE584, 0xED84, 0xED83, 0xED84, 0xE584, 0xE583, 0xED83, 0xED83, 0xE583, 0xEDA3, 
    0xED83, 0xED83, 0xED83, 0xED83, 0xEDA3, 0xED83, 0xED83, 0xE583, 0xED83, 0xED83, 0xE583, 0xE583, 
    0xED83, 0xED83, 0xEDA4, 0xED83, 0xEDA3, 0xED83, 0xEDA3, 0xEDA3, 0xEDA3, 0xEDA3, 0xEDA3, 0xED83, 
    0xE583, 0xE583, 0xE583, 0xE583, 0xED83, 0xED83, 0xE583, 0xED83, 0xED83, 0xED83, 0xED83, 0xED83, 
    0xDD44, 0xDD44, 0xDD44, 0xDD44, 0xDD44, 0xDD64, 0xDD64, 0xDD64, 0xDD64, 0xDD44, 0xDD44, 0xDD44, 
    0xDD44, 0xDD44, 0xE564, 0x41A1, 0x2945, 0x732B, 0x5A88, 0x4A07, 0x41C6, 0x41C6, 0x41C6, 0x41C6, 
    0x41E6, 0x4A27, 0x4A07, 0x18C3, 0x8B63, 0xE584, 0xDD43, 0xED84, 0x6282, 0x2081, 0xA1C3, 0xB204, 
    0xD347, 0xC2C6, 0xBA24, 0xA9E3, 0xA9C3, 0xA9C3, 0xA9A2, 0xA9A2, 0xA1A2, 0xA182, 0xA1A3, 0xA1A2, 
    0x9983, 0xA1A3, 0xBA03, 0x99A3, 0x1861, 0x72C2, 0xE584, 0xDD44, 0xDD44, 0xDD44, 0xDD44, 0xDD43, 
    0xDD43, 0xDD23, 0xDD23, 0xDD43, 0xDD43, 0xDD44, 0xDD64, 0xDD44, 0xDD43, 0xDD43, 0xDD43, 0xDD43, 
    0xDD43, 0xDD43, 0xDD43, 0xDD43, 0xDD43, 0xDD43, 0xDD44, 0xDD43, 0xDD43, 0xDD43, 0xDD43, 0xDD44, 
    0xDD64, 0xDD63, 0xDD64, 0xDD64, 0xDD63, 0xDD44, 0xDD43, 0xDD44, 0xDD44, 0xDD44, 0xDD44, 0xDD44, 
    0xDD44, 0xDD44, 0xDD64, 0xDD64, 0xE564, 0xC4A6, 0x82EB, 0x7AAB, 0x726A, 0x726A, 0x726A, 0x20C3, 
    0x0861, 0x3984, 0xBCAC, 0xCD6F, 0xD5AF, 0xD5B0, 0xD5D0, 0xDDD0, 0xD5AF, 0xD5D0, 0xD5AF, 0xD58F, 
    0xD58F, 0xC4EC, 0x49C4, 0x0841, 0x18C3, 0x728A, 0x7AAB, 0x7A8A, 0x82AA, 0x8B29, 0xDD25, 0xE544, 
    0xDD44, 0xDD44, 0xDD44, 0xDD43, 0xDD43, 0xDD43, 0xDD43, 0xDD43, 0xDD44, 0xDD64, 0xDD64, 0xE564, 
    0xDD64, 0xDD64, 0xDD63, 0xDD63, 0xDD44, 0xDD44, 0xDD44, 0xDD44, 0xDD64, 0xDD43, 0xDD63, 0xDD63, 
    0xDD43, 0xDD44, 0xDD44, 0xDD43, 0xDD43, 0xDD43, 0xDD43, 0xDD43, 0xDD43, 0xDD43, 0xDD43, 0xDD43, 
    0xDD44, 0xDD44, 0xDD44, 0xDD44, 0xE564, 0xE584, 0xBCA3, 0x72A2, 0x10A2, 0x62C9, 0x838C, 0xC572, 
    0xD5F4, 0xC592, 0xBD31, 0xB510, 0xB510, 0xB4F0, 0x8BED, 0x5268, 0x2924, 0x0840, 0x2901, 0x2921, 
    0x20E1, 0x8B62, 0xE584, 0xDD64, 0xE564, 0xE564, 0xE564, 0xE564, 0xDD44, 0xDD44, 0xDD23, 0xDD23, 
    0xDD23, 0xDD23, 0xDD23, 0xDD23, 0xDD23, 0xDD23, 0xDD23, 0xDD24, 0xDD43, 0xDD43, 0xDD43, 0xDD43, 
    0xDD43, 0xDD44, 0xDD44, 0xDD44, 0xDD44, 0xDD44, 0xDD43, 0xDD43, 0xDD43, 0xDD23, 0xDD43, 0xDD43, 
    0xDD23, 0xDD23, 0xDD23, 0xDD43, 0xDD43, 0xDD43, 0xDD43, 0xDD43, 0xDD43, 0xE563, 0xDD43, 0xDD43, 
    0xDD64, 0xDD64, 0xDD43, 0xE564, 0xE564, 0xE564, 0xE564, 0xE564, 0xE564, 0xE563, 0xE563, 0xDD64, 
    0xDD64, 0xDD64, 0xE584, 0x49E2, 0x18E3, 0x5248, 0x734B, 0x62C9, 0x62A9, 0x62C9, 0x62A9, 0x5A88, 
    0x5248, 0x5A88, 0x3164, 0x10A2, 0x2102, 0x2941, 0xA3C2, 0x49E1, 0x28C1, 0x7942, 0x99A3, 0xD327, 
    0xA204, 0x99A3, 0x9162, 0x8142, 0x8122, 0x8142, 0x8122, 0x7922, 0x7922, 0x7122, 0x7922, 0x8142, 
    0x7922, 0x8962, 0xA9A3, 0xA9C3, 0x8162, 0x38C1, 0x6AA2, 0xEDA4, 0xDD44, 0xDD44, 0xE564, 0xE564, 
    0xDD63, 0xDD43, 0xDD43, 0xDD43, 0xE564, 0xE564, 0xE564, 0xE563, 0xE563, 0xE563, 0xDD43, 0xE563, 
    0xE563, 0xE563, 0xE563, 0xE563, 0xE563, 0xE563, 0xE563, 0xE563, 0xE563, 0xE563, 0xE563, 0xE564, 
    0xE564, 0xE564, 0xE564, 0xE563, 0xE563, 0xE563, 0xDD64, 0xDD44, 0xDD64, 0xDD64, 0xDD44, 0xE564, 
    0xE564, 0xE564, 0xE584, 0xE584, 0xBC66, 0x9349, 0x7A8B, 0x726B, 0x6A6B, 0x2904, 0x1062, 0x7308, 
    0xB4EE, 0xC54F, 0xE631, 0xE611, 0xDDAF, 0xD54D, 0xD56E, 0xD56D, 0xCD4D, 0xD56E, 0xD56E, 0xCD4D, 
    0xCD4D, 0xDDD0, 0xC54F, 0xB4CD, 0x8368, 0x20E3, 0x4186, 0x726B, 0x726A, 0x82AA, 0xA388, 0xCCC6, 
    0xE564, 0xE564, 0xE544, 0xE564, 0xE564, 0xE563, 0xE563, 0xE563, 0xE564, 0xE564, 0xE564, 0xE564, 
    0xE564, 0xE563, 0xE563, 0xE564, 0xDD64, 0xDD64, 0xE564, 0xE564, 0xE564, 0xE563, 0xE563, 0xE563, 
    0xE563, 0xE563, 0xE563, 0xE563, 0xE563, 0xE563, 0xE563, 0xDD63, 0xDD63, 0xDD64, 0xE563, 0xE563, 
    0xE563, 0xDD64, 0xDD64, 0xEDA4, 0xA3E3, 0x3141, 0x2102, 0x1081, 0x20E3, 0x732A, 0x5A67, 0x83AB, 
    0x5268, 0x83CC, 0x732A, 0x6AE9, 0x5A88, 0x4A06, 0x39A5, 0x3985, 0x3164, 0x2103, 0x83CC, 0x5247, 
    0x5247, 0x41E5, 0x2921, 0x3141, 0x3961, 0x4181, 0x3961, 0x8322, 0xE584, 0xDD64, 0xDD44, 0xE543, 
    0xE564, 0xE564, 0xE544, 0xDD43, 0xDD44, 0xDD43, 0xDD43, 0xDD43, 0xDD43, 0xDD43, 0xDD44, 0xDD64, 
    0xE563, 0xE564, 0xE564, 0xE564, 0xE563, 0xE563, 0xE563, 0xE543, 0xDD43, 0xDD43, 0xDD43, 0xDD43, 
    0xDD43, 0xDD43, 0xDD43, 0xDD43, 0xDD43, 0xDD43, 0xDD43, 0xE543, 0xE563, 0xE563, 0xE563, 0xE563, 
    0xEDA4, 0xE584, 0xED83, 0xEDA4, 0xEDA4, 0xEDA4, 0xEDA4, 0xEDA4, 0xEDA4, 0xED83, 0xE583, 0xE584, 
    0xEDA4, 0xEDA4, 0xE584, 0x49E2, 0x18C3, 0x2123, 0x2103, 0x41C6, 0x5A88, 0x62C9, 0x5AA9, 0x5A68, 
    0x39C6, 0x2103, 0x20E3, 0x1081, 0x30A1, 0x30A1, 0x0881, 0x3081, 0x7102, 0x9162, 0xB264, 0xB224, 
    0x8962, 0x7922, 0x6901, 0x40A1, 0x3881, 0x3881, 0x3881, 0x3081, 0x2861, 0x2861, 0x2881, 0x3081, 
    0x30A1, 0x6901, 0x8142, 0xA1A3, 0xA1A3, 0x7122, 0x4121, 0x93A3, 0xEDA4, 0xE584, 0xED84, 0xEDA4, 
    0xEDA4, 0xEDA4, 0xEDA4, 0xEDA4, 0xEDA4, 0xEDA4, 0xEDA4, 0xED83, 0xED83, 0xED83, 0xED83, 0xEDA3, 
    0xEDA4, 0xEDA4, 0xEDA4, 0xEDA4, 0xEDA4, 0xEDA4, 0xEDA4, 0xED84, 0xED83, 0xED83, 0xED83, 0xED84, 
    0xED84, 0xEDA4, 0xEDA4, 0xEDA4, 0xEDA4, 0xEDA4, 0xEDA4, 0xED84, 0xEDA4, 0xEDA4, 0xEDA4, 0xEDA4, 
    0xEDA4, 0xEDA4, 0xEDA4, 0xE565, 0xB408, 0x8AEB, 0x8AEB, 0x82CB, 0x2905, 0x4A05, 0x93EA, 0xCD6F, 
    0xEE72, 0xEE73, 0xDDAF, 0xD58E, 0xD58E, 0xCD2D, 0xCD2D, 0xC50C, 0xC50C, 0xCD2D, 0xCD2C, 0xC50C, 
    0xC4EC, 0xCD4D, 0xDDAF, 0xDDEF, 0xCD4D, 0x8BA8, 0x41A4, 0x4166, 0x82AB, 0x82CB, 0x932A, 0xCCC7, 
    0xEDA4, 0xED84, 0xED84, 0xEDA4, 0xEDA4, 0xED84, 0xEDA4, 0xEDA4, 0xEDA4, 0xEDA4, 0xEDA4, 0xE5A4, 
    0xE584, 0xEDA4, 0xE584, 0xE584, 0xE584, 0xE584, 0xE584, 0xEDA4, 0xEDA4, 0xEDA4, 0xEDA3, 0xE584, 
    0xE584, 0xEDA4, 0xEDA4, 0xEDA4, 0xED84, 0xEDA4, 0xEDA4, 0xEDA4, 0xEDA4, 0xE584, 0xEDA4, 0xEDA4, 
    0xEDA4, 0xEDA4, 0xE584, 0x6A81, 0x41C3, 0x62C9, 0x7B8B, 0x4206, 0x20E3, 0x7B4A, 0x732A, 0xBD51, 
    0x5247, 0x9C4E, 0x62C9, 0x41C5, 0x41E6, 0x5A88, 0x5A68, 0x49E6, 0x3164, 0x18C2, 0x5AA9, 0x6B0A, 
    0x83AB, 0x7B6B, 0x7B8C, 0x7B6B, 0x6B0A, 0x62C9, 0x62C9, 0x4A05, 0x3981, 0x3981, 0x4181, 0x4181, 
    0x5A21, 0x6A81, 0xBC83, 0xEDA4, 0xEDA4, 0xEDA4, 0xEDC4, 0xEDA4, 0xF5C4, 0xF5C4, 0xEDA3, 0xED84, 
    0xEDA4, 0xEDA4, 0xEDA4, 0xED84, 0xE583, 0xE583, 0xE584, 0xED84, 0xE583, 0xE583, 0xE583, 0xE583, 
    0xE584, 0xE584, 0xE583, 0xE583, 0xE583, 0xE583, 0xE583, 0xE583, 0xE583, 0xED83, 0xED83, 0xED83, 
    0xE564, 0xE564, 0xE564, 0xE564, 0xE564, 0xE564, 0xE564, 0xE584, 0xE564, 0xE564, 0xDD64, 0xEDA4, 
    0x9BE3, 0x5202, 0x2921, 0x0861, 0x18E3, 0x2123, 0x3165, 0x3165, 0x2944, 0x20E3, 0x2924, 0x2924, 
    0x20E3, 0x2944, 0x2924, 0x0881, 0x40C1, 0x7942, 0x40C2, 0x28A1, 0x8942, 0xAA03, 0xAA03, 0x9982, 
    0x7121, 0x58E1, 0x3081, 0x6282, 0x72C2, 0x6AA2, 0x6AC2, 0x72E2, 0x72E2, 0x72E2, 0x7B02, 0x7B02, 
    0x2901, 0x30A1, 0x48C1, 0x8142, 0x9962, 0x9962, 0x40A1, 0x39A1, 0xEDA4, 0xDD64, 0xE564, 0xE564, 
    0xE564, 0xE564, 0xE564, 0xE584, 0xE564, 0xE564, 0xE564, 0xE564, 0xE564, 0xE563, 0xE563, 0xE564, 
    0xE564, 0xE584, 0xE564, 0xE564, 0xE564, 0xE564, 0xE564, 0xE564, 0xE564, 0xE563, 0xE564, 0xE564, 
    0xE564, 0xE584, 0xE584, 0xE564, 0xE584, 0xE584, 0xE584, 0xE584, 0xE584, 0xE584, 0xE584, 0xE584, 
    0xE564, 0xE584, 0xE584, 0x9B88, 0x7A8B, 0x7AAB, 0x726A, 0x4165, 0x5246, 0xAC8C, 0xEE31, 0xDDF0, 
    0xDDF0, 0xD58E, 0xCD4D, 0xCD2C, 0xCD0C, 0xCD0C, 0xCD2C, 0xCD2D, 0xCD2C, 0xCD2D, 0xCD2D, 0xCD2C, 
    0xC50C, 0xC50C, 0xC50C, 0xCD2C, 0xDDAF, 0xDDAE, 0x8B88, 0x41A5, 0x49A7, 0x726B, 0x7AAB, 0x82EA, 
    0xABE7, 0xE584, 0xE584, 0xE584, 0xE584, 0xE564, 0xE584, 0xE584, 0xE564, 0xE564, 0xE564, 0xE564, 
    0xE564, 0xE564, 0xE564, 0xE564, 0xE564, 0xE564, 0xDD64, 0xE564, 0xE564, 0xE564, 0xE564, 0xE564, 
    0xE564, 0xE564, 0xE564, 0xE584, 0xE564, 0xE564, 0xE584, 0xE564, 0xE564, 0xE584, 0xE564, 0xE564, 
    0xEDC4, 0xAC43, 0x6262, 0x5268, 0x5A88, 0x734B, 0x4206, 0x18C2, 0x2924, 0x732A, 0x6B0A, 0xACCF, 
    0x5A88, 0xA46E, 0x7B4A, 0x5247, 0x5247, 0x6B09, 0x5227, 0x41C5, 0x3144, 0x0861, 0x1082, 0x0861, 
    0x1081, 0x2923, 0x5A88, 0x5A68, 0x62C9, 0x7B8B, 0x8BCC, 0x7B6B, 0x62EA, 0x6B0A, 0x6B0A, 0x5AA9, 
    0x49E6, 0x41C6, 0x41C3, 0x5201, 0x51E1, 0x5A21, 0x6261, 0x6A81, 0x72C2, 0x72C2, 0xBCA4, 0xEDC4, 
    0xED84, 0xED84, 0xE584, 0xE564, 0xE564, 0xE564, 0xE564, 0xDD44, 0xDD44, 0xDD44, 0xDD44, 0xDD44, 
    0xDD44, 0xDD44, 0xDD43, 0xDD43, 0xDD43, 0xDD43, 0xDD43, 0xDD43, 0xDD43, 0xDD43, 0xDD43, 0xDD43, 
    0xE584, 0xE584, 0xE564, 0xE564, 0xE584, 0xE584, 0xE584, 0xE584, 0xE584, 0xE584, 0xE584, 0x9BC3, 
    0x3121, 0x3081, 0x50E2, 0x30A1, 0x18E3, 0x2944, 0x3185, 0x41C6, 0x39A5, 0x2944, 0x3164, 0x3185, 
    0x2924, 0x2944, 0x2924, 0x1082, 0x30A1, 0x8142, 0x8962, 0x48E2, 0x50E2, 0x99E3, 0x9982, 0x8942, 
    0x58E1, 0x38E1, 0x6262, 0xE584, 0xEDA4, 0xEDA4, 0xEDA4, 0xEDA4, 0xEDA4, 0xEDA4, 0xEDA4, 0xF5C4, 
    0x49E2, 0x2081, 0x38A1, 0x60E1, 0x9962, 0xA182, 0x60E2, 0x3101, 0xA424, 0xE584, 0xE564, 0xE564, 
    0xE584, 0xE564, 0xE584, 0xE583, 0xE584, 0xE584, 0xE584, 0xE584, 0xE584, 0xE564, 0xE564, 0xE584, 
    0xE584, 0xE584, 0xE584, 0xE584, 0xE584, 0xE584, 0xE584, 0xE584, 0xE563, 0xE563, 0xE563, 0xE584, 
    0xE584, 0xE584, 0xE584, 0xE584, 0xE584, 0xE584, 0xE584, 0xE584, 0xE584, 0xE584, 0xE584, 0xE584, 
    0xE584, 0xE564, 0xCCC6, 0x9B49, 0x7AAB, 0x7A8B, 0x6229, 0x0841, 0xAC8B, 0xDDD0, 0xDDF1, 0xDDAF, 
    0xD56E, 0xC4EB, 0xD56E, 0xCD4D, 0xCD0C, 0xCD2C, 0xCD2C, 0xCD2D, 0xCD2C, 0xCD4D, 0xCD2D, 0xCD2D, 
    0xCD2C, 0xCD0C, 0xC50C, 0xC4EC, 0xC50C, 0xD56E, 0xD58E, 0x6AC7, 0x18A3, 0x7A8B, 0x7A8B, 0x7A8B, 
    0xA3A8, 0xED84, 0xE584, 0xE584, 0xE584, 0xE584, 0xE584, 0xE584, 0xE584, 0xE584, 0xE584, 0xE584, 
    0xE584, 0xE584, 0xDD24, 0xC4A5, 0xC4A5, 0xE564, 0xE584, 0xE564, 0xE564, 0xE584, 0xE584, 0xE584, 
    0xE564, 0xE584, 0xE584, 0xE584, 0xE584, 0xE584, 0xE584, 0xE584, 0xE584, 0xE584, 0xE584, 0xEDA4, 
    0xAC23, 0x41A2, 0x41E7, 0xA46E, 0x6AE9, 0x10A2, 0x20E3, 0x2103, 0x2103, 0x6AC9, 0x6AC9, 0xA48E, 
    0x5A67, 0xA46E, 0x7B6B, 0x5A67, 0x5247, 0x730A, 0x4A06, 0x3985, 0x2923, 0x1081, 0x3185, 0x3164, 
    0x39A5, 0x2944, 0x20E3, 0x18A2, 0x0861, 0x1081, 0x1061, 0x39A5, 0x62C9, 0x62E9, 0x732A, 0x6B0A, 
    0x83AB, 0xAC8E, 0x2944, 0x31A5, 0x41E7, 0x41E6, 0x41E6, 0x41E7, 0x2103, 0x0021, 0x6283, 0x93A3, 
    0x8B63, 0x8B42, 0xA3E3, 0xB463, 0xBC63, 0xBC83, 0xC4C4, 0xE584, 0xE584, 0xE564, 0xDD64, 0xDD43, 
    0xDD63, 0xDD63, 0xDD63, 0xDD43, 0xDD43, 0xDD63, 0xDD63, 0xDD63, 0xE563, 0xE563, 0xE563, 0xE563, 
    0xEDA4, 0xEDA4, 0xED84, 0xE584, 0xEDA4, 0xEDA4, 0xEDA4, 0xEDA4, 0xE5A4, 0xEDA4, 0xBCA3, 0x18A1, 
    0x5902, 0xAA04, 0xC204, 0x8163, 0x1081, 0x18E3, 0x3165, 0x3985, 0x3164, 0x2924, 0x3165, 0x3165, 
    0x2103, 0x2103, 0x10A2, 0x1081, 0x40C1, 0x6922, 0x9983, 0x99A3, 0x48E2, 0x58E1, 0x6101, 0x7122, 
    0x4081, 0x3162, 0xD544, 0xD543, 0xD544, 0xD524, 0xD524, 0xD524, 0xD524, 0xCD04, 0xC4C4, 0xC4A4, 
    0x3982, 0x3881, 0x60E1, 0x50E1, 0xA182, 0xA982, 0x8942, 0x40A1, 0x41E2, 0xEDA4, 0xE584, 0xE584, 
    0xE584, 0xE584, 0xEDA4, 0xED84, 0xEDA4, 0xEDA4, 0xEDA4, 0xEDA4, 0xE584, 0xEDA4, 0xED84, 0xED83, 
    0xED84, 0xEDA4, 0xEDA4, 0xEDA4, 0xE5A4, 0xEDA4, 0xE5A4, 0xE584, 0xE584, 0xE583, 0xE584, 0xE584, 
    0xE584, 0xE584, 0xE584, 0xEDA4, 0xEDA4, 0xE584, 0xEDA4, 0xEDA4, 0xEDA4, 0xE5A4, 0xE584, 0xE584, 
    0xE584, 0xDD64, 0xA389, 0x930A, 0x8AEB, 0x82AB, 0x59E8, 0x3984, 0xC54E, 0xD54D, 0xDDCF, 0xD58E, 
    0xC4EB, 0xC50C, 0xCD0C, 0xC50C, 0xCD2C, 0xCD0C, 0xCD2C, 0xCD2C, 0xCD2C, 0xCD2D, 0xCD2D, 0xCD2D, 
    0xCD2C, 0xCD0C, 0xCD0C, 0xCD0C, 0xC50C, 0xC50C, 0xDDAF, 0x8369, 0x3144, 0x6A49, 0x82CB, 0x82AA, 
    0x9B49, 0xC486, 0xE5A5, 0xEDA4, 0xEDA4, 0xEDA4, 0xEDA4, 0xEDA4, 0xEDA4, 0xEDA4, 0xEDA4, 0xEDA4, 
    0xEDA4, 0xE564, 0xABE7, 0x726B, 0x726A, 0xC486, 0xE584, 0xE584, 0xE584, 0xE584, 0xE584, 0xE584, 
    0xE584, 0xE584, 0xE584, 0xED84, 0xE5A4, 0xEDA4, 0xEDA4, 0xEDA4, 0xEDA4, 0xE584, 0xEDA4, 0xBC84, 
    0x3983, 0x6B0A, 0xA48E, 0x41E6, 0x1081, 0x2923, 0x62C9, 0x5A68, 0x0841, 0x2944, 0x6AC9, 0x940D, 
    0x5A67, 0xA48F, 0x838B, 0x5247, 0x4A06, 0x5A68, 0x49E6, 0x3164, 0x10A2, 0x1081, 0x3164, 0x41C6, 
    0x5247, 0x5A68, 0x5A88, 0x5247, 0x41E6, 0x41E6, 0x41C6, 0x2103, 0x10A2, 0x1081, 0x0861, 0x1082, 
    0x20E3, 0x3164, 0x2944, 0x8BCC, 0x838B, 0x5247, 0x5247, 0x83AC, 0x83CC, 0x4A27, 0x1082, 0x18E3, 
    0x2924, 0x18E3, 0x18C2, 0x20E2, 0x2102, 0x20E2, 0x3982, 0xB443, 0xB443, 0xCCE3, 0xE584, 0xE584, 
    0xE584, 0xE583, 0xE583, 0xE583, 0xE563, 0xE583, 0xE583, 0xE583, 0xE583, 0xE583, 0xE583, 0xE583, 
    0xE564, 0xE564, 0xE564, 0xE564, 0xE564, 0xE564, 0xE564, 0xE564, 0xDD64, 0xEDA4, 0x5242, 0x3061, 
    0xA9E3, 0xC224, 0xBA03, 0xA1A3, 0x6102, 0x2061, 0x0061, 0x2103, 0x2924, 0x3164, 0x3185, 0x3165, 
    0x2103, 0x0861, 0x0841, 0x48E2, 0x6902, 0x7122, 0xA183, 0xA9C3, 0x9162, 0x60E1, 0x1861, 0x48C1, 
    0x2881, 0x1081, 0x18C1, 0x18E1, 0x18E1, 0x18C1, 0x18C1, 0x20E1, 0x20E1, 0x20C1, 0x18A1, 0x1081, 
    0x1061, 0x50E1, 0x6902, 0x5902, 0xA9C3, 0xA182, 0x8122, 0x3881, 0x4A02, 0xE584, 0xDD43, 0xDD44, 
    0xE564, 0xE564, 0xE564, 0xE564, 0xE564, 0xE564, 0xE564, 0xE564, 0xE564, 0xE564, 0xE564, 0xE564, 
    0xE564, 0xE564, 0xE564, 0xE564, 0xE564, 0xE564, 0xE564, 0xE584, 0xE584, 0xE564, 0xE564, 0xE564, 
    0xE564, 0xE564, 0xE584, 0xE564, 0xE564, 0xE564, 0xE564, 0xE564, 0xE584, 0xE584, 0xE564, 0xE564, 
    0xE564, 0xD4E5, 0x82CA, 0x724A, 0x726B, 0x59E8, 0x18E2, 0xC50D, 0xD58E, 0xDDCF, 0xD56E, 0xC4EC, 
    0xCD2C, 0xCD2D, 0xC50C, 0xCD0C, 0xCD0C, 0xCD2C, 0xCD2C, 0xCD2D, 0xCD2C, 0xCD2D, 0xCD2C, 0xCD2C, 
    0xCD0C, 0xCD0C, 0xCD0C, 0xCD0C, 0xC50C, 0xC4EC, 0xBCAB, 0xC50C, 0x8368, 0x1883, 0x728B, 0x726B, 
    0x726B, 0x8B2A, 0xE565, 0xE584, 0xE584, 0xE584, 0xE564, 0xE564, 0xE564, 0xE564, 0xE564, 0xE564, 
    0xE584, 0xAC27, 0x830B, 0xCC6C, 0xA38C, 0x624A, 0xC4C6, 0xE584, 0xE564, 0xE564, 0xE564, 0xE564, 
    0xE564, 0xE564, 0xE564, 0xE564, 0xE564, 0xE564, 0xE563, 0xE564, 0xE584, 0xE564, 0xD504, 0x3121, 
    0x7B8C, 0x9C4E, 0x2924, 0x1061, 0x3985, 0x730A, 0x83AC, 0x838B, 0x39A5, 0x0020, 0x18E2, 0x5267, 
    0x732A, 0x838B, 0x734A, 0x62A8, 0x4A26, 0x41A5, 0x2924, 0x0841, 0x0861, 0x3164, 0x3164, 0x41E6, 
    0x4A27, 0x5A88, 0x5A89, 0x62A9, 0x62A9, 0x62A8, 0x5A88, 0x5A68, 0x5247, 0x5227, 0x5227, 0x49E6, 
    0x39A5, 0x10A2, 0x940D, 0x41E6, 0x0840, 0x10A2, 0x18C2, 0x18C2, 0x18A2, 0x7B6B, 0x39A5, 0x2944, 
    0x6AE9, 0x734B, 0x838B, 0x8BED, 0x942D, 0x942E, 0x6AE9, 0x1081, 0x0861, 0x20E1, 0xC4C3, 0xE564, 
    0xDD64, 0xDD43, 0xDD43, 0xDD43, 0xDD43, 0xDD43, 0xDD43, 0xDD43, 0xDD43, 0xDD43, 0xDD43, 0xDD43, 
    0xE584, 0xE564, 0xE564, 0xE564, 0xE584, 0xE584, 0xE584, 0xE584, 0xE584, 0xCD23, 0x20E1, 0x7102, 
    0x9982, 0xB203, 0xC203, 0xB1E3, 0xA1A3, 0x7122, 0x38C1, 0x1082, 0x0861, 0x0861, 0x1082, 0x0881, 
    0x0861, 0x30A1, 0x50E2, 0x7122, 0x9162, 0xA182, 0xA182, 0xA9A3, 0xB1E3, 0x9162, 0x6102, 0x2081, 
    0x1061, 0x40E2, 0x5102, 0x50E2, 0x50E2, 0x58E1, 0x6101, 0x7122, 0x7942, 0x7942, 0x7942, 0x8142, 
    0x6902, 0x5902, 0x6922, 0x6902, 0xA1A3, 0xA182, 0x8122, 0x38A1, 0x0881, 0x6AA2, 0xED84, 0xE563, 
    0xE563, 0xE564, 0xE584, 0xE584, 0xE584, 0xE584, 0xE584, 0xE584, 0xE584, 0xE584, 0xE584, 0xE584, 
    0xE584, 0xE584, 0xE584, 0xE584, 0xE584, 0xE584, 0xE584, 0xE584, 0xE584, 0xE584, 0xE584, 0xE584, 
    0xE584, 0xE584, 0xE584, 0xE584, 0xE584, 0xE5A4, 0xEDA4, 0xE584, 0xE584, 0xE584, 0xE584, 0xE584, 
    0xD525, 0xA3A8, 0x8AEA, 0x7A8B, 0x7A8B, 0x51E8, 0x20E2, 0xC50D, 0xCD4E, 0xCD4E, 0xCD2C, 0xC50C, 
    0xCD0C, 0xCD0C, 0xCD0C, 0xCD0C, 0xCD0C, 0xCD2D, 0xCD2C, 0xCD2C, 0xCD2C, 0xCD2C, 0xC50C, 0xC50C, 
    0xC50C, 0xC50C, 0xC50C, 0xC50C, 0xC50C, 0xC50C, 0xBCCB, 0xC4EC, 0x7B27, 0x1062, 0x726A, 0x7A8B, 
    0x7AAB, 0x932A, 0xE564, 0xE584, 0xE584, 0xE584, 0xE584, 0xE584, 0xE584, 0xE584, 0xE584, 0xE584, 
    0xE5A4, 0xB447, 0x72AC, 0x9B4B, 0x82EC, 0x5A2B, 0xCCC6, 0xEDA4, 0xE584, 0xE584, 0xE584, 0xE584, 
    0xE584, 0xE584, 0xE584, 0xE584, 0xE584, 0xE583, 0xE583, 0xE584, 0xE584, 0xE5A4, 0x49C1, 0x83AC, 
    0x9C2D, 0x3184, 0x18C2, 0x5247, 0x8BAC, 0x8BCC, 0x838B, 0x8BCC, 0x942D, 0x5247, 0x18C2, 0x1082, 
    0x10A2, 0x1082, 0x1082, 0x1081, 0x1081, 0x0881, 0x0861, 0x18C2, 0x3985, 0x49E6, 0x39A5, 0x41E6, 
    0x5A68, 0x5A88, 0x62A9, 0x62C9, 0x62C9, 0x62C9, 0x62C9, 0x62A9, 0x62A9, 0x62A9, 0x62C9, 0x6AC9, 
    0x732A, 0x18E3, 0x9C4E, 0x62E9, 0x18E2, 0x1081, 0x10A2, 0x0861, 0x3985, 0x8BCC, 0x3184, 0x0841, 
    0x20E3, 0x18C2, 0x10A2, 0x18C2, 0x18E3, 0x2923, 0x5267, 0x83CC, 0x940D, 0x4A06, 0x3121, 0xCCE3, 
    0xE584, 0xE563, 0xE563, 0xE564, 0xE563, 0xE563, 0xE563, 0xE563, 0xE563, 0xE563, 0xE563, 0xE563, 
    0xE5A4, 0xE584, 0xE583, 0xE584, 0xE5A4, 0xEDA4, 0xEDA4, 0xE584, 0xEDA4, 0xCD03, 0x1081, 0x58E1, 
    0x9162, 0xA9A3, 0xB204, 0xBA44, 0xBA44, 0xA1A3, 0x9962, 0x8162, 0x6922, 0x6102, 0x6102, 0x58E1, 
    0x60E1, 0x7942, 0x9182, 0x9982, 0xA9A3, 0xB1C3, 0xA183, 0xA9A3, 0xA9C3, 0xA9C3, 0x99A3, 0x6942, 
    0x1881, 0x48E2, 0x6922, 0x6922, 0x7122, 0x7122, 0x8142, 0x8142, 0x7942, 0x7922, 0x7922, 0x7122, 
    0x7922, 0x7942, 0x7122, 0x5901, 0xA9E3, 0xA9A3, 0x9162, 0x7122, 0x38A1, 0x49E2, 0xF5E4, 0xE583, 
    0xE583, 0xED83, 0xED84, 0xE584, 0xE584, 0xE584, 0xE584, 0xE5A4, 0xEDA4, 0xEDA4, 0xED84, 0xED84, 
    0xE584, 0xEDA4, 0xEDA4, 0xEDA4, 0xEDA4, 0xEDA4, 0xE5A4, 0xE584, 0xEDA4, 0xE5A4, 0xE5A4, 0xE5A4, 
    0xE5A4, 0xE584, 0xE584, 0xE5A4, 0xEDC4, 0xD525, 0xCCE6, 0xEDA4, 0xE584, 0xE584, 0xE584, 0xEDA4, 
    0xD505, 0x9B49, 0x930A, 0x82AB, 0x726B, 0x49A7, 0x20E2, 0xC52D, 0xC50C, 0xCD2D, 0xCD2D, 0xC50C, 
    0xCD0C, 0xCD2D, 0xCD2C, 0xCD2D, 0xCD2C, 0xCD2D, 0xCD2D, 0xCD2D, 0xCD0C, 0xCD2C, 0xCD2C, 0xC50C, 
    0xC50C, 0xC50C, 0xC50C, 0xCD0D, 0xC50D, 0xC50C, 0xB46A, 0xBCAB, 0x7B28, 0x1082, 0x726A, 0x7AAB, 
    0x82AB, 0x8AEA, 0xB447, 0xEDA4, 0xEDA4, 0xEDA4, 0xEDA4, 0xE5A4, 0xE5A4, 0xE584, 0xE584, 0xE584, 
    0xEDA4, 0xAC07, 0x51CA, 0x6A6B, 0x624B, 0x5A0A, 0xCCE5, 0xEDA4, 0xE5A4, 0xE583, 0xE584, 0xE584, 
    0xE584, 0xEDA4, 0xEDA4, 0xEDA4, 0xE5A4, 0xEDA4, 0xEDA4, 0xEDA4, 0xEDA4, 0xE5A4, 0x3141, 0x940E, 
    0x9C2E, 0x2923, 0x18A2, 0x5247, 0x5AA8, 0x7B6B, 0x8BCC, 0x8BCC, 0x9C2E, 0xA48F, 0x8BED, 0x6AE9, 
    0x4A07, 0x3164, 0x2103, 0x2103, 0x2924, 0x3164, 0x3164, 0x39A5, 0x41C6, 0x41C5, 0x4A06, 0x5248, 
    0x6AC9, 0x6AEA, 0x6B0A, 0x732A, 0x732A, 0x732A, 0x62C9, 0x62C9, 0x62C9, 0x6AE9, 0x6AE9, 0x62C9, 
    0x62C9, 0x18A2, 0x5A67, 0x9C4E, 0x9C6E, 0x942E, 0x838B, 0x732A, 0x7B6B, 0x62A8, 0x18E3, 0x2103, 
    0x4A06, 0x4A07, 0x39A5, 0x2944, 0x2923, 0x3144, 0x0861, 0x2924, 0xB511, 0x5AA8, 0x1081, 0xC4E3, 
    0xEDA4, 0xE583, 0xE583, 0xE584, 0xE584, 0xE583, 0xE583, 0xE583, 0xE583, 0xE583, 0xE583, 0xE563, 
    0xDD64, 0xDD64, 0xDD63, 0xDD64, 0xDD64, 0xDD64, 0xDD64, 0xDD44, 0xDD64, 0xC4C3, 0x10A1, 0x60E2, 
    0x8142, 0x8962, 0xA1A2, 0xA9E3, 0xBA44, 0xC284, 0xBA65, 0xB1E3, 0xA182, 0x9982, 0xA1A2, 0xA1A3, 
    0x9982, 0xA9A3, 0xA9A3, 0xA9A3, 0xA1A3, 0xA182, 0xA9C3, 0xA1C3, 0xA9C3, 0xBA44, 0xBA03, 0xA182, 
    0x50E1, 0x30A1, 0x58E2, 0x7122, 0x8942, 0x8962, 0x9162, 0x9162, 0x9162, 0x9162, 0x9962, 0x9162, 
    0x9982, 0x9982, 0x9982, 0x8142, 0xA1A3, 0xA9C3, 0x9982, 0x9162, 0x7922, 0x4961, 0x9BA3, 0xDD43, 
    0xDD43, 0xDD44, 0xDD44, 0xDD63, 0xDD63, 0xE564, 0xE564, 0xE564, 0xE564, 0xE564, 0xE564, 0xE564, 
    0xE564, 0xE564, 0xE564, 0xE564, 0xE564, 0xE564, 0xE564, 0xE564, 0xE564, 0xE584, 0xE564, 0xE564, 
    0xE564, 0xE564, 0xE564, 0xE564, 0xB446, 0x934B, 0x830C, 0xA3E7, 0xDD44, 0xE564, 0xDD64, 0xE564, 
    0xCCC5, 0x82CA, 0x7AAA, 0x7AAB, 0x4186, 0x2923, 0x7B07, 0xB48B, 0xB48B, 0xC4EC, 0xCD2D, 0xC50C, 
    0xC50C, 0xCD2D, 0xCD0C, 0xCD0D, 0xCD2D, 0xCD2D, 0xCD2D, 0xCD2D, 0xC50C, 0xCD2C, 0xCD0C, 0xC50C, 
    0xC50C, 0xC50C, 0xC50C, 0xC50C, 0xC50C, 0xC4EC, 0xB4AB, 0xAC2A, 0x93A9, 0x5A45, 0x2104, 0x726A, 
    0x7AAB, 0x7A8B, 0x9BA8, 0xE584, 0xE584, 0xE584, 0xE584, 0xE584, 0xE564, 0xE564, 0xE564, 0xE564, 
    0xDD64, 0xD524, 0x9BA7, 0x51AB, 0x51CA, 0xB426, 0xDD43, 0xDD63, 0xE563, 0xE564, 0xE564, 0xE564, 
    0xE564, 0xDD64, 0xDD64, 0xDD64, 0xDD64, 0xE564, 0xE564, 0xDD64, 0xDD64, 0xDD64, 0x3141, 0x5268, 
    0xACCF, 0x9C6E, 0x62C9, 0x62C9, 0x5247, 0x2944, 0x3985, 0x39C6, 0x5248, 0x62C9, 0x5A88, 0x62C9, 
    0x838B, 0x7B4B, 0x730A, 0x6AC9, 0x62A8, 0x5A88, 0x5A88, 0x5267, 0x5247, 0x5A68, 0x62A9, 0x62C9, 
    0x6AC9, 0x6AE9, 0x6B0A, 0x732A, 0x6AE9, 0x6AE9, 0x62A9, 0x62A9, 0x62A9, 0x62A9, 0x62C9, 0x62A9, 
    0x41E6, 0x0861, 0x39A5, 0x6AE9, 0x7B6B, 0x940D, 0x7B6B, 0x6288, 0x41E6, 0x39A5, 0x18C2, 0x2103, 
    0x41E6, 0x5AA8, 0x5A88, 0x5247, 0x5A68, 0x3164, 0x18C2, 0x7B4A, 0x6B0A, 0x39C6, 0x1081, 0xBCA3, 
    0xDD64, 0xDD43, 0xDD43, 0xDD44, 0xDD44, 0xDD43, 0xDD44, 0xDD44, 0xDD44, 0xDD43, 0xDD43, 0xDD43, 
    0xE564, 0xE564, 0xE563, 0xE563, 0xE564, 0xE584, 0xE563, 0xE584, 0xE584, 0xCCE3, 0x18A1, 0x7902, 
    0x8122, 0x7102, 0x8122, 0x9982, 0xB1C3, 0xBA24, 0xC284, 0xC265, 0xB224, 0xB1E3, 0xA9A2, 0xA9C3, 
    0xA9C3, 0xBA03, 0xBA24, 0xB224, 0xBA44, 0xBA44, 0xBA24, 0xCA84, 0xCA64, 0xCA64, 0xC223, 0xB9E3, 
    0x8122, 0x40C1, 0x50E2, 0x9962, 0xA182, 0xA982, 0xA182, 0xA182, 0xA182, 0xA182, 0xA982, 0xA982, 
    0xA182, 0xA182, 0xA183, 0xA182, 0x9182, 0xB1E3, 0xA9A3, 0xA9E3, 0x99A2, 0x40A1, 0x2921, 0xEDA4, 
    0xE564, 0xE563, 0xE564, 0xE564, 0xE564, 0xE564, 0xE584, 0xE584, 0xE584, 0xE584, 0xE584, 0xE584, 
    0xE584, 0xE564, 0xE584, 0xE584, 0xE584, 0xE584, 0xE584, 0xE584, 0xE584, 0xE584, 0xE584, 0xE584, 
    0xE584, 0xE584, 0xE584, 0xE584, 0x6A68, 0x7AAD, 0x82CD, 0x5A09, 0xDD45, 0xE584, 0xE584, 0xE584, 
    0xCCE5, 0x82AA, 0x7AAB, 0x82CB, 0x4186, 0x3984, 0xAC6A, 0xA42A, 0x9BE9, 0xBCCB, 0xD56E, 0xCD4D, 
    0xCD2D, 0xC50C, 0xCD2D, 0xCD2D, 0xCD0C, 0xCD2D, 0xCD2C, 0xCD2C, 0xC50C, 0xCD0C, 0xC50C, 0xC50C, 
    0xCD2D, 0xCD2C, 0xC50C, 0xCD0C, 0xCD2D, 0xBCCC, 0xAC6A, 0x9BC9, 0x9BC9, 0x7307, 0x1062, 0x6A49, 
    0x7A8B, 0x7AAB, 0xA3C8, 0xEDA4, 0xE584, 0xE584, 0xE584, 0xE584, 0xE584, 0xE584, 0xE584, 0xE584, 
    0xE584, 0xE584, 0xCCE5, 0xA3C7, 0xA3E6, 0xDD24, 0xE563, 0xE563, 0xE563, 0xE564, 0xE584, 0xE584, 
    0xE584, 0xE564, 0xE584, 0xE584, 0xE584, 0xE584, 0xE584, 0xE584, 0xE584, 0xE584, 0x5202, 0x2944, 
    0x5A88, 0x942D, 0xBD10, 0xBD10, 0xA48F, 0x62EA, 0x6B2A, 0x6B2B, 0x4A47, 0x2123, 0x2944, 0x3185, 
    0x2103, 0x4A06, 0x5A68, 0x5268, 0x4A27, 0x39A5, 0x4A27, 0x6AEA, 0x6AC9, 0x6AEA, 0x6B0A, 0x6AE9, 
    0x6AEA, 0x6AE9, 0x62A9, 0x62C9, 0x62C9, 0x62A9, 0x62A9, 0x62A9, 0x62C9, 0x62A9, 0x5AA8, 0x5247, 
    0x4A27, 0x18C2, 0x20E3, 0x62C8, 0x62C9, 0x62A8, 0x4A27, 0x39A5, 0x39A5, 0x2923, 0x10A2, 0x2103, 
    0x41C6, 0x5268, 0x5A88, 0x5A68, 0x3185, 0x41E6, 0x6B09, 0x7B4A, 0x3164, 0x18E3, 0x49C2, 0xD503, 
    0xE584, 0xE563, 0xE563, 0xE564, 0xE584, 0xE564, 0xE564, 0xE584, 0xE583, 0xE563, 0xE563, 0xE563, 
    0xE583, 0xE583, 0xE583, 0xE584, 0xE584, 0xE584, 0xE5A4, 0xE584, 0xEDA4, 0xCD04, 0x18A1, 0x6902, 
    0x8922, 0x7102, 0x7102, 0x8942, 0xA9A3, 0xA183, 0xB1C3, 0xC264, 0xC264, 0xCAA5, 0xCB06, 0xC2C5, 
    0xD2C5, 0xCAC5, 0xCA84, 0xC264, 0xC285, 0xBA24, 0xB1E3, 0xB1E3, 0xA9A3, 0xA9A3, 0xA9C3, 0xB1E3, 
    0x99A2, 0x8962, 0x7942, 0xA182, 0xA982, 0xA162, 0xA162, 0xA162, 0xA182, 0xA182, 0xA183, 0xA182, 
    0xA9C3, 0xA9C3, 0xAA03, 0xB203, 0xC264, 0xCA85, 0xCA64, 0xBA24, 0xA1C3, 0x6922, 0x3921, 0x93A3, 
    0xE564, 0xE584, 0xE584, 0xE584, 0xE584, 0xE584, 0xE584, 0xE584, 0xE584, 0xE584, 0xE584, 0xE584, 
    0xE584, 0xE584, 0xE584, 0xE584, 0xE584, 0xE584, 0xEDA4, 0xD525, 0xD505, 0xD505, 0xD525, 0xEDA4, 
    0xEDA4, 0xE584, 0xE584, 0xE584, 0xA3C6, 0x6249, 0x51EA, 0x9BA7, 0xE585, 0xE5A4, 0xE584, 0xEDA4, 
    0xD505, 0x8ACA, 0x82CB, 0x8ACC, 0x4186, 0x2943, 0xA40A, 0x8B88, 0x9BE9, 0xC4EC, 0xC52D, 0xBCCC, 
    0xB48B, 0xB46A, 0xBCAB, 0xBCCC, 0xC50C, 0xC50C, 0xC50C, 0xC50C, 0xC50C, 0xCD2C, 0xC50C, 0xC4EC, 
    0xB48B, 0xB48B, 0xB4AB, 0xB48B, 0xBCAB, 0xC50C, 0xB46A, 0x9BC8, 0x9388, 0x72E6, 0x0841, 0x6A29, 
    0x82AB, 0x82CB, 0xB408, 0xEDA4, 0xEDA4, 0xE584, 0xE584, 0xE584, 0xE584, 0xE584, 0xE584, 0xE584, 
    0xE584, 0xE584, 0xE584, 0xEDA4, 0xEDA4, 0xE584, 0xE584, 0xE584, 0xE584, 0xE584, 0xE584, 0xE584, 
    0xE584, 0xE584, 0xE584, 0xE584, 0xE5A4, 0xE5A4, 0xE584, 0xE5A4, 0xE5A4, 0xE584, 0xDD64, 0x3982, 
    0x1082, 0x3984, 0x5226, 0x5227, 0x5A88, 0x9C4E, 0xACF0, 0xB531, 0xA4AF, 0xACCF, 0xB4F0, 0x732A, 
    0x5288, 0x5A88, 0x5AA8, 0x5267, 0x4206, 0x41E6, 0x39A5, 0x39A5, 0x39A6, 0x41C6, 0x4A27, 0x5A88, 
    0x62A9, 0x6AE9, 0x62C9, 0x62C9, 0x6AEA, 0x62C9, 0x62A9, 0x6AE9, 0x62C9, 0x62A9, 0x5A88, 0x5268, 
    0x6B0A, 0x5A68, 0x18E3, 0x2103, 0x3164, 0x39C5, 0x2944, 0x2103, 0x18C2, 0x1081, 0x20E3, 0x41E6, 
    0x5247, 0x62C9, 0x5268, 0x3185, 0x5247, 0x9C4E, 0x62A8, 0x2923, 0x18C2, 0x0860, 0xC4C3, 0xEDA4, 
    0xE584, 0xE583, 0xE563, 0xE563, 0xE583, 0xE583, 0xE564, 0xE584, 0xE584, 0xE583, 0xE563, 0xE563, 
    0xDD44, 0xDD44, 0xDD44, 0xDD64, 0xDD64, 0xDD64, 0xDD64, 0xDD64, 0xE564, 0xC4E4, 0x18A1, 0x60E1, 
    0x8922, 0x8942, 0x8122, 0x7122, 0x9162, 0x9982, 0xA1A3, 0xA9C3, 0xB1E3, 0xCB27, 0xE42A, 0xD367, 
    0xBA44, 0xB203, 0xA9A3, 0x9962, 0x9962, 0x9142, 0x9142, 0x9162, 0x9162, 0x9142, 0x8942, 0x9982, 
    0xA9C3, 0xB1E3, 0xA9E3, 0x7922, 0xA1A3, 0xA9C3, 0xA9C3, 0xA9C3, 0xBA24, 0xB1E3, 0xC264, 0xCA84, 
    0xCA84, 0xCA64, 0xC264, 0xC264, 0xC244, 0xB1E3, 0xB1C3, 0x9982, 0x9982, 0x9182, 0x58E2, 0x18C1, 
    0xD523, 0xE564, 0xDD64, 0xE564, 0xDD64, 0xDD64, 0xDD64, 0xDD64, 0xDD64, 0xDD44, 0xDD64, 0xDD64, 
    0xDD64, 0xE564, 0xDD64, 0xE564, 0xE564, 0xD524, 0xBC86, 0x7ACB, 0x72AC, 0x72AC, 0x830B, 0xCCC6, 
    0xCCE5, 0xDD64, 0xDD44, 0xDD64, 0xE584, 0xAC05, 0x9386, 0xE564, 0xE564, 0xDD64, 0xDD64, 0xE564, 
    0xCCC5, 0x728A, 0x728B, 0x726B, 0x3125, 0x2902, 0x93A9, 0x8B68, 0xBCCC, 0xC50C, 0x93A9, 0x6AA6, 
    0x5A45, 0x5225, 0x5A25, 0x72E7, 0xBCCC, 0xCD0C, 0xC50C, 0xC4EC, 0xC4EC, 0xC50C, 0xC50C, 0xA42A, 
    0x6265, 0x6265, 0x6AA6, 0x6286, 0x6AA6, 0xB48B, 0xCD4D, 0xA40A, 0x8347, 0x72C6, 0x0841, 0x6209, 
    0x726B, 0x726B, 0x9B89, 0xE584, 0xE564, 0xE564, 0xE564, 0xE564, 0xE564, 0xE564, 0xE564, 0xE564, 
    0xDD64, 0xE564, 0xE564, 0xE564, 0xDD64, 0xDD64, 0xDD64, 0xDD64, 0xDD64, 0xDD64, 0xE564, 0xDD64, 
    0xDD64, 0xDD64, 0xDD44, 0xDD63, 0xDD64, 0xE564, 0xE564, 0xE564, 0xDD64, 0xDD64, 0xDD64, 0x41A1, 
    0x0062, 0x08A3, 0x0882, 0x0041, 0x0841, 0x3985, 0x41C6, 0x41C5, 0x4A26, 0x62C9, 0x7B4A, 0x838B, 
    0x942D, 0xBD51, 0xC572, 0xB510, 0xB510, 0xACAF, 0x7B6B, 0x41C5, 0x41C6, 0x41C6, 0x39C5, 0x3164, 
    0x3164, 0x41C6, 0x4A06, 0x4A07, 0x5227, 0x5247, 0x5A68, 0x62A9, 0x6AEA, 0x6AC9, 0x62C9, 0x6AC9, 
    0x6AEA, 0x7B6B, 0x62A9, 0x39A5, 0x2923, 0x18C2, 0x18C2, 0x20E3, 0x2944, 0x39A5, 0x5227, 0x5A88, 
    0x6AEA, 0x5A88, 0x3185, 0x41E6, 0x9C4E, 0x5247, 0x2923, 0x0882, 0x0861, 0x1081, 0xC4A3, 0xE564, 
    0xDD44, 0xDD43, 0xDD43, 0xDD44, 0xDD24, 0xDD44, 0xDD43, 0xDD43, 0xDD43, 0xDD43, 0xDD43, 0xDD43, 
    0xE584, 0xE564, 0xE564, 0xE564, 0xE584, 0xE584, 0xE584, 0xE584, 0xE5A4, 0xCD04, 0x10A1, 0x60E1, 
    0x8942, 0x8942, 0x9142, 0x8142, 0x6902, 0x8942, 0x9982, 0xA1A3, 0xCAC6, 0xDB88, 0xCB27, 0xA1A3, 
    0x9142, 0x9142, 0x9142, 0x9162, 0x9142, 0x9162, 0x9162, 0x9162, 0x9162, 0x9162, 0x9162, 0x8942, 
    0x9142, 0xB1E3, 0xC285, 0xA1C3, 0xBA44, 0xCAA5, 0xCAA5, 0xC264, 0xC244, 0xBA24, 0xB9E3, 0xB1C3, 
    0xA9C3, 0xA182, 0x9962, 0x9962, 0x9162, 0x8942, 0x8942, 0x8942, 0x8942, 0x7942, 0x48C1, 0x20E1, 
    0xDD44, 0xE584, 0xE584, 0xE584, 0xE584, 0xE584, 0xE584, 0xE584, 0xE584, 0xE584, 0xE584, 0xE584, 
    0xE584, 0xE584, 0xE584, 0xE5A4, 0xE584, 0xB447, 0x51EB, 0x72AD, 0xA3D0, 0xA3F0, 0x936F, 0x6A6C, 
    0x624A, 0xCCE5, 0xE584, 0xE584, 0xE584, 0xEDA4, 0xEDA4, 0xE584, 0xE584, 0xE584, 0xE584, 0xE5A4, 
    0xD505, 0x82CA, 0x82CB, 0x7A8B, 0x3125, 0x2902, 0x93A8, 0x8B88, 0xBCEC, 0x93A8, 0x3984, 0x1081, 
    0x1081, 0x1081, 0x1082, 0x2103, 0x7B07, 0xBCCC, 0xC50C, 0xC50C, 0xC4EC, 0xBCEC, 0xA42A, 0x6A86, 
    0x10A2, 0x1082, 0x1082, 0x1082, 0x20E2, 0x7B07, 0xBCCC, 0x9BE9, 0x7AE6, 0x6AC6, 0x0861, 0x6A29, 
    0x82AA, 0x7A8A, 0x9B88, 0xED84, 0xE584, 0xE584, 0xE584, 0xE5A4, 0xE584, 0xE584, 0xE584, 0xE584, 
    0xE584, 0xE584, 0xE584, 0xE584, 0xE584, 0xE584, 0xE584, 0xE584, 0xE584, 0xE584, 0xE584, 0xE584, 
    0xE584, 0xE583, 0xE583, 0xE563, 0xE583, 0xE584, 0xE584, 0xE584, 0xE584, 0xE5A4, 0xE5A4, 0x41A1, 
    0x08C4, 0x1967, 0x1967, 0x1967, 0x1926, 0x1105, 0x0882, 0x0041, 0x0861, 0x0861, 0x0041, 0x0041, 
    0x0861, 0x41C5, 0x41E6, 0x4A27, 0x5A88, 0x732A, 0x8BED, 0xACAF, 0xB510, 0xBD52, 0xBD31, 0xB4F0, 
    0xC5B3, 0x6AEA, 0x39C5, 0x39C5, 0x3985, 0x3185, 0x3185, 0x2944, 0x2123, 0x3185, 0x41E6, 0x5268, 
    0x62C9, 0x6B0A, 0x732B, 0x7B6B, 0x732A, 0x62A8, 0x5A68, 0x62C9, 0x62A8, 0x730A, 0x7B4B, 0x732A, 
    0x5A68, 0x2923, 0x5247, 0x940D, 0x41E6, 0x2944, 0x0861, 0x10E4, 0x10E4, 0x10A1, 0xC4C3, 0xE584, 
    0xE584, 0xE563, 0xE563, 0xE563, 0xE563, 0xE563, 0xE563, 0xE563, 0xE563, 0xE563, 0xE563, 0xE563, 
    0xE564, 0xE584, 0xE584, 0xE564, 0xE584, 0xE584, 0xE584, 0xE584, 0xE584, 0xCD03, 0x10A1, 0x6102, 
    0x8942, 0x9142, 0x8942, 0x8942, 0x7922, 0x7102, 0xA182, 0xB1E3, 0xDB68, 0xCAC5, 0xA9C3, 0x8922, 
    0x9142, 0x9142, 0x9162, 0x9162, 0x9162, 0x9162, 0x9162, 0x9142, 0x9162, 0x9142, 0x9142, 0x9142, 
    0x9142, 0x9142, 0x9982, 0xC264, 0xBA24, 0x9982, 0x9962, 0x9962, 0x9162, 0x8942, 0x8942, 0x8922, 
    0x8922, 0x8942, 0x8942, 0x8942, 0x8942, 0x8942, 0x8942, 0x8942, 0x8942, 0x7942, 0x48C1, 0x20E1, 
    0xDD44, 0xE584, 0xE584, 0xE583, 0xE584, 0xE584, 0xE584, 0xE584, 0xC485, 0x8309, 0x9368, 0xDD25, 
    0xE584, 0xE584, 0xE584, 0xEDA4, 0xC4C5, 0x6A4B, 0x82EE, 0x9B8F, 0x9BB0, 0x9BB0, 0x934F, 0x8B2F, 
    0x5A0B, 0x8B28, 0xE585, 0xE5A4, 0xE584, 0xE584, 0xE584, 0xE584, 0xE584, 0xE584, 0xE584, 0xEDA4, 
    0xCCE5, 0x7AAA, 0x7A8A, 0x726A, 0x3125, 0x2923, 0x8B68, 0x8B88, 0xA44A, 0x3984, 0x10A2, 0x18A2, 
    0x18C2, 0x18A2, 0x18A2, 0x10A2, 0x2102, 0x8B88, 0xC4EC, 0xCD2D, 0xC50C, 0xB48B, 0x6265, 0x10A2, 
    0x18C2, 0x18A2, 0x10A2, 0x18A2, 0x18C2, 0x18E2, 0x8327, 0x9BE9, 0x7B06, 0x6AA6, 0x1082, 0x724A, 
    0x82AB, 0x7A8A, 0x9B88, 0xE584, 0xE584, 0xE584, 0xE584, 0xE584, 0xE584, 0xE564, 0xE564, 0xED83, 
    0xE583, 0xE584, 0xE584, 0xE584, 0xE584, 0xE584, 0xE584, 0xE584, 0xE584, 0xE584, 0xE584, 0xE584, 
    0xE584, 0xE583, 0xE563, 0xE583, 0xE583, 0xE584, 0xE584, 0xE584, 0xE584, 0xE584, 0xE5A4, 0x41A2, 
    0x08C4, 0x1947, 0x21A8, 0x29C9, 0x1988, 0x1988, 0x1967, 0x1967, 0x1967, 0x1946, 0x1946, 0x1947, 
    0x1105, 0x0883, 0x0882, 0x0882, 0x0861, 0x0041, 0x0841, 0x39A5, 0x4A06, 0x49E6, 0x5227, 0x6AE9, 
    0x8BED, 0xACCF, 0xC551, 0xC592, 0xCDB2, 0xD614, 0xD5F3, 0x8BED, 0x5268, 0x5268, 0x5247, 0x4206, 
    0x0861, 0x3185, 0x41E6, 0x4A07, 0x4A27, 0x62A8, 0x730A, 0x7B6B, 0x7B6B, 0x7B6B, 0x732A, 0x4A06, 
    0x2944, 0x62C9, 0x940D, 0x39A5, 0x2923, 0x0861, 0x10E4, 0x1104, 0x10E4, 0x10A1, 0xC4C3, 0xE584, 
    0xE564, 0xE563, 0xE563, 0xE564, 0xE563, 0xE563, 0xE563, 0xE563, 0xE563, 0xE563, 0xE563, 0xE563, 
    0xDD44, 0xDD44, 0xDD44, 0xDD43, 0xDD43, 0xDD44, 0xDD64, 0xDD44, 0xDD64, 0xC4C3, 0x10A1, 0x6102, 
    0x8942, 0x8942, 0x8922, 0x8942, 0x8942, 0x8942, 0x7942, 0xB1E3, 0xBA24, 0xA9E3, 0x9142, 0x8942, 
    0x9142, 0x9162, 0x9142, 0x9142, 0x9162, 0x9142, 0x9142, 0x9142, 0x9142, 0x9142, 0x8942, 0x9142, 
    0x8942, 0x8942, 0x9142, 0x9962, 0x9142, 0x9142, 0x9142, 0x9142, 0x9142, 0x8942, 0x8942, 0x9142, 
    0x9142, 0x9962, 0x9962, 0x9962, 0x8942, 0x8942, 0x8942, 0x8942, 0x8142, 0x7922, 0x50C2, 0x2102, 
    0xD504, 0xDD64, 0xDD64, 0xDD44, 0xDD44, 0xDD64, 0xE584, 0xAC26, 0x6A8B, 0x8B2F, 0x82CE, 0x72C9, 
    0xDD24, 0xDD64, 0xDD64, 0xE564, 0xBC85, 0x59EB, 0x82EE, 0x934F, 0x8B0F, 0x934F, 0x9B6F, 0x8B2F, 
    0x7ACE, 0x624C, 0xB446, 0xE584, 0xDD64, 0xDD64, 0xDD64, 0xDD64, 0xDD64, 0xDD64, 0xDD64, 0xE564, 
    0xC4C5, 0x728A, 0x6A6B, 0x726B, 0x3946, 0x2923, 0x8348, 0x8347, 0xA42A, 0x3163, 0x1081, 0x18C2, 
    0x18C2, 0x18C2, 0x18C2, 0x1081, 0x20E2, 0xAC4A, 0xC4EC, 0xC50C, 0xC52D, 0xB48B, 0x6265, 0x0881, 
    0x10A2, 0x18C2, 0x18A2, 0x18C2, 0x10A2, 0x1081, 0x93A8, 0x9BE9, 0x7AE6, 0x6AA6, 0x10A2, 0x6A2A, 
    0x7A6B, 0x726A, 0x9348, 0xE564, 0xDD64, 0xE564, 0xE584, 0xC4C6, 0x7AAA, 0x7ACA, 0x72AA, 0x8308, 
    0xC486, 0xE584, 0xDD64, 0xE564, 0xE564, 0xE564, 0xDD64, 0xE564, 0xDD43, 0xDD44, 0xDD44, 0xDD44, 
    0xE564, 0xDD64, 0xDD43, 0xDD43, 0xDD64, 0xDD64, 0xDD44, 0xDD44, 0xDD44, 0xDD64, 0xDD64, 0x3982, 
    0x1106, 0x21C9, 0x322A, 0x320A, 0x322A, 0x1987, 0x1967, 0x1988, 0x1987, 0x1967, 0x1967, 0x1987, 
    0x1967, 0x1967, 0x1947, 0x1947, 0x1946, 0x1126, 0x1105, 0x1105, 0x10A3, 0x0861, 0x0861, 0x18E2, 
    0x2103, 0x20C2, 0x41C5, 0x5227, 0x5A88, 0x730A, 0x730A, 0x940D, 0xBD51, 0xC571, 0xC571, 0xB4F0, 
    0x7B8B, 0x7B6B, 0x5A88, 0x41E6, 0x3184, 0x1082, 0x2944, 0x3164, 0x3185, 0x3985, 0x18A2, 0x3164, 
    0x838C, 0x8BED, 0x41E6, 0x18A2, 0x08A2, 0x10E4, 0x10E4, 0x1105, 0x1126, 0x1081, 0xBC83, 0xDD44, 
    0xDD44, 0xDD43, 0xDD43, 0xDD44, 0xDD23, 0xDD43, 0xDD43, 0xDD23, 0xDD23, 0xDD23, 0xDD23, 0xDD23, 
    0xE584, 0xE563, 0xE583, 0xE583, 0xE583, 0xE583, 0xE583, 0xE584, 0xEDA4, 0xCD03, 0x10A1, 0x6902, 
    0x8942, 0x8942, 0x8922, 0x8142, 0x8942, 0x9142, 0x8962, 0xB1E3, 0xA9C3, 0xA1A3, 0x8942, 0x9142, 
    0x9142, 0x9162, 0x9142, 0x9142, 0x9142, 0x9142, 0x9142, 0x9142, 0x9142, 0x9142, 0x9162, 0x8942, 
    0x8942, 0x8942, 0x9142, 0x9142, 0x9942, 0x9962, 0x9962, 0x9142, 0x8942, 0x8122, 0x7122, 0x7122, 
    0x7122, 0x6102, 0x5102, 0x40E2, 0x38C1, 0x30A1, 0x7122, 0x8942, 0x8142, 0x7922, 0x58E2, 0x2102, 
    0xDD64, 0xE584, 0xE583, 0xE583, 0xE584, 0xE584, 0xEDA3, 0xA3E7, 0x5A0C, 0x7ACD, 0x726C, 0x5A29, 
    0xDD45, 0xE5A4, 0xEDA4, 0xEDA4, 0xCCC5, 0x5A0B, 0x728D, 0x82EE, 0x8B0F, 0x8B2F, 0x8B2E, 0x9370, 
    0x7ACE, 0x5A0C, 0xAC26, 0xED84, 0xE584, 0xE584, 0xE584, 0xE584, 0xE584, 0xE584, 0xE584, 0xE5A4, 
    0xD505, 0x82CA, 0x82CA, 0x7AAC, 0x3966, 0x2902, 0x7AE6, 0x7B07, 0xB48B, 0x39A4, 0x10A2, 0x18C2, 
    0x18C2, 0x18C2, 0x18C2, 0x1081, 0x20E2, 0xBCCC, 0xC50C, 0xCD0D, 0xCD2D, 0xBCCC, 0x6A86, 0x0861, 
    0x18A2, 0x18A2, 0x18C2, 0x18C2, 0x10A2, 0x0881, 0x9C09, 0xAC4A, 0x7B07, 0x62A6, 0x1082, 0x6209, 
    0x7A8A, 0x82CA, 0xB407, 0xE5A4, 0xEDA4, 0xC4C5, 0x8B49, 0x8B2B, 0x8B0E, 0x8B0E, 0x7ACD, 0x6A6D, 
    0x7AAA, 0xA3E7, 0xEDA4, 0xE584, 0xE584, 0xE584, 0xE584, 0xE584, 0xE583, 0xE563, 0xE583, 0xE583, 
    0xE583, 0xE583, 0xE583, 0xE583, 0xE584, 0xE584, 0xE584, 0xE584, 0xE584, 0xE584, 0xE584, 0x41A2, 
    0x08E5, 0x21C9, 0x326B, 0x3A8C, 0x324B, 0x324B, 0x324B, 0x2A2B, 0x2A2A, 0x2A0A, 0x29E9, 0x21C8, 
    0x21A8, 0x2188, 0x1967, 0x1967, 0x1967, 0x1967, 0x1967, 0x1967, 0x1946, 0x1946, 0x1926, 0x10E4, 
    0x08C4, 0x08C3, 0x08A3, 0x08A3, 0x10A3, 0x1082, 0x1082, 0x2944, 0x3985, 0x3985, 0x39A5, 0x62A8, 
    0x9C6E, 0xACAF, 0xACAF, 0xBD30, 0xC551, 0x83AC, 0x7B6B, 0x6AEA, 0x62C9, 0x62A9, 0x6B0A, 0x83AB, 
    0x732A, 0x3164, 0x18C2, 0x0882, 0x10E4, 0x1104, 0x1105, 0x1946, 0x1105, 0x1081, 0xC4C3, 0xED83, 
    0xE583, 0xE563, 0xE563, 0xE563, 0xE563, 0xE563, 0xE563, 0xE563, 0xE563, 0xE563, 0xE563, 0xE563, 
    0xE564, 0xE564, 0xE563, 0xE563, 0xE563, 0xE563, 0xE584, 0xE584, 0xE584, 0xCD03, 0x18A1, 0x6902, 
    0x8962, 0x8142, 0x8122, 0x8942, 0x8942, 0x9142, 0x9162, 0xB1E3, 0xB203, 0xA9C3, 0x8942, 0x9162, 
    0x9162, 0x9142, 0x9142, 0x9142, 0x9142, 0x9142, 0x9142, 0x9142, 0x9142, 0x9162, 0x9962, 0x9162, 
    0x9142, 0x8122, 0x7922, 0x7922, 0x6902, 0x48E2, 0x40C2, 0x30C1, 0x20A1, 0x20A1, 0x1881, 0x1881, 
    0x1881, 0x18A2, 0x20A1, 0x28C2, 0x38E2, 0x18A2, 0x30C2, 0x7122, 0x8942, 0x8142, 0x50C2, 0x2101, 
    0xDD44, 0xE584, 0xE584, 0xE563, 0xE563, 0xE564, 0xE584, 0xBC86, 0x72A9, 0x51EB, 0x59EA, 0x8B47, 
    0xE565, 0xDD46, 0xA3E9, 0x9BA9, 0xAC28, 0x82EC, 0x59EB, 0x6A6D, 0x8B0F, 0x8B2F, 0x7ACE, 0x830E, 
    0x6A6C, 0x51CB, 0xAC26, 0xEDA4, 0xE564, 0xE584, 0xE584, 0xE584, 0xE584, 0xE584, 0xE584, 0xE5A4, 
    0xD505, 0x8AEA, 0x7AAA, 0x7A8B, 0x4187, 0x18C2, 0x49C4, 0x9BE9, 0xC52E, 0x6AC7, 0x2923, 0x10A2, 
    0x18A2, 0x18A2, 0x18A2, 0x2923, 0x62A7, 0xC50C, 0xC52D, 0xB48B, 0xBCCB, 0xC50C, 0x93A8, 0x3984, 
    0x18C2, 0x10A2, 0x10A2, 0x10A2, 0x20E2, 0x5225, 0xB48B, 0xAC6A, 0x72C6, 0x41A4, 0x3125, 0x6A2A, 
    0x7A8B, 0x8B2A, 0xD4C6, 0xEDA4, 0xCCE5, 0x8308, 0x6A6D, 0x8B2F, 0xABF0, 0x9B8F, 0x934F, 0x830E, 
    0x6A6D, 0x72AA, 0xC4A6, 0xE584, 0xE584, 0xE584, 0xE584, 0xE563, 0xE563, 0xE563, 0xE563, 0xE564, 
    0xE563, 0xE583, 0xE584, 0xE584, 0xE564, 0xE564, 0xE584, 0xE584, 0xE584, 0xE584, 0xE584, 0x41A1, 
    0x10E5, 0x21A9, 0x322B, 0x322B, 0x1988, 0x21A9, 0x21C9, 0x21E9, 0x2A0A, 0x324B, 0x324B, 0x326C, 
    0x326B, 0x326B, 0x324B, 0x29EA, 0x21C9, 0x21C9, 0x21E9, 0x21C9, 0x21C8, 0x21A8, 0x1967, 0x1967, 
    0x1967, 0x1947, 0x1146, 0x1126, 0x1125, 0x1105, 0x1105, 0x08A3, 0x0882, 0x0882, 0x0882, 0x0882, 
    0x18C3, 0x2923, 0x41C5, 0x5A87, 0x6AE9, 0x7B6B, 0xA48F, 0xA48F, 0x9C2D, 0x83AC, 0x6AE9, 0x5247, 
    0x3984, 0x18C2, 0x0882, 0x10E4, 0x1104, 0x1926, 0x1947, 0x1146, 0x10E4, 0x1081, 0xC4A3, 0xE583, 
    0xE563, 0xDD43, 0xE563, 0xE543, 0xE563, 0xE543, 0xE563, 0xDD43, 0xE543, 0xDD43, 0xE543, 0xE543, 
    0xDD44, 0xDD44, 0xDD43, 0xDD43, 0xDD43, 0xDD44, 0xDD64, 0xDD44, 0xDD64, 0xC4E4, 0x18C1, 0x6902, 
    0x8942, 0x8942, 0x8942, 0x9142, 0x8942, 0x8942, 0x8962, 0xB203, 0xBA24, 0xB1E3, 0x9162, 0x9162, 
    0x9162, 0x9162, 0x9142, 0x9162, 0x9162, 0x8942, 0x8142, 0x7922, 0x7122, 0x6102, 0x48E2, 0x40C1, 
    0x28A1, 0x2081, 0x1881, 0x18A1, 0x18A2, 0x1882, 0x20A2, 0x30C2, 0x38E2, 0x40E2, 0x5922, 0x6942, 
    0x7142, 0x7142, 0x6942, 0x6122, 0x6122, 0x5922, 0x18A2, 0x6102, 0x9142, 0x8142, 0x50C1, 0x20E1, 
    0xD503, 0xDD64, 0xDD64, 0xDD64, 0xDD44, 0xDD44, 0xDD44, 0xDD44, 0xA3E7, 0x51EB, 0x6A6B, 0xCCC6, 
    0xE544, 0xAC07, 0x624D, 0x830F, 0x7AEE, 0x932E, 0x624C, 0x728D, 0x82EE, 0x8B2F, 0x7ACE, 0x624C, 
    0x59EB, 0x59E9, 0xB446, 0xE564, 0xDD44, 0xDD64, 0xDD64, 0xE564, 0xE564, 0xE564, 0xE564, 0xE564, 
    0xCCE5, 0x82CA, 0x728A, 0x6A4A, 0x622A, 0x4186, 0x18C2, 0xCD6E, 0xD58F, 0xCD4E, 0x6286, 0x20E2, 
    0x20E2, 0x2103, 0x2923, 0x6286, 0xCD2D, 0xCD2D, 0xB4AB, 0x6265, 0x93C9, 0xCD2D, 0xCD4D, 0xA40A, 
    0x2923, 0x2103, 0x2102, 0x20E2, 0x39A4, 0xBCCC, 0xC50D, 0xC4EC, 0x6AC7, 0x1062, 0x724A, 0x724A, 
    0x7AAA, 0x9B88, 0xE5A5, 0xEDA4, 0xA3C7, 0x59CC, 0x8B2E, 0xAC0F, 0xA3AF, 0x936F, 0x8B4F, 0x936E, 
    0x8B2E, 0x6A4D, 0x8328, 0xE584, 0xE564, 0xDD64, 0xDD44, 0xDD64, 0xDD44, 0xDD43, 0xDD43, 0xDD44, 
    0xDD44, 0xDD64, 0xDD44, 0xDD64, 0xDD64, 0xDD64, 0xE564, 0xE564, 0xDD64, 0xDD64, 0xE564, 0x41A1, 
    0x10E5, 0x21A9, 0x2A2B, 0x2A2A, 0x1988, 0x29EA, 0x21C9, 0x21C9, 0x21C9, 0x21C9, 0x21C9, 0x21C9, 
    0x21E9, 0x29EA, 0x2A0A, 0x2A0A, 0x2A0A, 0x2A2B, 0x324B, 0x324B, 0x326C, 0x324B, 0x2A2A, 0x29E9, 
    0x2187, 0x1987, 0x1987, 0x1967, 0x1946, 0x1946, 0x1966, 0x1947, 0x1947, 0x1947, 0x1967, 0x1947, 
    0x1126, 0x0882, 0x0861, 0x0041, 0x0061, 0x18C3, 0x39C5, 0x41C6, 0x39A5, 0x3164, 0x2903, 0x18E2, 
    0x1082, 0x0882, 0x1105, 0x1105, 0x1905, 0x1967, 0x1946, 0x1105, 0x10E4, 0x1081, 0xC483, 0xDD43, 
    0xDD23, 0xD523, 0xDD23, 0xDD23, 0xDD23, 0xDD24, 0xDD23, 0xDD23, 0xDD23, 0xDD23, 0xDD23, 0xDD23, 
    0xE584, 0xE583, 0xE583, 0xE583, 0xE583, 0xE584, 0xE584, 0xE584, 0xEDA4, 0xCD24, 0x18C1, 0x6101, 
    0x8122, 0x8942, 0x9142, 0x8942, 0x8942, 0x8942, 0x8962, 0xBA03, 0xBA03, 0xA9C3, 0x9162, 0x9162, 
    0x9162, 0x9162, 0x9162, 0x8142, 0x30A1, 0x1881, 0x1881, 0x1881, 0x1061, 0x1081, 0x28A1, 0x38C2, 
    0x5102, 0x6122, 0x6942, 0x7142, 0x7142, 0x7142, 0x7142, 0x6942, 0x6142, 0x6163, 0x5143, 0x4103, 
    0x3903, 0x20E3, 0x20E3, 0x18E3, 0x18E3, 0x6142, 0x30C2, 0x6102, 0x8942, 0x8142, 0x50E2, 0x20E1, 
    0xDD44, 0xEDA4, 0xE584, 0xE584, 0xE584, 0xE5A4, 0xEDA4, 0xBC66, 0x6A6D, 0x830F, 0x8B2F, 0x7AED, 
    0xC4A8, 0x72CA, 0x8B2F, 0x9B90, 0x9370, 0x8B2F, 0x830F, 0x72AD, 0x6A6D, 0x6A6D, 0x728D, 0x5A0B, 
    0x4189, 0xAC06, 0xEDA4, 0xE584, 0xE584, 0xE584, 0xE584, 0xE584, 0xE584, 0xE584, 0xE584, 0xE584, 
    0xE564, 0xC486, 0x932A, 0x7AAB, 0x82AB, 0x5A08, 0x2102, 0xC50D, 0xC50C, 0xCD4D, 0xC50D, 0xB4AB, 
    0xB4AB, 0xB48B, 0xB4AB, 0xBCCC, 0xC50C, 0xC4EC, 0x7B07, 0x0861, 0x5A45, 0xB4AB, 0xC52D, 0xBCCC, 
    0xB48B, 0xAC6A, 0xAC6B, 0xAC4A, 0xBCAB, 0xCD2D, 0xC50D, 0xAC4A, 0x5A45, 0x1082, 0x7A8A, 0x7A8B, 
    0xA3A9, 0xE584, 0xE584, 0xE584, 0xA3C8, 0x6A6D, 0x9B6F, 0x9B6E, 0x8B2E, 0x8B2F, 0x8B2E, 0x82EE, 
    0x830E, 0x72AE, 0x8B48, 0xEDC4, 0xE5A4, 0xE584, 0xE584, 0xE584, 0xE584, 0xE584, 0xE584, 0xE584, 
    0xE584, 0xE584, 0xE584, 0xE584, 0xE584, 0xE5A4, 0xE5A4, 0xE5A4, 0xE584, 0xE5A4, 0xEDC4, 0x41A2, 
    0x08E5, 0x21A9, 0x2A2B, 0x2A2B, 0x21A8, 0x324B, 0x21EA, 0x220A, 0x220A, 0x21EA, 0x21EA, 0x21EA, 
    0x21E9, 0x21E9, 0x21E9, 0x21EA, 0x21EA, 0x21E9, 0x21E9, 0x21E9, 0x21C9, 0x21C9, 0x21E9, 0x2A0A, 
    0x2A2B, 0x2A2B, 0x2A2B, 0x2A0B, 0x2A0A, 0x2A0A, 0x21E9, 0x1987, 0x1967, 0x1967, 0x1988, 0x1967, 
    0x1967, 0x1967, 0x1946, 0x1946, 0x1967, 0x1105, 0x0882, 0x0882, 0x0882, 0x0862, 0x0862, 0x08A3, 
    0x10E4, 0x1105, 0x1105, 0x1925, 0x1967, 0x1125, 0x1105, 0x1105, 0x10E5, 0x10A1, 0xCCE3, 0xEDA4, 
    0xE583, 0xE563, 0xE583, 0xE583, 0xE583, 0xE583, 0xE583, 0xE583, 0xE583, 0xE583, 0xE583, 0xE583, 
    0xE564, 0xE584, 0xE563, 0xE564, 0xE564, 0xE564, 0xE584, 0xE584, 0xE584, 0xCCE4, 0x10A1, 0x6102, 
    0x8142, 0x8942, 0x9142, 0x8942, 0x8942, 0x8942, 0x8962, 0xB1E3, 0xBA03, 0xB1C3, 0x9142, 0x9162, 
    0x9162, 0x9142, 0x7942, 0x28C2, 0x48E2, 0x7142, 0x7962, 0x7962, 0x7142, 0x7142, 0x6922, 0x5922, 
    0x5942, 0x5943, 0x5143, 0x3902, 0x20E3, 0x28E3, 0x20E3, 0x18E3, 0x18E3, 0x18E3, 0x18E3, 0x18E3, 
    0x10C2, 0x18E3, 0x18E3, 0x2103, 0x18E3, 0x5922, 0x28C2, 0x6102, 0x8942, 0x7942, 0x50C2, 0x2101, 
    0xDD44, 0xE584, 0xE564, 0xE564, 0xE584, 0xEDA4, 0xBC65, 0x830B, 0x830F, 0x9BB0, 0x934F, 0x8B2F, 
    0x7AEE, 0x8B0F, 0x8B2F, 0x8B0F, 0x8B2F, 0x830F, 0x8B2F, 0x6A6C, 0x622C, 0x6A4C, 0x6A6D, 0x622C, 
    0x418A, 0xA3C5, 0xEDA4, 0xE584, 0xE584, 0xE584, 0xE584, 0xE584, 0xE564, 0xE584, 0xE564, 0xE584, 
    0xDD44, 0xC466, 0x82EA, 0x7A8B, 0x7AAB, 0x5A09, 0x10A2, 0x8348, 0x9BE9, 0xBCCB, 0xCD4D, 0xD56E, 
    0xD58E, 0xC50C, 0xC4EC, 0xC50C, 0xC50C, 0x93A9, 0x20E2, 0x18C2, 0x20E2, 0x6AC6, 0xB46A, 0xC4EC, 
    0xC50C, 0xC50D, 0xC50D, 0xCD4D, 0xD54D, 0xC4CB, 0x9BC9, 0x8327, 0x49E4, 0x1882, 0x726B, 0x728B, 
    0x9BA9, 0xE5A4, 0xE584, 0xA3E7, 0x82EC, 0x8B2E, 0x830E, 0x8B0E, 0x8B0E, 0x8B0F, 0x8B0E, 0x7ACE, 
    0x72AD, 0x6A6D, 0x8328, 0xED84, 0xE564, 0xE564, 0xE564, 0xE564, 0xE564, 0xE564, 0xE584, 0xE564, 
    0xE564, 0xE584, 0xE584, 0xE584, 0xE584, 0xE584, 0xE584, 0xE584, 0xE584, 0xE584, 0xE584, 0x41A1, 
    0x08E5, 0x21C9, 0x2A4B, 0x2A4B, 0x1105, 0x1904, 0x1904, 0x1946, 0x1966, 0x1967, 0x21A8, 0x21EA, 
    0x2A0A, 0x21EA, 0x21EA, 0x220A, 0x21EA, 0x21EA, 0x21E9, 0x21C9, 0x21C9, 0x21E9, 0x21C9, 0x21E9, 
    0x21C9, 0x21C9, 0x21E9, 0x21EA, 0x21EA, 0x2A0A, 0x2A0A, 0x2A2B, 0x324B, 0x324B, 0x324B, 0x2A0A, 
    0x29E9, 0x21A8, 0x1967, 0x1987, 0x1988, 0x2188, 0x2188, 0x1967, 0x1967, 0x1946, 0x1926, 0x1946, 
    0x1925, 0x1105, 0x1946, 0x1967, 0x1105, 0x1105, 0x1125, 0x1125, 0x1105, 0x10A1, 0xC4C3, 0xE584, 
    0xE564, 0xDD63, 0xDD63, 0xDD63, 0xE563, 0xE563, 0xDD63, 0xDD63, 0xE564, 0xE564, 0xE563, 0xE563, 
    0xDD64, 0xE564, 0xE564, 0xE564, 0xE564, 0xE564, 0xE564, 0xE564, 0xE584, 0xC4E3, 0x10A1, 0x6102, 
    0x8942, 0x8942, 0x8942, 0x8942, 0x8942, 0x8942, 0x8962, 0xB1E3, 0xBA24, 0xA9C3, 0x9142, 0x9162, 
    0x9162, 0x9162, 0x30C2, 0x5102, 0x8982, 0x5943, 0x4123, 0x3923, 0x2903, 0x28E3, 0x20E3, 0x2103, 
    0x18E3, 0x18E3, 0x18E3, 0x10C2, 0x18C2, 0x18E3, 0x2944, 0x31A5, 0x4206, 0x5A68, 0x5267, 0x2103, 
    0x940D, 0x6B0A, 0x18C2, 0x2103, 0x2103, 0x6122, 0x28C2, 0x6102, 0x8942, 0x8142, 0x50C2, 0x20E1, 
    0xD524, 0xE564, 0xE564, 0xDD64, 0xDD64, 0xE584, 0x9B87, 0x624D, 0x936F, 0x936F, 0x934F, 0x8B2F, 
    0x830F, 0x82EE, 0x7ACE, 0x82EF, 0x7ACE, 0x7ACE, 0x728D, 0x51CA, 0x51EA, 0x51CA, 0x59EB, 0x51EB, 
    0x7AC8, 0xCCE5, 0xE564, 0xE564, 0xE584, 0xE564, 0xE564, 0xE564, 0xE564, 0xE564, 0xE564, 0xE564, 
    0xD525, 0xABC7, 0x7AC9, 0x726A, 0x728B, 0x622A, 0x3125, 0x3143, 0x6265, 0x9BC9, 0xAC6B, 0xAC4A, 
    0xA40A, 0xAC4A, 0xC4EC, 0xC50C, 0xBCCB, 0x6A86, 0x0861, 0x1082, 0x1081, 0x3163, 0xA3E9, 0xC52D, 
    0xCD2D, 0xA42A, 0x93A8, 0x93C8, 0x9BE9, 0x9BC9, 0x7B07, 0x49C4, 0x20E2, 0x4187, 0x726B, 0x6A4A, 
    0x9B89, 0xE585, 0xE564, 0x9348, 0x728D, 0x934F, 0x934F, 0x934E, 0x8B0E, 0x8B2E, 0x82EE, 0x728D, 
    0x624C, 0x49CB, 0x7AE7, 0xE584, 0xDD64, 0xE564, 0xE564, 0xE564, 0xE564, 0xE564, 0xE564, 0xE564, 
    0xE564, 0xE564, 0xE564, 0xE564, 0xE564, 0xE564, 0xE564, 0xE564, 0xE564, 0xE564, 0xE584, 0x41A1, 
    0x10E5, 0x21C9, 0x324B, 0x21A7, 0x18E3, 0x2123, 0x20E3, 0x2103, 0x20E3, 0x18E3, 0x18C3, 0x10E3, 
    0x1904, 0x1925, 0x1946, 0x1946, 0x21C9, 0x21EA, 0x21EA, 0x21EA, 0x21EA, 0x21EA, 0x21EA, 0x21EA, 
    0x21CA, 0x21C9, 0x21C9, 0x21C9, 0x21C9, 0x21C9, 0x21C9, 0x21C9, 0x29EA, 0x2A0A, 0x2A0A, 0x2A2B, 
    0x2A2B, 0x322B, 0x324B, 0x324B, 0x2A0A, 0x21E9, 0x1988, 0x1967, 0x1967, 0x1946, 0x1946, 0x1925, 
    0x1926, 0x1987, 0x1967, 0x1125, 0x1125, 0x1125, 0x1125, 0x1125, 0x10E5, 0x1081, 0xC4A3, 0xE564, 
    0xDD64, 0xDD43, 0xDD43, 0xDD44, 0xDD64, 0xDD63, 0xDD63, 0xDD43, 0xDD64, 0xDD64, 0xDD64, 0xDD64, 
    0xE584, 0xE584, 0xE584, 0xE5A4, 0xEDA4, 0xEDA4, 0xEDA4, 0xEDA4, 0xEDC4, 0xCD24, 0x10A1, 0x60E1, 
    0x8942, 0x8942, 0x8942, 0x8942, 0x8942, 0x8942, 0x9162, 0xBA04, 0xC224, 0xA9C3, 0x9142, 0x9162, 
    0x9162, 0x9142, 0x28C2, 0x6122, 0x5143, 0x18E3, 0x10C2, 0x10C2, 0x18E3, 0x2103, 0x2944, 0x2924, 
    0x39C6, 0x2964, 0x10A2, 0x62C9, 0x942D, 0x2944, 0x83EC, 0xCDB2, 0xCD91, 0xCD91, 0x942D, 0x18E3, 
    0xB510, 0x7B8B, 0x18C2, 0x2103, 0x20E3, 0x6122, 0x28A1, 0x6102, 0x9142, 0x8142, 0x50C2, 0x20E1, 
    0xDD64, 0xEDA4, 0xEDA4, 0xEDA4, 0xE584, 0xEDC4, 0x9B87, 0x51EB, 0x728D, 0x830E, 0x8B2F, 0x82EF, 
    0x830F, 0x82EF, 0x82EE, 0x72AE, 0x728E, 0x6A6D, 0x622C, 0x51EA, 0x51CB, 0x4169, 0x4989, 0x49C9, 
    0xCCE5, 0xEDA4, 0xE584, 0xEDA4, 0xEDA4, 0xE5A4, 0xE584, 0xE584, 0xE584, 0xE584, 0xE584, 0xE5A4, 
    0xE5A4, 0xE564, 0xC466, 0x9329, 0x82AB, 0x7A8B, 0x6A6A, 0x20C3, 0x3983, 0x5A45, 0x6265, 0x5A45, 
    0x5A45, 0x8347, 0xB4AB, 0xCD2D, 0xBCAB, 0x5A45, 0x0861, 0x6286, 0x20E2, 0x2923, 0xB46A, 0xC50C, 
    0xC50C, 0x9BC9, 0x5A45, 0x49E4, 0x5204, 0x5204, 0x49C4, 0x2103, 0x2905, 0x728B, 0x82EB, 0x8AEA, 
    0xA3A8, 0xE5A4, 0xEDC4, 0x8B48, 0x59EC, 0x7ACD, 0x8B0E, 0x7AAD, 0x7AAD, 0x7ACD, 0x6A6D, 0x5A0B, 
    0x51CB, 0x6A89, 0xCCC5, 0xE584, 0xE584, 0xEDA4, 0xE5A4, 0xEDA4, 0xEDA4, 0xEDA4, 0xEDA4, 0xEDA4, 
    0xEDA4, 0xE5A4, 0xE5A4, 0xE5A4, 0xE5A4, 0xE5A4, 0xEDA4, 0xEDA4, 0xEDA4, 0xEDA4, 0xEDC4, 0x41A1, 
    0x10E5, 0x21C9, 0x326C, 0x2187, 0x18E3, 0x2123, 0x20E3, 0x20E3, 0x2103, 0x2924, 0x2103, 0x20E3, 
    0x18E3, 0x18E3, 0x18E3, 0x18C2, 0x10C3, 0x10A3, 0x10C3, 0x10E4, 0x1925, 0x1967, 0x21A8, 0x21C9, 
    0x21C9, 0x21CA, 0x21EA, 0x21EA, 0x21EA, 0x21EA, 0x21C9, 0x21C9, 0x21C9, 0x21C9, 0x21A9, 0x21C9, 
    0x21C9, 0x21EA, 0x2A0A, 0x2A0A, 0x2A0A, 0x2A0A, 0x322B, 0x324B, 0x29E9, 0x21C9, 0x21C9, 0x21C9, 
    0x1967, 0x1946, 0x1125, 0x1105, 0x1126, 0x1105, 0x1125, 0x1126, 0x10E5, 0x1081, 0xCD03, 0xEDC4, 
    0xEDA4, 0xE584, 0xE583, 0xE583, 0xE583, 0xE5A3, 0xE5A3, 0xE583, 0xE583, 0xE583, 0xE583, 0xE583, 
    0xE564, 0xE564, 0xE584, 0xE564, 0xE584, 0xE584, 0xE584, 0xE584, 0xE584, 0xCD04, 0x10A1, 0x6102, 
    0x8942, 0x8942, 0x8942, 0x8942, 0x8942, 0x8942, 0x9162, 0xBA03, 0xBA24, 0xA9C3, 0x9142, 0x9142, 
    0x9162, 0x9142, 0x28C2, 0x6122, 0x4123, 0x18E3, 0x4A27, 0x7B8B, 0xA48E, 0xB530, 0x942D, 0x3185, 
    0xBD51, 0x62E9, 0x0861, 0x940C, 0xCDB2, 0x3165, 0x8BEC, 0xC571, 0x62C9, 0x4206, 0x3164, 0x20E3, 
    0xB510, 0x7B8B, 0x18C2, 0x20E3, 0x18E3, 0x5922, 0x28A1, 0x6102, 0x9142, 0x8142, 0x50E2, 0x20E1, 
    0xDD44, 0xE584, 0xE584, 0xE584, 0xE564, 0xE584, 0xC4C5, 0x7AE7, 0x51CB, 0x6A6D, 0x72AD, 0x7ACE, 
    0x830F, 0x82EE, 0x7AAE, 0x728D, 0x6A6D, 0x624D, 0x620C, 0x59EB, 0x6249, 0x5A08, 0x51E8, 0xB445, 
    0xDD44, 0xE564, 0xE584, 0xED84, 0xE584, 0xE584, 0xE584, 0xE584, 0xE564, 0xE584, 0xE584, 0xE584, 
    0xE564, 0xDD45, 0x9368, 0x7AAA, 0x728A, 0x726B, 0x728B, 0x728B, 0x18C3, 0x1061, 0x0861, 0x0861, 
    0x2923, 0x8347, 0xC4EC, 0xC50C, 0xC4EC, 0x9C0A, 0x7B28, 0xB48B, 0x8B89, 0x8B89, 0xBCCB, 0xBCCB, 
    0xC4EC, 0x9BE9, 0x3983, 0x0861, 0x0020, 0x0841, 0x0861, 0x4187, 0x726B, 0x6A6B, 0x726B, 0x6A6B, 
    0x8B29, 0xE584, 0xE584, 0xCCE6, 0x7AE8, 0x51AA, 0x624C, 0x624C, 0x6A4C, 0x7ACE, 0x72AE, 0x5A0C, 
    0x6A6A, 0xCCE6, 0xEDC5, 0xE584, 0xE584, 0xE584, 0xE584, 0xE584, 0xE584, 0xE584, 0xE584, 0xE584, 
    0xE584, 0xE584, 0xE564, 0xE564, 0xE584, 0xE584, 0xE584, 0xE584, 0xE584, 0xE584, 0xE584, 0x41A1, 
    0x10E5, 0x21C9, 0x324B, 0x2187, 0x18E2, 0x3165, 0x7B6B, 0x7B6B, 0x41E6, 0x18E3, 0x2103, 0x18E3, 
    0x18E3, 0x2123, 0x2944, 0x2944, 0x2103, 0x2103, 0x18E3, 0x18E3, 0x18E3, 0x20E3, 0x18E3, 0x18C3, 
    0x10C3, 0x10E4, 0x1925, 0x1925, 0x1967, 0x21C9, 0x21C9, 0x21C9, 0x21C9, 0x21CA, 0x21C9, 0x21C9, 
    0x21CA, 0x21C9, 0x21C9, 0x21C9, 0x21A9, 0x21A9, 0x29EA, 0x326B, 0x2A0A, 0x21A8, 0x21E9, 0x29E9, 
    0x2188, 0x1125, 0x1105, 0x1125, 0x1125, 0x1125, 0x1925, 0x1126, 0x10E5, 0x1081, 0xC4A4, 0xE584, 
    0xE564, 0xDD64, 0xDD64, 0xDD63, 0xDD64, 0xDD64, 0xE564, 0xE563, 0xDD63, 0xDD43, 0xDD43, 0xDD43, 
    0xDD64, 0xE564, 0xE563, 0xE564, 0xE584, 0xE564, 0xE564, 0xE584, 0xE584, 0xC4E3, 0x10A1, 0x6102, 
    0x8142, 0x8922, 0x8942, 0x8942, 0x8942, 0x8942, 0x9162, 0xBA03, 0xBA24, 0xA9E3, 0x9142, 0x9162, 
    0x9162, 0x9142, 0x28C2, 0x6122, 0x4923, 0x10A2, 0x7B8B, 0xCDB2, 0xB510, 0xA4AF, 0x734A, 0x3185, 
    0xBD50, 0x62E9, 0x0882, 0x8C0D, 0xC571, 0x2944, 0x83CC, 0xB4EF, 0x18A2, 0x10A2, 0x18C2, 0x2103, 
    0xB530, 0x7B8B, 0x18C2, 0x18E3, 0x18E3, 0x5922, 0x28A1, 0x6102, 0x9142, 0x8142, 0x50C2, 0x20E1, 
    0xD524, 0xE564, 0xE564, 0xE564, 0xE584, 0xDD44, 0xDD65, 0x9BA7, 0x498A, 0x622C, 0x7ACE, 0x82CE, 
    0x82EE, 0x7ACE, 0x6A6D, 0x622C, 0x5A2C, 0x5A0C, 0x5A0B, 0x49AA, 0x9387, 0xD505, 0xB445, 0xE564, 
    0xDD44, 0xE564, 0xAC07, 0x8328, 0xCCE5, 0xE584, 0xE584, 0xE564, 0xE564, 0xE564, 0xE564, 0xE564, 
    0xDD64, 0xDD44, 0xBC46, 0x82C9, 0x726A, 0x726B, 0x6A6B, 0x6A2A, 0x6209, 0x5A0A, 0x4187, 0x0861, 
    0x6285, 0xA409, 0xC50D, 0xC50C, 0xC50C, 0xCD4D, 0xCD4D, 0xC50C, 0xCD4D, 0xCD4D, 0xC4EC, 0xC4EC, 
    0xC50C, 0xAC6B, 0x6AA6, 0x18C2, 0x2905, 0x6209, 0x6209, 0x6A2A, 0x6A6B, 0x6A6A, 0x6A2B, 0x8B29, 
    0xB446, 0xE564, 0xDD64, 0xEDA4, 0x9BC6, 0x4188, 0x49AA, 0x49AA, 0x51EB, 0x728D, 0x82EE, 0x7ACE, 
    0x82CC, 0x9BAA, 0x9369, 0x8B49, 0xB447, 0xE584, 0xE564, 0xE564, 0xE564, 0xE564, 0xE584, 0xE584, 
    0xE584, 0xE584, 0xE564, 0xE564, 0xE564, 0xE584, 0xE584, 0xE564, 0xE584, 0xE584, 0xE5A4, 0x41A1, 
    0x10E5, 0x21C9, 0x324B, 0x2187, 0x18C2, 0x7BAC, 0xBD51, 0xA4AE, 0xACCF, 0x3185, 0x2924, 0x7B6B, 
    0x734A, 0x39A5, 0x2123, 0x2103, 0x20E3, 0x2103, 0x2103, 0x2103, 0x2924, 0x2924, 0x2123, 0x2103, 
    0x2103, 0x20E3, 0x20E3, 0x18E3, 0x18E3, 0x18E3, 0x18E4, 0x1104, 0x10E4, 0x1925, 0x1967, 0x2188, 
    0x21A8, 0x21E9, 0x21EA, 0x21C9, 0x21A9, 0x21C9, 0x21C9, 0x2A2B, 0x21EA, 0x1987, 0x21A8, 0x29E9, 
    0x2188, 0x1125, 0x1105, 0x1126, 0x1125, 0x1126, 0x1125, 0x1126, 0x10E5, 0x1081, 0xC483, 0xE564, 
    0xDD44, 0xDD44, 0xDD43, 0xDD43, 0xDD43, 0xDD44, 0xDD44, 0xDD64, 0xDD43, 0xDD43, 0xDD43, 0xDD43, 
    0xE584, 0xE584, 0xEDA4, 0xE5A4, 0xEDA4, 0xE5A4, 0xE584, 0xED83, 0xEDA4, 0xCD04, 0x10A1, 0x6902, 
    0x8122, 0x8922, 0x8942, 0x8942, 0x8942, 0x8922, 0x9162, 0xB9E3, 0xBA03, 0xA9C3, 0x9142, 0x9162, 
    0x9142, 0x9142, 0x28C2, 0x5922, 0x4923, 0x10A2, 0x7B6B, 0xBD30, 0x2944, 0x18E3, 0x20E3, 0x3185, 
    0xBD30, 0x6B09, 0x1082, 0x8C0D, 0xC571, 0x2944, 0x8BEC, 0xC551, 0x732A, 0x83AB, 0x31A5, 0x2924, 
    0xBD31, 0x7B8B, 0x10A2, 0x18E3, 0x18E3, 0x5922, 0x28A1, 0x6922, 0x9142, 0x8942, 0x50E1, 0x20E1, 
    0xDD64, 0xEDA4, 0xE5A4, 0xEDA4, 0xCCE5, 0x8309, 0x728B, 0x72AC, 0x728D, 0x728D, 0x7AAE, 0x82EE, 
    0x830F, 0x728D, 0x622C, 0x51CA, 0x49AA, 0x59EB, 0x49AB, 0x51C7, 0xAC06, 0xEDA4, 0xEDA4, 0xE5A4, 
    0xEDA4, 0xA3C6, 0x82ED, 0x7ACE, 0x8309, 0xCD05, 0xEDC4, 0xEDA4, 0xEDA4, 0xE5A4, 0xEDA4, 0xE584, 
    0xE584, 0xE584, 0xEDA4, 0xBC67, 0xA3A8, 0x9B89, 0x7AAA, 0x728A, 0x726A, 0x728B, 0x51E8, 0x1081, 
    0x8327, 0xC4EC, 0xC50C, 0xAC6B, 0xC50C, 0xC50C, 0xC4EC, 0xB48B, 0xBCCB, 0xC4EC, 0xBCEC, 0xB46B, 
    0xBCCC, 0xB4AB, 0x8348, 0x20E2, 0x3926, 0x7A8C, 0x82AB, 0x82C9, 0x82EA, 0x8B0A, 0x9B68, 0xCCE5, 
    0xF5C4, 0xEDA4, 0xE583, 0xE584, 0xE584, 0xB446, 0x72A8, 0x6A88, 0x622C, 0x72AD, 0x82EE, 0x82EE, 
    0x7AAD, 0x728D, 0x7AAE, 0x6A4D, 0x72CA, 0xDD45, 0xEDA4, 0xEDA4, 0xEDA4, 0xE5A4, 0xEDA4, 0xDD45, 
    0xD505, 0xDD45, 0xEDA4, 0xE5A4, 0xEDA4, 0xE5A4, 0xE5A4, 0xE5A4, 0xEDA4, 0xEDA4, 0xEDC4, 0x41A2, 
    0x10E5, 0x21C9, 0x324B, 0x29A7, 0x18C2, 0x83EC, 0x7B8B, 0x1082, 0x8BCC, 0x39A5, 0x8BED, 0xB4F0, 
    0xACCF, 0x9C6F, 0x2944, 0x8C0D, 0x5A88, 0x18E3, 0x39A5, 0x5288, 0x2123, 0x2944, 0x2924, 0x2103, 
    0x18C2, 0x18C2, 0x18E3, 0x2924, 0x2124, 0x2923, 0x2103, 0x20E3, 0x18C2, 0x18C2, 0x18E3, 0x18C3, 
    0x18E3, 0x1925, 0x1104, 0x1925, 0x1946, 0x1967, 0x21C9, 0x2A2B, 0x21EA, 0x1987, 0x21C9, 0x21E9, 
    0x21A8, 0x1125, 0x1125, 0x1125, 0x1125, 0x1125, 0x1125, 0x1125, 0x10E4, 0x1081, 0xC4C3, 0xEDA3, 
    0xE583, 0xE584, 0xE583, 0xE583, 0xE583, 0xE583, 0xE5A4, 0xE5A4, 0xE583, 0xE583, 0xE583, 0xE583, 
    0xE564, 0xE564, 0xE564, 0xE564, 0xE564, 0xE584, 0xE564, 0xE564, 0xE584, 0xCCE4, 0x18C1, 0x6922, 
    0x8942, 0x8942, 0x8942, 0x8942, 0x8942, 0x8942, 0x9162, 0xB1E3, 0xBA24, 0xA9E3, 0x9142, 0x9162, 
    0x9162, 0x9962, 0x30C2, 0x5922, 0x4923, 0x10A2, 0x7B6B, 0xBD50, 0x3185, 0x2924, 0x2103, 0x39A5, 
    0xC571, 0x6B0A, 0x0881, 0x942D, 0xC571, 0x2944, 0x8C0D, 0xCDB2, 0xC591, 0xB530, 0x39C5, 0x2123, 
    0xB510, 0x7B6B, 0x10A2, 0x18E3, 0x18E3, 0x5922, 0x28A1, 0x6102, 0x9142, 0x8142, 0x58E2, 0x20E1, 
    0xD524, 0xE584, 0xE584, 0xED84, 0x8B48, 0x622D, 0x8B0E, 0x9B4F, 0x9B6F, 0x9370, 0x7ACE, 0x7ACF, 
    0x7AEF, 0x72AE, 0x59EB, 0x49AA, 0x49A8, 0x5A08, 0x5A28, 0xA3E5, 0xE564, 0xDD64, 0xDD25, 0xDD64, 
    0xE584, 0x8307, 0x622B, 0x6A6C, 0x49CA, 0xBC85, 0xEDA4, 0xE584, 0xE584, 0xE584, 0xE584, 0xE584, 
    0xE584, 0xE584, 0xE584, 0xE584, 0xDD24, 0xC486, 0x9349, 0x82C9, 0x7AAB, 0x82EC, 0x5A08, 0x0861, 
    0x9BE9, 0xCD2D, 0x9BC9, 0x6285, 0xBCCC, 0xC50C, 0xBCCC, 0x72E6, 0xA44A, 0xC50C, 0xAC4A, 0x6AA6, 
    0x9388, 0xBCCD, 0xAC4A, 0x2102, 0x3946, 0x82AB, 0x82CA, 0x9B68, 0xABC7, 0xABE7, 0xDD44, 0xE584, 
    0xE584, 0xE584, 0xE564, 0xE564, 0xE564, 0xE564, 0xE584, 0xBC66, 0x622C, 0x7ACD, 0x82EE, 0x728D, 
    0x82EE, 0x934F, 0x9B6F, 0x8B0E, 0x624C, 0xBC47, 0xE564, 0xE584, 0xE584, 0xE564, 0xD4E5, 0x7AEA, 
    0x622B, 0x8B49, 0xD525, 0xE584, 0xE584, 0xE584, 0xE584, 0xE584, 0xE584, 0xE584, 0xE5A4, 0x41A1, 
    0x1105, 0x21C9, 0x324B, 0x29A7, 0x10A2, 0x7B6B, 0xA48E, 0x2923, 0x10C2, 0x2103, 0x9C8F, 0x5AA9, 
    0x18E3, 0xB531, 0x39A5, 0x9C6E, 0x6B0A, 0x18C3, 0x5AA9, 0xB4F0, 0x10A2, 0x7B6B, 0x732A, 0x4A47, 
    0x8BED, 0x734B, 0x62C9, 0x2944, 0x3185, 0x2923, 0x2103, 0x18E3, 0x20E3, 0x18C2, 0x2103, 0x2923, 
    0x2924, 0x2103, 0x18E3, 0x18E3, 0x18C2, 0x18C2, 0x2166, 0x324B, 0x21EA, 0x1988, 0x21C9, 0x29EA, 
    0x21A8, 0x1126, 0x1126, 0x1125, 0x1125, 0x1125, 0x1105, 0x1125, 0x10E4, 0x1081, 0xC4A3, 0xE564, 
    0xDD44, 0xDD64, 0xDD64, 0xE563, 0xE563, 0xE564, 0xE564, 0xE564, 0xE563, 0xE563, 0xE563, 0xDD43, 
    0xDD44, 0xDD64, 0xDD64, 0xDD64, 0xE564, 0xE564, 0xDD64, 0xDD64, 0xE564, 0xC4E4, 0x18C1, 0x50E2, 
    0x8942, 0x8942, 0x8942, 0x8942, 0x8942, 0x8942, 0x8962, 0xB1E3, 0xBA24, 0xB1E3, 0x9142, 0x9162, 
    0x9162, 0x9962, 0x30C2, 0x5922, 0x4943, 0x18C3, 0x7B8B, 0xCD91, 0xC571, 0xB530, 0x3185, 0x3185, 
    0xCDB2, 0x6B2A, 0x0881, 0x940D, 0xC571, 0x2924, 0x8BCC, 0xBD51, 0x41E6, 0x2944, 0x20E3, 0x20E3, 
    0xB4EF, 0x7B6B, 0x10A2, 0x2103, 0x2103, 0x5922, 0x20A1, 0x6102, 0x9142, 0x7922, 0x48C2, 0x20E1, 
    0xD524, 0xE584, 0xDD64, 0xC485, 0x6249, 0x82EE, 0xA3B0, 0xA3B0, 0x932F, 0x830E, 0x830F, 0x6A6D, 
    0x7ACE, 0x6A4D, 0x622C, 0x498A, 0x7AE7, 0xDD45, 0xDD65, 0xDD65, 0xDD65, 0xD506, 0xA3C9, 0xD505, 
    0xDD64, 0xDD24, 0x7AE7, 0x5208, 0x9BA6, 0xDD44, 0xE584, 0xE564, 0xE564, 0xE564, 0xE564, 0xE564, 
    0xE584, 0xE584, 0xE564, 0xE564, 0xDD44, 0xDD44, 0xDD45, 0xA389, 0x8AEA, 0x7AAC, 0x59E9, 0x0861, 
    0x72E7, 0xC50C, 0x72E6, 0x0861, 0xA44A, 0xCD2D, 0xB4CC, 0x18A2, 0x8BA9, 0xD56D, 0x9BE9, 0x1081, 
    0x6A85, 0xB48B, 0x8B68, 0x18E2, 0x3946, 0x82CB, 0x7AAA, 0x9B89, 0xE585, 0xDD44, 0xDD64, 0xE564, 
    0xE564, 0xE564, 0xE564, 0xDD64, 0xDD64, 0xE564, 0xDD45, 0x72CB, 0x72AD, 0x8B2E, 0x82EE, 0x934E, 
    0x9B8F, 0x8B2E, 0x82EE, 0x8B2E, 0x82EE, 0x6A6A, 0xCCE5, 0xE564, 0xE564, 0xDD45, 0x6A69, 0x934E, 
    0x9B6F, 0x6A6C, 0x8328, 0xE584, 0xE564, 0xE564, 0xE564, 0xE564, 0xE564, 0xE584, 0xE584, 0x41A2, 
    0x1105, 0x21C9, 0x324B, 0x2187, 0x18C2, 0x2944, 0xA48E, 0xB510, 0x4206, 0x18C2, 0x9C6E, 0x5AA9, 
    0x18E3, 0xACCF, 0x3185, 0x9C6E, 0x6B0A, 0x18C2, 0x5268, 0xACD0, 0x18C2, 0x83AC, 0x7B4B, 0x62C9, 
    0xC592, 0x9C8E, 0x9C6E, 0x4A27, 0xB531, 0x3185, 0x41E6, 0x7B8B, 0x2944, 0x4A06, 0x39C5, 0x2944, 
    0x2103, 0x18E2, 0x18C2, 0x18C2, 0x18E3, 0x2103, 0x18E3, 0x2A4B, 0x2A0A, 0x1988, 0x21C9, 0x21E9, 
    0x21A8, 0x1126, 0x1105, 0x1105, 0x1105, 0x1125, 0x1125, 0x1125, 0x10E4, 0x1081, 0xC483, 0xE564, 
    0xDD44, 0xDD44, 0xDD43, 0xDD43, 0xDD43, 0xDD43, 0xDD44, 0xDD64, 0xDD64, 0xDD43, 0xDD43, 0xDD43, 
    0xE584, 0xE584, 0xE584, 0xED84, 0xE584, 0xEDA4, 0xEDA4, 0xE5A4, 0xEDA4, 0xCD04, 0x18A1, 0x6922, 
    0x8962, 0x8942, 0x8942, 0x8142, 0x8942, 0x8942, 0x9142, 0xB1C3, 0xBA03, 0xA9C3, 0x9162, 0x9162, 
    0x9162, 0x9962, 0x28C2, 0x5122, 0x4923, 0x18C3, 0x83AB, 0xC571, 0x8BEC, 0x6B09, 0x2103, 0x3164, 
    0xC571, 0x6B2A, 0x0861, 0x942D, 0xC571, 0x2924, 0x83CB, 0xB510, 0x2924, 0x2944, 0x2924, 0x20E3, 
    0xACCF, 0xB4EF, 0x9C2D, 0xACCF, 0x41E6, 0x6122, 0x20A1, 0x6102, 0x9142, 0x8142, 0x50C2, 0x20E1, 
    0xDD64, 0xEDC4, 0xE5A4, 0x6268, 0x6A4C, 0x830E, 0x8B2F, 0x8B4F, 0x8B2E, 0x934E, 0x7AAE, 0x728E, 
    0x7ACE, 0x6A8D, 0x622C, 0x59EB, 0xC4A6, 0xF5C4, 0xEDA4, 0xE585, 0xE5A5, 0xBC67, 0x8AEC, 0x8B29, 
    0xE585, 0xE5A4, 0xDD64, 0xDD44, 0xE584, 0xE5A4, 0xE5A4, 0xEDA4, 0xE5A4, 0xEDA4, 0xEDA4, 0xEDA4, 
    0xEDA4, 0xEDA4, 0xE5A4, 0xEDA4, 0xE584, 0xE584, 0xE5A4, 0xABC8, 0x9329, 0x82AB, 0x726B, 0x3966, 
    0x18C2, 0x8348, 0x6285, 0x0841, 0x72E7, 0x9BE9, 0x8368, 0x0861, 0x5245, 0x93C9, 0x7307, 0x0861, 
    0x39A4, 0x72E6, 0x2922, 0x2904, 0x6A2A, 0x8AEB, 0x82CB, 0xA3C9, 0xEDA4, 0xE584, 0xE584, 0xE5A4, 
    0xE584, 0xE584, 0xE5A4, 0xEDA4, 0xBC86, 0x9BA8, 0x9BAA, 0x72AD, 0x8B2F, 0x936F, 0x934F, 0x934E, 
    0x934F, 0x8B2E, 0x82EE, 0x7ACE, 0x7ACE, 0x624A, 0xD525, 0xED84, 0xED84, 0xE585, 0x6A4A, 0x726C, 
    0x728C, 0x622C, 0x7AE8, 0xEDA4, 0xE584, 0xE584, 0xE584, 0xE5A4, 0xE5A4, 0xE5A4, 0xEDA4, 0x41A2, 
    0x1106, 0x21C9, 0x2A4B, 0x2187, 0x18C2, 0x2103, 0x3164, 0x8BCC, 0xB4EF, 0x3164, 0x9C4E, 0x62C9, 
    0x2103, 0xACCF, 0x3185, 0x9C8E, 0x6B0A, 0x18C2, 0x5267, 0xACF0, 0x20E3, 0x8BCC, 0x7B6B, 0x5A88, 
    0x9C8E, 0x10A2, 0x18C2, 0x39C5, 0xC591, 0x6B2A, 0x4A47, 0xACF0, 0x4A27, 0xC571, 0xBD51, 0xBD51, 
    0x4A27, 0x39A5, 0x8BCC, 0x83AB, 0x3185, 0x20E3, 0x18E3, 0x324B, 0x2A0A, 0x1988, 0x21C9, 0x21EA, 
    0x21A8, 0x1126, 0x1125, 0x1125, 0x1125, 0x1125, 0x1125, 0x1126, 0x10E5, 0x1081, 0xCCC3, 0xEDA3, 
    0xE583, 0xE583, 0xE583, 0xE583, 0xE583, 0xE583, 0xE584, 0xE584, 0xE583, 0xE583, 0xE583, 0xE583, 
    0xE564, 0xE564, 0xE564, 0xE564, 0xE584, 0xE584, 0xE584, 0xE564, 0xE584, 0xCCE4, 0x18C1, 0x6922, 
    0x8942, 0x8942, 0x8942, 0x8942, 0x8942, 0x8942, 0x8942, 0xB1C3, 0xBA03, 0xA9C3, 0x9162, 0x9162, 
    0x9142, 0x9162, 0x28C2, 0x5122, 0x4123, 0x10C2, 0x83AC, 0xBD51, 0x2103, 0x10A2, 0x18C2, 0x3164, 
    0xBD50, 0x8BED, 0x5A88, 0xACCF, 0xB510, 0x2944, 0x8BED, 0xCDB2, 0xACEF, 0xBD30, 0x8BEC, 0x18E3, 
    0xA4AF, 0xBD10, 0xACCF, 0xA48E, 0x39A5, 0x5922, 0x20A1, 0x6102, 0x8942, 0x8142, 0x50C2, 0x20E1, 
    0xD524, 0xE584, 0xDD85, 0x6A69, 0x624C, 0x728D, 0x82EE, 0x830F, 0x8B2E, 0x8B0E, 0x7ACE, 0x7AAE, 
    0x82EE, 0x7ACE, 0x624D, 0x6A4C, 0x936A, 0x8B48, 0xC485, 0xE5A4, 0xE585, 0xBC87, 0x728A, 0xB446, 
    0xDD64, 0xE564, 0xE585, 0xE584, 0xE564, 0xE584, 0xE584, 0xE584, 0xE584, 0xE584, 0xE584, 0xE584, 
    0xE584, 0xE584, 0xE584, 0xE584, 0xE584, 0xE564, 0xE584, 0xA3A8, 0x8AE9, 0x728B, 0x7A8C, 0x6A4A, 
    0x3966, 0x2902, 0x2102, 0x1082, 0x20E2, 0x3143, 0x2943, 0x0840, 0x18A1, 0x2902, 0x2922, 0x10A2, 
    0x18E3, 0x2102, 0x3124, 0x5A09, 0x7A8B, 0x728B, 0x728B, 0x9B88, 0xE584, 0xE564, 0xE584, 0xE584, 
    0xE584, 0xE584, 0xDD64, 0x9BA8, 0x7ACB, 0x7ACE, 0x7ACE, 0x8B0E, 0x7ACE, 0x82EE, 0x8B0E, 0x830E, 
    0x8B2F, 0x82EE, 0x728D, 0x728D, 0x6A6D, 0x5A2A, 0xD505, 0xE564, 0xE564, 0xDD44, 0xAC26, 0x624A, 
    0x418A, 0x6268, 0xBC65, 0xE564, 0xE564, 0xE564, 0xE564, 0xE564, 0xE564, 0xE564, 0xE584, 0x41A2, 
    0x1105, 0x21C9, 0x2A4B, 0x2167, 0x10A2, 0x4A27, 0x41E6, 0x2103, 0xBD30, 0x41C6, 0x942D, 0x5AA9, 
    0x20E3, 0xACEF, 0x39A5, 0xA48F, 0x6B0A, 0x18E3, 0x3185, 0x9C6E, 0x2123, 0x8BEC, 0x732A, 0x5AA8, 
    0xB511, 0x5268, 0x2944, 0x39A5, 0xBD50, 0x9C4E, 0x5247, 0xA4AF, 0x2103, 0x4A27, 0xBD51, 0x6B2A, 
    0x3185, 0x9C6E, 0x9C4D, 0xA46E, 0x9C4E, 0x2103, 0x18E3, 0x324B, 0x220A, 0x1987, 0x21C9, 0x21EA, 
    0x21A8, 0x1126, 0x1125, 0x1125, 0x1125, 0x1125, 0x1125, 0x1126, 0x10E5, 0x1081, 0xC4A3, 0xE563, 
    0xDD43, 0xDD43, 0xDD43, 0xDD43, 0xDD43, 0xDD43, 0xDD43, 0xDD44, 0xDD44, 0xDD44, 0xDD44, 0xDD43, 
    0xE584, 0xE584, 0xE564, 0xE564, 0xE564, 0xE584, 0xE584, 0xE564, 0xE584, 0xCD04, 0x18C1, 0x6102, 
    0x8142, 0x8942, 0x8942, 0x8942, 0x8942, 0x8942, 0x8942, 0xB1E3, 0xB1E3, 0xA1C3, 0x9162, 0x9162, 
    0x9142, 0x9142, 0x28C2, 0x5122, 0x4123, 0x10C2, 0x7B8B, 0xBD51, 0x2924, 0x18E3, 0x18E3, 0x2123, 
    0x83AB, 0xCD92, 0xD5F3, 0xBD30, 0x4A27, 0x18E3, 0x7BAC, 0xA4CF, 0x8BEC, 0x7B6A, 0x5A88, 0x18E3, 
    0x3185, 0x2944, 0x2124, 0x2103, 0x18C2, 0x5922, 0x20A2, 0x6102, 0x9142, 0x8142, 0x50C1, 0x20E1, 
    0xDD44, 0xE584, 0xDD64, 0x6249, 0x5A0C, 0x728D, 0x7ACE, 0x7ACE, 0x82EE, 0x728D, 0x726D, 0x728D, 
    0x7ACE, 0x82EF, 0x7AAD, 0x82EE, 0x830F, 0x6A8D, 0x8B29, 0xC4A6, 0xEDA5, 0xCD06, 0xB427, 0xE564, 
    0xDD64, 0xE564, 0xE584, 0xE564, 0xE564, 0xE584, 0xE584, 0xE584, 0xE584, 0xE584, 0xE584, 0xE584, 
    0xE584, 0xE584, 0xE584, 0xE584, 0xE584, 0xE584, 0xE584, 0xC486, 0xB427, 0x8AEA, 0x82CB, 0x7AAB, 
    0x6A4A, 0x3125, 0x3966, 0x5A09, 0x3145, 0x3146, 0x3946, 0x51E8, 0x3146, 0x28E4, 0x2905, 0x5A09, 
    0x51C8, 0x3946, 0x6229, 0x7A8B, 0x726A, 0x7A89, 0x9348, 0xB446, 0xE584, 0xE584, 0xC4A6, 0xAC07, 
    0xAC07, 0xBC67, 0xE565, 0x7ACB, 0x7ACE, 0x936F, 0x934F, 0x8B2F, 0x7AAD, 0x728D, 0x728D, 0x72AD, 
    0x7AAE, 0x6A6D, 0x622C, 0x622B, 0x5A0B, 0x8328, 0xDD44, 0xE584, 0xE564, 0xE564, 0xE5A4, 0xA3E6, 
    0x8B46, 0xB445, 0xEDA3, 0xE564, 0xE564, 0xE564, 0xE564, 0xE564, 0xE564, 0xE564, 0xE584, 0x41A2, 
    0x10E5, 0x21A9, 0x2A4B, 0x2187, 0x1082, 0x7B6B, 0xA46E, 0x62A9, 0xBD52, 0x4206, 0x9C4E, 0x5268, 
    0x10A2, 0xACEF, 0x41E6, 0x9C6E, 0x62C9, 0x18C3, 0x18E3, 0x8BED, 0x5A88, 0xA46E, 0x2944, 0x62C9, 
    0xCDD3, 0xC592, 0x6AE9, 0x39A6, 0xBD51, 0xB4EF, 0x732A, 0x9C6E, 0x18E3, 0x3185, 0xB531, 0x2964, 
    0x18C2, 0xACEF, 0x39C6, 0x3164, 0x7B8C, 0x2103, 0x18C3, 0x324B, 0x220A, 0x1987, 0x21C9, 0x21E9, 
    0x21A8, 0x1126, 0x1125, 0x1125, 0x1105, 0x1105, 0x1125, 0x1926, 0x10E5, 0x1081, 0xC4A3, 0xE583, 
    0xE563, 0xDD63, 0xDD43, 0xDD43, 0xDD43, 0xDD43, 0xDD43, 0xDD43, 0xDD64, 0xE563, 0xE563, 0xDD44, 
    0xE5A4, 0xE584, 0xE584, 0xE584, 0xE584, 0xE584, 0xE584, 0xE584, 0xEDA4, 0xCD24, 0x18A1, 0x58E2, 
    0x8122, 0x8142, 0x8942, 0x8942, 0x8942, 0x8142, 0x8942, 0xB1E3, 0xBA03, 0xA9C3, 0x9162, 0x9142, 
    0x8942, 0x9142, 0x28C2, 0x5122, 0x4123, 0x10A2, 0x83AC, 0xBD51, 0x2103, 0x18E3, 0x2103, 0x18E3, 
    0x2944, 0x6B0A, 0x62C9, 0x4A27, 0x18E3, 0x2103, 0x2124, 0x2103, 0x18C2, 0x10A2, 0x18E3, 0x18E3, 
    0x18C2, 0x18C2, 0x1903, 0x2103, 0x20E3, 0x6942, 0x28C2, 0x6102, 0x9142, 0x8142, 0x50C1, 0x20E1, 
    0xDD44, 0xEDA4, 0xE584, 0x5A29, 0x51EB, 0x6A4C, 0x6A4C, 0x726C, 0x7AAD, 0x6A6D, 0x622C, 0x6A6D, 
    0x7AEE, 0x7AAE, 0x932F, 0x9B6F, 0x9390, 0x8B2F, 0x5A2C, 0x8B68, 0xF5E5, 0xE5A5, 0xE564, 0xE564, 
    0xE584, 0xE584, 0xE584, 0xE584, 0xE584, 0xEDA4, 0xEDA4, 0xEDA4, 0xE584, 0xE584, 0xE5A4, 0xE584, 
    0xED84, 0xEDA4, 0xEDA4, 0xEDA4, 0xE5A4, 0xE584, 0xE584, 0xEDA4, 0xE584, 0xABE8, 0x9329, 0x7ACA, 
    0x7A8B, 0x7AAB, 0x728B, 0x728B, 0x7AAC, 0x7AAC, 0x728B, 0x728B, 0x728C, 0x728B, 0x726B, 0x726B, 
    0x7AAC, 0x7AAC, 0x82CB, 0x82EB, 0x82C9, 0x9328, 0xC4A6, 0xEDA4, 0xE583, 0xCCC5, 0x8B2B, 0x726E, 
    0x728D, 0x830D, 0xC4A8, 0x7ACC, 0x830E, 0x8B0F, 0x934F, 0x8B0F, 0x82EE, 0x7ACD, 0x7ACD, 0x72AD, 
    0x622C, 0x6A6D, 0x6A6D, 0x59EA, 0x51C9, 0xD525, 0xED84, 0xE584, 0xE584, 0xE584, 0xE5A4, 0xEDC4, 
    0xEDC4, 0xEDA4, 0xE584, 0xE584, 0xE584, 0xE584, 0xE584, 0xE584, 0xE584, 0xE584, 0xED84, 0x41A2, 
    0x10E5, 0x21C9, 0x2A4B, 0x29A7, 0x18E2, 0x2103, 0x8BEC, 0xB4F0, 0x942D, 0x2944, 0x6B0A, 0x9C4D, 
    0x83AB, 0xBD30, 0x41E6, 0xA48E, 0x6B0A, 0x18C2, 0x18C2, 0x6B0A, 0x8BEC, 0xA48F, 0x2103, 0x62E9, 
    0x9C6E, 0x2944, 0x2124, 0x41E6, 0xB510, 0x940D, 0xC550, 0x9C6E, 0x2103, 0x3185, 0xB510, 0x3184, 
    0x18C3, 0xA4AF, 0x83CC, 0x2944, 0x18C2, 0x18E3, 0x18C3, 0x2A4B, 0x21EA, 0x1987, 0x21A8, 0x21E9, 
    0x2188, 0x1926, 0x1125, 0x1125, 0x1105, 0x1125, 0x1925, 0x1926, 0x1105, 0x1081, 0xCCE3, 0xEDA3, 
    0xE583, 0xE583, 0xE563, 0xE563, 0xE563, 0xE563, 0xE563, 0xE563, 0xE563, 0xE583, 0xE583, 0xE583, 
    0xE564, 0xE564, 0xDD64, 0xDD64, 0xDD64, 0xDD64, 0xDD64, 0xDD64, 0xE564, 0xC4E4, 0x10A1, 0x58E1, 
    0x8942, 0x8942, 0x8942, 0x8942, 0x8142, 0x8142, 0x8942, 0xB1E3, 0xBA03, 0xA9C3, 0x9162, 0x9142, 
    0x9142, 0x9142, 0x28C2, 0x5922, 0x4923, 0x18E3, 0x41E6, 0x5267, 0x20E3, 0x18E3, 0x2103, 0x2103, 
    0x18E3, 0x10A2, 0x10C2, 0x18E3, 0x2103, 0x18C3, 0x18E3, 0x20E3, 0x20E3, 0x2903, 0x3103, 0x28E3, 
    0x30E2, 0x5122, 0x6143, 0x6142, 0x6142, 0x7142, 0x20C2, 0x6102, 0x9142, 0x8142, 0x50C1, 0x20E1, 
    0xD524, 0xE584, 0xDD64, 0xAC25, 0x6248, 0x49AA, 0x5A0B, 0x6A4C, 0x6A6D, 0x622C, 0x51CB, 0x6A8D, 
    0x72AE, 0x82EE, 0x934F, 0x8B2F, 0x82EF, 0x72CE, 0x59EB, 0x7AE9, 0xAC28, 0xAC07, 0xD525, 0xDD64, 
    0xDD64, 0xDD64, 0xDD04, 0xDD24, 0xE564, 0xE584, 0xE584, 0xE584, 0xE584, 0xE564, 0xE564, 0xE564, 
    0xE564, 0xE584, 0xE584, 0xE584, 0xE584, 0xE584, 0xE584, 0xE584, 0xE564, 0xDD45, 0xDD65, 0xA3C8, 
    0x7AAA, 0x82CA, 0x7AAA, 0x7AAA, 0x7ACB, 0x7ACB, 0x7AAB, 0x7A8A, 0x7AAB, 0x7ACB, 0x7ACB, 0x7AAB, 
    0x7A8B, 0x728A, 0x8AEA, 0x9349, 0xCCE6, 0xDD44, 0xDD65, 0xDD64, 0xDD63, 0x8308, 0x7ACE, 0x9B8F, 
    0x9BB0, 0x8B4F, 0x728D, 0x6A6D, 0x6A8D, 0x6A6D, 0x7AAE, 0x830E, 0x82EE, 0x82CE, 0x8B2F, 0x72AD, 
    0x51CA, 0x51EA, 0x51EB, 0x4169, 0x5A07, 0xD504, 0xE564, 0xDD64, 0xDD64, 0xE564, 0xE564, 0xE584, 
    0xE584, 0xDD64, 0xDD64, 0xDD64, 0xE564, 0xE564, 0xE564, 0xE564, 0xDD64, 0xDD64, 0xE564, 0x41A2, 
    0x1106, 0x21C9, 0x2A2B, 0x2187, 0x18C2, 0x20E3, 0x18E3, 0x2103, 0x2124, 0x2103, 0x2103, 0x732A, 
    0x9C4E, 0x6B0A, 0x2123, 0xA48E, 0xBD30, 0xACCF, 0x4A47, 0x5A88, 0xCDD3, 0x83CC, 0x18C2, 0x62C9, 
    0x9C4D, 0x1081, 0x10A2, 0x41E6, 0xACCF, 0x4206, 0xBD30, 0xA48F, 0x2123, 0x2964, 0xB4F0, 0x3185, 
    0x18C2, 0x31A5, 0xA4AF, 0xA4AF, 0x3185, 0x18C2, 0x18E3, 0x324B, 0x2A0A, 0x1987, 0x21A9, 0x21C9, 
    0x2188, 0x1946, 0x1125, 0x1125, 0x1125, 0x1125, 0x1925, 0x1926, 0x10E5, 0x1081, 0xC483, 0xE564, 
    0xDD44, 0xDD44, 0xDD44, 0xDD44, 0xDD44, 0xDD43, 0xDD43, 0xDD43, 0xDD44, 0xDD44, 0xDD44, 0xDD44, 
    0xE584, 0xE584, 0xE584, 0xE564, 0xE584, 0xE584, 0xE584, 0xE584, 0xE584, 0xCD04, 0x18A1, 0x50E1, 
    0x8942, 0x8942, 0x8142, 0x8942, 0x8142, 0x8142, 0x8942, 0xB1E3, 0xBA03, 0xA9C3, 0x9162, 0x9162, 
    0x8962, 0x9162, 0x28A1, 0x5122, 0x4943, 0x2103, 0x18C2, 0x10C2, 0x18E3, 0x18E3, 0x18E3, 0x20E3, 
    0x20E2, 0x20E2, 0x38E2, 0x3902, 0x10C2, 0x0861, 0x0841, 0x28C2, 0x6942, 0x7142, 0x7162, 0x6942, 
    0x6942, 0x7962, 0x7142, 0x5902, 0x4902, 0x6122, 0x20A1, 0x6102, 0x8942, 0x8142, 0x50C2, 0x2101, 
    0xDD44, 0xE584, 0xE584, 0xEDA4, 0x8306, 0x4989, 0x51CA, 0x5A0B, 0x5A2B, 0x4169, 0x4189, 0x622C, 
    0x7ACE, 0x82EE, 0x8B2F, 0x8B4F, 0x830F, 0x624D, 0x6A6D, 0x82EE, 0x72AD, 0x59EB, 0x8B48, 0xE5A5, 
    0xE584, 0xE584, 0xAAC1, 0xCC63, 0xEDC4, 0xE584, 0xE584, 0xE584, 0xE584, 0xE584, 0xE584, 0xE584, 
    0xE584, 0xE584, 0xE584, 0xE584, 0xE584, 0xE584, 0xE584, 0xE584, 0xE584, 0xE584, 0xE5A4, 0xD525, 
    0xCCE5, 0xCCE6, 0xD4E5, 0xC4A6, 0x9329, 0xA369, 0x930A, 0x7A8B, 0x7A8B, 0x7ACB, 0x932B, 0xB3C7, 
    0xCCC6, 0xCCC5, 0xCCE5, 0xD505, 0xE565, 0xE584, 0xE584, 0xE564, 0xE584, 0x8308, 0x728D, 0x830E, 
    0x8B2F, 0x82EE, 0x7AAE, 0x934F, 0x7AAD, 0x624C, 0x7ACE, 0x82EE, 0x7ACE, 0x7AAD, 0x8B0E, 0x7ACD, 
    0x5A0B, 0x49C9, 0x8327, 0x9366, 0xD504, 0xE564, 0xE584, 0xE584, 0xE584, 0xE584, 0xE584, 0xE584, 
    0xE584, 0xE584, 0xE564, 0xE584, 0xE584, 0xE584, 0xE584, 0xE584, 0xE584, 0xE584, 0xED84, 0x41A2, 
    0x10E5, 0x21A9, 0x2A2B, 0x2A0A, 0x1904, 0x10A2, 0x18C2, 0x18E3, 0x20E3, 0x2103, 0x2103, 0x18E3, 
    0x2103, 0x2103, 0x2123, 0x39A5, 0x4206, 0x5A88, 0x39A5, 0x3185, 0xB511, 0x41E6, 0x1081, 0x5AA8, 
    0xC571, 0x942D, 0x7B6B, 0x41E6, 0xB4EF, 0x2123, 0x9C4E, 0xACD0, 0x2103, 0x2944, 0xB510, 0x39C5, 
    0x20E3, 0x10A2, 0x2923, 0x8BCC, 0x9C6E, 0x2103, 0x10C3, 0x324B, 0x2A0A, 0x1988, 0x21C9, 0x21C9, 
    0x2188, 0x1126, 0x1125, 0x1125, 0x1125, 0x1125, 0x1125, 0x1925, 0x10E5, 0x1081, 0xC4C3, 0xEDA4, 
    0xE584, 0xE584, 0xE564, 0xE564, 0xE564, 0xE583, 0xE564, 0xE563, 0xE564, 0xE564, 0xE564, 0xE563, 
    0xE584, 0xE584, 0xE584, 0xE584, 0xE584, 0xE584, 0xE584, 0xE584, 0xE5A4, 0xCD04, 0x18A1, 0x50E1, 
    0x8142, 0x8122, 0x8142, 0x8942, 0x8942, 0x8142, 0x8942, 0xB1E3, 0xBA03, 0xA9C3, 0x9162, 0x9162, 
    0x9142, 0x9142, 0x28A1, 0x5122, 0x4943, 0x18E3, 0x20E3, 0x3102, 0x3903, 0x4102, 0x4902, 0x6122, 
    0x7942, 0x6942, 0x6942, 0x2881, 0x18A1, 0x9B41, 0x6221, 0x0841, 0x4902, 0x7942, 0x6942, 0x6942, 
    0x7142, 0x7962, 0x7162, 0x6122, 0x6122, 0x6942, 0x20A1, 0x6102, 0x9142, 0x8142, 0x50E2, 0x20E1, 
    0xDD44, 0xEDA4, 0xE5A4, 0xE584, 0xDD44, 0xB465, 0x4168, 0x4169, 0x51C9, 0x8B25, 0x49C9, 0x5A2C, 
    0x6A6D, 0x6A4C, 0x728D, 0x82EE, 0x7ACE, 0x728D, 0x8B2F, 0x9370, 0x830E, 0x728D, 0x6A4A, 0xDD46, 
    0xE584, 0xE584, 0xBBC2, 0xCC03, 0xED84, 0xE584, 0xE584, 0xE584, 0xE584, 0xED84, 0xE584, 0xE584, 
    0xE584, 0xE584, 0xE584, 0xE584, 0xE584, 0xE584, 0xE584, 0xE584, 0xE584, 0xE584, 0xE584, 0xE584, 
    0xE584, 0xE584, 0xED84, 0xE584, 0xCCC6, 0xA3A8, 0x9349, 0x7AAB, 0x728B, 0x7AAB, 0x7AAA, 0x9348, 
    0xE565, 0xEDA4, 0xE584, 0xE584, 0xE584, 0xE584, 0xE584, 0xE584, 0xE584, 0xC4C5, 0x72AA, 0x6A4C, 
    0x728D, 0x7AAE, 0x8B0E, 0x8B2E, 0x8B0E, 0x7AAD, 0x6A6D, 0x6A8D, 0x6A4C, 0x624C, 0x728D, 0x7ACD, 
    0x7AAD, 0x624C, 0x72A9, 0xDD44, 0xED84, 0xE564, 0xE564, 0xE584, 0xE584, 0xE584, 0xE5A4, 0xBBC3, 
    0xDD44, 0xE584, 0xE584, 0xE584, 0xE584, 0xE584, 0xE584, 0xE584, 0xE584, 0xE564, 0xE584, 0x41A1, 
    0x08E5, 0x21A9, 0x2A2B, 0x326C, 0x29E9, 0x29C8, 0x21A8, 0x2166, 0x1904, 0x18E3, 0x18E3, 0x18C2, 
    0x18C2, 0x18E3, 0x2103, 0x18E3, 0x18C2, 0x18A2, 0x20E3, 0x2123, 0x2944, 0x2103, 0x18C2, 0x3185, 
    0x62E9, 0x7B8B, 0x7B6B, 0x4206, 0xB510, 0x2944, 0x62C9, 0xACD0, 0x18E2, 0x2944, 0xBD31, 0x41E6, 
    0x2103, 0x734A, 0x2923, 0x4A07, 0xB511, 0x2924, 0x10C3, 0x2A2B, 0x2A0A, 0x1988, 0x21C9, 0x21C9, 
    0x1988, 0x1126, 0x1105, 0x1125, 0x1125, 0x1125, 0x1125, 0x1125, 0x1105, 0x1081, 0xC4C3, 0xE584, 
    0xE584, 0xE584, 0xE564, 0xE584, 0xE584, 0xE563, 0xE564, 0xE564, 0xE564, 0xE564, 0xE563, 0xE563, 
    0xDD64, 0xDD64, 0xDD64, 0xDD64, 0xDD64, 0xDD64, 0xDD64, 0xDD64, 0xE584, 0xC4E4, 0x10A1, 0x58E1, 
    0x8122, 0x8122, 0x8142, 0x8142, 0x8142, 0x8942, 0x8942, 0xB1E3, 0xBA03, 0xA9C3, 0x9162, 0x9162, 
    0x8942, 0x9142, 0x28A2, 0x5122, 0x6143, 0x5122, 0x6942, 0x6943, 0x7142, 0x7142, 0x6122, 0x6922, 
    0x7142, 0x7962, 0x4902, 0x1080, 0x9321, 0xC421, 0xABA1, 0x4181, 0x1061, 0x6122, 0x7142, 0x7142, 
    0x7142, 0x7162, 0x7163, 0x7162, 0x7142, 0x7142, 0x20A1, 0x5902, 0x9162, 0x8142, 0x48C2, 0x20E1, 
    0xD524, 0xE584, 0xE584, 0xE564, 0xE564, 0xDD44, 0xB445, 0xB445, 0xC4A5, 0xCD05, 0x51E9, 0x51CB, 
    0x5A0B, 0x622C, 0x7AAD, 0x82EE, 0x728D, 0x7AAE, 0x8B2F, 0x8B0F, 0x7AEE, 0x7ACE, 0x6A6C, 0x8329, 
    0xDD45, 0xE584, 0xCC43, 0xAA40, 0xCC23, 0xE584, 0xE564, 0xE564, 0xE564, 0xE564, 0xE564, 0xE564, 
    0xE564, 0xE564, 0xE584, 0xE584, 0xE584, 0xE564, 0xE564, 0xE564, 0xE564, 0xE564, 0xE564, 0xE564, 
    0xE564, 0xE584, 0xC4A5, 0xA3C7, 0x9B88, 0x82CA, 0x7AAB, 0x6A6B, 0x624B, 0x624B, 0x622A, 0x82E9, 
    0xDD45, 0xE564, 0xE564, 0xE564, 0xE564, 0xE584, 0xE584, 0xE564, 0xE564, 0xE584, 0x7AC8, 0x49AA, 
    0x624C, 0x8B4F, 0x936F, 0x8B0E, 0x7ACD, 0x6A6C, 0x622C, 0x622C, 0x5A0B, 0x6A4C, 0x6A6D, 0x728D, 
    0x72AD, 0x624C, 0x51EA, 0xCCE5, 0xE564, 0xDD44, 0xDD44, 0xDD64, 0xE564, 0xE584, 0xDD04, 0xAA81, 
    0xDD44, 0xE564, 0xE564, 0xDD64, 0xE564, 0xE564, 0xE584, 0xE564, 0xDD64, 0xDD44, 0xDD64, 0x41A2, 
    0x10E5, 0x21A9, 0x2A2B, 0x2A2B, 0x21A8, 0x2A0A, 0x2A0A, 0x220A, 0x2A0A, 0x2A2B, 0x2A0A, 0x21C8, 
    0x21A8, 0x1925, 0x1925, 0x1904, 0x18E3, 0x10A2, 0x18C2, 0x10A2, 0x18C2, 0x18E3, 0x20E3, 0x18E3, 
    0x10A2, 0x10A2, 0x10A2, 0x2103, 0x39C6, 0x2124, 0x3185, 0x62C9, 0x18C2, 0x3164, 0xB511, 0x39C6, 
    0x18E3, 0x9C4D, 0x8BEC, 0x8BEC, 0xACCF, 0x2123, 0x10C3, 0x324B, 0x2A0B, 0x1988, 0x21C9, 0x21C9, 
    0x1988, 0x1125, 0x1105, 0x1125, 0x1125, 0x1125, 0x1125, 0x1125, 0x10E5, 0x1081, 0xBC83, 0xDD64, 
    0xDD44, 0xDD44, 0xDD44, 0xDD44, 0xDD44, 0xDD43, 0xDD43, 0xDD44, 0xDD44, 0xDD44, 0xDD44, 0xDD44, 
    0xE584, 0xE584, 0xE564, 0xE584, 0xE584, 0xE584, 0xE584, 0xE584, 0xEDA4, 0xCD04, 0x10A1, 0x58E1, 
    0x7922, 0x8122, 0x8122, 0x8942, 0x8122, 0x8142, 0x8942, 0xB1E3, 0xBA03, 0xA9C3, 0x9142, 0x8942, 
    0x8942, 0x9142, 0x28C2, 0x5102, 0x6122, 0x5922, 0x6942, 0x6942, 0x6942, 0x6922, 0x6942, 0x6942, 
    0x7142, 0x7142, 0x18A2, 0x6A41, 0xBC01, 0xBBE1, 0xBBE1, 0x9B41, 0x2921, 0x30C2, 0x7162, 0x7142, 
    0x7142, 0x7142, 0x7162, 0x7962, 0x7142, 0x6942, 0x20A1, 0x6102, 0x9142, 0x8122, 0x48C2, 0x20E1, 
    0xDD64, 0xEDA4, 0xE5A4, 0xE5A4, 0xE584, 0xE584, 0xEDA4, 0xE5A4, 0xE584, 0xDD44, 0xA3A6, 0x49A9, 
    0x51EB, 0x728D, 0x8B2F, 0x830F, 0x7ACE, 0x7ACE, 0x7ACE, 0x7ACE, 0x72AD, 0x728D, 0x622C, 0x6228, 
    0xDD44, 0xE5A4, 0xDD04, 0xBAE1, 0xBB21, 0xD4C3, 0xEDA4, 0xE584, 0xE584, 0xE584, 0xE584, 0xE584, 
    0xE584, 0xE584, 0xE5A4, 0xEDA4, 0xE5A4, 0xE5A4, 0xE584, 0xE584, 0xE584, 0xE584, 0xE584, 0xE584, 
    0xE584, 0xDD45, 0xABE7, 0x82AA, 0x7A8B, 0x726B, 0x728B, 0x728B, 0x728A, 0x82E9, 0x9BA8, 0xC486, 
    0xE564, 0xE584, 0xE584, 0xE584, 0xE584, 0xE584, 0xE584, 0xEDA4, 0xBC66, 0x9368, 0x7ACB, 0x728C, 
    0x7ACD, 0x8B2E, 0x934F, 0x7ACE, 0x728D, 0x6A4C, 0x620B, 0x59EB, 0x51EB, 0x624C, 0x6A8D, 0x6A6D, 
    0x622C, 0x51EA, 0x49C9, 0xD525, 0xEDA4, 0xE584, 0xE584, 0xE584, 0xE5A4, 0xE544, 0xBB82, 0xBB62, 
    0xE584, 0xE584, 0xE584, 0xE584, 0xE584, 0xE584, 0xE584, 0xE584, 0xE584, 0xE584, 0xE5A4, 0x41A2, 
    0x10E5, 0x21A9, 0x2A0A, 0x2A2B, 0x21A8, 0x2A2A, 0x220A, 0x21EA, 0x21EA, 0x2A0A, 0x2A0A, 0x2A0B, 
    0x2A0A, 0x2A2B, 0x2A0B, 0x29EA, 0x29EA, 0x21C9, 0x21A8, 0x1967, 0x1966, 0x2166, 0x2166, 0x1903, 
    0x10C2, 0x10A2, 0x10A2, 0x18C2, 0x18E3, 0x2103, 0x18C2, 0x1082, 0x18E3, 0x2924, 0x39A5, 0x2924, 
    0x18C2, 0x3185, 0x7B6B, 0x8BEC, 0x4A26, 0x18E2, 0x18E3, 0x324B, 0x2A0A, 0x1987, 0x21A8, 0x21E9, 
    0x21A8, 0x1126, 0x1105, 0x1105, 0x1105, 0x1125, 0x1925, 0x1125, 0x10E5, 0x1081, 0xC4C3, 0xEDA4, 
    0xE584, 0xE564, 0xE564, 0xE564, 0xE564, 0xE563, 0xE584, 0xE564, 0xE564, 0xE563, 0xE563, 0xE583, 
    0xE584, 0xE564, 0xE564, 0xE564, 0xE584, 0xE584, 0xE584, 0xE584, 0xEDA4, 0xCD04, 0x10A1, 0x6101, 
    0x8122, 0x8942, 0x8142, 0x8122, 0x8122, 0x8122, 0x8942, 0xB1E3, 0xBA03, 0xA1A3, 0x8942, 0x8942, 
    0x8942, 0x9142, 0x28C2, 0x5102, 0x6122, 0x5922, 0x7142, 0x7142, 0x7142, 0x7142, 0x7142, 0x6942, 
    0x7163, 0x4902, 0x2941, 0xB3C1, 0xB3C1, 0xA361, 0xABA1, 0xC401, 0x82E1, 0x20C1, 0x5922, 0x7142, 
    0x6942, 0x7142, 0x7942, 0x7942, 0x7962, 0x7142, 0x20A2, 0x6102, 0x9162, 0x8142, 0x50E2, 0x2101, 
    0xDD44, 0xEDA4, 0xE5A4, 0xE584, 0xE584, 0xE584, 0xE584, 0xE584, 0xE584, 0xE584, 0xCCE5, 0x51C9, 
    0x624C, 0x82EE, 0x830E, 0x82EE, 0x8B2F, 0x7ACE, 0x728D, 0x728D, 0x6A6D, 0x6A4C, 0x51EB, 0x5A08, 
    0xDD44, 0xE584, 0xE5A4, 0xB322, 0xB2A1, 0xC3A2, 0xE584, 0xE584, 0xE584, 0xE584, 0xE584, 0xE584, 
    0xD483, 0xE584, 0xE584, 0xE584, 0xE584, 0xE584, 0xE584, 0xE584, 0xE584, 0xE584, 0xE584, 0xE584, 
    0xE584, 0x9349, 0x82CB, 0x82CB, 0x82EB, 0x728B, 0x726A, 0x7A8A, 0x9328, 0xBC47, 0xEDA4, 0xE584, 
    0xE564, 0xE584, 0xE584, 0xE584, 0xE584, 0xE564, 0xE584, 0xDD45, 0x82EA, 0x6A6D, 0x82EE, 0x8B4F, 
    0x8B2E, 0x82EE, 0x82EE, 0x728C, 0x6A6C, 0x624C, 0x51EB, 0x49A9, 0x49CA, 0x5A0B, 0x624C, 0x622B, 
    0x51EB, 0x51EA, 0x7AE7, 0xDD44, 0xE584, 0xE584, 0xE584, 0xE564, 0xE544, 0xC3C2, 0xAA80, 0xDD24, 
    0xE584, 0xE583, 0xE583, 0xE584, 0xE584, 0xE584, 0xE584, 0xE584, 0xE584, 0xE584, 0xE5A4, 0x41A1, 
    0x08E5, 0x21A9, 0x2A2B, 0x2A2B, 0x21A9, 0x2A2B, 0x21EA, 0x21EA, 0x29EA, 0x21EA, 0x21EA, 0x21EA, 
    0x2A0A, 0x21C9, 0x1967, 0x1967, 0x21A9, 0x29EA, 0x2A0B, 0x2A0A, 0x2A0A, 0x2A0A, 0x2A0A, 0x21E9, 
    0x21C9, 0x1966, 0x1925, 0x10E4, 0x1904, 0x1904, 0x10C3, 0x10A2, 0x18C2, 0x18E3, 0x18E2, 0x2103, 
    0x2123, 0x20E3, 0x18A2, 0x18C2, 0x18C2, 0x2103, 0x1904, 0x324B, 0x29EA, 0x1967, 0x21C9, 0x29EA, 
    0x2188, 0x1126, 0x1105, 0x1105, 0x1105, 0x1125, 0x1125, 0x1125, 0x10E5, 0x1081, 0xC4A3, 0xE584, 
    0xE564, 0xE563, 0xE563, 0xE563, 0xE564, 0xE563, 0xE564, 0xE563, 0xE563, 0xE563, 0xE563, 0xE563, 
    0xDD64, 0xDD44, 0xDD64, 0xE564, 0xE564, 0xE564, 0xE564, 0xE564, 0xE584, 0xCD04, 0x10A1, 0x6902, 
    0x7922, 0x8122, 0x8122, 0x8142, 0x8142, 0x8122, 0x9162, 0xB1C3, 0xBA03, 0xA9C3, 0x8942, 0x8942, 
    0x8942, 0x9142, 0x28C2, 0x5122, 0x7142, 0x6942, 0x7142, 0x7142, 0x7142, 0x6942, 0x7142, 0x7962, 
    0x6142, 0x0841, 0x9321, 0xCC61, 0xA3A1, 0x3121, 0xAB81, 0xBC01, 0xC421, 0x49C1, 0x2081, 0x6942, 
    0x7142, 0x7142, 0x7142, 0x7142, 0x7142, 0x7142, 0x20A1, 0x5902, 0x9162, 0x7922, 0x50E2, 0x2101, 
    0xDD24, 0xE584, 0xE584, 0xE584, 0xE584, 0xE564, 0xDD64, 0xCCE4, 0xABE7, 0x9BC9, 0xBC88, 0x72AD, 
    0x830F, 0x82EE, 0x728D, 0x7ACE, 0x830E, 0x7ACE, 0x5A0B, 0x5A2B, 0x5A2B, 0x51CA, 0x51CA, 0x8327, 
    0xDD44, 0xDD44, 0xDD64, 0xAAE2, 0xBB01, 0xBAE1, 0xCC43, 0xE584, 0xE564, 0xE564, 0xE584, 0xDD04, 
    0xB2C1, 0xDD04, 0xE584, 0xE584, 0xE564, 0xE564, 0xE564, 0xE584, 0xE564, 0xE564, 0xE564, 0xE564, 
    0xE564, 0x8B29, 0x726A, 0x728A, 0x728B, 0x830A, 0x8B29, 0xA368, 0xD505, 0xE564, 0xE564, 0xE564, 
    0xE564, 0xE564, 0xE564, 0xE564, 0xE584, 0xE584, 0xDD64, 0xA3C8, 0x624D, 0x9B8E, 0x9B4E, 0x8B0E, 
    0x7ACE, 0x7ACD, 0x7AAC, 0x6A4B, 0x6A6C, 0x5A2B, 0x5A0B, 0x4169, 0x3968, 0x49CA, 0x49CA, 0x49AA, 
    0x51E9, 0x7AE7, 0xE564, 0xE563, 0xDD64, 0xE564, 0xE564, 0xE584, 0xCC63, 0xAAA1, 0xB2C1, 0xDD04, 
    0xE584, 0xDD64, 0xE564, 0xE564, 0xE584, 0xE564, 0xE564, 0xE564, 0xDD64, 0xDD64, 0xE564, 0x41A1, 
    0x10E5, 0x21A9, 0x2A2B, 0x324B, 0x21A9, 0x2A0A, 0x21EA, 0x21EA, 0x29EA, 0x2A0A, 0x29EA, 0x21EA, 
    0x21E9, 0x1104, 0x3941, 0x3941, 0x2102, 0x18E2, 0x18E3, 0x10E4, 0x10E5, 0x10E5, 0x1968, 0x19A8, 
    0x21C9, 0x2A0B, 0x2A0B, 0x220A, 0x21EA, 0x21EA, 0x21EA, 0x21C9, 0x1967, 0x10E4, 0x10E3, 0x1904, 
    0x2125, 0x2124, 0x18E2, 0x18C2, 0x18E2, 0x2103, 0x1904, 0x324B, 0x29EA, 0x1987, 0x21C9, 0x21E9, 
    0x2188, 0x1105, 0x1125, 0x1125, 0x1125, 0x1125, 0x1126, 0x1125, 0x10E5, 0x1081, 0xBC83, 0xDD64, 
    0xDD43, 0xDD43, 0xDD43, 0xDD43, 0xDD43, 0xDD43, 0xDD44, 0xDD43, 0xDD43, 0xDD43, 0xDD44, 0xDD44, 
    0xE584, 0xE584, 0xE584, 0xE584, 0xE5A4, 0xE5A4, 0xE5A4, 0xE584, 0xEDA4, 0xCD24, 0x18A1, 0x6901, 
    0x8122, 0x8122, 0x8122, 0x8142, 0x8942, 0x8942, 0x8942, 0xB1C3, 0xB1E3, 0xA1A3, 0x9162, 0x9142, 
    0x8942, 0x8942, 0x28A2, 0x5122, 0x7962, 0x7142, 0x7142, 0x7142, 0x6942, 0x7142, 0x7142, 0x7962, 
    0x2081, 0x3961, 0xB3C1, 0xC421, 0xB3E1, 0x18C1, 0x7AA1, 0xC421, 0xBBE1, 0x8B21, 0x0881, 0x4902, 
    0x7942, 0x7142, 0x7142, 0x6922, 0x6942, 0x7142, 0x20A2, 0x6102, 0x9162, 0x8122, 0x48C1, 0x20E1, 
    0xDD64, 0xEDA4, 0xEDA4, 0xEDA4, 0xEDA4, 0xE584, 0xEDA3, 0x9388, 0x622C, 0x8B0E, 0x830E, 0x9B8F, 
    0x934F, 0x82EE, 0x82EE, 0x728D, 0x7ACE, 0x830F, 0x5A0B, 0x4989, 0x4169, 0x51C8, 0xA3C6, 0xEDA4, 
    0xE584, 0xE564, 0xE584, 0xD4A4, 0xBB01, 0xC360, 0xAA81, 0xD4E3, 0xEDC4, 0xEDA5, 0xEDC5, 0xC3E3, 
    0xA200, 0xBB82, 0xEDC4, 0xE5A4, 0xE584, 0xE584, 0xE584, 0xE584, 0xE584, 0xE584, 0xE584, 0xE584, 
    0xE584, 0x8B29, 0x7AAA, 0x82CA, 0x8B0A, 0xCCA6, 0xE585, 0xE584, 0xE584, 0xE584, 0xE584, 0xE584, 
    0xE584, 0xE584, 0xE584, 0xE584, 0xEDA4, 0xEDA4, 0xCCC5, 0x59EA, 0x8B0D, 0x9B4D, 0x932D, 0x8B2E, 
    0x82ED, 0x7AAD, 0x624B, 0x5A0B, 0x59EB, 0x59EB, 0x49AA, 0x4169, 0xA3E5, 0x7287, 0x6248, 0x5A28, 
    0x9366, 0xEDA4, 0xE584, 0xE584, 0xE584, 0xE584, 0xE584, 0xDCC4, 0xB2C1, 0xC321, 0xAAA1, 0xE584, 
    0xE584, 0xE584, 0xE584, 0xE583, 0xE584, 0xE584, 0xE584, 0xE584, 0xE584, 0xE584, 0xE584, 0x41A1, 
    0x10E5, 0x21A9, 0x2A2B, 0x2A2B, 0x21A9, 0x2A0A, 0x21E9, 0x21EA, 0x2A0A, 0x2A0A, 0x29EA, 0x2A0A, 
    0x1105, 0x59E1, 0xBC01, 0xD4A2, 0xCC82, 0xB3E2, 0xABA1, 0x9341, 0x5A21, 0x49C1, 0x3961, 0x2921, 
    0x18C2, 0x1105, 0x1126, 0x1146, 0x1126, 0x1967, 0x1988, 0x21EA, 0x2A2B, 0x220A, 0x21EA, 0x220A, 
    0x2A0B, 0x21E9, 0x1945, 0x1905, 0x1904, 0x1904, 0x2187, 0x324C, 0x2A0A, 0x1988, 0x21C9, 0x21E9, 
    0x1987, 0x1125, 0x1126, 0x1125, 0x1125, 0x1105, 0x1125, 0x1125, 0x1105, 0x1081, 0xCCC3, 0xED83, 
    0xE583, 0xE583, 0xE583, 0xE583, 0xE583, 0xE583, 0xE583, 0xE563, 0xE583, 0xE583, 0xE583, 0xE584, 
    0xE584, 0xE584, 0xE584, 0xE584, 0xE584, 0xE584, 0xE584, 0xE584, 0xE584, 0xCD04, 0x10A1, 0x60E1, 
    0x8122, 0x8922, 0x8942, 0x8942, 0x8942, 0x8942, 0x8962, 0xB1C3, 0xBA03, 0xA9A3, 0x9162, 0x9162, 
    0x8942, 0x8942, 0x28A2, 0x5102, 0x7962, 0x7142, 0x7142, 0x7142, 0x7142, 0x7142, 0x7142, 0x6122, 
    0x20A1, 0x82E1, 0xB3C1, 0xB3C0, 0x82E1, 0x2102, 0x2102, 0xAB81, 0xA381, 0xBBE0, 0x51E1, 0x28A2, 
    0x6942, 0x7142, 0x7142, 0x7142, 0x7142, 0x7942, 0x20A1, 0x6102, 0x9142, 0x8142, 0x50C2, 0x20E1, 
    0xDD44, 0xE5A4, 0xE584, 0xE584, 0xE584, 0xE584, 0xCCC5, 0x8B2B, 0x934F, 0x9B8F, 0x934E, 0x8B2E, 
    0x8B2E, 0x934F, 0x830E, 0x82EE, 0x72AD, 0x728D, 0x6A8D, 0x49CA, 0x8307, 0xBC64, 0xE583, 0xE584, 
    0xE584, 0xE564, 0xE584, 0xE5A5, 0xB2E2, 0xC320, 0xB2E1, 0xB302, 0xE584, 0xEDA5, 0xDD24, 0xB321, 
    0xB2E1, 0xB322, 0xE5A4, 0xE584, 0xE584, 0xE564, 0xE564, 0xE564, 0xE584, 0xE584, 0xE584, 0xE584, 
    0xE584, 0xAC07, 0x7AAA, 0x7AAA, 0x82EA, 0xA3C8, 0xD506, 0xE5A4, 0xE584, 0xE584, 0xE584, 0xE584, 
    0xE584, 0xE584, 0xE584, 0xE584, 0xE584, 0xE584, 0xC4C5, 0x59EA, 0x82CD, 0x8B2E, 0x934E, 0x934D, 
    0x82CC, 0x7ACD, 0x6A4B, 0x49A9, 0x49AA, 0x51CA, 0x4988, 0x72C6, 0xD504, 0xE584, 0xDD44, 0xDD44, 
    0xE564, 0xE584, 0xE584, 0xE584, 0xE564, 0xE564, 0xDD24, 0xAAA1, 0xCB61, 0xBAE1, 0xBBA2, 0xE564, 
    0xE564, 0xE584, 0xE584, 0xE564, 0xE564, 0xE564, 0xE584, 0xE584, 0xE584, 0xE564, 0xE584, 0x41A2, 
    0x10E5, 0x21A9, 0x2A2B, 0x2A2B, 0x21C9, 0x2A0A, 0x21EA, 0x21EA, 0x29EA, 0x2A0A, 0x21EA, 0x21EA, 
    0x08E4, 0x82C1, 0xCC41, 0xD4A2, 0xCC61, 0xC401, 0xC421, 0xD461, 0xDCA1, 0xD482, 0xCC61, 0xC421, 
    0xABA1, 0x51E1, 0x51C1, 0x49C1, 0x3961, 0x2901, 0x2901, 0x1903, 0x21C9, 0x220A, 0x21EA, 0x21C9, 
    0x21EA, 0x21EA, 0x2A0B, 0x2A2B, 0x2A2B, 0x2A0A, 0x2A0A, 0x324B, 0x2A0A, 0x1988, 0x21A9, 0x21C9, 
    0x1987, 0x1926, 0x1926, 0x1125, 0x1125, 0x1105, 0x1125, 0x1125, 0x10E5, 0x1081, 0xC4A3, 0xE563, 
    0xDD63, 0xDD43, 0xDD43, 0xDD63, 0xDD63, 0xDD63, 0xDD64, 0xDD64, 0xDD64, 0xDD63, 0xE564, 0xDD44, 
    0xE564, 0xE564, 0xE564, 0xE584, 0xE564, 0xE564, 0xE564, 0xE584, 0xE584, 0xCD04, 0x10A1, 0x60E1, 
    0x8122, 0x8942, 0x8942, 0x8942, 0x8942, 0x8942, 0x8962, 0xB1C3, 0xBA23, 0xA1C3, 0x8962, 0x9162, 
    0x9162, 0x8942, 0x28A2, 0x4902, 0x7942, 0x7142, 0x7142, 0x7962, 0x7142, 0x7142, 0x7142, 0x28A2, 
    0x5A01, 0xC421, 0x9301, 0x9300, 0x3961, 0x10A2, 0x3142, 0x82C1, 0x82A1, 0xC420, 0x9B61, 0x1081, 
    0x38C1, 0x7142, 0x7142, 0x7142, 0x7142, 0x7942, 0x20A1, 0x5902, 0x9142, 0x8122, 0x50E2, 0x20E1, 
    0xDD24, 0xE584, 0xE584, 0xE584, 0xE564, 0xE584, 0x8308, 0x728D, 0x8B4F, 0x8B0E, 0x82EE, 0x7AAD, 
    0x7ACE, 0x934F, 0x72AD, 0x72AD, 0x728D, 0x6A6D, 0x728D, 0x622C, 0x8308, 0xED83, 0xE563, 0xE564, 
    0xE564, 0xE564, 0xE564, 0xE584, 0xBB62, 0xAA81, 0xCBC1, 0xB281, 0xCC43, 0xE584, 0xCC43, 0xB2A0, 
    0xCB81, 0xB2E1, 0xDD04, 0xE584, 0xE564, 0xE564, 0xE564, 0xE564, 0xE584, 0xE584, 0xE584, 0xE584, 
    0xE564, 0xE584, 0xA3C8, 0x932A, 0x7AAA, 0x8B09, 0xB428, 0xDD45, 0xE564, 0xE564, 0xE564, 0xE564, 
    0xE564, 0xE584, 0xE584, 0xE584, 0xE584, 0xE584, 0xCCE5, 0x5A0A, 0x728C, 0x830C, 0x8B2C, 0x934B, 
    0x8B0B, 0x728C, 0x5A0B, 0x5A08, 0x6A67, 0x6A47, 0x72A7, 0xDD44, 0xE584, 0xE564, 0xE564, 0xE564, 
    0xE564, 0xD503, 0xD4E3, 0xE564, 0xE584, 0xE564, 0xBBC2, 0xA241, 0xCB61, 0xAAA1, 0xDD44, 0xE564, 
    0xDD64, 0xE564, 0xE564, 0xE564, 0xE564, 0xE564, 0xE564, 0xE564, 0xE564, 0xE564, 0xE584, 0x41A2, 
    0x10E5, 0x21A9, 0x2A2B, 0x324B, 0x21C9, 0x2A0A, 0x2A0A, 0x29EA, 0x29EA, 0x21EA, 0x21EA, 0x21EA, 
    0x10E5, 0x8B01, 0xC421, 0xBBE1, 0xBBE0, 0x9B21, 0x3961, 0xA361, 0xC401, 0xBC01, 0xBBE1, 0xBC01, 
    0xBC01, 0xC421, 0xD461, 0xDCA1, 0xD4A2, 0xCC62, 0xC421, 0x51C0, 0x08A3, 0x220A, 0x220A, 0x220A, 
    0x29EA, 0x21E9, 0x21EA, 0x21EA, 0x21EA, 0x21C9, 0x21A8, 0x326C, 0x2A2B, 0x1988, 0x21C9, 0x21E9, 
    0x1988, 0x1125, 0x1926, 0x1125, 0x1125, 0x1125, 0x1125, 0x1125, 0x10E5, 0x1081, 0xC483, 0xDD43, 
    0xDD43, 0xDD43, 0xDD44, 0xDD44, 0xDD44, 0xDD44, 0xDD44, 0xDD44, 0xDD44, 0xDD44, 0xDD44, 0xDD44, 
    0xE584, 0xE584, 0xE584, 0xE5A4, 0xEDA4, 0xE584, 0xE5A4, 0xEDA4, 0xEDA4, 0xD524, 0x10A1, 0x60E1, 
    0x8122, 0x8922, 0x8942, 0x8942, 0x8942, 0x8942, 0x9162, 0xB1E3, 0xBA24, 0xA9E3, 0x9162, 0x9142, 
    0x8942, 0x9162, 0x28A2, 0x4902, 0x7942, 0x7942, 0x7142, 0x7962, 0x7162, 0x7162, 0x5922, 0x0861, 
    0x9B61, 0xCC41, 0x82E1, 0x4181, 0x3141, 0x0882, 0x2102, 0x3941, 0x59E1, 0xC441, 0xC420, 0x6221, 
    0x1881, 0x6122, 0x7942, 0x7142, 0x7142, 0x7142, 0x20A1, 0x5902, 0x9142, 0x8142, 0x50E2, 0x2101, 
    0xDD44, 0xEDA4, 0xEDA4, 0xE584, 0xE584, 0xEDA4, 0x8B28, 0x51EB, 0x6A6C, 0x7AAD, 0x7ACD, 0x7ACE, 
    0x728D, 0x82EE, 0x728D, 0x6A6C, 0x622C, 0x5A2C, 0x5A0B, 0x51CB, 0x7AC8, 0xEDA4, 0xE584, 0xE584, 
    0xE584, 0xE584, 0xE584, 0xE584, 0xE564, 0xB302, 0xCBA0, 0xD3C0, 0xA241, 0xCC63, 0xC382, 0xC321, 
    0xCBC1, 0xBAE1, 0xBB82, 0xEDA4, 0xE584, 0xE584, 0xE584, 0xE584, 0xEDA4, 0xEDA4, 0xE584, 0xE584, 
    0xE5A4, 0xE5A4, 0xEDC4, 0xC4A6, 0x8AE9, 0x8AE9, 0x9B68, 0xBC47, 0xE5A4, 0xE584, 0xE584, 0xE584, 
    0xE584, 0xE584, 0xEDA4, 0xEDA4, 0xE584, 0xE584, 0xE585, 0xB467, 0x622A, 0x7ACA, 0x728B, 0x6A4B, 
    0x82EB, 0x8B0B, 0x5A2B, 0x9367, 0xE5A4, 0xE564, 0xE584, 0xE584, 0xE584, 0xE584, 0xE584, 0xE584, 
    0xE5A4, 0xC3A2, 0xBB42, 0xE584, 0xEDA4, 0xDCE4, 0xA241, 0xC360, 0xBB00, 0xA281, 0xE564, 0xE584, 
    0xE584, 0xE584, 0xE584, 0xE584, 0xE584, 0xE584, 0xE584, 0xE584, 0xE5A4, 0xEDA4, 0xEDA4, 0x41A2, 
    0x10E5, 0x21A9, 0x2A2B, 0x324B, 0x21A9, 0x2A0A, 0x21EA, 0x29EA, 0x29EA, 0x21EA, 0x21EA, 0x21EA, 
    0x10E5, 0x8301, 0xC421, 0xB3C1, 0x9301, 0x18C2, 0x0882, 0x2921, 0xAB81, 0xBBE1, 0xBBE1, 0xBC02, 
    0xC421, 0xA381, 0x49A1, 0x8AE1, 0xCC41, 0xC421, 0xBC01, 0x9B60, 0x18E2, 0x21EA, 0x220A, 0x21EA, 
    0x21EA, 0x21EA, 0x21EA, 0x21EA, 0x21EA, 0x21C9, 0x21C9, 0x324C, 0x2A0B, 0x1988, 0x21A9, 0x21C9, 
    0x1988, 0x1125, 0x1126, 0x1125, 0x1125, 0x1125, 0x1125, 0x1125, 0x10E5, 0x1081, 0xCCC3, 0xED83, 
    0xE583, 0xE563, 0xE583, 0xE584, 0xE583, 0xE584, 0xE584, 0xE584, 0xE584, 0xE583, 0xE583, 0xE583, 
    0xDD44, 0xDD44, 0xDD64, 0xE564, 0xE564, 0xE564, 0xE564, 0xE564, 0xE584, 0xCD04, 0x10A1, 0x58E1, 
    0x8122, 0x8122, 0x8942, 0x8942, 0x8942, 0x7922, 0x8962, 0xB1E3, 0xBA03, 0xA1C3, 0x8942, 0x8942, 
    0x8942, 0x9142, 0x28A1, 0x40E2, 0x7942, 0x7942, 0x7142, 0x7162, 0x7142, 0x7962, 0x20A2, 0x4181, 
    0xBC00, 0xBC00, 0x8B01, 0x0861, 0x10A2, 0x10A2, 0x10A2, 0x0041, 0x6221, 0x9B41, 0xBBC1, 0xB3A1, 
    0x3961, 0x38C2, 0x7942, 0x7142, 0x7142, 0x7142, 0x20A1, 0x5902, 0x8942, 0x8142, 0x50E2, 0x2101, 
    0xDD24, 0xE584, 0xE584, 0xE564, 0xE564, 0xE584, 0x8307, 0x4169, 0x51CA, 0x620B, 0x624C, 0x7ACE, 
    0x830E, 0x624C, 0x5A0B, 0x51EA, 0x5A0B, 0x5A2C, 0x51CA, 0x4189, 0x72C7, 0xE584, 0xE564, 0xDD44, 
    0xDD44, 0xDD64, 0xDD44, 0xDD64, 0xE584, 0xBB22, 0xCB40, 0xCBA0, 0xC341, 0xAA81, 0xBB01, 0xD3A1, 
    0xBB41, 0xB2E1, 0xBB62, 0xE584, 0xE564, 0xE564, 0xE584, 0xE584, 0xE584, 0xE584, 0xE564, 0xE564, 
    0xE584, 0xE584, 0xE584, 0xDD44, 0xD4E5, 0x9B68, 0x8AE8, 0xABE7, 0xE564, 0xE564, 0xE564, 0xE564, 
    0xE564, 0xE564, 0xE564, 0xE584, 0xE564, 0xE564, 0xE5A4, 0xC4C6, 0x51E9, 0x51E9, 0x5A0A, 0x620A, 
    0x82CA, 0x9B6A, 0x7ACC, 0x9BC9, 0xEDA5, 0xE564, 0xE564, 0xE564, 0xE564, 0xDD64, 0xE564, 0xE564, 
    0xE564, 0xB2E1, 0xB260, 0xD463, 0xE564, 0xAAC1, 0xC361, 0xCB80, 0xA281, 0xCC43, 0xDD64, 0xDD64, 
    0xDD64, 0xE564, 0xDD64, 0xE584, 0xE564, 0xE564, 0xE564, 0xE564, 0xE564, 0xE564, 0xE584, 0x41A2, 
    0x08E5, 0x21A9, 0x2A2B, 0x324B, 0x21A9, 0x21EA, 0x29EA, 0x2A0A, 0x21EA, 0x21EA, 0x21EA, 0x220A, 
    0x10E4, 0x7AC1, 0xC401, 0xAB81, 0x2901, 0x10A2, 0x10A2, 0x10A2, 0x3142, 0xBBE1, 0xC401, 0xC401, 
    0xA381, 0x2902, 0x0882, 0x20C1, 0x9321, 0xC401, 0xBC01, 0xA381, 0x18E2, 0x21CA, 0x220A, 0x21EA, 
    0x29EA, 0x21EA, 0x21EA, 0x21EA, 0x220A, 0x21C9, 0x21C9, 0x324B, 0x220A, 0x1988, 0x21A9, 0x21C9, 
    0x1988, 0x1125, 0x1125, 0x1125, 0x1125, 0x1125, 0x1925, 0x1125, 0x10E5, 0x1081, 0xC483, 0xE563, 
    0xDD43, 0xDD43, 0xDD43, 0xDD43, 0xDD43, 0xDD43, 0xDD43, 0xDD43, 0xDD43, 0xDD43, 0xDD43, 0xDD43, 
    0xDD44, 0xDD44, 0xDD63, 0xE564, 0xE564, 0xE564, 0xE564, 0xE564, 0xE584, 0xCD04, 0x10A1, 0x58E1, 
    0x8122, 0x8142, 0x8942, 0x8142, 0x8142, 0x8942, 0x9162, 0xB1E3, 0xBA04, 0x99A3, 0x8962, 0x8942, 
    0x8942, 0x9142, 0x28A1, 0x4902, 0x7962, 0x7962, 0x7142, 0x7142, 0x7142, 0x40E2, 0x1081, 0x9321, 
    0xBC01, 0x7281, 0x49C2, 0x10A2, 0x10A2, 0x0882, 0x10A2, 0x1082, 0x3142, 0x4181, 0xB3C1, 0xBBE1, 
    0x7261, 0x1061, 0x5922, 0x7942, 0x7142, 0x7142, 0x20A1, 0x58E2, 0x9142, 0x8142, 0x50E2, 0x20E1, 
    0xD524, 0xE584, 0xE584, 0xE564, 0xE564, 0xE564, 0xD525, 0x8B27, 0x4189, 0x49AA, 0x51CB, 0x7ACD, 
    0x8B0E, 0x7AAD, 0x5A0B, 0x49A9, 0x49AA, 0x49AA, 0x418A, 0x6A87, 0xCCE4, 0xE584, 0xE564, 0xD504, 
    0xAAC1, 0xD4E3, 0xE564, 0xE585, 0xE5A4, 0xD484, 0xAA61, 0xC340, 0xCB81, 0xC361, 0xCB81, 0xB2A1, 
    0xAA80, 0xB2E1, 0xB362, 0xE584, 0xE564, 0xE564, 0xE584, 0xE584, 0xE584, 0xE584, 0xE584, 0xE564, 
    0xE584, 0xE584, 0xE564, 0xE584, 0xE584, 0xD505, 0xCCC5, 0xD505, 0xE564, 0xE563, 0xE564, 0xE564, 
    0xE584, 0xE584, 0xE564, 0xE564, 0xE584, 0xE564, 0xE584, 0xDD64, 0xCCC5, 0x7267, 0x49A9, 0x622A, 
    0x82EA, 0x9B8A, 0xA3AA, 0x8B2B, 0xB428, 0xE564, 0xE564, 0xE564, 0xE564, 0xE564, 0xE584, 0xE584, 
    0xCC63, 0xB2A0, 0xBAE0, 0xBB42, 0xAB22, 0xBB00, 0xD3C0, 0xCB60, 0xA221, 0xD4C3, 0xDD64, 0xDD64, 
    0xE564, 0xE584, 0xE564, 0xCC63, 0xAAC1, 0xCC63, 0xE584, 0xE564, 0xE564, 0xE564, 0xE584, 0x41A2, 
    0x08E5, 0x21A9, 0x2A2B, 0x2A2B, 0x19A8, 0x21EA, 0x29EA, 0x29EA, 0x21EA, 0x21EA, 0x21EA, 0x220A, 
    0x10E4, 0x7AA1, 0xBC01, 0xA381, 0x20E1, 0x10A2, 0x10C2, 0x10C2, 0x18C2, 0x49A1, 0xC401, 0x9301, 
    0x2902, 0x10A2, 0x10A2, 0x0862, 0x49A1, 0xA361, 0xBC01, 0xABA1, 0x2102, 0x21C9, 0x21EA, 0x21EA, 
    0x2A0A, 0x29EA, 0x29EA, 0x21EA, 0x2A0A, 0x21C9, 0x21E9, 0x324C, 0x29EA, 0x1988, 0x21A9, 0x21E9, 
    0x1987, 0x1105, 0x1125, 0x1125, 0x1125, 0x1125, 0x1125, 0x1125, 0x10E5, 0x1081, 0xC483, 0xE563, 
    0xDD43, 0xDD43, 0xDD43, 0xDD43, 0xDD43, 0xDD43, 0xDD43, 0xDD43, 0xDD43, 0xDD43, 0xDD43, 0xDD43, 
    0xE584, 0xE584, 0xE584, 0xE584, 0xE5A4, 0xE5A4, 0xE5A4, 0xE584, 0xEDA4, 0xCD24, 0x10A1, 0x6901, 
    0x8942, 0x8142, 0x8142, 0x8142, 0x8142, 0x8942, 0x9162, 0xB203, 0xBA24, 0xA9E3, 0x9962, 0x9142, 
    0x8942, 0x8942, 0x28A2, 0x4902, 0x7962, 0x7962, 0x7162, 0x7162, 0x7162, 0x1061, 0x6221, 0xC421, 
    0xC401, 0x51E1, 0x0862, 0x10A2, 0x10A1, 0x3961, 0x0861, 0x10A2, 0x0882, 0x4182, 0xBC01, 0xB3E1, 
    0xAB81, 0x3141, 0x2081, 0x7942, 0x7142, 0x7142, 0x2081, 0x5902, 0x9142, 0x8942, 0x58E2, 0x20E1, 
    0xDD24, 0xED84, 0xE5A4, 0xE5A4, 0xE584, 0xE584, 0xE5A4, 0xDD44, 0x8B28, 0x49AA, 0x7ACD, 0x8B2E, 
    0x8B2E, 0x8B0E, 0x7AAD, 0x51EA, 0x4989, 0x6247, 0x9BC6, 0xD504, 0xEDA4, 0xE584, 0xE584, 0xE564, 
    0xCC23, 0xAA81, 0xBB21, 0xD443, 0xE524, 0xE524, 0x9A41, 0xBB20, 0xAA81, 0xC320, 0xBB20, 0xB2E1, 
    0xBBA2, 0xBAE1, 0xBB42, 0xEDA4, 0xE584, 0xE584, 0xE584, 0xE584, 0xED84, 0xED84, 0xE584, 0xE584, 
    0xED84, 0xE584, 0xE584, 0xE584, 0xE584, 0xE584, 0xE584, 0xE584, 0xE584, 0xE584, 0xE584, 0xE584, 
    0xE584, 0xE584, 0xED84, 0xE584, 0xED84, 0xE584, 0xE584, 0xE584, 0xE584, 0xBC85, 0xBCA5, 0x9B88, 
    0x7AAB, 0x8B0B, 0x82EA, 0x7ACB, 0x8B0A, 0xB407, 0xE584, 0xE584, 0xE584, 0xE584, 0xE584, 0xEDA4, 
    0xBBA2, 0xAA60, 0xC380, 0xB2E1, 0xB2C1, 0xD3C0, 0xD3C0, 0xC320, 0xAAA1, 0xE544, 0xE5A4, 0xE584, 
    0xDCE3, 0xC3E2, 0xBB21, 0xA220, 0xC3E3, 0xE544, 0xE5A4, 0xE584, 0xE584, 0xE5A4, 0xEDA4, 0x41A2, 
    0x10E5, 0x21A9, 0x2A2B, 0x322B, 0x21A8, 0x220A, 0x29EA, 0x29EA, 0x21EA, 0x21EA, 0x21EA, 0x220A, 
    0x10E4, 0x7AA1, 0xBC01, 0xBBE1, 0xA361, 0x18A2, 0x10A2, 0x10A2, 0x10A2, 0x18C2, 0x5A01, 0x20E2, 
    0x1082, 0x10A2, 0x10A2, 0x10A2, 0x0042, 0x7261, 0xBC01, 0xA361, 0x20E2, 0x21C9, 0x21EA, 0x21EA, 
    0x21EA, 0x29EA, 0x2A0A, 0x2A0A, 0x2A0A, 0x21C9, 0x21C9, 0x326C, 0x21EA, 0x1988, 0x21A9, 0x21E9, 
    0x1988, 0x1125, 0x1125, 0x1125, 0x1125, 0x1125, 0x1105, 0x1125, 0x10E5, 0x1081, 0xC4C3, 0xED83, 
    0xE563, 0xE563, 0xE563, 0xE563, 0xE563, 0xE583, 0xE583, 0xE583, 0xE583, 0xE563, 0xE563, 0xE563, 
    0xE564, 0xE564, 0xE564, 0xE564, 0xE564, 0xE564, 0xE564, 0xE564, 0xE584, 0xCD04, 0x10A1, 0x60E1, 
    0x8142, 0x8942, 0x8122, 0x7922, 0x8942, 0x8942, 0x8962, 0xB1E3, 0xBA03, 0xA9C3, 0x9142, 0x8942, 
    0x8942, 0x9142, 0x28A2, 0x4902, 0x7962, 0x7962, 0x7162, 0x7162, 0x40E2, 0x1081, 0xA381, 0xC401, 
    0xC421, 0x51E1, 0x0862, 0x10A2, 0x18A1, 0x9321, 0x3121, 0x18C2, 0x0882, 0x4182, 0xC421, 0xB3C1, 
    0xBBC1, 0x8AE1, 0x1081, 0x48E2, 0x7142, 0x7122, 0x20A1, 0x6102, 0x8942, 0x8142, 0x50E1, 0x20E1, 
    0xD504, 0xE564, 0xE564, 0xE564, 0xDD64, 0xE584, 0xBC85, 0x9368, 0x82EB, 0x82ED, 0x936F, 0x938F, 
    0x8B2E, 0x7ACD, 0x728D, 0x622B, 0x49CA, 0xBC86, 0xEDA4, 0xE584, 0xE564, 0xE564, 0xE564, 0xE564, 
    0xDD64, 0xC3E3, 0xB2A1, 0xBAC0, 0xB2E1, 0xBB41, 0xA261, 0xBB40, 0xA281, 0xC3A2, 0xAA40, 0xAB01, 
    0xD4C3, 0xAA40, 0xBB62, 0xEDA4, 0xE564, 0xE564, 0xE564, 0xE564, 0xE564, 0xE584, 0xE584, 0xE584, 
    0xE584, 0xE584, 0xE564, 0xE584, 0xE564, 0xE564, 0xE564, 0xE564, 0xDD64, 0xE584, 0xEDA5, 0xEDA4, 
    0xEDA4, 0xEDA4, 0xE584, 0xE584, 0xE564, 0xE564, 0xE584, 0xDD64, 0xDD64, 0xE564, 0xE584, 0xA3C8, 
    0x7AAA, 0x9349, 0x9B87, 0xA3A7, 0xABC8, 0xBC66, 0xE584, 0xE564, 0xE564, 0xE564, 0xE564, 0xE584, 
    0xB362, 0xBAC0, 0xD3A0, 0xCB60, 0xC341, 0xC360, 0xCB80, 0xBAC1, 0xAA61, 0xC3A2, 0xBB82, 0xB322, 
    0xB2C1, 0xAA80, 0xB2C1, 0xCC43, 0xE544, 0xE584, 0xE564, 0xE564, 0xE564, 0xE564, 0xE584, 0x41A2, 
    0x10E5, 0x21A9, 0x2A2B, 0x2A2B, 0x21C9, 0x220A, 0x21EA, 0x21EA, 0x21EA, 0x21EA, 0x21EA, 0x220A, 
    0x08E4, 0x7AA1, 0xBC01, 0xBBE1, 0xBBE1, 0x82C1, 0x2901, 0x1082, 0x10A2, 0x10A2, 0x0882, 0x10A2, 
    0x10A2, 0x10A2, 0x10A2, 0x0882, 0x51E1, 0xA361, 0xBC01, 0xA361, 0x18E2, 0x21CA, 0x220A, 0x21EA, 
    0x2A0A, 0x21C9, 0x21EA, 0x21EA, 0x21EA, 0x21C9, 0x21C9, 0x324B, 0x29EA, 0x1988, 0x21C9, 0x21E9, 
    0x1988, 0x1125, 0x1125, 0x1125, 0x1125, 0x1105, 0x1105, 0x1125, 0x10E4, 0x1081, 0xC483, 0xE563, 
    0xDD43, 0xDD23, 0xDD23, 0xDD43, 0xDD43, 0xDD43, 0xDD43, 0xDD43, 0xDD43, 0xDD43, 0xDD23, 0xDD43, 
    0xE564, 0xE564, 0xE564, 0xE564, 0xE584, 0xE584, 0xE584, 0xE564, 0xE584, 0xCD04, 0x18A1, 0x58E1, 
    0x8122, 0x8942, 0x8142, 0x8142, 0x8942, 0x8942, 0x8142, 0xA9E3, 0xBA24, 0xA9C3, 0x9162, 0x8942, 
    0x8942, 0x9162, 0x28A2, 0x4902, 0x7962, 0x7142, 0x7142, 0x6942, 0x1881, 0x51E1, 0xB3E1, 0xBBE1, 
    0xC421, 0x5A01, 0x0062, 0x3941, 0x8AE1, 0xAB81, 0xABA1, 0x51E2, 0x10A2, 0x7281, 0xBBE1, 0xB3C1, 
    0xB3C1, 0xBBC1, 0x49C1, 0x1881, 0x7142, 0x7142, 0x20A1, 0x5902, 0x8942, 0x8142, 0x50E1, 0x18E1, 
    0xD524, 0xE584, 0xE564, 0xE564, 0xE584, 0xCCE5, 0x82E9, 0x624D, 0x7AEE, 0x936E, 0x8B4E, 0x8B2E, 
    0x7ACD, 0x6A6D, 0x624C, 0x51CA, 0x4189, 0xBC85, 0xE584, 0xE564, 0xE564, 0xE564, 0xE564, 0xE564, 
    0xE584, 0xE5A4, 0xC3E3, 0xBB01, 0xC340, 0xCB80, 0xBAE0, 0xC360, 0xAAC1, 0xE585, 0xC3E3, 0xC402, 
    0xE564, 0xB322, 0xAAA1, 0xD4A3, 0xE584, 0xE564, 0xE564, 0xE564, 0xE564, 0xE584, 0xE584, 0xE584, 
    0xE584, 0xE584, 0xE564, 0xE564, 0xE564, 0xE564, 0xE584, 0xE5A4, 0xE584, 0xCCE4, 0x8B63, 0x8B83, 
    0x8B83, 0x8B42, 0xB463, 0xED84, 0xE584, 0xE564, 0xE564, 0xE564, 0xE564, 0xE584, 0xE5A4, 0xC4A6, 
    0xB406, 0xC486, 0xBC46, 0xC4A5, 0xD505, 0xDD44, 0xE584, 0xE564, 0xE564, 0xE564, 0xE584, 0xCC63, 
    0xAAA0, 0xCB40, 0xB2A0, 0xBAE0, 0xC340, 0xA240, 0xAAC0, 0xC341, 0xBAC0, 0xB2C0, 0xB2C0, 0xCB80, 
    0xC340, 0xAAA1, 0xBBC2, 0xE5A4, 0xE584, 0xE584, 0xE584, 0xE584, 0xE584, 0xE584, 0xE584, 0x41A2, 
    0x10E5, 0x21A9, 0x2A2B, 0x2A2A, 0x21A8, 0x2A0A, 0x21EA, 0x21EA, 0x21EA, 0x29EA, 0x220A, 0x220A, 
    0x08E4, 0x7AA1, 0xC401, 0xBBE1, 0xBBE1, 0xC401, 0x7AA1, 0x2922, 0x10A2, 0x10A2, 0x10A2, 0x10A2, 
    0x10A2, 0x1082, 0x18A1, 0x51C1, 0xAB80, 0xBBE1, 0xBBE1, 0xA380, 0x18E2, 0x21CA, 0x2A0A, 0x21EA, 
    0x21EA, 0x21C9, 0x21C9, 0x21E9, 0x21EA, 0x21C9, 0x21C9, 0x2A4B, 0x2A0A, 0x1988, 0x21C9, 0x21EA, 
    0x2188, 0x1125, 0x1105, 0x1125, 0x1105, 0x1125, 0x1105, 0x1105, 0x10E5, 0x1081, 0xC4A3, 0xE563, 
    0xE563, 0xE543, 0xDD43, 0xE563, 0xE563, 0xE563, 0xE564, 0xE564, 0xE563, 0xE563, 0xE563, 0xDD63, 
    0xE584, 0xE584, 0xE584, 0xE584, 0xE584, 0xE584, 0xE584, 0xE584, 0xEDA4, 0xCD24, 0x10A1, 0x58E1, 
    0x8142, 0x8142, 0x8142, 0x8142, 0x8142, 0x8142, 0x8962, 0xB1E3, 0xC244, 0xB1E3, 0x9962, 0x8942, 
    0x9142, 0x8962, 0x28C2, 0x4902, 0x7142, 0x7142, 0x7142, 0x4902, 0x20C1, 0xB3C1, 0xBBE1, 0xB3E1, 
    0xBBE1, 0x9321, 0x18A1, 0x20C1, 0xAB81, 0xC420, 0xBC01, 0x2921, 0x3941, 0xBBE0, 0xB3C1, 0xB3C1, 
    0xB3C0, 0xBBE0, 0x9B41, 0x10A1, 0x48E2, 0x7942, 0x20A1, 0x5902, 0x8942, 0x7942, 0x50E1, 0x20E1, 
    0xDD44, 0xE584, 0xE584, 0xE584, 0xE5A4, 0xAC26, 0x5A0C, 0x830E, 0x8B2E, 0x7ACD, 0x7ACD, 0x7ACD, 
    0x622C, 0x5A0B, 0x49AA, 0x4168, 0x72A6, 0xDD43, 0xE584, 0xE564, 0xE584, 0xE584, 0xE584, 0xE584, 
    0xE584, 0xE5A4, 0xE5A4, 0xC3E2, 0xAAA1, 0xBAE0, 0xD3C0, 0xCB80, 0xAAA1, 0xDD04, 0xE5A4, 0xE584, 
    0xE5A4, 0xDD24, 0xAAA1, 0xBB62, 0xE584, 0xE564, 0xE584, 0xE584, 0xED84, 0xED84, 0xEDA4, 0xED84, 
    0xE584, 0xE584, 0xE584, 0xE584, 0xE584, 0xEDA4, 0xC4C3, 0x9BC3, 0x9BE3, 0x72C2, 0x0841, 0x1062, 
    0x0042, 0x1081, 0x9383, 0xEDA4, 0xE584, 0xE584, 0xE584, 0xE584, 0xE584, 0xE584, 0xE5A4, 0xE584, 
    0xE564, 0xE564, 0xC486, 0xDD45, 0xE584, 0xE584, 0xE584, 0xE584, 0xE584, 0xE584, 0xE5A4, 0xCC43, 
    0xB2A0, 0xAAA0, 0xB322, 0xAAE1, 0xAA41, 0xB2E2, 0xA261, 0xCBA0, 0xD3C0, 0xD3E0, 0xCBA0, 0xBAE0, 
    0xAAA1, 0xC403, 0xE5A4, 0xE584, 0xE584, 0xE584, 0xE584, 0xE5A4, 0xE584, 0xE584, 0xE5A4, 0x41A2, 
    0x10E5, 0x21A9, 0x2A2B, 0x2A0A, 0x21A8, 0x2A0A, 0x21EA, 0x21EA, 0x29EA, 0x21EA, 0x220A, 0x220A, 
    0x10E4, 0x7AA1, 0xC401, 0xBC01, 0xBBE1, 0xBC01, 0xB3A0, 0x4161, 0x10A2, 0x10A2, 0x10A2, 0x10A2, 
    0x10A2, 0x18C2, 0x5A01, 0xBC01, 0xBC01, 0xBBE1, 0xBBE1, 0xAB80, 0x20E2, 0x21CA, 0x2A0A, 0x21EA, 
    0x21EA, 0x21EA, 0x21C9, 0x21C9, 0x21EA, 0x21C9, 0x21C9, 0x324B, 0x2A0A, 0x1988, 0x21C9, 0x21EA, 
    0x21A8, 0x1926, 0x1125, 0x1105, 0x1125, 0x1105, 0x1105, 0x1125, 0x10E4, 0x1081, 0xCCC3, 0xED83, 
    0xE563, 0xE563, 0xE583, 0xE563, 0xE584, 0xE584, 0xE584, 0xE584, 0xE584, 0xE583, 0xE583, 0xE583, 
    0xDD64, 0xDD64, 0xDD64, 0xDD64, 0xDD64, 0xDD64, 0xDD64, 0xDD64, 0xE584, 0xCD04, 0x10A1, 0x58E1, 
    0x8142, 0x8942, 0x8142, 0x8142, 0x8942, 0x8942, 0x8962, 0xB1E3, 0xBA03, 0xA9C3, 0x9142, 0x8942, 
    0x8942, 0x9162, 0x28A2, 0x4902, 0x7962, 0x7162, 0x6942, 0x1061, 0x51E1, 0xC421, 0xBBE1, 0xB3C1, 
    0xB3A1, 0xB3C1, 0x7AA1, 0x18A1, 0x6221, 0xCC41, 0x7281, 0x20E1, 0x8AC0, 0xBBC0, 0xB3C1, 0xB3E1, 
    0xBBE1, 0xAB81, 0x82C1, 0x18A1, 0x0861, 0x6122, 0x20A1, 0x5902, 0x8942, 0x7922, 0x48C1, 0x20E1, 
    0xD504, 0xE564, 0xDD64, 0xDD64, 0xE584, 0xAC06, 0x49AA, 0x6A6D, 0x728D, 0x6A8D, 0x82EE, 0x6A6C, 
    0x5A0B, 0x51EA, 0x4189, 0x49A9, 0xAC07, 0xCCE5, 0xD524, 0xE564, 0xDD44, 0xDD04, 0xE564, 0xE564, 
    0xE564, 0xE564, 0xE564, 0xE584, 0xBC03, 0xA221, 0xBAC1, 0xCBC0, 0xB2C0, 0xBBA2, 0xE564, 0xDD44, 
    0xE564, 0xE584, 0xD484, 0xBB82, 0xDD44, 0xE564, 0xDD44, 0xC4C3, 0xC4C3, 0xC4C3, 0xC4C3, 0xCCC3, 
    0xCD04, 0xE584, 0xE584, 0xE584, 0xDD44, 0xCCC3, 0x6A82, 0x0841, 0x10A2, 0x18A2, 0x3923, 0x3102, 
    0x18C2, 0x72E3, 0xEDA4, 0xE564, 0xE584, 0xE584, 0xE564, 0xE584, 0xE564, 0xE564, 0xE564, 0xE564, 
    0xE564, 0xE564, 0xDD64, 0xDD64, 0xE564, 0xE564, 0xE584, 0xE564, 0xE564, 0xE564, 0xE564, 0xC3E2, 
    0xAA60, 0xA261, 0xDCE3, 0xD4C3, 0xC403, 0xE504, 0xA241, 0xC380, 0xCBC0, 0xCB80, 0xB2A1, 0x9A41, 
    0xCC63, 0xE584, 0xDD64, 0xDD64, 0xE564, 0xE564, 0xE564, 0xE564, 0xDD64, 0xE564, 0xE584, 0x41A2, 
    0x10E5, 0x21C9, 0x2A2B, 0x2A0A, 0x19A8, 0x2A0A, 0x21EA, 0x29EA, 0x21EA, 0x21EA, 0x21EA, 0x220A, 
    0x10E4, 0x7AA1, 0xC401, 0xBBE1, 0xB3C1, 0xBBC1, 0x3982, 0x10A2, 0x10A2, 0x10A2, 0x10A2, 0x10A2, 
    0x10A2, 0x2922, 0xB3A1, 0xBBE1, 0xBC01, 0xBBE1, 0xBBE1, 0xAB80, 0x20E2, 0x21CA, 0x2A0A, 0x21EA, 
    0x21EA, 0x21EA, 0x21C9, 0x21C9, 0x21EA, 0x21C9, 0x21C9, 0x324B, 0x21EA, 0x1988, 0x21C9, 0x21EA, 
    0x2188, 0x1126, 0x1125, 0x1105, 0x1105, 0x1105, 0x1105, 0x1125, 0x10E4, 0x1081, 0xC483, 0xE563, 
    0xDD43, 0xDD43, 0xDD43, 0xDD44, 0xDD44, 0xDD43, 0xDD43, 0xDD43, 0xDD43, 0xDD43, 0xDD44, 0xDD44, 
    0xE584, 0xE584, 0xE584, 0xE584, 0xE584, 0xE584, 0xE584, 0xE584, 0xE584, 0xCD04, 0x10A1, 0x58E1, 
    0x8142, 0x8142, 0x8142, 0x8942, 0x8942, 0x8942, 0x8942, 0xA9C3, 0xB203, 0xA9C3, 0x9162, 0x9142, 
    0x9142, 0x9162, 0x28A2, 0x5122, 0x7963, 0x7162, 0x40E2, 0x1081, 0xA361, 0xBBE1, 0xBBE1, 0xBBE0, 
    0xB3C0, 0xBBE1, 0xBC01, 0xB3C1, 0xAB80, 0xAB81, 0x9321, 0x7AA1, 0x7241, 0x49A1, 0x3121, 0x3121, 
    0x2921, 0x18C1, 0x1081, 0x2081, 0x6122, 0x7142, 0x28C2, 0x5902, 0x8942, 0x8142, 0x50E2, 0x2101, 
    0xD524, 0xE564, 0xE584, 0xE584, 0xE5A4, 0xAC25, 0x4989, 0x51EA, 0x624C, 0x72AD, 0x6A8D, 0x624C, 
    0x7ACD, 0x622C, 0x5A0B, 0x830E, 0x7ACD, 0x624B, 0xAC46, 0xEDE5, 0xCC23, 0xB301, 0xDCE3, 0xE564, 
    0xE584, 0xE584, 0xE584, 0xE584, 0xE584, 0xD4C3, 0xAA81, 0xB2A0, 0xCB61, 0xBB21, 0xE544, 0xE584, 
    0xE584, 0xE584, 0xE5A4, 0xBB62, 0xC3E2, 0xE584, 0xCCC4, 0x20E1, 0x1081, 0x1081, 0x1081, 0x1081, 
    0x39A2, 0xDD64, 0xDD64, 0xE564, 0x9383, 0x1081, 0x20C1, 0x4984, 0x6A25, 0x61E4, 0x4163, 0x1061, 
    0x9BC3, 0xE584, 0xE564, 0xDD44, 0xDD44, 0xDD44, 0xDD44, 0xDD64, 0xDD44, 0xDD44, 0xDD24, 0xDD24, 
    0xDD44, 0xE584, 0xE564, 0xE564, 0xE584, 0xE584, 0xE584, 0xE584, 0xE584, 0xE584, 0xE564, 0xBB21, 
    0xB280, 0xD463, 0xEDA4, 0xE584, 0xEDA4, 0xDCE3, 0xA261, 0xCBC0, 0xCBC1, 0xAA81, 0xB302, 0xDD63, 
    0xE584, 0xE584, 0xE584, 0xE584, 0xE584, 0xE584, 0xE584, 0xE584, 0xE584, 0xE584, 0xE5A4, 0x41A1, 
    0x10E5, 0x21C9, 0x2A2A, 0x2A2A, 0x1988, 0x21EA, 0x21EA, 0x21EA, 0x21EA, 0x21EA, 0x21EA, 0x220A, 
    0x10E4, 0x7AA1, 0xBC01, 0xBBE1, 0xA360, 0x2901, 0x10A2, 0x10C2, 0x10A2, 0x10C2, 0x10C2, 0x10C2, 
    0x10C2, 0x10A2, 0x4181, 0xBC01, 0xBC01, 0xB3C1, 0xBBE1, 0xAB80, 0x20E2, 0x21EA, 0x2A0A, 0x21EA, 
    0x21EA, 0x21EA, 0x21EA, 0x21EA, 0x21EA, 0x21C9, 0x21C9, 0x324B, 0x2A0A, 0x1988, 0x21C9, 0x29EA, 
    0x2188, 0x1125, 0x1125, 0x1125, 0x1105, 0x1125, 0x1125, 0x1125, 0x10E4, 0x1081, 0xC4C3, 0xE584, 
    0xE563, 0xE563, 0xE563, 0xE563, 0xE563, 0xE563, 0xE563, 0xE563, 0xE563, 0xE563, 0xE563, 0xE564, 
    0xE584, 0xE584, 0xE584, 0xE584, 0xE584, 0xE584, 0xE584, 0xE584, 0xE584, 0xCD04, 0x18A1, 0x58E1, 
    0x8142, 0x8142, 0x8142, 0x8142, 0x8942, 0x8942, 0x8942, 0xA9C3, 0xBA03, 0xB1E3, 0x9982, 0x9142, 
    0x9142, 0x9162, 0x28C2, 0x4902, 0x7142, 0x5922, 0x1082, 0x6221, 0xAB80, 0x9B41, 0x9B41, 0x7AA1, 
    0x59E1, 0x49A1, 0x4181, 0x2921, 0x18C1, 0x0881, 0x0861, 0x0841, 0x0841, 0x1061, 0x28A1, 0x38C2, 
    0x48E2, 0x5922, 0x6122, 0x6122, 0x6922, 0x7142, 0x20C2, 0x6102, 0x8942, 0x7942, 0x50E2, 0x18E1, 
    0xBC42, 0xD503, 0xDD64, 0xE584, 0xE584, 0xDD64, 0x8326, 0x4169, 0x5A0B, 0x624C, 0x5A2B, 0x622B, 
    0x7ACC, 0x7ACC, 0x624C, 0x82EE, 0x728D, 0x51CB, 0xAC27, 0xEDC4, 0xE564, 0xBBE2, 0x9A00, 0xCBE2, 
    0xE564, 0xE584, 0xE584, 0xE584, 0xE584, 0xE584, 0xD4E3, 0xC423, 0xB2C1, 0xAA40, 0xDD04, 0xE584, 
    0xE584, 0xE564, 0xE584, 0xCC62, 0xCC82, 0xE564, 0xE565, 0xB464, 0x10A1, 0x20C2, 0x3943, 0x4984, 
    0x3943, 0x2941, 0x2901, 0x2901, 0x2102, 0x3143, 0x59C4, 0x6A25, 0x61E4, 0x4984, 0x28E2, 0x18A1, 
    0x93A3, 0x5202, 0x2901, 0x2901, 0x2901, 0x2901, 0x2901, 0x2901, 0x2921, 0x2901, 0x2901, 0x18C1, 
    0x5A22, 0xED84, 0xE584, 0xE584, 0xE584, 0xE584, 0xE584, 0xE584, 0xE584, 0xE5A4, 0xDCC4, 0xB260, 
    0xCBC2, 0xE564, 0xE584, 0xE564, 0xE584, 0xBBA2, 0xBB00, 0xD3C0, 0xAA60, 0xC3E3, 0xDD44, 0xE5A4, 
    0xE584, 0xE584, 0xE584, 0xE584, 0xE584, 0xE584, 0xE584, 0xE584, 0xE584, 0xE584, 0xE5A4, 0x41A1, 
    0x10E5, 0x21C9, 0x2A0A, 0x2A0A, 0x1988, 0x21EA, 0x220A, 0x21EA, 0x21EA, 0x21EA, 0x21EA, 0x220A, 
    0x10E4, 0x7281, 0xC401, 0xABA1, 0x3121, 0x1082, 0x10A2, 0x10A2, 0x10A2, 0x10A2, 0x1082, 0x10A2, 
    0x10A2, 0x10A2, 0x18C2, 0x41A2, 0xBBE1, 0xBBE1, 0xBBE1, 0xABA0, 0x18E2, 0x21EA, 0x2A0A, 0x21EA, 
    0x21EA, 0x21EA, 0x21EA, 0x21EA, 0x21EA, 0x21C9, 0x21EA, 0x324C, 0x2A0A, 0x21A8, 0x21C9, 0x29EA, 
    0x2188, 0x1125, 0x1126, 0x1105, 0x1105, 0x1125, 0x1125, 0x1925, 0x10E5, 0x1081, 0xC4C3, 0xE584, 
    0xE564, 0xE564, 0xE564, 0xE564, 0xE563, 0xE563, 0xE563, 0xE563, 0xE563, 0xE564, 0xE563, 0xE564, 
    0xDD64, 0xE564, 0xE564, 0xE564, 0xDD64, 0xDD64, 0xDD64, 0xDD64, 0xE584, 0xC4E4, 0x18A1, 0x58E1, 
    0x8142, 0x8142, 0x8142, 0x8142, 0x8942, 0x8942, 0x8962, 0xA9C3, 0xBA03, 0xB1E3, 0x9162, 0x8942, 
    0x8942, 0x9162, 0x28C2, 0x4902, 0x7142, 0x6122, 0x20A2, 0x18E1, 0x18C1, 0x1081, 0x1081, 0x0061, 
    0x1061, 0x2881, 0x30A2, 0x40E2, 0x40E2, 0x40C2, 0x50E2, 0x6122, 0x6922, 0x6122, 0x6942, 0x7142, 
    0x7962, 0x7142, 0x7142, 0x6942, 0x7142, 0x6122, 0x1881, 0x5902, 0x8942, 0x7922, 0x50E2, 0x18C1, 
    0xABC2, 0xC483, 0xC4A3, 0xD524, 0xE564, 0xE564, 0xC4A5, 0x6A67, 0x3949, 0x51AA, 0x4989, 0x5A0B, 
    0x6A6C, 0x726C, 0x6A6C, 0x622C, 0x59EB, 0x6248, 0xBC65, 0xE584, 0xE584, 0xD4E4, 0xBB82, 0xAA61, 
    0xBB42, 0xDCE4, 0xE564, 0xDD44, 0xE564, 0xE564, 0xE564, 0xE584, 0xCC63, 0xA241, 0xC3C2, 0xE584, 
    0xDD44, 0xDD44, 0xDD44, 0xD4C3, 0xD4E3, 0xDD44, 0xE564, 0xE564, 0x8343, 0x18C1, 0x3123, 0x51A4, 
    0x4984, 0x3102, 0x0861, 0x0841, 0x3102, 0x51A4, 0x61E4, 0x59C4, 0x4143, 0x28E2, 0x1081, 0x0861, 
    0x18A1, 0x28E2, 0x3103, 0x28E2, 0x28E2, 0x3103, 0x3102, 0x20C2, 0x18A2, 0x1081, 0x1081, 0x6282, 
    0xAC03, 0xE584, 0xE564, 0xE564, 0xE564, 0xE564, 0xE564, 0xDD64, 0xDD64, 0xE584, 0xCC23, 0xAAA1, 
    0xD4E4, 0xDD64, 0xDD64, 0xDD64, 0xDD24, 0xB2E1, 0xC340, 0xAA40, 0xBB62, 0xDD04, 0xE584, 0xDD64, 
    0xDD64, 0xDD64, 0xDD64, 0xDD64, 0xDD64, 0xDD64, 0xDD64, 0xDD64, 0xDD64, 0xDD64, 0xE584, 0x41A1, 
    0x10E5, 0x21A9, 0x2A2B, 0x2A0A, 0x1988, 0x21EA, 0x21EA, 0x29EA, 0x21EA, 0x21EA, 0x21EA, 0x21EA, 
    0x08C4, 0x7A81, 0xC401, 0xABA1, 0x18A1, 0x10A2, 0x18A2, 0x10A2, 0x10A2, 0x20E1, 0x7AA1, 0x28E1, 
    0x1082, 0x10A2, 0x10C2, 0x18C2, 0x6222, 0xB3C1, 0xBC01, 0xAB80, 0x18E2, 0x21CA, 0x29EA, 0x21EA, 
    0x21EA, 0x21EA, 0x21EA, 0x21EA, 0x21EA, 0x21C9, 0x21E9, 0x324B, 0x2A0A, 0x1988, 0x21C9, 0x29EA, 
    0x19A8, 0x1125, 0x1105, 0x1105, 0x1105, 0x1105, 0x1125, 0x1125, 0x1105, 0x1081, 0xBC83, 0xDD44, 
    0xDD44, 0xDD43, 0xDD43, 0xDD43, 0xDD43, 0xDD43, 0xDD43, 0xDD43, 0xDD43, 0xDD23, 0xDD23, 0xDD23, 
    0xE584, 0xE584, 0xE584, 0xE584, 0xE584, 0xE584, 0xE584, 0xE584, 0xE5A4, 0xCD04, 0x18A1, 0x50E1, 
    0x7922, 0x8142, 0x8142, 0x8142, 0x8142, 0x8942, 0x8942, 0xA1A3, 0xB203, 0xA9C3, 0x8942, 0x8942, 
    0x8942, 0x9142, 0x28C2, 0x5122, 0x7142, 0x6942, 0x5122, 0x30E2, 0x38E2, 0x40E2, 0x40E2, 0x38C2, 
    0x5102, 0x6942, 0x6942, 0x7962, 0x7162, 0x7142, 0x7142, 0x7142, 0x7142, 0x6922, 0x7142, 0x7142, 
    0x6922, 0x6922, 0x6942, 0x6942, 0x5922, 0x30C2, 0x20A1, 0x6922, 0x8942, 0x8142, 0x50E2, 0x18C1, 
    0xA3A2, 0xB402, 0xCCC3, 0xCCA3, 0xD504, 0xE585, 0xEDA4, 0xB444, 0x8307, 0x5A28, 0x4989, 0x5A0B, 
    0x622B, 0x5A0B, 0x624C, 0x622B, 0x51A9, 0x9BC8, 0xDD45, 0xEDA4, 0xE584, 0xEDC4, 0xE544, 0xC362, 
    0xB281, 0xC3A2, 0xDD24, 0xE584, 0xE584, 0xE564, 0xE584, 0xE584, 0xE5A4, 0xCC22, 0xCC43, 0xE584, 
    0xDD64, 0xE564, 0xE584, 0xE564, 0xE584, 0xE584, 0xE584, 0xEDA4, 0xEDA4, 0x4181, 0x1881, 0x3943, 
    0x51A4, 0x51A4, 0x3102, 0x28E2, 0x59E4, 0x6A25, 0x51C4, 0x51A4, 0x3102, 0x28E2, 0x2902, 0x4163, 
    0x4163, 0x51C4, 0x51C4, 0x51A4, 0x59C4, 0x59C4, 0x4983, 0x3102, 0x20C2, 0x1081, 0x3142, 0xAC43, 
    0xAC23, 0xD524, 0xED84, 0xE584, 0xED84, 0xEDA4, 0xEDA4, 0xEDA4, 0xE584, 0xE584, 0xCC63, 0xCC23, 
    0xE5A4, 0xE564, 0xE584, 0xE584, 0xCC23, 0xBAE0, 0xB2C1, 0xBB62, 0xDD24, 0xE5A4, 0xE584, 0xE584, 
    0xE584, 0xE584, 0xE584, 0xE584, 0xE584, 0xE584, 0xE564, 0xE584, 0xE584, 0xE584, 0xEDA4, 0x41A1, 
    0x08E5, 0x21C9, 0x2A2B, 0x2A2A, 0x1988, 0x2A0A, 0x220A, 0x21EA, 0x21EA, 0x21EA, 0x21EA, 0x21EA, 
    0x10C4, 0x7AA1, 0xC421, 0xBC01, 0x82E1, 0x10A2, 0x18C2, 0x10A2, 0x2901, 0xA381, 0xC401, 0x6A61, 
    0x18A1, 0x10A2, 0x18C2, 0x10C2, 0x1082, 0x8AE1, 0xC401, 0xA381, 0x18E2, 0x21C9, 0x21EA, 0x21EA, 
    0x21EA, 0x21EA, 0x21EA, 0x220A, 0x21EA, 0x21A8, 0x21C9, 0x2A4B, 0x21EA, 0x1988, 0x21C9, 0x21EA, 
    0x1988, 0x1126, 0x1125, 0x1105, 0x1105, 0x1105, 0x1105, 0x1125, 0x10E5, 0x1081, 0xC4C3, 0xE584, 
    0xE563, 0xE563, 0xE563, 0xE563, 0xE563, 0xE563, 0xE564, 0xE563, 0xE563, 0xE563, 0xE563, 0xE563, 
    0xE584, 0xE584, 0xE584, 0xE584, 0xE584, 0xE584, 0xE584, 0xE564, 0xE584, 0xCD04, 0x18C1, 0x58E2, 
    0x7102, 0x7922, 0x8142, 0x8142, 0x8142, 0x8942, 0x8962, 0xA9C3, 0xB203, 0xA9C3, 0x8942, 0x9142, 
    0x9142, 0x9142, 0x28A2, 0x5122, 0x7942, 0x6122, 0x7142, 0x7962, 0x7962, 0x7162, 0x7142, 0x7162, 
    0x7142, 0x7162, 0x7162, 0x7142, 0x7142, 0x7142, 0x6922, 0x6942, 0x6922, 0x6102, 0x5102, 0x5102, 
    0x40E2, 0x2081, 0x18A2, 0x18C2, 0x1081, 0x0841, 0x5902, 0x8962, 0x8142, 0x8142, 0x50E2, 0x18A1, 
    0x9B82, 0xB402, 0xBC43, 0xC483, 0xC4A3, 0xDD45, 0xE585, 0xE584, 0xEDA4, 0xA3E6, 0x51E9, 0x49AA, 
    0x49AA, 0x4989, 0x5A0B, 0x7ACC, 0x7AAB, 0x7ACC, 0xABE9, 0xDD25, 0xE5A4, 0xE5A4, 0xEDA5, 0xE544, 
    0xB322, 0xAA60, 0xC3E2, 0xE564, 0xE564, 0xE564, 0xE584, 0xE584, 0xE584, 0xE584, 0xE584, 0xE564, 
    0xE584, 0xED84, 0xCCE3, 0xAC03, 0xAC03, 0xAC23, 0xAC03, 0xAC03, 0xB443, 0x6262, 0x0841, 0x2902, 
    0x51A4, 0x59C4, 0x51A4, 0x4163, 0x61E4, 0x59C4, 0x51C4, 0x51C4, 0x4163, 0x4983, 0x61E4, 0x6A04, 
    0x59E4, 0x51C4, 0x6205, 0x6A04, 0x51A4, 0x4983, 0x3943, 0x3102, 0x20E2, 0x18A2, 0x18A2, 0x18A2, 
    0x1061, 0x7B03, 0xB443, 0xAC23, 0xAC23, 0xAC23, 0xAC23, 0xAC03, 0xD523, 0xE564, 0xE564, 0xE584, 
    0xE584, 0xE584, 0xE584, 0xE584, 0xAAA1, 0xB2C1, 0xCC43, 0xE5A4, 0xE584, 0xE584, 0xE564, 0xE584, 
    0xE585, 0xDD44, 0xDD44, 0xE584, 0xE584, 0xE564, 0xE564, 0xE584, 0xE584, 0xE584, 0xE5A4, 0x41A1, 
    0x08C5, 0x21C9, 0x2A2B, 0x2A2A, 0x1988, 0x21EA, 0x21EA, 0x21EA, 0x21EA, 0x21EA, 0x21EA, 0x21EA, 
    0x10E4, 0x82C1, 0xC421, 0xB3E1, 0xB3C1, 0x8AE1, 0x10A2, 0x3141, 0xA381, 0xC421, 0xB3E1, 0xBC01, 
    0x5A01, 0x20E2, 0x10A2, 0x0882, 0x20E1, 0x7281, 0xC401, 0xA380, 0x18E2, 0x21C9, 0x21EA, 0x21E9, 
    0x21EA, 0x21EA, 0x21EA, 0x21EA, 0x21EA, 0x21C9, 0x21C9, 0x2A4B, 0x21EA, 0x1988, 0x21C9, 0x29E9, 
    0x1987, 0x1126, 0x1125, 0x1105, 0x1105, 0x1125, 0x1105, 0x1125, 0x10E5, 0x1081, 0xBC63, 0xE584, 
    0xE584, 0xE563, 0xE563, 0xE563, 0xE563, 0xE563, 0xE564, 0xE563, 0xE563, 0xE563, 0xE563, 0xE563, 
    0xE564, 0xDD64, 0xDD44, 0xE564, 0xE564, 0xE564, 0xDD64, 0xDD64, 0xDD64, 0xC4C4, 0x18C1, 0x58E2, 
    0x8122, 0x8142, 0x7942, 0x8142, 0x8142, 0x8942, 0x8962, 0xB1C3, 0xBA03, 0xA9C3, 0x8962, 0x9142, 
    0x8942, 0x8962, 0x20A2, 0x5922, 0x7962, 0x6942, 0x7142, 0x7162, 0x7162, 0x7142, 0x7142, 0x7142, 
    0x7142, 0x6942, 0x6942, 0x6122, 0x5902, 0x20A1, 0x1881, 0x1881, 0x1081, 0x1061, 0x1061, 0x1081, 
    0x1061, 0x38C1, 0x6102, 0x5902, 0x7142, 0x7942, 0x8162, 0x8142, 0x8142, 0x7942, 0x48E2, 0x18C1, 
    0x9342, 0xA3C2, 0xA3C2, 0xA3A2, 0xB442, 0xC483, 0xDD24, 0xDD44, 0xE564, 0xE584, 0xAC05, 0x72C7, 
    0x7AE7, 0x9BC7, 0x624A, 0x7ACB, 0x936C, 0x936B, 0x7AAB, 0x9BA8, 0xE5A4, 0xE584, 0xE584, 0xE564, 
    0xE584, 0xCC83, 0xA220, 0xD483, 0xE564, 0xE564, 0xE564, 0xE564, 0xDD64, 0xDD44, 0xDD64, 0xDD44, 
    0xCCE4, 0xD524, 0x6262, 0x0021, 0x0861, 0x0861, 0x0841, 0x0840, 0x0861, 0x0861, 0x1081, 0x20E2, 
    0x4983, 0x59C4, 0x51A4, 0x51A4, 0x51A4, 0x59C4, 0x59C4, 0x51C4, 0x59C4, 0x59C4, 0x61E4, 0x51C4, 
    0x59C4, 0x51A4, 0x51A4, 0x51C4, 0x51A4, 0x51A4, 0x51A4, 0x51A4, 0x59C4, 0x59E4, 0x59C4, 0x59C4, 
    0x4163, 0x28E2, 0x1081, 0x1082, 0x0861, 0x0841, 0x0841, 0x1081, 0xAC03, 0xE584, 0xE564, 0xDD64, 
    0xDD64, 0xDD64, 0xE584, 0xDD04, 0xAA81, 0xCC83, 0xE564, 0xE564, 0xE564, 0xDD44, 0xDD44, 0xDD45, 
    0xA3E8, 0x72CB, 0x72AA, 0xBC66, 0xE564, 0xDD64, 0xDD44, 0xDD44, 0xDD44, 0xDD64, 0xE584, 0x41A1, 
    0x08C5, 0x21A9, 0x2A0B, 0x2A0A, 0x21A8, 0x29EA, 0x21EA, 0x21EA, 0x21EA, 0x21EA, 0x21EA, 0x21EA, 
    0x10E4, 0x3961, 0xA381, 0xBC01, 0xC421, 0xCC41, 0x9321, 0x9321, 0xC401, 0xBC01, 0xBBE1, 0xB3E1, 
    0xC421, 0x49C2, 0x0882, 0x20E1, 0x8AE1, 0xBC01, 0xBBE1, 0xAB80, 0x18E2, 0x21C9, 0x21EA, 0x21EA, 
    0x2A0A, 0x29EA, 0x21EA, 0x21EA, 0x21EA, 0x21C9, 0x21C9, 0x324B, 0x21EA, 0x1988, 0x21C9, 0x21E9, 
    0x1988, 0x1126, 0x1126, 0x1105, 0x1125, 0x1125, 0x1105, 0x1105, 0x10E5, 0x1081, 0xAC03, 0xDD44, 
    0xDD44, 0xDD44, 0xDD43, 0xDD44, 0xDD43, 0xDD43, 0xDD43, 0xDD43, 0xDD43, 0xDD43, 0xDD43, 0xDD43, 
    0xE584, 0xE584, 0xE583, 0xE584, 0xE584, 0xE584, 0xE584, 0xE584, 0xD504, 0xB463, 0x18C1, 0x40C1, 
    0x7122, 0x8142, 0x8142, 0x7942, 0x7922, 0x8142, 0x8962, 0xB1C3, 0xB203, 0xA9C3, 0x8962, 0x9162, 
    0x8942, 0x8142, 0x28C2, 0x20C2, 0x6122, 0x7142, 0x5922, 0x5922, 0x5922, 0x48E2, 0x20A1, 0x20A1, 
    0x20A1, 0x18A1, 0x1081, 0x0861, 0x0861, 0x38C2, 0x40E2, 0x40C2, 0x50E2, 0x6922, 0x8962, 0x8962, 
    0x8962, 0x9162, 0x9962, 0x8942, 0x8962, 0x8962, 0x8142, 0x8142, 0x8162, 0x7142, 0x48C2, 0x18C1, 
    0xA3C2, 0xB402, 0xB402, 0xAC02, 0xC483, 0xCCA3, 0xC4A3, 0xE564, 0xE584, 0xE584, 0xE584, 0xEDC4, 
    0xEDC4, 0xDD44, 0x5A09, 0x624A, 0x7AAB, 0x7ACA, 0x728A, 0x9BA8, 0xEDA4, 0xE5A4, 0xE584, 0xE584, 
    0xE584, 0xE584, 0xC3E2, 0xD4A3, 0xE584, 0xE584, 0xE584, 0xE584, 0xE584, 0xE584, 0xEDA4, 0x93A2, 
    0x1081, 0x18C1, 0x1081, 0x20C2, 0x4143, 0x51A4, 0x51A4, 0x51A4, 0x51A4, 0x4984, 0x3123, 0x3123, 
    0x4163, 0x51A4, 0x51A4, 0x51A4, 0x51C4, 0x59C4, 0x59C4, 0x59C4, 0x59C4, 0x51C4, 0x51C4, 0x51C4, 
    0x51A4, 0x51A4, 0x51A4, 0x59C4, 0x51C4, 0x59C4, 0x51C4, 0x59C4, 0x59C4, 0x59C4, 0x51A4, 0x59C4, 
    0x51C4, 0x51A4, 0x51A4, 0x4163, 0x3922, 0x18A2, 0x0861, 0xAC43, 0xE584, 0xE584, 0xE564, 0xE564, 
    0xE584, 0xE584, 0xE564, 0xB2E1, 0xD483, 0xE584, 0xE584, 0xE584, 0xE584, 0xE584, 0xE584, 0x7AE8, 
    0x7AED, 0xA3F1, 0x9BB0, 0x72AB, 0xA3E7, 0xEDA4, 0xE584, 0xE564, 0xE584, 0xE584, 0xEDA4, 0x41A2, 
    0x08E5, 0x1988, 0x21C9, 0x324B, 0x324C, 0x29EA, 0x21E9, 0x21E9, 0x21EA, 0x21EA, 0x21EA, 0x21C9, 
    0x21C9, 0x10E4, 0x2901, 0x3961, 0x5201, 0x6220, 0x7280, 0xA361, 0xBBE1, 0xBBE1, 0xC401, 0xC421, 
    0xC421, 0xB3A0, 0x49A1, 0x8AE1, 0xBBE1, 0xBBE1, 0xB3C1, 0xA360, 0x18C2, 0x21CA, 0x21EA, 0x21EA, 
    0x2A0A, 0x2A0A, 0x21EA, 0x21EA, 0x21EA, 0x21C9, 0x21C9, 0x324B, 0x220A, 0x1988, 0x21EA, 0x29EA, 
    0x2188, 0x1126, 0x1126, 0x1105, 0x1105, 0x1125, 0x1105, 0x1926, 0x1105, 0x10A1, 0x9B82, 0xBC62, 
    0xCCE3, 0xE584, 0xE584, 0xE564, 0xE564, 0xE563, 0xE563, 0xE563, 0xE563, 0xE583, 0xE583, 0xE583, 
    0xE564, 0xE564, 0xE564, 0xE564, 0xE564, 0xE564, 0xE564, 0xBC83, 0xBC63, 0xB443, 0x8B42, 0x20C1, 
    0x50E2, 0x7942, 0x8942, 0x8142, 0x7942, 0x8142, 0x8962, 0xB1E3, 0xBA23, 0xA9C3, 0x9162, 0x9142, 
    0x8942, 0x8142, 0x7942, 0x5102, 0x28A1, 0x18A2, 0x0881, 0x0861, 0x0861, 0x2081, 0x30C1, 0x38C2, 
    0x5902, 0x7942, 0x7942, 0x7142, 0x7122, 0x8942, 0x9162, 0x8962, 0x8962, 0x9162, 0x9162, 0x8962, 
    0x8962, 0x9162, 0x8942, 0x8942, 0x8962, 0x8962, 0x8962, 0x8142, 0x7942, 0x5902, 0x30A1, 0x3981, 
    0xABC2, 0xABE2, 0xABE2, 0xAC02, 0xB422, 0xAC03, 0xBC63, 0xE564, 0xE564, 0xE564, 0xE564, 0xE564, 
    0xE564, 0xDD44, 0xAC25, 0x59E9, 0x6A6A, 0x72AB, 0xA3E7, 0xD505, 0xE584, 0xE584, 0xE584, 0xE564, 
    0xE564, 0xE564, 0xE584, 0xE564, 0xDD44, 0xE564, 0xE564, 0xDD64, 0xED84, 0xD544, 0x49E2, 0x2921, 
    0x20C2, 0x4163, 0x4983, 0x51A4, 0x59C4, 0x61E4, 0x61E4, 0x59E4, 0x59C4, 0x59C4, 0x51A4, 0x51A4, 
    0x4984, 0x4984, 0x59C4, 0x51A4, 0x51A4, 0x59C4, 0x59C4, 0x59C4, 0x59C4, 0x59C4, 0x51A4, 0x51A4, 
    0x51A4, 0x51A4, 0x51C4, 0x59C4, 0x59C4, 0x51C4, 0x51A4, 0x51A4, 0x51A4, 0x59C4, 0x51A4, 0x59C4, 
    0x51A4, 0x3943, 0x3122, 0x2902, 0x20C2, 0x0861, 0x6AA2, 0xC4E4, 0xE5A5, 0xEDA4, 0xEDA4, 0xE584, 
    0xE564, 0xE584, 0xDD64, 0xD4A3, 0xDD44, 0xE564, 0xE564, 0xE564, 0xE564, 0xE564, 0x9388, 0x7ACD, 
    0x9B6F, 0xABF0, 0x9BB0, 0x7AEE, 0x72AB, 0xAC27, 0xE584, 0xDD64, 0xE564, 0xE564, 0xBCA3, 0x2900, 
    0x08C4, 0x21A8, 0x21A8, 0x21C9, 0x29EA, 0x2A0B, 0x2A0A, 0x2A0A, 0x2A2B, 0x324B, 0x2A4B, 0x2A0A, 
    0x21EA, 0x21C8, 0x1987, 0x1967, 0x1967, 0x1105, 0x10C4, 0x18E2, 0x2901, 0x3940, 0x6220, 0x7AA1, 
    0x8B01, 0x9300, 0xB3A1, 0xBC01, 0xBC01, 0xB3C1, 0xB3C0, 0x9300, 0x10A2, 0x21C9, 0x29EA, 0x21EA, 
    0x21EA, 0x29EA, 0x21EA, 0x21EA, 0x21EA, 0x21C9, 0x21C9, 0x324B, 0x21EA, 0x1988, 0x21C9, 0x29E9, 
    0x2188, 0x1125, 0x1105, 0x1105, 0x1105, 0x1125, 0x1946, 0x1125, 0x10E4, 0x10A1, 0x9B82, 0xB422, 
    0xB442, 0xBC63, 0xBC83, 0xD504, 0xE564, 0xDD44, 0xDD64, 0xDD43, 0xE563, 0xE564, 0xE564, 0xE564, 
    0xDD44, 0xE564, 0xDD64, 0xDD64, 0xE564, 0xD4E3, 0xBC43, 0xBC63, 0xB443, 0xABE2, 0xA3C2, 0x2921, 
    0x20A1, 0x50E1, 0x7922, 0x8142, 0x8942, 0x8142, 0x8142, 0xA9C3, 0xB1E3, 0xA9C3, 0x9142, 0x9162, 
    0x9142, 0x8942, 0x8942, 0x6102, 0x50E2, 0x5902, 0x6922, 0x6922, 0x6922, 0x8142, 0x8962, 0x8942, 
    0x9162, 0x9962, 0x9982, 0x9982, 0x9162, 0x9162, 0x9162, 0x9162, 0x9162, 0x9162, 0x8962, 0x8942, 
    0x8962, 0x8962, 0x8942, 0x8942, 0x8142, 0x8142, 0x7122, 0x7122, 0x6102, 0x3081, 0x0840, 0x8302, 
    0xABE2, 0xABE2, 0xABE2, 0xA3C2, 0xAC02, 0xB422, 0xCCC3, 0xDD64, 0xDD64, 0xDD44, 0xDD44, 0xDD44, 
    0xDD44, 0xDD44, 0xDD44, 0xAC27, 0xA3C7, 0xAC07, 0xD505, 0xE564, 0xDD45, 0xE564, 0xE564, 0xE564, 
    0xE564, 0xDD64, 0xE564, 0xDD64, 0xDD44, 0xDD64, 0xE564, 0xE584, 0x8342, 0x49C1, 0x0841, 0x28E2, 
    0x51A3, 0x61E4, 0x61E4, 0x6205, 0x6A05, 0x61E4, 0x51A4, 0x51A4, 0x59C4, 0x59C4, 0x59C4, 0x51A4, 
    0x4163, 0x3943, 0x4984, 0x59C4, 0x59C4, 0x59C4, 0x59C4, 0x59C4, 0x59C4, 0x59A4, 0x51A4, 0x51A4, 
    0x51A4, 0x51A4, 0x51A4, 0x51A4, 0x51A4, 0x51A4, 0x51A4, 0x59C4, 0x51A4, 0x51A4, 0x51A4, 0x4983, 
    0x4984, 0x4163, 0x2902, 0x28E2, 0x20E2, 0x18A1, 0x10A1, 0x10A1, 0x5A42, 0x72C2, 0x72C2, 0x6A82, 
    0xBC83, 0xE564, 0xE564, 0xE584, 0xE564, 0xDD64, 0xDD64, 0xDD44, 0xDD64, 0xDD44, 0x6A69, 0x8B2F, 
    0x9B6F, 0x934E, 0x7AEE, 0x7AEE, 0x622C, 0x9368, 0xE584, 0xDD64, 0xD524, 0xC4A3, 0x3141, 0x4A07, 
    0x2965, 0x1105, 0x21A8, 0x21C9, 0x1988, 0x1988, 0x1988, 0x21A9, 0x21C9, 0x21E9, 0x21E9, 0x2A0A, 
    0x29EA, 0x2A0A, 0x2A0A, 0x2A2B, 0x2A2B, 0x21E9, 0x21C9, 0x21A8, 0x1967, 0x1946, 0x1946, 0x1126, 
    0x1104, 0x10E3, 0x18E2, 0x3122, 0x3941, 0x51A1, 0x6A20, 0x18C1, 0x1946, 0x21E9, 0x21EA, 0x21EA, 
    0x21EA, 0x29EA, 0x29EA, 0x21EA, 0x21E9, 0x21C9, 0x21C9, 0x2A4B, 0x21EA, 0x1988, 0x21C9, 0x29E9, 
    0x1988, 0x1125, 0x1105, 0x1105, 0x1925, 0x1946, 0x1105, 0x10E4, 0x10E4, 0x0861, 0x5A21, 0xABE2, 
    0xAC02, 0xABE2, 0xB443, 0xC4A3, 0xBC43, 0xDD44, 0xDD44, 0xDD44, 0xDD44, 0xDD44, 0xDD44, 0xDD44, 
    0xE584, 0xE584, 0xE584, 0xE584, 0xE584, 0xCCC3, 0xB442, 0xB423, 0xAC02, 0xAC02, 0xB402, 0xABE2, 
    0x49E1, 0x2081, 0x50E1, 0x7922, 0x8142, 0x7942, 0x8142, 0xA9C3, 0xB203, 0xA9C3, 0x8942, 0x9162, 
    0x9962, 0x9162, 0x8942, 0x8142, 0x9162, 0x9982, 0xA182, 0x9982, 0x9982, 0x9162, 0x9162, 0x9162, 
    0x9142, 0x8942, 0x9162, 0x9162, 0x9162, 0x8942, 0x9142, 0x9162, 0x9162, 0x9162, 0x8942, 0x8122, 
    0x8122, 0x7942, 0x7122, 0x7122, 0x7122, 0x6122, 0x50E2, 0x40C1, 0x38A1, 0x30E1, 0x6242, 0xABE2, 
    0xAC02, 0xB422, 0xAC02, 0xBC43, 0xBC62, 0xD4E3, 0xED84, 0xE584, 0xE584, 0xE584, 0xE584, 0xE564, 
    0xE584, 0xE584, 0xE584, 0xEDA4, 0xDD24, 0xDD44, 0xE583, 0xDD44, 0xDD45, 0xE584, 0xE584, 0xE584, 
    0xE584, 0xE584, 0xE584, 0xE584, 0xE584, 0xE584, 0xE584, 0x9BE3, 0x18C1, 0x0861, 0x28E2, 0x51A4, 
    0x6A25, 0x59C4, 0x59C4, 0x59C4, 0x59C4, 0x59C4, 0x51A4, 0x51A4, 0x51A4, 0x59C4, 0x51A4, 0x51A4, 
    0x4984, 0x4163, 0x4984, 0x59C4, 0x59C4, 0x59C4, 0x59C4, 0x59C4, 0x59C4, 0x51A4, 0x51A4, 0x51A4, 
    0x51A4, 0x51A4, 0x51A4, 0x51A4, 0x51A4, 0x51A4, 0x51A4, 0x51A4, 0x51A4, 0x51A4, 0x51A4, 0x4983, 
    0x51A4, 0x59C4, 0x51A4, 0x4983, 0x4984, 0x4163, 0x3102, 0x3102, 0x18A2, 0x1061, 0x0021, 0x3981, 
    0xCCC3, 0xE584, 0xE564, 0xE584, 0xE584, 0xE584, 0xE584, 0xE584, 0xE584, 0xDD64, 0x6269, 0x6A8D, 
    0x82EE, 0x82EE, 0x6A8D, 0x624C, 0x51CB, 0x8B47, 0xEDA4, 0xE584, 0xD524, 0xC4A3, 0x3961, 0x7B6B, 
    0x7B4B, 0x2964, 0x08A3, 0x08E4, 0x1105, 0x1946, 0x2188, 0x21A9, 0x21A8, 0x21A8, 0x1987, 0x21A8, 
    0x21A8, 0x21E9, 0x29E9, 0x2A0A, 0x21E9, 0x29EA, 0x2A0A, 0x2A2B, 0x2A0A, 0x2A2B, 0x2A2B, 0x2A2B, 
    0x2A0A, 0x21EA, 0x21C9, 0x1967, 0x1126, 0x10E5, 0x10C4, 0x1925, 0x29EA, 0x29EA, 0x29EA, 0x29EA, 
    0x21EA, 0x21E9, 0x29E9, 0x21E9, 0x29EA, 0x21C9, 0x21C9, 0x2A4B, 0x21EA, 0x1988, 0x21C9, 0x21E9, 
    0x1987, 0x1125, 0x1105, 0x1125, 0x1946, 0x1125, 0x1104, 0x10E4, 0x10A3, 0x2924, 0x0861, 0x9B82, 
    0xB402, 0xAC02, 0xB422, 0xB423, 0xAC02, 0xC4A3, 0xE563, 0xE583, 0xE583, 0xE584, 0xE583, 0xE583, 
    0xE564, 0xE564, 0xE564, 0xE584, 0xE584, 0xCCE3, 0xC483, 0xB423, 0xB403, 0xAC02, 0xABE2, 0xABE2, 
    0xABC2, 0x5A01, 0x30E1, 0x48E1, 0x7142, 0x8142, 0x8142, 0xA1A3, 0xBA03, 0xA9E3, 0x8942, 0x8942, 
    0x7942, 0x8142, 0x8942, 0x8942, 0x8942, 0x8962, 0x8962, 0x9162, 0x9162, 0x9162, 0x9162, 0x9162, 
    0x9162, 0x8962, 0x8142, 0x8142, 0x8942, 0x8142, 0x8142, 0x7942, 0x6922, 0x6902, 0x7122, 0x50E2, 
    0x48C1, 0x40C1, 0x40C1, 0x38C1, 0x38A1, 0x1861, 0x1881, 0x20E1, 0x2921, 0x6262, 0xBC42, 0xA3C2, 
    0xA3E2, 0xABE2, 0xBC62, 0xC483, 0xD503, 0xE584, 0xE564, 0xE564, 0xE564, 0xE564, 0xE564, 0xE564, 
    0xE584, 0xE584, 0xE584, 0xE564, 0xE584, 0xE584, 0xE564, 0xE564, 0xE564, 0xE584, 0xE584, 0xE584, 
    0xE584, 0xE584, 0xE564, 0xE564, 0xED84, 0xDD64, 0x8322, 0x1081, 0x18C2, 0x4183, 0x59E4, 0x6A05, 
    0x61E4, 0x51A4, 0x51A4, 0x59C4, 0x51A4, 0x4983, 0x4983, 0x51A4, 0x59C4, 0x59C4, 0x51C4, 0x59C4, 
    0x51C4, 0x59C4, 0x59C4, 0x51A4, 0x59C4, 0x59C4, 0x59C4, 0x59C4, 0x51A4, 0x51A4, 0x51A4, 0x51A4, 
    0x51A4, 0x51A4, 0x51A4, 0x51A4, 0x4963, 0x51A4, 0x59C4, 0x59C4, 0x51A4, 0x51A4, 0x51A4, 0x51A4, 
    0x51A4, 0x51A4, 0x59C4, 0x59A4, 0x59C4, 0x61E4, 0x51A4, 0x59C4, 0x3143, 0x18A2, 0x2922, 0xCCE3, 
    0xEDA4, 0xE564, 0xE564, 0xE564, 0xE564, 0xE564, 0xE584, 0xE584, 0xE584, 0xE584, 0x9BC7, 0x5A09, 
    0x5A0B, 0x6A6D, 0x6A6D, 0x51CB, 0x6248, 0xAC25, 0xE584, 0xD524, 0xC483, 0xB402, 0x3121, 0x4A07, 
    0x8BEC, 0x7B6B, 0x5247, 0x5247, 0x3184, 0x18C2, 0x1904, 0x08C4, 0x08C4, 0x1126, 0x1946, 0x1967, 
    0x21A8, 0x21A8, 0x1988, 0x2188, 0x2188, 0x21A8, 0x21C9, 0x21C9, 0x21C9, 0x21E9, 0x2A0A, 0x2A0A, 
    0x2A0A, 0x2A0A, 0x2A2B, 0x2A2B, 0x2A2B, 0x2A2B, 0x2A0A, 0x21EA, 0x29EA, 0x21E9, 0x29EA, 0x29EA, 
    0x21EA, 0x21E9, 0x21C9, 0x29E9, 0x29E9, 0x21C9, 0x21C9, 0x324B, 0x2A0A, 0x1988, 0x21C9, 0x21E9, 
    0x2188, 0x1105, 0x1925, 0x1946, 0x1925, 0x1104, 0x10E4, 0x10C3, 0x3164, 0x4A06, 0x1081, 0x8B22, 
    0xA3C2, 0xABE2, 0xAC02, 0xB422, 0xB422, 0xB422, 0xDD23, 0xE563, 0xE563, 0xE563, 0xE563, 0xE563, 
    0xDD44, 0xDD44, 0xDD64, 0xDD64, 0xDD64, 0xE564, 0xC4C3, 0xBC43, 0xBC63, 0xB403, 0xB402, 0xB422, 
    0xB402, 0xB402, 0x6262, 0x20C1, 0x40C1, 0x7122, 0x7922, 0x9182, 0xA9E3, 0xBA03, 0x9162, 0x8962, 
    0x8142, 0x9162, 0x8942, 0x8942, 0x9162, 0x9162, 0x9162, 0x8962, 0x8942, 0x8942, 0x8942, 0x8142, 
    0x7122, 0x7122, 0x6902, 0x60E1, 0x6102, 0x6102, 0x6102, 0x50E2, 0x40C1, 0x3081, 0x38A1, 0x1881, 
    0x18A1, 0x20C1, 0x20E1, 0x2101, 0x2901, 0x2901, 0x6A61, 0xA3C2, 0xAC02, 0xAC02, 0xABE2, 0xABE2, 
    0xAC03, 0xAC02, 0xBC63, 0xD504, 0xE584, 0xE564, 0xDD64, 0xDD64, 0xDD64, 0xDD64, 0xE564, 0xDD44, 
    0xBC86, 0xC486, 0xBC86, 0xDD44, 0xE584, 0xE564, 0xE564, 0xE564, 0xE564, 0xE564, 0xE584, 0xE584, 
    0xE564, 0xE584, 0xE584, 0xE584, 0xB443, 0x8B63, 0x1061, 0x18A2, 0x4183, 0x6A25, 0x7225, 0x61E4, 
    0x59C4, 0x61E4, 0x59C4, 0x51C4, 0x59C4, 0x59C4, 0x61E4, 0x59E4, 0x59C4, 0x59C4, 0x51A4, 0x51A4, 
    0x51C4, 0x59C4, 0x59C4, 0x59C4, 0x59C4, 0x59C4, 0x59C4, 0x59C4, 0x59C4, 0x51A4, 0x59C4, 0x51A4, 
    0x51A4, 0x51A4, 0x51A4, 0x4984, 0x4143, 0x4963, 0x5184, 0x51A4, 0x59C4, 0x51A4, 0x51A4, 0x51A4, 
    0x51A4, 0x51A4, 0x59C4, 0x51C4, 0x51A4, 0x59C4, 0x59C4, 0x51A4, 0x3943, 0x1882, 0x49C2, 0xA3E2, 
    0xD524, 0xE584, 0xE564, 0xE564, 0xDD44, 0xDD44, 0xE564, 0xE564, 0xE564, 0xDD64, 0xE585, 0x8346, 
    0x5A09, 0x51EB, 0x498A, 0x6248, 0xBC85, 0xE584, 0xDD44, 0xCCC3, 0xCCA3, 0xB402, 0x5A22, 0x3143, 
    0x3185, 0x732A, 0xACD0, 0xACD0, 0x9C2D, 0x83AC, 0x62C9, 0x39C5, 0x39A5, 0x2944, 0x2944, 0x2124, 
    0x1925, 0x1125, 0x10E5, 0x1105, 0x1967, 0x21C9, 0x21A9, 0x21A8, 0x1988, 0x1988, 0x1988, 0x1988, 
    0x1988, 0x21A8, 0x21C9, 0x21EA, 0x2A0A, 0x2A0A, 0x2A2B, 0x2A2B, 0x2A0A, 0x2A0A, 0x2A0A, 0x2A0A, 
    0x21E9, 0x21C9, 0x21C9, 0x21C9, 0x1988, 0x21A8, 0x21E9, 0x326C, 0x2A0A, 0x19A8, 0x21C9, 0x21E9, 
    0x2188, 0x1925, 0x1946, 0x1925, 0x1105, 0x08C3, 0x1082, 0x3164, 0x5A67, 0x3985, 0x1081, 0x9382, 
    0xABE2, 0xABC2, 0xABE2, 0xABE2, 0xABE2, 0xC483, 0xD503, 0xDD43, 0xDD23, 0xDD43, 0xDD43, 0xDD44, 
    0xE584, 0xE584, 0xE583, 0xE584, 0xE584, 0xE584, 0xE584, 0xC4A3, 0xBC63, 0xB443, 0xAC02, 0xABE2, 
    0xABE2, 0xABE2, 0xABE2, 0x6241, 0x18A1, 0x40A1, 0x5902, 0x8962, 0x9162, 0xA1C3, 0x99A3, 0x8942, 
    0x8942, 0x9162, 0x9162, 0x9162, 0x8942, 0x8942, 0x8142, 0x7122, 0x6101, 0x58E2, 0x50E2, 0x50E2, 
    0x48E1, 0x48C1, 0x40C1, 0x2061, 0x0861, 0x0861, 0x0861, 0x0861, 0x18C1, 0x20E1, 0x2101, 0x3141, 
    0x8B22, 0xABC2, 0xA3A2, 0x9BA2, 0xA3A2, 0xA3C2, 0x9BA2, 0xA3A2, 0xB402, 0xB422, 0xB423, 0xB443, 
    0xC483, 0xDD44, 0xE584, 0xE584, 0xE584, 0xE584, 0xE584, 0xE584, 0xE584, 0xE584, 0xE564, 0xC486, 
    0x7ACC, 0x7ACD, 0x72AC, 0xB447, 0xDD64, 0xED84, 0xED84, 0xE584, 0xE584, 0xE584, 0xE5A4, 0xE5A4, 
    0xDD64, 0xBC84, 0xBC84, 0xBC84, 0x3141, 0x1061, 0x3943, 0x59C4, 0x61E4, 0x6204, 0x51A4, 0x51A4, 
    0x5184, 0x51A4, 0x51A4, 0x59E4, 0x59C4, 0x59C4, 0x59C4, 0x59C4, 0x61E4, 0x59C4, 0x59C4, 0x51A4, 
    0x59C4, 0x59C4, 0x59C4, 0x59C4, 0x59C4, 0x51C4, 0x59C4, 0x59C4, 0x59C4, 0x51A4, 0x59A4, 0x59C4, 
    0x51C4, 0x51A4, 0x59C4, 0x59C4, 0x59C4, 0x4963, 0x4163, 0x4984, 0x51A4, 0x4983, 0x59A4, 0x51A4, 
    0x5184, 0x51A4, 0x51A4, 0x51A4, 0x51A4, 0x51A4, 0x51A4, 0x59C4, 0x59C4, 0x4963, 0x28C2, 0x0820, 
    0x8B63, 0xDD44, 0xEDA4, 0xE584, 0xE584, 0xE564, 0xE584, 0xE584, 0xE584, 0xE584, 0xE584, 0xE5A4, 
    0xA3C6, 0x7288, 0x6A87, 0xBC84, 0xEDA4, 0xE584, 0xE584, 0xD504, 0xC463, 0xB402, 0xABC2, 0x49C1, 
    0x2921, 0x2102, 0x2124, 0x31A5, 0x732A, 0x83AC, 0x942E, 0x9C6F, 0xB511, 0xB4D0, 0xA46E, 0x9C2D, 
    0x62A8, 0x3144, 0x3164, 0x2944, 0x20E3, 0x0861, 0x0861, 0x1105, 0x1946, 0x1947, 0x1967, 0x1967, 
    0x1988, 0x21A8, 0x21A8, 0x1988, 0x1988, 0x1988, 0x21A8, 0x21A8, 0x29EA, 0x2A0A, 0x2A2B, 0x2A2A, 
    0x2A2B, 0x2A0A, 0x29EA, 0x29EA, 0x29EA, 0x21A8, 0x2A2B, 0x324B, 0x2A0A, 0x19A8, 0x21C9, 0x29E9, 
    0x2188, 0x1946, 0x1925, 0x1105, 0x10C3, 0x18C2, 0x3184, 0x5A87, 0x3144, 0x10A1, 0x6262, 0xABE2, 
    0xABE2, 0xA3C2, 0xA3C2, 0xAC02, 0xB423, 0xABE2, 0xDD23, 0xE584, 0xE563, 0xE563, 0xE563, 0xE583, 
    0xE584, 0xE584, 0xE584, 0xE584, 0xE584, 0xE584, 0xE584, 0xE584, 0xDD23, 0xCCC3, 0xB422, 0xB422, 
    0xB422, 0xB402, 0xABE2, 0xABE2, 0x82E2, 0x18A1, 0x28C1, 0x6922, 0x6902, 0x7122, 0x8162, 0x7942, 
    0x7122, 0x7942, 0x7942, 0x6922, 0x5902, 0x50E1, 0x48E1, 0x40C1, 0x38C1, 0x1041, 0x0821, 0x0861, 
    0x1081, 0x1081, 0x20E1, 0x6A82, 0x7AE2, 0x7AC2, 0x8B22, 0x8B22, 0x9B62, 0xABE2, 0xAC02, 0xB402, 
    0xB402, 0xB402, 0xB402, 0xB422, 0xABE2, 0xB402, 0xB422, 0xB423, 0xB423, 0xC483, 0xE564, 0xE584, 
    0xE584, 0xE584, 0xE5A4, 0xE584, 0xE584, 0xE584, 0xE584, 0xE584, 0xE564, 0xE584, 0xD525, 0x6A8B, 
    0xA3CF, 0xABF0, 0x9B8F, 0x624B, 0xBC85, 0xEDA4, 0xE584, 0xE584, 0xE584, 0xE584, 0xE584, 0xEDA4, 
    0xC4C4, 0x18C1, 0x0861, 0x10A2, 0x2902, 0x4984, 0x6204, 0x59C4, 0x51A4, 0x4983, 0x4963, 0x4163, 
    0x51A4, 0x51C4, 0x59E4, 0x59C4, 0x59C4, 0x59C4, 0x59C4, 0x59C4, 0x59E4, 0x59C4, 0x59C4, 0x59C4, 
    0x51A4, 0x51C4, 0x59C4, 0x59C4, 0x59C4, 0x51C4, 0x59C4, 0x59C4, 0x59C4, 0x59C4, 0x51A4, 0x59C4, 
    0x51A4, 0x51A4, 0x59C4, 0x59C4, 0x59E4, 0x59C4, 0x59C4, 0x5184, 0x3923, 0x3943, 0x5184, 0x51A4, 
    0x51A3, 0x51A4, 0x51A4, 0x51A4, 0x51A4, 0x4163, 0x4983, 0x4963, 0x4983, 0x51A4, 0x4983, 0x28E2, 
    0x0841, 0x7B23, 0xDD65, 0xE584, 0xE564, 0xE584, 0xE584, 0xE584, 0xE584, 0xE584, 0xE584, 0xE584, 
    0xE5A5, 0xEDA5, 0xE5A4, 0xE584, 0xE584, 0xE584, 0xE584, 0xE584, 0xD4E4, 0xC483, 0xB422, 0xB422, 
    0xB423, 0x7AE2, 0x6241, 0x51E2, 0x18A1, 0x18C1, 0x18C2, 0x18C2, 0x39A5, 0x5227, 0x5A88, 0x62A8, 
    0xAC8F, 0xACCF, 0xB510, 0xB510, 0x9C4D, 0x6AE9, 0x7B4A, 0x5247, 0x18C2, 0x18E2, 0x1081, 0x0861, 
    0x08A3, 0x1926, 0x1967, 0x1947, 0x1967, 0x1988, 0x1988, 0x1988, 0x21A8, 0x21C9, 0x21A8, 0x21A8, 
    0x21C9, 0x21C9, 0x21C9, 0x2A0A, 0x324B, 0x324B, 0x2A0A, 0x2A2B, 0x2A0A, 0x21A8, 0x21C9, 0x21A8, 
    0x1946, 0x1925, 0x1105, 0x10C3, 0x18C2, 0x62A8, 0x4A06, 0x2944, 0x1081, 0x6242, 0xB402, 0xAC02, 
    0xB402, 0xAC02, 0xABE2, 0xBC42, 0xC4A3, 0xDD23, 0xE563, 0xE563, 0xE563, 0xE563, 0xE563, 0xE563, 
    0xDD44, 0xDD44, 0xDD64, 0xE564, 0xE564, 0xE564, 0xE564, 0xE564, 0xDD44, 0xDD24, 0xDD24, 0xBC42, 
    0xABE2, 0xA3C2, 0xA3C2, 0xA3C2, 0xA3C2, 0xABE2, 0x41A2, 0x1061, 0x38C1, 0x58E1, 0x6102, 0x6102, 
    0x58E1, 0x5901, 0x30A2, 0x1861, 0x1041, 0x0841, 0x0841, 0x0841, 0x0881, 0x6A62, 0x8302, 0x8322, 
    0x9382, 0xA3C2, 0xA3C2, 0xB422, 0xBC42, 0xB422, 0xB422, 0xABE2, 0xA3C2, 0xA3A2, 0xA3C2, 0xA3C2, 
    0xA3C2, 0xA3C2, 0xABE2, 0xC483, 0xDD43, 0xDD23, 0xDD44, 0xDD44, 0xD523, 0xD503, 0xDD44, 0xDD44, 
    0xDD64, 0xDD64, 0xDD64, 0xDD64, 0xDD64, 0xDD64, 0xDD44, 0xDD44, 0xDD44, 0xDD64, 0xD505, 0x728B, 
    0x934E, 0x932D, 0x7AAD, 0x5A0A, 0xB445, 0xE564, 0xDD64, 0xE564, 0xE564, 0xE564, 0xE564, 0xE564, 
    0xE584, 0x93A3, 0x1061, 0x3123, 0x3923, 0x3923, 0x3923, 0x3923, 0x3923, 0x3122, 0x3943, 0x51A4, 
    0x59C4, 0x6A05, 0x61E4, 0x51A4, 0x51A4, 0x59C4, 0x59C4, 0x59C4, 0x51C4, 0x59C4, 0x59C4, 0x51A4, 
    0x59C4, 0x59C4, 0x51C4, 0x51A4, 0x51A4, 0x59C4, 0x59C4, 0x59C4, 0x59C4, 0x59C4, 0x51A4, 0x51A4, 
    0x51A4, 0x51A4, 0x51A4, 0x59C4, 0x59C4, 0x59C4, 0x59C4, 0x59C4, 0x59C4, 0x59C4, 0x4163, 0x4983, 
    0x51A3, 0x4163, 0x5183, 0x51A4, 0x51A4, 0x51A4, 0x4983, 0x3123, 0x3943, 0x4963, 0x4984, 0x4983, 
    0x3102, 0x18C1, 0x3961, 0xD523, 0xDD64, 0xDD64, 0xE564, 0xE564, 0xDD44, 0xDD44, 0xDD44, 0xDD64, 
    0xE565, 0xE565, 0xDD65, 0xDD64, 0xE584, 0xE584, 0xE564, 0xE564, 0xDD64, 0xD504, 0xC483, 0xB422, 
    0xA3C2, 0xA3A2, 0xA3E2, 0xABE2, 0xA3C2, 0xA3C2, 0x9BA2, 0x9362, 0x4181, 0x0840, 0x0861, 0x1061, 
    0x18C2, 0x18E3, 0x18C3, 0x41E6, 0x6B09, 0x8BEC, 0xA46E, 0xA48E, 0xA48E, 0xACF0, 0x9C4E, 0x8BCC, 
    0x8BED, 0x3185, 0x0861, 0x0841, 0x0861, 0x0861, 0x08A3, 0x1126, 0x1987, 0x1988, 0x2188, 0x1988, 
    0x1988, 0x1988, 0x1988, 0x21A8, 0x21C9, 0x21C9, 0x21C9, 0x2A2B, 0x21A9, 0x1988, 0x1967, 0x1947, 
    0x1946, 0x1105, 0x0882, 0x18E3, 0x5A88, 0x41E6, 0x2923, 0x18A1, 0x8B22, 0x9BA2, 0x9B82, 0x9BA2, 
    0xA3C2, 0xA3C2, 0xA3A2, 0xA3C2, 0xD504, 0xDD23, 0xDD23, 0xDD23, 0xDD23, 0xDD23, 0xDD43, 0xDD23, 
    0xE564, 0xE584, 0xE583, 0xE584, 0xE584, 0xE584, 0xE583, 0xE563, 0xE584, 0xE584, 0xE564, 0xD503, 
    0xCCC3, 0xC463, 0xBC42, 0xABC2, 0xABE2, 0xB402, 0x9BA2, 0x9362, 0x3921, 0x0820, 0x1861, 0x1881, 
    0x1061, 0x1061, 0x49A1, 0x6A82, 0x7AC2, 0x8302, 0x8B42, 0x8B42, 0x9362, 0xB402, 0xB422, 0xB402, 
    0xB402, 0xB402, 0xABE2, 0xA3C2, 0xABE2, 0xABE2, 0xA3C2, 0xBC43, 0xD4E3, 0xCCE3, 0xDD24, 0xD503, 
    0xD503, 0xD503, 0xD503, 0xDD23, 0xE564, 0xE564, 0xE564, 0xE564, 0xE564, 0xE564, 0xE563, 0xE564, 
    0xE584, 0xE584, 0xE564, 0xE584, 0xEDA4, 0xE584, 0xE584, 0xE564, 0xE564, 0xE584, 0xD504, 0x622A, 
    0x6A6C, 0x624B, 0x5A0A, 0x6A49, 0xC485, 0xE584, 0xE564, 0xE564, 0xE564, 0xE584, 0xE584, 0xE584, 
    0xE584, 0xE584, 0x8343, 0x1062, 0x1061, 0x18C2, 0x3102, 0x1081, 0x20C2, 0x4163, 0x51A4, 0x59C4, 
    0x59C4, 0x59C4, 0x4143, 0x4983, 0x51A4, 0x59C4, 0x61E4, 0x59C4, 0x59C4, 0x59C4, 0x59C4, 0x59C4, 
    0x59C4, 0x59C4, 0x51A4, 0x51A4, 0x51C4, 0x59C4, 0x59C4, 0x59C4, 0x59C4, 0x59C4, 0x51A4, 0x51A4, 
    0x51A4, 0x51A4, 0x51A4, 0x51C4, 0x59C4, 0x59C4, 0x59C4, 0x59C4, 0x59C4, 0x59C4, 0x59C4, 0x51A4, 
    0x51A4, 0x4983, 0x3923, 0x4983, 0x51A4, 0x51A4, 0x51C4, 0x51A4, 0x3122, 0x3102, 0x4143, 0x4163, 
    0x4983, 0x3943, 0x20C2, 0x3141, 0x3141, 0x49C2, 0xDD64, 0xE5A4, 0xE584, 0xE584, 0xE584, 0xE584, 
    0xE585, 0xE585, 0xE5A5, 0xE585, 0x9BA8, 0x8B48, 0x8B48, 0x9388, 0xDD65, 0xEDA4, 0xD524, 0xD504, 
    0xCCA3, 0xC482, 0xBC42, 0xA3C2, 0xABE2, 0xB402, 0xA3C2, 0x9B82, 0x9B82, 0x8B42, 0x8302, 0x8302, 
    0x82E1, 0x7AE1, 0x8302, 0x41A2, 0x1082, 0x18A2, 0x18A2, 0x18C2, 0x20E3, 0x2944, 0x734A, 0x8BCC, 
    0x8BCC, 0x9C2D, 0x9C4E, 0x9C4E, 0x940D, 0x838B, 0x62A8, 0x3185, 0x10A2, 0x0861, 0x0021, 0x0041, 
    0x08E5, 0x1126, 0x1967, 0x1967, 0x1967, 0x1988, 0x19A8, 0x21A8, 0x1988, 0x1967, 0x1967, 0x1126, 
    0x10C4, 0x0061, 0x3984, 0x5A47, 0x41C5, 0x18A2, 0x3141, 0x9362, 0xA3C2, 0x9BA2, 0xABE2, 0xABE2, 
    0xABE2, 0xAC02, 0xC463, 0xD503, 0xDD43, 0xE543, 0xDD43, 0xDD43, 0xDD43, 0xDD63, 0xE563, 0xDD63, 
    0xE584, 0xE583, 0xE584, 0xED84, 0xE584, 0xE583, 0xE583, 0xE583, 0xE584, 0xE584, 0xE584, 0xEDA4, 
    0xE584, 0xD4E3, 0xD4E3, 0xD4E3, 0xCCA3, 0xC483, 0xAC02, 0xAC02, 0x9362, 0x8302, 0x8B42, 0x8B42, 
    0x8B42, 0x8322, 0x9B82, 0xABE2, 0xB422, 0xB422, 0xB422, 0xBC42, 0xBC42, 0xBC22, 0xD4E3, 0xDD23, 
    0xD4E3, 0xCCE3, 0xCCC3, 0xCCE3, 0xCCE3, 0xCCE3, 0xCCC3, 0xD503, 0xDD23, 0xDD44, 0xE5A4, 0xE584, 
    0xE584, 0xE583, 0xE583, 0xE583, 0xE584, 0xE584, 0xE584, 0xE584, 0xE584, 0xE584, 0xE583, 0xE584, 
    0xE584, 0xE584, 0xEDA3, 0xBC46, 0x9368, 0x9388, 0xBC66, 0xEDA3, 0xE584, 0xE584, 0xE584, 0xBCA5, 
    0x5A09, 0x49AA, 0x59E9, 0xABC6, 0xDD24, 0xE584, 0xE584, 0xE584, 0xE584, 0xE584, 0xE584, 0xE5A4, 
    0xE5A4, 0xEDA4, 0xD524, 0xAC24, 0x9BC3, 0x18C1, 0x0861, 0x18A2, 0x3943, 0x51A4, 0x59C4, 0x51A4, 
    0x51A4, 0x4163, 0x4983, 0x59E4, 0x6204, 0x61E4, 0x59C4, 0x59C4, 0x59C4, 0x59C4, 0x59C4, 0x59C4, 
    0x51C4, 0x51A4, 0x59C4, 0x59C4, 0x51A4, 0x59C4, 0x59C4, 0x59C4, 0x51C4, 0x59C4, 0x51A4, 0x51A4, 
    0x59C4, 0x59C4, 0x51A4, 0x51A4, 0x59C4, 0x59C4, 0x59C4, 0x59A4, 0x59C4, 0x59C4, 0x59C4, 0x59C4, 
    0x51C4, 0x51A4, 0x4963, 0x3943, 0x4163, 0x51A4, 0x59C4, 0x59C4, 0x4983, 0x3102, 0x28E2, 0x20E2, 
    0x3923, 0x3122, 0x28E2, 0x18A2, 0x0841, 0x8342, 0xE584, 0xEDA4, 0xD505, 0x9BA8, 0xC4A7, 0xE584, 
    0xE584, 0xE585, 0xA3C9, 0x938A, 0x8B2E, 0x8B0E, 0x830E, 0x830E, 0x8B29, 0x8B48, 0xD545, 0xE583, 
    0xDD23, 0xDD23, 0xD503, 0xCCC3, 0xD503, 0xCCA3, 0xCCC3, 0xBC42, 0xB422, 0xB402, 0xABE2, 0xB402, 
    0xB422, 0xB402, 0xB422, 0x9BA2, 0x8B22, 0x8B21, 0x8301, 0x72A1, 0x72A1, 0x6A61, 0x2102, 0x2103, 
    0x2124, 0x39A5, 0x41E6, 0x41E7, 0x5248, 0x9C4E, 0xA48F, 0x9C6E, 0x9C6E, 0x942D, 0x940D, 0x83AC, 
    0x39A5, 0x3165, 0x2964, 0x2103, 0x10A2, 0x08A2, 0x1105, 0x1126, 0x1125, 0x1105, 0x10E4, 0x0862, 
    0x18A2, 0x5226, 0x5A67, 0x41C5, 0x1082, 0x5A41, 0x9B82, 0xB402, 0xAC02, 0xAC02, 0xB422, 0xB402, 
    0xBC63, 0xD4E3, 0xDD23, 0xE583, 0xE563, 0xE563, 0xE563, 0xE563, 0xE563, 0xE563, 0xE583, 0xE583, 
    0xE564, 0xE564, 0xE564, 0xE564, 0xE564, 0xE564, 0xE563, 0xE564, 0xE564, 0xE564, 0xE564, 0xE564, 
    0xE564, 0xE564, 0xE564, 0xDD44, 0xC4A3, 0xC4A3, 0xBC62, 0xB442, 0xC483, 0xC483, 0xC483, 0xCCA3, 
    0xC483, 0xBC43, 0xB402, 0xB423, 0xBC43, 0xC483, 0xC483, 0xC483, 0xC4A3, 0xCCA3, 0xCCC3, 0xCCA3, 
    0xD503, 0xE584, 0xE564, 0xE584, 0xE584, 0xE564, 0xE564, 0xDD64, 0xDD64, 0xE564, 0xDD64, 0xDD44, 
    0xDD44, 0xDD44, 0xDD44, 0xE564, 0xE564, 0xDD64, 0xDD64, 0xDD64, 0xDD44, 0xDD44, 0xE564, 0xDD64, 
    0xDD64, 0xDD64, 0xB445, 0x7AC9, 0x7AAC, 0x7ACC, 0x8B2A, 0xC485, 0xE564, 0xDD64, 0xDD64, 0xDD64, 
    0xBC85, 0xC485, 0xBC85, 0x9B67, 0xB426, 0xDD25, 0xE564, 0xE564, 0xE564, 0xE564, 0xE564, 0xE584, 
    0xE564, 0xDD64, 0xEDA4, 0xCCE4, 0x5202, 0x1081, 0x20E2, 0x3923, 0x5184, 0x51A4, 0x51A4, 0x4983, 
    0x4163, 0x4163, 0x59C4, 0x61E4, 0x59C4, 0x59C4, 0x59C4, 0x51C4, 0x59C4, 0x59C4, 0x59C4, 0x59C4, 
    0x51C4, 0x59C4, 0x51A4, 0x51C4, 0x51A4, 0x59C4, 0x59C4, 0x59C4, 0x51C4, 0x51A4, 0x51A4, 0x51A4, 
    0x51C4, 0x51C4, 0x51A4, 0x59C4, 0x59C4, 0x51C4, 0x59C4, 0x59C4, 0x59C4, 0x59C4, 0x59C4, 0x51C4, 
    0x51C4, 0x59C4, 0x51A4, 0x4163, 0x4163, 0x4963, 0x4983, 0x51C4, 0x51A4, 0x4143, 0x3102, 0x18A2, 
    0x18A2, 0x18C2, 0x1881, 0x18C1, 0x6AA3, 0xDD44, 0xE564, 0xDD44, 0x72A9, 0x830D, 0x6A6B, 0xB446, 
    0xEDA4, 0xB467, 0x624C, 0x7ACE, 0xA3AF, 0xA38F, 0x9B6F, 0x936F, 0x72AD, 0x5A0B, 0x9367, 0xD4E4, 
    0xDD64, 0xDD64, 0xDD64, 0xE564, 0xE564, 0xCCC3, 0xCCC3, 0xC4A3, 0xC483, 0xBC83, 0xBC63, 0xBC63, 
    0xAC02, 0xABE2, 0xA3A2, 0xABE2, 0xAC03, 0xAC02, 0xAC02, 0xAC02, 0xA3C2, 0x9B62, 0x7281, 0x51E1, 
    0x5A01, 0x51C1, 0x41A1, 0x41A1, 0x41A2, 0x41C6, 0x4207, 0x4A07, 0x5A88, 0x5AA9, 0x6B0A, 0x838C, 
    0xACD0, 0xB511, 0xACAF, 0xACB0, 0xA4AF, 0x7B6B, 0x3164, 0x2923, 0x2103, 0x2103, 0x2944, 0x41E6, 
    0x62C9, 0x730A, 0x3985, 0x20E2, 0x41C1, 0x8B22, 0xA3C2, 0xA3A2, 0xA3C2, 0xA3A2, 0xABE2, 0xBC42, 
    0xBC43, 0xDD43, 0xDD44, 0xDD44, 0xDD43, 0xDD43, 0xDD43, 0xDD43, 0xDD43, 0xDD44, 0xDD43, 0xDD43, 
    0xE564, 0xE564, 0xE563, 0xE563, 0xE563, 0xE563, 0xE563, 0xE564, 0xE564, 0xE564, 0xE563, 0xE563, 
    0xE564, 0xE564, 0xE564, 0xE564, 0xE584, 0xE564, 0xE564, 0xDD44, 0xDD44, 0xDD44, 0xDD44, 0xDD44, 
    0xDD44, 0xDD44, 0xDD44, 0xE564, 0xE564, 0xE584, 0xEDA4, 0xE584, 0xE584, 0xE564, 0xE564, 0xDD44, 
    0xE564, 0xE564, 0xE584, 0xE564, 0xE584, 0xDD64, 0xE564, 0xE564, 0xE564, 0xE564, 0xE584, 0xE584, 
    0xE584, 0xE584, 0xE584, 0xE584, 0xE584, 0xE564, 0xE564, 0xE584, 0xE564, 0xE564, 0xE564, 0xE564, 
    0xE564, 0xE584, 0x82E8, 0x7ACD, 0xA3AE, 0x9B8E, 0x728C, 0x8B67, 0xE584, 0xE564, 0xE564, 0xE564, 
    0xE584, 0xE584, 0xDD64, 0xB427, 0x9349, 0xC4A6, 0xE564, 0xE564, 0xE564, 0xE564, 0xE584, 0xE584, 
    0xE584, 0xE584, 0xCCE4, 0x5202, 0x0841, 0x3943, 0x51A4, 0x59C4, 0x51A4, 0x51A4, 0x4983, 0x4143, 
    0x4143, 0x61E4, 0x59C4, 0x59C4, 0x59C4, 0x51C4, 0x59C4, 0x51C4, 0x51A4, 0x59C4, 0x59C4, 0x4984, 
    0x51A4, 0x61E4, 0x51A4, 0x59C4, 0x59C4, 0x59C4, 0x59C4, 0x59C4, 0x51C4, 0x51A4, 0x51A4, 0x59C4, 
    0x59C4, 0x51A4, 0x59A4, 0x59C4, 0x59C4, 0x51C4, 0x51A4, 0x59C4, 0x59C4, 0x59C4, 0x59C4, 0x51C4, 
    0x59C4, 0x59C4, 0x51A4, 0x51A4, 0x4983, 0x3923, 0x3923, 0x4983, 0x4963, 0x4983, 0x4963, 0x3102, 
    0x1081, 0x0881, 0x1081, 0x6262, 0xE5A4, 0xE564, 0xE564, 0xE564, 0x9387, 0x5209, 0x7289, 0xCCA5, 
    0xD525, 0x9369, 0x7AAE, 0x9B8F, 0xA38F, 0x8B4F, 0x8B2F, 0x8B2F, 0x8B4F, 0x6A4C, 0x51CB, 0xBC86, 
    0xE584, 0xE564, 0xE564, 0xDD64, 0xDD64, 0xE564, 0xE584, 0xE584, 0xE584, 0xE584, 0xE584, 0xDD23, 
    0xB422, 0xB422, 0xAC02, 0xAC03, 0xAC03, 0xB423, 0xBC43, 0xB422, 0xABE2, 0xA3C2, 0xA3C2, 0xABC2, 
    0xABC2, 0xABC2, 0xABE2, 0xB422, 0x9BA2, 0x3981, 0x3941, 0x2900, 0x2900, 0x2900, 0x2900, 0x3982, 
    0x62C9, 0x6AEA, 0x6AEA, 0x732A, 0x734B, 0x8BCC, 0xACCF, 0xA46E, 0xA46E, 0x8BEC, 0x838B, 0x6AE9, 
    0x4A06, 0x2944, 0x20E2, 0x41A1, 0xA3C2, 0x9BA2, 0x9BA2, 0xA3C2, 0xABE2, 0xAC02, 0xB443, 0xDD43, 
    0xE563, 0xE563, 0xE563, 0xDD63, 0xDD43, 0xDD43, 0xDD43, 0xDD43, 0xDD43, 0xDD63, 0xDD63, 0xDD43, 
    0xE584, 0xE564, 0xE563, 0xE563, 0xE583, 0xE583, 0xE584, 0xE583, 0xE583, 0xE584, 0xE584, 0xE584, 
    0xE584, 0xE584, 0xE584, 0xE584, 0xE584, 0xE564, 0xE564, 0xE564, 0xE584, 0xE584, 0xE564, 0xDD43, 
    0xDD23, 0xCCC3, 0xC4A3, 0xC4A3, 0xC4A3, 0xC4A3, 0xC4C3, 0xD504, 0xE564, 0xE564, 0xE564, 0xE564, 
    0xE564, 0xE584, 0xE584, 0xE584, 0xE584, 0xE584, 0xDD24, 0xD524, 0xD503, 0xC4C3, 0xC4A3, 0xC4A3, 
    0xC4A3, 0xC4A3, 0xC4A3, 0xC4A3, 0xBCA3, 0xBC83, 0xBC83, 0xBC83, 0xDD44, 0xED84, 0xE584, 0xE584, 
    0xE584, 0xE5A4, 0x8308, 0x622C, 0x830E, 0x7ACC, 0x59EB, 0x9367, 0xEDA4, 0xE564, 0xE584, 0xE584, 
    0xE584, 0xE584, 0xE584, 0xE585, 0xB427, 0xBC65, 0xDD44, 0xE584, 0xE584, 0xE584, 0xE584, 0xE584, 
    0xE584, 0xE5A4, 0x49E2, 0x1081, 0x4163, 0x59C4, 0x61E4, 0x51A4, 0x4963, 0x5184, 0x4143, 0x3943, 
    0x61E4, 0x59C4, 0x59C4, 0x51C4, 0x51A4, 0x51C4, 0x51C4, 0x51C4, 0x59C4, 0x59C4, 0x51A4, 0x4163, 
    0x3943, 0x59E4, 0x59C4, 0x51A4, 0x6204, 0x59C4, 0x59C4, 0x59C4, 0x59C4, 0x51C4, 0x51A4, 0x59C4, 
    0x59C4, 0x51A4, 0x59A4, 0x59C4, 0x51A4, 0x51C4, 0x51A4, 0x51A4, 0x59C4, 0x51A4, 0x59C4, 0x59C4, 
    0x59C4, 0x51C4, 0x59C4, 0x51C4, 0x59C4, 0x4983, 0x3102, 0x2902, 0x3102, 0x4163, 0x4983, 0x51A4, 
    0x3923, 0x18A2, 0x3982, 0xD503, 0xE564, 0xE564, 0xE564, 0xE584, 0xE584, 0xB465, 0xD524, 0xEDA3, 
    0x9BA7, 0x72AD, 0x9B6F, 0x9B6F, 0x8B2E, 0x8B4F, 0x82EE, 0x72AE, 0x728D, 0x6A6C, 0x51CA, 0xBC85, 
    0xEDA4, 0xE584, 0xE583, 0xE583, 0xE584, 0xE584, 0xE584, 0xE584, 0xE584, 0xE584, 0xE584, 0xE564, 
    0xE564, 0xE564, 0xE564, 0xE564, 0xE564, 0xDD23, 0xE584, 0xD503, 0xBC42, 0xB443, 0xB402, 0xAC22, 
    0xAC02, 0xAC02, 0xB442, 0xBC42, 0xBC42, 0xB442, 0xB402, 0xABE2, 0xB422, 0xB422, 0xBC42, 0xA3C3, 
    0x3141, 0x2921, 0x28E1, 0x20C0, 0x20A0, 0x2942, 0x4A27, 0x5247, 0x5247, 0x4206, 0x3985, 0x2924, 
    0x2902, 0x28E1, 0x6242, 0xB422, 0xAC02, 0xAC02, 0xB422, 0xB422, 0xBC42, 0xE563, 0xE564, 0xE564, 
    0xE564, 0xE584, 0xE584, 0xE563, 0xE563, 0xE563, 0xE563, 0xE563, 0xE563, 0xE583, 0xE563, 0xE563, 
    0xDD44, 0xDD44, 0xDD44, 0xDD44, 0xDD44, 0xDD43, 0xE564, 0xDD43, 0xDD43, 0xDD64, 0xDD64, 0xDD43, 
    0xDD44, 0xDD44, 0xDD44, 0xDD44, 0xDD64, 0xDD44, 0xDD44, 0xDD44, 0xD524, 0xCCC4, 0x9BE3, 0x3121, 
    0x28E1, 0x18A1, 0x1081, 0x10A1, 0x18A1, 0x1081, 0x1081, 0x20E1, 0x2901, 0x8322, 0xC4A3, 0xDD24, 
    0xDD44, 0xDD44, 0xDD44, 0xDD44, 0xD4E4, 0xD504, 0x5202, 0x18C1, 0x18A1, 0x10A1, 0x1081, 0x1081, 
    0x1081, 0x10A1, 0x10A1, 0x1081, 0x10A1, 0x10A1, 0x1081, 0x1081, 0xA404, 0xDD44, 0xDD64, 0xDD64, 
    0xDD44, 0xE564, 0x9BA7, 0x622A, 0x5A2B, 0x5A0B, 0x6A89, 0xB446, 0xE564, 0xDD44, 0xDD64, 0xDD64, 
    0xDD64, 0xE564, 0xE564, 0xDD64, 0xDD44, 0xDD44, 0xE564, 0xE564, 0xE564, 0xE564, 0xE564, 0xDD64, 
    0xE564, 0xBC83, 0x0860, 0x3103, 0x61E4, 0x59C4, 0x5184, 0x4983, 0x4163, 0x3923, 0x4143, 0x51A4, 
    0x59E4, 0x59C4, 0x51C4, 0x51C4, 0x51C4, 0x59C4, 0x59C4, 0x51C4, 0x59C4, 0x59C4, 0x51A4, 0x3943, 
    0x3102, 0x59C4, 0x59E4, 0x51A4, 0x51C4, 0x59C4, 0x59C4, 0x51C4, 0x51A4, 0x51A4, 0x51A4, 0x51A4, 
    0x59C4, 0x59C4, 0x51A4, 0x59C4, 0x59C4, 0x4983, 0x51A4, 0x51A4, 0x51A4, 0x51A4, 0x51A4, 0x59A4, 
    0x59C4, 0x59C4, 0x59C4, 0x59C4, 0x51A4, 0x59C4, 0x4963, 0x28E2, 0x28E2, 0x3102, 0x3123, 0x4983, 
    0x4963, 0x2902, 0x0861, 0x5222, 0xE584, 0xDD44, 0xDD44, 0xDD44, 0xDD44, 0xDD64, 0xDD44, 0xDD64, 
    0x9BA7, 0x6A6C, 0x82EE, 0x932E, 0x8B2E, 0x82EE, 0x7ACE, 0x7ACD, 0x6A4C, 0x5A0B, 0x51CA, 0xBC45, 
    0xDD44, 0xDD44, 0xB427, 0x82E9, 0x8309, 0xCCE5, 0xE564, 0xDD64, 0xDD64, 0xDD64, 0xDD64, 0xDD44, 
    0xDD44, 0xDD44, 0xDD44, 0xDD44, 0xDD44, 0xDD44, 0xDD44, 0xDD44, 0xDD64, 0xDD64, 0xDD44, 0xDD24, 
    0xD503, 0xD524, 0xDD24, 0xD4E3, 0xCCE3, 0xCCC3, 0xD4E3, 0xCCA3, 0xBC62, 0xB402, 0xB442, 0xB422, 
    0xB402, 0xABE2, 0xA3C2, 0xA3A2, 0xABE2, 0x8322, 0x2901, 0x3141, 0x3121, 0x2901, 0x2921, 0x20C1, 
    0x5A01, 0xA3C2, 0x9B82, 0xA3C2, 0xA3C2, 0xABE2, 0xBC42, 0xDD23, 0xDD43, 0xDD44, 0xDD44, 0xDD44, 
    0xDD44, 0xDD44, 0xDD44, 0xDD44, 0xDD44, 0xDD43, 0xDD43, 0xDD43, 0xDD44, 0xDD44, 0xDD43, 0xDD43, 
    0xE564, 0xE584, 0xE584, 0xE584, 0xE584, 0xE564, 0xE584, 0xE584, 0xE584, 0xE584, 0xE564, 0xE584, 
    0xE584, 0xE564, 0xE564, 0xE564, 0xE584, 0xE584, 0xE584, 0xEDA4, 0x72C2, 0x0860, 0x1081, 0x10A2, 
    0x3165, 0x39C6, 0x41E6, 0x41E6, 0x41C6, 0x39A6, 0x39A5, 0x2924, 0x18C3, 0x1081, 0x1060, 0x8B43, 
    0xEDA5, 0xE585, 0xDD64, 0xE543, 0x49E1, 0x18A1, 0x39C4, 0x5266, 0x5286, 0x62C7, 0x6AE7, 0x6B07, 
    0x7347, 0x7327, 0x7368, 0x7368, 0x7348, 0x6B07, 0x7B68, 0x5266, 0x18C1, 0x5201, 0xED84, 0xE564, 
    0xE564, 0xE564, 0xEDA4, 0x9BC6, 0x6248, 0x6248, 0xAC06, 0xEDA4, 0xE564, 0xE564, 0xE584, 0xE564, 
    0xE564, 0xE584, 0xE584, 0xE564, 0xE564, 0xE584, 0xE584, 0xE584, 0xE584, 0xE584, 0xE584, 0xE5A4, 
    0xD524, 0x2101, 0x18A1, 0x4163, 0x5184, 0x4983, 0x4983, 0x3943, 0x3102, 0x4163, 0x51A4, 0x59C4, 
    0x51A4, 0x4983, 0x51C4, 0x59C4, 0x59C4, 0x59C4, 0x51C4, 0x59C4, 0x51A4, 0x51A4, 0x4963, 0x28E2, 
    0x20C2, 0x4983, 0x61E4, 0x4984, 0x4143, 0x59C4, 0x51A4, 0x59C4, 0x51C4, 0x51A4, 0x4983, 0x3923, 
    0x51A4, 0x59C4, 0x51A4, 0x59C4, 0x59E4, 0x51A4, 0x4984, 0x3943, 0x4143, 0x59C4, 0x59C4, 0x4983, 
    0x4183, 0x59C4, 0x51A4, 0x51A4, 0x51A4, 0x51A4, 0x51A4, 0x4963, 0x3102, 0x18C2, 0x18A2, 0x28E2, 
    0x3923, 0x3923, 0x18A1, 0x2101, 0xDD64, 0xE584, 0xE564, 0xE564, 0xE564, 0xE564, 0xDD64, 0xE584, 
    0x9BA7, 0x51CB, 0x728C, 0x8B0E, 0x7AAE, 0x7AAD, 0x72AD, 0x6A4C, 0x6A6D, 0x51CA, 0x49C9, 0xBC86, 
    0xE563, 0xA3C7, 0x830D, 0x9B6F, 0x8B0E, 0x7ACA, 0xD525, 0xE584, 0xE584, 0xE584, 0xE584, 0xE564, 
    0xE564, 0xE564, 0xE564, 0xE564, 0xE564, 0xE563, 0xE563, 0xDD64, 0xE584, 0xEDA4, 0x8322, 0x18C1, 
    0x20E1, 0x2101, 0x20E0, 0x20E0, 0x20E1, 0x20E0, 0x20E0, 0x3120, 0xB443, 0xEDA4, 0xE564, 0xE544, 
    0xDD23, 0xB442, 0xB422, 0xABE2, 0xB402, 0xABE2, 0xABC2, 0xABE2, 0xA3C2, 0xA3A2, 0xA3A2, 0xA3C2, 
    0xA3C2, 0xA3A2, 0xA3C2, 0xB442, 0xDD44, 0xDD43, 0xDD23, 0xE563, 0xE564, 0xE564, 0xE564, 0xE564, 
    0xE564, 0xE564, 0xE564, 0xE564, 0xE564, 0xE584, 0xE563, 0xE563, 0xE563, 0xE563, 0xE563, 0xE563, 
    0xE584, 0xE584, 0xE584, 0xE584, 0xE584, 0xE584, 0xE584, 0xE584, 0xE584, 0xE584, 0xE584, 0xE584, 
    0xE584, 0xE584, 0xE584, 0xE564, 0xE564, 0xE564, 0xEDA4, 0x93A3, 0x18C2, 0x4A07, 0x41E6, 0x39A5, 
    0x41E6, 0x4A07, 0x41E6, 0x41E6, 0x41C6, 0x41C6, 0x41E6, 0x41C6, 0x41E6, 0x41E6, 0x4A07, 0x2103, 
    0x9BE3, 0xEDC5, 0xDD64, 0x49E1, 0x2922, 0x39C4, 0x7368, 0xA4AC, 0x83CA, 0x6307, 0x7368, 0x7348, 
    0x6B27, 0x6307, 0x6307, 0x62E7, 0x5AC6, 0x5AC6, 0x62E6, 0x6307, 0x39E5, 0x2922, 0x6A82, 0xEDA4, 
    0xE584, 0xE584, 0xE584, 0xE584, 0xE584, 0xE564, 0xE564, 0xE584, 0xE584, 0xE584, 0xE584, 0xE584, 
    0xED84, 0xE584, 0xE584, 0xE584, 0xE584, 0xE584, 0xE584, 0xE584, 0xE584, 0xE584, 0xE584, 0xC4C4, 
    0x49E2, 0x2902, 0x3943, 0x4143, 0x3102, 0x3102, 0x3923, 0x4143, 0x4163, 0x4984, 0x51A4, 0x51A4, 
    0x4163, 0x4143, 0x59C4, 0x59C4, 0x51C4, 0x51C4, 0x49A4, 0x4184, 0x59C4, 0x51A4, 0x3923, 0x20C2, 
    0x18A2, 0x3923, 0x59C4, 0x5184, 0x3123, 0x51A3, 0x51A4, 0x59C4, 0x59C4, 0x51A4, 0x4963, 0x20C2, 
    0x3943, 0x51A4, 0x59C4, 0x51A4, 0x51A4, 0x59A4, 0x4983, 0x3923, 0x3923, 0x4163, 0x51A4, 0x51A4, 
    0x4963, 0x3923, 0x3923, 0x51A4, 0x51A4, 0x51A4, 0x51A4, 0x51A4, 0x4983, 0x4983, 0x3102, 0x18A1, 
    0x2902, 0x3123, 0x2902, 0x20C2, 0x49C2, 0xCCC3, 0xEDA4, 0xE584, 0xE564, 0xE564, 0xE584, 0xE5A4, 
    0xAC25, 0x6229, 0x51EB, 0x6A6C, 0x6A4C, 0x6A6C, 0x7ACE, 0x728D, 0x620C, 0x51EB, 0x9368, 0xDD45, 
    0xE563, 0x8B48, 0x830E, 0xA3D0, 0x8B2F, 0x728D, 0xAC07, 0xE584, 0xE584, 0xE564, 0xE564, 0xE564, 
    0xE564, 0xE564, 0xE564, 0xE564, 0xE564, 0xE563, 0xE564, 0xE584, 0xDD64, 0x5201, 0x2942, 0x41E6, 
    0x734B, 0x6B2B, 0x62A9, 0x62A9, 0x62A9, 0x62EA, 0x5A88, 0x4A07, 0x41C3, 0x49C1, 0xD4E3, 0xE564, 
    0xDD44, 0xCCC3, 0xCCC3, 0xCCC3, 0xD4E3, 0xCCC3, 0xCCC3, 0xCCC3, 0xCCC3, 0xCCE3, 0xCCE3, 0xCCE3, 
    0xCCC3, 0xCCC3, 0xCCE3, 0xD504, 0xE584, 0xE584, 0xE584, 0xE584, 0xE584, 0xE584, 0xE584, 0xE584, 
    0xE584, 0xE584, 0xE584, 0xE584, 0xE584, 0xE564, 0xE564, 0xE563, 0xE563, 0xE564, 0xE564, 0xE564, 
    0xDD64, 0xDD44, 0xDD44, 0xDD44, 0xDD64, 0xDD64, 0xE564, 0xE564, 0xDD64, 0xDD64, 0xE564, 0xDD64, 
    0xDD64, 0xDD44, 0xDD44, 0xDD44, 0xDD44, 0xDD24, 0xE564, 0x72E3, 0x10A2, 0x5227, 0x730A, 0x62A9, 
    0x4A07, 0x41E6, 0x39C6, 0x39C6, 0x41C6, 0x39A5, 0x41C6, 0x4A07, 0x4A27, 0x6288, 0x5248, 0x0882, 
    0x8342, 0xD503, 0x72E3, 0x10C2, 0x39E4, 0x6B07, 0x7BA9, 0x7348, 0x62E7, 0x5245, 0x4A25, 0x4A25, 
    0x4204, 0x4225, 0x4204, 0x39E4, 0x39C4, 0x4204, 0x4225, 0x4A45, 0x5286, 0x39C4, 0x2921, 0xA403, 
    0xDD64, 0xDD44, 0xDD44, 0xE564, 0xE564, 0xDD64, 0xDD44, 0xDD44, 0xE564, 0xDD44, 0xBC66, 0xBC67, 
    0xBC67, 0xB446, 0xB466, 0xDD44, 0xDD64, 0xDD64, 0xDD64, 0xE564, 0xE584, 0xA403, 0x3141, 0x2901, 
    0x20C2, 0x4163, 0x4143, 0x3923, 0x28E2, 0x20C2, 0x1081, 0x1061, 0x4963, 0x4983, 0x4163, 0x4163, 
    0x3102, 0x4983, 0x59C4, 0x51C4, 0x59C4, 0x5183, 0x3943, 0x4984, 0x59C4, 0x51A4, 0x3102, 0x1081, 
    0x0861, 0x20C2, 0x4163, 0x51A4, 0x3123, 0x4143, 0x51A4, 0x59C4, 0x51C4, 0x51A4, 0x4963, 0x18A2, 
    0x28E2, 0x4163, 0x4983, 0x51A4, 0x51A4, 0x51A4, 0x51A4, 0x4983, 0x3923, 0x28E2, 0x4163, 0x51A4, 
    0x4984, 0x3123, 0x28E2, 0x4143, 0x4143, 0x4983, 0x59C4, 0x51A3, 0x61E4, 0x6A04, 0x4963, 0x1061, 
    0x20A2, 0x28E2, 0x2902, 0x28E2, 0x1082, 0x3982, 0x8B62, 0xD524, 0xDD64, 0xDD44, 0xDD64, 0xDD44, 
    0xE584, 0x9BC6, 0x49A9, 0x51CA, 0x51CA, 0x622C, 0x7AEE, 0x82EE, 0x726C, 0x6A4C, 0x7ACC, 0x936A, 
    0xBC66, 0x8B28, 0x6A8D, 0x7ACE, 0x82EE, 0x624C, 0x8327, 0xE584, 0xDD64, 0xDD44, 0xDD44, 0xDD44, 
    0xDD44, 0xDD44, 0xDD44, 0xDD24, 0xDD44, 0xDD44, 0xDD44, 0xDD44, 0x5A22, 0x5248, 0x6AEA, 0x8BCC, 
    0x942E, 0x8BCD, 0x8BCC, 0x8BCC, 0x8BAC, 0x940D, 0x8BCC, 0x734B, 0x62C9, 0x3165, 0x49C2, 0xD4E3, 
    0xDD24, 0xDD44, 0xDD44, 0xDD44, 0xE544, 0xE564, 0xE564, 0xDD64, 0xE564, 0xE564, 0xDD64, 0xDD44, 
    0xDD44, 0xDD44, 0xDD44, 0xDD44, 0xDD44, 0xDD44, 0xDD44, 0xDD44, 0xDD44, 0xDD44, 0xDD44, 0xDD44, 
    0xDD44, 0xDD44, 0xDD44, 0xDD44, 0xDD44, 0xDD44, 0xDD44, 0xDD44, 0xDD44, 0xDD44, 0xDD44, 0xDD44, 
    0xE584, 0xE584, 0xE584, 0xE584, 0xE584, 0xE584, 0xE584, 0xE584, 0xE584, 0xE584, 0xE584, 0xE584, 
    0xE584, 0xE584, 0xE584, 0xE584, 0xE563, 0xE564, 0xED84, 0x7B02, 0x0882, 0x3164, 0x3185, 0x4A27, 
    0x6AE9, 0x62A9, 0x5A68, 0x5268, 0x5268, 0x5247, 0x5247, 0x5248, 0x4A27, 0x3985, 0x2124, 0x0861, 
    0x6262, 0x72C2, 0x0000, 0x41E5, 0x62E7, 0x7B89, 0x5245, 0x39E4, 0x39C4, 0x2963, 0x2123, 0x2122, 
    0x2123, 0x2123, 0x2102, 0x18E2, 0x2102, 0x2943, 0x31A4, 0x39C4, 0x4A45, 0x5AC6, 0x3184, 0x2102, 
    0xDD24, 0xE564, 0xE584, 0xE584, 0xE584, 0xE584, 0xE584, 0xDD64, 0xBC86, 0xB427, 0x728B, 0x72AD, 
    0x72AD, 0x6A6C, 0x6A6B, 0xAC27, 0xDD24, 0xE584, 0xE564, 0xE584, 0xEDA4, 0xA403, 0x2921, 0x0861, 
    0x28E2, 0x2902, 0x2902, 0x2902, 0x2902, 0x18A1, 0x28E1, 0x3102, 0x3102, 0x3923, 0x4963, 0x4143, 
    0x3123, 0x4984, 0x4984, 0x59C4, 0x51A4, 0x4163, 0x3102, 0x51C4, 0x59C4, 0x4163, 0x20C2, 0x18A1, 
    0x18A1, 0x0861, 0x3102, 0x51A4, 0x4143, 0x28E2, 0x51A4, 0x59C4, 0x51A4, 0x51A4, 0x4983, 0x20C2, 
    0x18C2, 0x2902, 0x3923, 0x4963, 0x51A4, 0x51A4, 0x51A4, 0x59A4, 0x4163, 0x20C2, 0x28E2, 0x3943, 
    0x4984, 0x49A4, 0x28E2, 0x28E2, 0x3102, 0x4143, 0x5183, 0x3923, 0x59A3, 0x61C3, 0x6204, 0x3102, 
    0x0841, 0x20C2, 0x20C2, 0x20E2, 0x20C2, 0x0841, 0x3141, 0xCCE3, 0xED84, 0xE584, 0xE584, 0xE584, 
    0xE584, 0xE584, 0xAC25, 0x51C8, 0x4989, 0x5A0B, 0x72AD, 0x8B2F, 0x934E, 0x934E, 0x8B2E, 0x6A6D, 
    0x7ACB, 0x82EC, 0x622C, 0x6A6D, 0x728D, 0x59EC, 0x8B47, 0xE5A4, 0xE584, 0xE564, 0xE564, 0xE564, 
    0xE584, 0xE584, 0xE564, 0xDD44, 0xDD43, 0xE564, 0xE584, 0xDD44, 0x20E1, 0x83CD, 0xBD31, 0x9C6F, 
    0x7B4B, 0x732A, 0x7B6B, 0x83AC, 0x838B, 0x7B6B, 0x7B6B, 0x8BCC, 0x9C4F, 0x6AE9, 0x10A1, 0xCCC3, 
    0xE563, 0xE564, 0xE564, 0xE564, 0xE564, 0xE564, 0xE564, 0xE564, 0xE564, 0xE564, 0xE564, 0xE564, 
    0xE564, 0xE564, 0xE564, 0xE584, 0xE584, 0xE584, 0xE564, 0xE584, 0xE584, 0xE584, 0xE564, 0xE563, 
    0xE564, 0xE584, 0xE584, 0xE583, 0xE584, 0xE584, 0xE563, 0xE583, 0xE563, 0xE563, 0xE563, 0xE563, 
    0xE584, 0xE584, 0xE584, 0xE584, 0xE584, 0xE584, 0xE584, 0xE584, 0xE584, 0xE584, 0xE584, 0xE584, 
    0xE584, 0xE584, 0xE584, 0xE584, 0xE584, 0xE584, 0xEDA4, 0x7AE2, 0x10A3, 0x3185, 0x2103, 0x3185, 
    0x1082, 0x2924, 0x39A5, 0x41E6, 0x41E6, 0x39C6, 0x3164, 0x20E3, 0x10A2, 0x18C2, 0x2124, 0x10A2, 
    0x0041, 0x0861, 0x2102, 0x5266, 0x7BA8, 0x5AA6, 0x39E4, 0x3183, 0x2122, 0x20E1, 0x2901, 0x2921, 
    0x3142, 0x2922, 0x3121, 0x3141, 0x3142, 0x10A1, 0x10A2, 0x3183, 0x4A45, 0x5286, 0x39C4, 0x20E1, 
    0xD503, 0xE584, 0xE584, 0xE584, 0xE584, 0xE584, 0xE584, 0xD505, 0x6A6B, 0x728D, 0x9BAF, 0xA3D0, 
    0x9B8F, 0x934E, 0x72AD, 0x51EB, 0xB446, 0xE584, 0xE584, 0xE584, 0xE584, 0xEDA4, 0xC4C4, 0x3142, 
    0x2921, 0x18A1, 0x0841, 0x20C2, 0x18A2, 0x2902, 0xB3A7, 0xA305, 0x20C2, 0x3923, 0x51A4, 0x3123, 
    0x3943, 0x3923, 0x4984, 0x51A4, 0x4163, 0x2902, 0x20C2, 0x4983, 0x51C4, 0x3923, 0x1081, 0x4162, 
    0x6A03, 0x1081, 0x18A2, 0x3943, 0x4163, 0x2902, 0x4143, 0x59C4, 0x51A4, 0x4984, 0x5183, 0x3923, 
    0x1081, 0x18A2, 0x28E2, 0x3923, 0x3943, 0x51A4, 0x59A4, 0x51A4, 0x4163, 0x28E2, 0x18A2, 0x28E2, 
    0x3943, 0x51A3, 0x4163, 0x20E2, 0x18A2, 0x20C2, 0x2902, 0x2902, 0x3122, 0x59C3, 0xA366, 0x9B26, 
    0x18A1, 0x20C2, 0x1081, 0x18C1, 0x2921, 0x2901, 0xBC83, 0xEDA4, 0xE564, 0xE584, 0xE584, 0xE564, 
    0xE564, 0xE584, 0xDD44, 0x7AA9, 0x622C, 0x6A6D, 0x82ED, 0x934E, 0x8B4F, 0x934F, 0x8B2F, 0x8B0E, 
    0x7AAD, 0x72AD, 0x624C, 0x59EA, 0x51EB, 0x624A, 0xA3E7, 0xE584, 0xE564, 0xE564, 0xE564, 0xE564, 
    0xE564, 0xE584, 0xE584, 0xE564, 0xE563, 0xE584, 0xE584, 0xDD24, 0x2901, 0x39A5, 0x7B6B, 0xBD32, 
    0xB511, 0xB4D0, 0xA48F, 0x9C6F, 0xA46F, 0x9C6E, 0x9C4E, 0x8BED, 0x62C9, 0x3164, 0x18C1, 0xD4E3, 
    0xE563, 0xE583, 0xED84, 0xEDA4, 0xE584, 0xE564, 0xE584, 0xE564, 0xE564, 0xE564, 0xE564, 0xE564, 
    0xE564, 0xE584, 0xE584, 0xE584, 0xE584, 0xE584, 0xE584, 0xE564, 0xE584, 0xE564, 0xE563, 0xE563, 
    0xE563, 0xE564, 0xE584, 0xE563, 0xE564, 0xE564, 0xE564, 0xE563, 0xE563, 0xE563, 0xE563, 0xE563, 
    0xDD64, 0xDD44, 0xDD44, 0xDD64, 0xDD64, 0xE564, 0xE564, 0xE564, 0xE564, 0xE564, 0xDD64, 0xDD64, 
    0xE564, 0xE564, 0xDD64, 0xE564, 0xE564, 0xE585, 0xEDA4, 0x7AE2, 0x1082, 0x3185, 0x2944, 0x3985, 
    0x18C2, 0x41E6, 0x2103, 0x3165, 0x2944, 0x18A2, 0x18E3, 0x3164, 0x18C2, 0x2923, 0x20E3, 0x1081, 
    0x0041, 0x2943, 0x5266, 0x7368, 0x62C7, 0x4A45, 0x39E4, 0x18C2, 0x49E2, 0xDD43, 0xDD44, 0xDD64, 
    0xDD64, 0xDD64, 0xE564, 0xDD44, 0xE543, 0x41A1, 0x1082, 0x2103, 0x4205, 0x5285, 0x2963, 0x20E1, 
    0xCCE3, 0xDD64, 0xDD64, 0xDD64, 0xDD64, 0xE564, 0xE584, 0xAC07, 0x6A6C, 0xA3CF, 0xABF0, 0x8B4F, 
    0x82EE, 0x830E, 0x9B8F, 0x7AED, 0x624B, 0xBCA6, 0xE584, 0xE564, 0xDD64, 0xE564, 0xE564, 0xDD44, 
    0xDD64, 0x6262, 0x1061, 0x20C2, 0x0861, 0x8285, 0xD449, 0xCC08, 0x3123, 0x3123, 0x3943, 0x3123, 
    0x4143, 0x3123, 0x51A4, 0x5184, 0x3943, 0x20C2, 0x1081, 0x3102, 0x4984, 0x3943, 0x1081, 0x4162, 
    0x92A4, 0x6A24, 0x1061, 0x20C2, 0x3102, 0x3923, 0x2903, 0x4163, 0x51A4, 0x4984, 0x51A4, 0x4143, 
    0x1081, 0x0841, 0x18A1, 0x2902, 0x3102, 0x3123, 0x5184, 0x5184, 0x51A4, 0x3123, 0x0841, 0x20C2, 
    0x3102, 0x3943, 0x51A4, 0x3943, 0x18A1, 0x0861, 0x18A2, 0x20E2, 0x0861, 0x59C3, 0xC408, 0xD469, 
    0x6204, 0x1881, 0x0041, 0x6262, 0xE584, 0xDD64, 0xDD64, 0xDD64, 0xDD64, 0xDD64, 0xDD64, 0xE564, 
    0xC4A5, 0x82E8, 0x72A9, 0x72AD, 0x728D, 0x82EE, 0x8B2E, 0x8B2E, 0x8B2F, 0x7ACE, 0x8B0E, 0x82EE, 
    0x82EE, 0x6A6C, 0x59EB, 0x49AA, 0x4189, 0x9BC7, 0xEDA4, 0xDD64, 0xDD44, 0xDD44, 0xDD44, 0xDD44, 
    0xDD44, 0xE564, 0xE584, 0xE564, 0xDD24, 0x5201, 0x3140, 0x3120, 0x0840, 0x5247, 0x41C5, 0x730A, 
    0x4A06, 0x6B0A, 0x734B, 0x83AC, 0x6B0A, 0x6B0A, 0x5A68, 0x2103, 0x2123, 0x3985, 0x10A1, 0x3961, 
    0x3960, 0x3981, 0x41A1, 0x41A1, 0xBC83, 0xE564, 0xDD64, 0xDD44, 0xDD64, 0xE564, 0xE564, 0xE564, 
    0xE564, 0xDD44, 0xDD44, 0xDD44, 0xDD44, 0xDD44, 0xDD44, 0xDD44, 0xDD44, 0xDD44, 0xDD44, 0xDD44, 
    0xDD43, 0xDD44, 0xDD44, 0xDD44, 0xDD43, 0xDD43, 0xDD44, 0xDD43, 0xDD43, 0xDD43, 0xDD23, 0xDD23, 
    0xE584, 0xE583, 0xE583, 0xE584, 0xE584, 0xE584, 0xE584, 0xE584, 0xE584, 0xE584, 0xE584, 0xE584, 
    0xE584, 0xE584, 0xED83, 0xF5C3, 0x8B63, 0x3961, 0x41A2, 0x2101, 0x10A2, 0x2944, 0x2924, 0x3985, 
    0x2924, 0x4A06, 0x2123, 0x3185, 0x2944, 0x18E3, 0x18E3, 0x3164, 0x18E3, 0x2924, 0x2103, 0x1081, 
    0x0861, 0x18E2, 0x39C4, 0x62E7, 0x4A45, 0x4205, 0x2963, 0x0881, 0x1081, 0x3141, 0x3961, 0x3161, 
    0x3141, 0x3961, 0x3962, 0x3962, 0x3141, 0x1081, 0x18E2, 0x2943, 0x4A25, 0x4A45, 0x2963, 0x20E1, 
    0xD523, 0xE584, 0xE584, 0xE584, 0xE584, 0xEDC4, 0xB446, 0x7AAB, 0x8B0E, 0x9B8F, 0x934F, 0x8B2F, 
    0x830E, 0x7AEE, 0x8B4F, 0x8B0E, 0x624B, 0xBC86, 0xED84, 0xE564, 0xE584, 0xE584, 0xE584, 0xE584, 
    0xD524, 0x2921, 0x28E2, 0x28C1, 0x49A3, 0xCC49, 0xC3E8, 0xA306, 0x20E2, 0x20C2, 0x20C2, 0x18C2, 
    0x3103, 0x3123, 0x51A4, 0x3943, 0x3123, 0x20C2, 0x0881, 0x3102, 0x4143, 0x20E2, 0x28E2, 0x7223, 
    0x9AE5, 0x92C4, 0x5182, 0x0041, 0x18C2, 0x3123, 0x2902, 0x3102, 0x3943, 0x51A4, 0x59A4, 0x3923, 
    0x0861, 0x4962, 0x28E1, 0x1061, 0x3123, 0x3103, 0x3123, 0x3123, 0x4163, 0x3943, 0x0861, 0x1082, 
    0x18C2, 0x2902, 0x3102, 0x3943, 0x28E2, 0x18C2, 0x4962, 0x3922, 0x0861, 0x4142, 0xA326, 0xCC28, 
    0xB3A7, 0x3122, 0x4162, 0x2122, 0xDD44, 0xED84, 0xE564, 0xE584, 0xE5A4, 0xE584, 0xE584, 0xDD65, 
    0x7AC9, 0x6A4C, 0x82ED, 0x7AAD, 0x8B2E, 0x936E, 0x8B2E, 0x82EE, 0x8B0E, 0x82EE, 0x7AAD, 0x82EE, 
    0x82EE, 0x728D, 0x59EB, 0x72A9, 0xC4A5, 0xD524, 0xE584, 0xE584, 0xE584, 0xE564, 0xE564, 0xE564, 
    0xEDA4, 0x9383, 0x41A2, 0x41C2, 0x3981, 0x3164, 0x5A68, 0x4A27, 0x0841, 0x5227, 0x5A68, 0x7B6B, 
    0x5247, 0x732A, 0x41C5, 0x5A67, 0x3144, 0x3185, 0x5247, 0x2944, 0x3144, 0x3164, 0x10A2, 0x5AA9, 
    0x6B0A, 0x62C9, 0x62A9, 0x39C6, 0x3962, 0x3120, 0x3961, 0x3961, 0x3981, 0xA403, 0xC4C3, 0xBC83, 
    0xD504, 0xEDA4, 0xED84, 0xE584, 0xE584, 0xE564, 0xE584, 0xE584, 0xE584, 0xE584, 0xE584, 0xE563, 
    0xE563, 0xE563, 0xE583, 0xE583, 0xE583, 0xE563, 0xE563, 0xE563, 0xE563, 0xE563, 0xE563, 0xE563, 
    0xE564, 0xE564, 0xE563, 0xE564, 0xE564, 0xE564, 0xE564, 0xE564, 0xE564, 0xE564, 0xE564, 0xE564, 
    0xE564, 0xEDC4, 0xB443, 0x6282, 0x3982, 0x2123, 0x41E5, 0x2943, 0x18A2, 0x2944, 0x2103, 0x3185, 
    0x2964, 0x4A07, 0x2103, 0x3165, 0x3164, 0x20E3, 0x2103, 0x2944, 0x18C2, 0x2923, 0x2103, 0x1082, 
    0x18E2, 0x18E2, 0x10A1, 0x4225, 0x4A25, 0x3184, 0x18C2, 0x2943, 0x2963, 0x2943, 0x3184, 0x31A4, 
    0x3184, 0x3184, 0x3184, 0x2964, 0x2943, 0x18E2, 0x2123, 0x2123, 0x4205, 0x4205, 0x2123, 0x20E1, 
    0xDD44, 0xE584, 0xE584, 0xE584, 0xE564, 0xE584, 0x9BA8, 0x622C, 0x8B0E, 0x8B0E, 0x8B2E, 0x82EE, 
    0x8B2F, 0x82EE, 0x72AD, 0x7AED, 0x622C, 0xBC66, 0xE564, 0xE564, 0xE564, 0xE564, 0xE584, 0xE585, 
    0xCCE4, 0x1080, 0x51A3, 0x4163, 0x9B26, 0xCC28, 0xC408, 0x8264, 0x18A1, 0x0861, 0x10A2, 0x1081, 
    0x18A2, 0x3102, 0x4163, 0x3102, 0x20C2, 0x20C2, 0x28E2, 0x28E2, 0x3923, 0x1081, 0x59A3, 0x9AE4, 
    0xAB46, 0xAB46, 0x8A84, 0x59E3, 0x20C2, 0x1081, 0x18A2, 0x2902, 0x3103, 0x4163, 0x4983, 0x3102, 
    0x0841, 0x59C3, 0x6A03, 0x4162, 0x18A1, 0x18A1, 0x28E2, 0x3102, 0x3923, 0x3923, 0x20C2, 0x1081, 
    0x28E1, 0x1061, 0x20E2, 0x3943, 0x2902, 0x3102, 0x9AE5, 0x8AC5, 0x1061, 0x1060, 0x8284, 0xC408, 
    0xCC49, 0x6225, 0x4962, 0x4143, 0x5A22, 0xCCE4, 0xE564, 0xE564, 0xE564, 0xDD64, 0xE564, 0xA3C7, 
    0x6A6C, 0x8B2E, 0x9B6E, 0x82ED, 0x8B2E, 0x934E, 0x830E, 0x82EE, 0x82EE, 0x82EE, 0x82EE, 0x7AEE, 
    0x72AE, 0x72AE, 0x624C, 0x6248, 0xDD44, 0xE564, 0xE544, 0xE564, 0xE564, 0xDD44, 0xDD44, 0xC4A3, 
    0x5A41, 0x2901, 0x1082, 0x5A89, 0x5A89, 0x5247, 0x6B09, 0x5A88, 0x0861, 0x5247, 0x5247, 0x732A, 
    0x6AC9, 0x83AC, 0x5A88, 0x7B4A, 0x41E6, 0x41C5, 0x5247, 0x3164, 0x2944, 0x3164, 0x1082, 0x5AA8, 
    0x732A, 0x6B0A, 0x6AE9, 0x838B, 0x62A8, 0x4A27, 0x5AA9, 0x6B0A, 0x62EA, 0x3184, 0x2123, 0x18C2, 
    0x2101, 0x72A2, 0xBC83, 0xCCC4, 0xED84, 0xE564, 0xDD44, 0xDD64, 0xE564, 0xE564, 0xE564, 0xE563, 
    0xE563, 0xDD43, 0xDD64, 0xDD64, 0xE563, 0xDD63, 0xDD43, 0xDD43, 0xDD43, 0xDD43, 0xDD63, 0xDD43, 
    0xDD64, 0xE564, 0xE564, 0xE564, 0xE564, 0xE564, 0xE564, 0xE564, 0xE564, 0xE564, 0xE564, 0xE564, 
    0xE584, 0xC4A4, 0x41C2, 0x1082, 0x31A4, 0x5AA6, 0x7328, 0x4A46, 0x18E2, 0x20E3, 0x2923, 0x3164, 
    0x2944, 0x41E6, 0x2103, 0x3985, 0x3165, 0x20E3, 0x2103, 0x3164, 0x18A2, 0x2103, 0x18E3, 0x1081, 
    0x2943, 0x39E4, 0x2963, 0x18C2, 0x2963, 0x2123, 0x1081, 0x39C4, 0x4A65, 0x5286, 0x5286, 0x5265, 
    0x5265, 0x5265, 0x4A65, 0x4A65, 0x4A45, 0x31A4, 0x2963, 0x2943, 0x39C4, 0x4205, 0x2943, 0x20E2, 
    0x9BC3, 0xE564, 0xE584, 0xE564, 0xE564, 0xE564, 0x9B87, 0x5A0C, 0x72AD, 0x7ACE, 0x830E, 0x82EE, 
    0x82EE, 0x7AAD, 0x6A6D, 0x6A4C, 0x51EB, 0xBC66, 0xE564, 0xE564, 0xE564, 0xE584, 0xE564, 0xDD44, 
    0x9383, 0x3942, 0x61E4, 0x7265, 0xCC08, 0xBBC7, 0xAB67, 0x3102, 0x1061, 0x82A6, 0xB387, 0x61E3, 
    0x0881, 0x3122, 0x3943, 0x20C2, 0x18A1, 0x4962, 0x51A2, 0x1061, 0x28E2, 0x0861, 0x59A3, 0xA305, 
    0xBBC7, 0xC408, 0xAB46, 0xA305, 0x5183, 0x28E1, 0x18A1, 0x18A2, 0x28E2, 0x3102, 0x3123, 0x3102, 
    0x0861, 0x59C3, 0x9AE4, 0x8284, 0x3102, 0x28E1, 0x18A1, 0x20C2, 0x20E2, 0x3123, 0x2902, 0x1881, 
    0x59A3, 0x18A1, 0x18A1, 0x3123, 0x20C2, 0x3122, 0xB387, 0xC3E8, 0x59C4, 0x20C2, 0x61E3, 0xC3E8, 
    0xC409, 0x9327, 0x51A3, 0x61E3, 0x0840, 0xC4C4, 0xE584, 0xDD64, 0xE564, 0xE564, 0xB425, 0x622A, 
    0x72AD, 0x9B6F, 0x936F, 0x934E, 0x830E, 0x7ACE, 0x7AAE, 0x7ACE, 0x7AAD, 0x728D, 0x82EE, 0x6A4C, 
    0x622C, 0x6A6D, 0x5A0C, 0x5A08, 0xDD24, 0xE564, 0xE564, 0xE564, 0xE564, 0xE564, 0xD503, 0x49C1, 
    0x0021, 0x62A9, 0x83AC, 0x7B6B, 0x62C9, 0x39A5, 0x20E3, 0x0861, 0x0040, 0x4A06, 0x5227, 0x7B4A, 
    0x5A88, 0x7B6B, 0x5A88, 0x7B4B, 0x41C5, 0x39A5, 0x4A06, 0x3164, 0x3164, 0x3164, 0x0861, 0x0861, 
    0x18C2, 0x18C2, 0x10A2, 0x10A2, 0x2944, 0x4A07, 0x5247, 0x6AE9, 0x6AE9, 0x8BED, 0xA48F, 0x732A, 
    0x3185, 0x39A5, 0x1081, 0x20E1, 0x72C2, 0xBC83, 0xDD64, 0xDD64, 0xDD64, 0xDD64, 0xDD64, 0xDD64, 
    0xDD64, 0xDD44, 0xDD43, 0xDD64, 0xDD64, 0xE563, 0xE564, 0xDD43, 0xDD43, 0xDD44, 0xDD64, 0xDD44, 
    0xE584, 0xE584, 0xE584, 0xE584, 0xE584, 0xE584, 0xE584, 0xE584, 0xE584, 0xE584, 0xE584, 0xE5A4, 
    0xEDA4, 0x5202, 0x18E2, 0x5AA7, 0x7368, 0x6B28, 0x5A86, 0x5266, 0x2963, 0x0841, 0x1082, 0x2103, 
    0x3164, 0x3164, 0x20E3, 0x39C6, 0x3165, 0x2924, 0x2924, 0x2103, 0x18C3, 0x18C2, 0x0861, 0x2102, 
    0x2963, 0x4225, 0x5286, 0x2963, 0x0881, 0x18E2, 0x10A1, 0x3183, 0x39E4, 0x39E4, 0x39C4, 0x39C4, 
    0x39C4, 0x39C4, 0x41E4, 0x41E4, 0x4204, 0x4A25, 0x3183, 0x2963, 0x39A4, 0x5265, 0x39E4, 0x31A4, 
    0x18E1, 0xC4C4, 0xE584, 0xE584, 0xE584, 0xEDA4, 0x9387, 0x51CC, 0x72AD, 0x7ACD, 0x728C, 0x8B0D, 
    0x7AED, 0x6A6D, 0x6A6D, 0x59EB, 0x51C9, 0xBC85, 0xEDA4, 0xE584, 0xE584, 0xE584, 0xE584, 0xBC83, 
    0x1081, 0xA346, 0x3942, 0xA388, 0xD48A, 0xB3A7, 0x61E3, 0x0840, 0x4122, 0xB3C8, 0xD449, 0x82A5, 
    0x1081, 0x3122, 0x3123, 0x1061, 0x4962, 0x9AC4, 0x7A63, 0x1881, 0x20C2, 0x0861, 0x61E3, 0xB366, 
    0xCC09, 0xCC29, 0xC408, 0xBBA7, 0x92C5, 0x8AA4, 0x4162, 0x1081, 0x18C2, 0x20C2, 0x20C2, 0x28E2, 
    0x20C2, 0x69E3, 0xAB25, 0xB366, 0x9AE5, 0x7223, 0x1081, 0x1081, 0x18A2, 0x28E2, 0x20C2, 0x1081, 
    0x7A64, 0x6A03, 0x1061, 0x2902, 0x18C2, 0x3102, 0xA306, 0xCC08, 0xCC29, 0x7265, 0x3102, 0x9B05, 
    0xC409, 0xCC29, 0x7AA5, 0x4983, 0x4963, 0x6A82, 0xDD44, 0xE584, 0xE584, 0xEDA4, 0x8328, 0x728D, 
    0x8B2E, 0x82CD, 0x830E, 0x934E, 0x82EE, 0x7AAD, 0x728D, 0x728D, 0x7AAD, 0x728D, 0x6A6C, 0x59EB, 
    0x51CA, 0x51CB, 0x51CA, 0x6A68, 0xE564, 0xE564, 0xE584, 0xE584, 0xE584, 0xDD23, 0x6A82, 0x18E3, 
    0x942E, 0x7B6B, 0x39C5, 0x1081, 0x0861, 0x2923, 0x20E3, 0x1081, 0x18A2, 0x3164, 0x4A07, 0x838B, 
    0x5A88, 0x732A, 0x5A67, 0x732A, 0x39A5, 0x3985, 0x49E6, 0x3985, 0x41A5, 0x2923, 0x1061, 0x1081, 
    0x2923, 0x39A5, 0x3144, 0x3144, 0x2924, 0x18C2, 0x1082, 0x0861, 0x10A2, 0x18C2, 0x2103, 0x39A6, 
    0x734B, 0xA48F, 0x8BCD, 0x62C9, 0x0861, 0x18A1, 0xB444, 0xDD64, 0xE584, 0xE584, 0xE564, 0xE564, 
    0xE563, 0xE563, 0xE563, 0xE563, 0xE563, 0xE583, 0xE584, 0xE563, 0xE563, 0xE584, 0xE583, 0xE563, 
    0xDD64, 0xE564, 0xE564, 0xE564, 0xE564, 0xE564, 0xE564, 0xE564, 0xE564, 0xE564, 0xE564, 0xE584, 
    0xA403, 0x2923, 0x4A46, 0x7368, 0x5A86, 0x5AC7, 0x7B89, 0x5AC7, 0x4A25, 0x3184, 0x1081, 0x0861, 
    0x0841, 0x10A2, 0x20E3, 0x2103, 0x18E3, 0x20E3, 0x18C2, 0x1082, 0x0841, 0x0861, 0x18E2, 0x2943, 
    0x39C4, 0x4A45, 0x5AA6, 0x5AA6, 0x31A4, 0x1081, 0x2963, 0x39E4, 0x4A25, 0x5265, 0x5AA6, 0x5AA6, 
    0x5265, 0x5286, 0x5AC6, 0x5286, 0x5AA6, 0x5AA6, 0x5286, 0x5266, 0x5AA6, 0x5AA6, 0x5266, 0x4A45, 
    0x39A4, 0x20E1, 0xBCA3, 0xE564, 0xDD44, 0xE584, 0xC4C5, 0x7AE9, 0x51EB, 0x624C, 0x6A6C, 0x6A8C, 
    0x6A8C, 0x624C, 0x59EB, 0x4189, 0xA3E5, 0xDD44, 0xE564, 0xE564, 0xE564, 0xDD64, 0xE564, 0xBC84, 
    0x18A1, 0x7A84, 0x82A5, 0xCC49, 0xCC49, 0x9306, 0x1060, 0x5182, 0xB387, 0xC3E8, 0xB3A7, 0x6A04, 
    0x0841, 0x3102, 0x20E2, 0x0041, 0x5182, 0xA325, 0xB3A7, 0x8284, 0x1081, 0x0041, 0x8AE6, 0xCC08, 
    0xC3E8, 0xC3E8, 0xC3E8, 0xC3C8, 0xBBC8, 0xB386, 0x9AE5, 0x8AA4, 0x3922, 0x0020, 0x0040, 0x1082, 
    0x28E2, 0x10A2, 0x8AE6, 0xCC08, 0xC3C8, 0x92C4, 0x8A84, 0x8A84, 0x59C3, 0x0841, 0x0841, 0x0041, 
    0x4183, 0x9AE5, 0x7223, 0x1082, 0x18A1, 0x0861, 0x3943, 0xB387, 0xC3E8, 0xBBC8, 0x6A04, 0x3102, 
    0xAB67, 0xCC08, 0x7A85, 0x4143, 0x9B06, 0x18A1, 0xD525, 0xE584, 0xDD64, 0xE564, 0x8328, 0x622C, 
    0x728D, 0x7ACD, 0x82ED, 0x82ED, 0x7ACD, 0x72AD, 0x728D, 0x82ED, 0x82ED, 0x728D, 0x624C, 0x49AA, 
    0x49A9, 0x4169, 0x6A67, 0xD524, 0xE564, 0xDD64, 0xDD44, 0xDD44, 0xE584, 0x8B63, 0x18C3, 0x940D, 
    0x940E, 0x39A5, 0x18A2, 0x2103, 0x41E6, 0x4A06, 0x18A2, 0x838B, 0x6AC9, 0x18C2, 0x20E3, 0x3164, 
    0x41C5, 0x730A, 0x5A88, 0x6AC9, 0x41C6, 0x39A5, 0x2944, 0x2103, 0x20E3, 0x1082, 0x3164, 0x41C5, 
    0x1081, 0x49E6, 0x5227, 0x62A9, 0x730A, 0x732A, 0x732A, 0x6AEA, 0x4A06, 0x2924, 0x2924, 0x2103, 
    0x0861, 0x18C2, 0x4A27, 0x8BED, 0x942E, 0x4A47, 0x1081, 0xAC23, 0xE584, 0xDD43, 0xDD43, 0xDD43, 
    0xDD43, 0xDD43, 0xDD43, 0xDD43, 0xDD43, 0xDD44, 0xDD44, 0xDD44, 0xDD44, 0xDD44, 0xDD44, 0xDD44, 
    0xE584, 0xE584, 0xE584, 0xE584, 0xE584, 0xE584, 0xE584, 0xE584, 0xE584, 0xE584, 0xE584, 0xEDA4, 
    0x41C2, 0x2944, 0x5AA7, 0x62C7, 0x62C7, 0x62E7, 0x62E7, 0x7348, 0x62E7, 0x5A86, 0x5266, 0x39C4, 
    0x2943, 0x10C2, 0x10A2, 0x10A1, 0x10A1, 0x1081, 0x10A1, 0x18E2, 0x2943, 0x2943, 0x31A4, 0x4205, 
    0x5265, 0x5266, 0x5AC6, 0x62E7, 0x5286, 0x2143, 0x41E4, 0x5AA6, 0x62C6, 0x5AC6, 0x5AC6, 0x5AA6, 
    0x5286, 0x5AA6, 0x5286, 0x5286, 0x5286, 0x5286, 0x5286, 0x5AA6, 0x5AC6, 0x62E7, 0x6B07, 0x62E7, 
    0x4A25, 0x2123, 0x3981, 0xBC83, 0xE584, 0xE584, 0xEDC4, 0xA3E6, 0x4989, 0x59EA, 0x51EA, 0x5A2B, 
    0x622B, 0x6A6C, 0x5A0A, 0xAC25, 0xDD23, 0xE564, 0xE564, 0xE584, 0xE584, 0xE584, 0xC4A3, 0x41A2, 
    0x59E4, 0x7A64, 0xAB87, 0xCC28, 0xB387, 0x51A3, 0x3922, 0xC3E8, 0xCC09, 0xB387, 0x7244, 0x20C1, 
    0x1061, 0x3102, 0x10A2, 0x59C3, 0x8A84, 0xA346, 0xBBC7, 0xB387, 0x7244, 0x7224, 0xBBC8, 0xCC29, 
    0xC409, 0xC3C8, 0xC3E8, 0xC3E8, 0xC409, 0xBBC8, 0xBBA7, 0xB386, 0x8AA4, 0x6A03, 0x51A3, 0x20C2, 
    0x28E2, 0x18A1, 0x82A5, 0xC3E8, 0xC3E8, 0xBBC8, 0xC3E8, 0xBBA8, 0xA367, 0x82A5, 0x7223, 0x69E3, 
    0x8264, 0xA325, 0x92C5, 0x2902, 0x0861, 0x1061, 0x1881, 0x8284, 0xBBE8, 0xCC4A, 0xB3A8, 0x3942, 
    0x6A24, 0xC3E8, 0xB3C8, 0x59E4, 0x9B06, 0x59E3, 0x5222, 0xD524, 0xE584, 0xE584, 0x8307, 0x51AB, 
    0x624C, 0x6A6C, 0x624C, 0x728D, 0x6A6C, 0x7AAD, 0x82CD, 0x830E, 0x82EE, 0x7ACD, 0x6A6C, 0x51EA, 
    0x4189, 0x9367, 0xCCC4, 0xE584, 0xE584, 0xE584, 0xE563, 0xE564, 0xEDA4, 0x8342, 0x2104, 0x9C6F, 
    0x730A, 0x18C2, 0x3164, 0x5A68, 0x6AEA, 0x5227, 0x0861, 0x5AA8, 0x942E, 0x942E, 0x4A06, 0x1081, 
    0x1081, 0x18A2, 0x10A2, 0x18C2, 0x1061, 0x10A2, 0x10A2, 0x18C2, 0x2923, 0x4A06, 0x5247, 0x3985, 
    0x0861, 0x3164, 0x49E6, 0x5A88, 0x730A, 0x7B4B, 0x7B4B, 0x7B4B, 0x734B, 0x6AE9, 0x6AEA, 0x6AC9, 
    0x5227, 0x3985, 0x10A2, 0x18C2, 0x6B0A, 0x8BED, 0x4A27, 0x2922, 0xAC03, 0xEDA4, 0xE563, 0xE563, 
    0xE563, 0xE563, 0xE563, 0xE563, 0xE564, 0xE564, 0xE564, 0xE563, 0xE563, 0xE563, 0xE563, 0xE564, 
    0xE584, 0xE584, 0xE584, 0xE584, 0xE584, 0xE584, 0xE584, 0xE584, 0xE584, 0xE584, 0xE584, 0xEDA4, 
    0x41A1, 0x1903, 0x4A25, 0x5A86, 0x6B28, 0x5AC7, 0x5AA6, 0x6B07, 0x7348, 0x6B28, 0x6307, 0x5AA7, 
    0x4A05, 0x4A25, 0x4A25, 0x4205, 0x41E4, 0x39E4, 0x39C4, 0x39E4, 0x4225, 0x4A25, 0x4A45, 0x5266, 
    0x5265, 0x5286, 0x5AA6, 0x5A86, 0x62E7, 0x5266, 0x39C4, 0x5266, 0x5AC6, 0x5AA6, 0x5A86, 0x5286, 
    0x5286, 0x5286, 0x5266, 0x5286, 0x5AA6, 0x5AA6, 0x5AA6, 0x6B07, 0x6B27, 0x7B68, 0x7B89, 0x6B07, 
    0x5265, 0x3183, 0x0041, 0xBC63, 0xEDC4, 0xE584, 0xE584, 0xD524, 0xB446, 0x49C9, 0x3969, 0x49CA, 
    0x6A6C, 0x82EE, 0x7ACD, 0x9389, 0xD4E5, 0xE584, 0xE584, 0xE584, 0xE584, 0xEDA4, 0xB463, 0x18A1, 
    0x9B26, 0x59C3, 0xCC29, 0xC3E8, 0x7A65, 0x3122, 0x8B07, 0xD46A, 0xC3E8, 0x92E5, 0x4962, 0x0841, 
    0x18A2, 0x18A1, 0x4163, 0x8AC5, 0xAB46, 0xB387, 0xC3E8, 0xC408, 0xAB46, 0x9B05, 0xC3C8, 0xC3E8, 
    0xC409, 0xC3E8, 0xC3C8, 0xC3E8, 0xC408, 0xC3E8, 0xC3E8, 0xC3E8, 0xB3A7, 0xAB66, 0xA326, 0xA325, 
    0xAB46, 0x9B06, 0xB387, 0xBBC8, 0xC408, 0xCC29, 0xCC29, 0xC408, 0xBBE8, 0xC3C7, 0xAB67, 0xA326, 
    0xB387, 0xB387, 0x9AE5, 0x6A03, 0x20C2, 0x1061, 0x18A1, 0x51A3, 0xAB67, 0xC3E8, 0xCC49, 0x6A24, 
    0x61E3, 0xB387, 0xD449, 0x6A44, 0x8284, 0x8264, 0x10A1, 0xCCE3, 0xE584, 0xE584, 0xAC26, 0x624A, 
    0x51CB, 0x59EB, 0x5A0B, 0x5A0B, 0x6A6C, 0x82ED, 0x8B0D, 0x7ACD, 0x7AED, 0x7ACE, 0x728D, 0x5A0B, 
    0x49CA, 0x8B48, 0xCCC5, 0xE583, 0xE564, 0xE584, 0xE564, 0xE564, 0xE584, 0x8322, 0x18C3, 0x838B, 
    0xACD0, 0x4207, 0x2103, 0x41E6, 0x6AEA, 0x5A88, 0x18E3, 0x3185, 0x730A, 0x940D, 0x8BED, 0x940D, 
    0x7B6B, 0x5247, 0x4A27, 0x4A07, 0x41E6, 0x41E6, 0x5248, 0x62C9, 0x62C9, 0x62A8, 0x4A06, 0x2924, 
    0x18E3, 0x39A5, 0x4A06, 0x5A88, 0x6B0A, 0x734A, 0x732A, 0x7B4B, 0x732A, 0x7B4A, 0x730A, 0x732A, 
    0x6AE9, 0x5247, 0x41C5, 0x20E3, 0x2104, 0x940E, 0x732A, 0x1082, 0x9382, 0xEDA4, 0xE564, 0xE564, 
    0xE564, 0xE564, 0xE564, 0xE564, 0xE564, 0xE564, 0xE564, 0xE564, 0xE564, 0xE564, 0xE564, 0xE564, 
    0xE564, 0xDD64, 0xDD64, 0xDD64, 0xDD64, 0xDD64, 0xE564, 0xE564, 0xE564, 0xE564, 0xE564, 0xE584, 
    0x41A2, 0x18E2, 0x3183, 0x41E4, 0x5266, 0x62C6, 0x5266, 0x5266, 0x62C7, 0x83A9, 0x83A9, 0x6B28, 
    0x62E7, 0x5AA6, 0x62C7, 0x5266, 0x4A45, 0x5266, 0x4A45, 0x5286, 0x5A86, 0x62E7, 0x62E7, 0x5AA6, 
    0x62C7, 0x6B07, 0x5286, 0x5A86, 0x62E7, 0x6B27, 0x5AA6, 0x5286, 0x5286, 0x5A86, 0x62C6, 0x62E7, 
    0x62E7, 0x6307, 0x6B27, 0x7348, 0x7368, 0x7B88, 0x7B89, 0x7347, 0x7368, 0x7328, 0x5AA6, 0x5286, 
    0x5265, 0x4205, 0x2122, 0x4A02, 0xB484, 0xE584, 0xDD44, 0xDD44, 0xDD44, 0xA3E6, 0x9BA5, 0x9366, 
    0x5A0A, 0x72AD, 0x8B4E, 0x7ACD, 0x830A, 0xCCE5, 0xE564, 0xDD64, 0xE564, 0xE584, 0xBC83, 0x20E2, 
    0x9B26, 0x4982, 0xC408, 0xAB87, 0x4163, 0x51C3, 0xDCAA, 0xC3E8, 0xB387, 0x4983, 0x0820, 0x1081, 
    0x20C1, 0x20C1, 0x8AA4, 0xA326, 0xBBC8, 0xC408, 0xC408, 0xCC29, 0xC408, 0xBBC8, 0xBBA7, 0xBBC8, 
    0xC3E8, 0xBBC8, 0xBBC8, 0xB3A8, 0xBBA8, 0xC3E8, 0xC3E8, 0xC3E8, 0xC409, 0xCC09, 0xC409, 0xC3E8, 
    0xB367, 0xBBC8, 0xBBC8, 0xBBC8, 0xC409, 0xC409, 0xC409, 0xC3E8, 0xBBC8, 0xC3E8, 0xCC29, 0xCC29, 
    0xBBC8, 0xB3A7, 0x9B05, 0x92C5, 0x59A3, 0x1881, 0x18C2, 0x10A2, 0x7A44, 0xAB46, 0xC3E8, 0xBBA7, 
    0x7224, 0x7265, 0xD449, 0x7A85, 0x7224, 0x7A44, 0x18C1, 0xC4C4, 0xE564, 0xDD64, 0xE5A5, 0x9BC6, 
    0x51E9, 0x4169, 0x4168, 0x51A9, 0x7ACD, 0x7ACD, 0x82ED, 0x82ED, 0x7ACD, 0x72AE, 0x830E, 0x728D, 
    0x5A0A, 0x5A0B, 0x7AEA, 0xC486, 0xDD64, 0xDD44, 0xDD44, 0xDD44, 0xE564, 0x8343, 0x1082, 0x5247, 
    0x8BED, 0xB4F0, 0x5A88, 0x10A2, 0x18C2, 0x41E6, 0x5A88, 0x18C2, 0x3184, 0x5227, 0x734A, 0x940D, 
    0xA48F, 0x9C4E, 0x9C4E, 0x940D, 0x83AC, 0x7B6B, 0x7B4B, 0x730A, 0x5A88, 0x3185, 0x18E3, 0x10A2, 
    0x39A5, 0x5227, 0x5A88, 0x6AEA, 0x730A, 0x732A, 0x732A, 0x732A, 0x730A, 0x6AE9, 0x6AC9, 0x732A, 
    0x730A, 0x62A9, 0x39A5, 0x18C2, 0x4A06, 0x940D, 0x5A68, 0x0861, 0x8B62, 0xE564, 0xDD44, 0xDD44, 
    0xDD44, 0xDD44, 0xDD44, 0xDD44, 0xDD44, 0xDD44, 0xDD44, 0xDD44, 0xDD44, 0xDD44, 0xDD43, 0xDD43, 
    0xE584, 0xE584, 0xE584, 0xE584, 0xE584, 0xE584, 0xE584, 0xE584, 0xE584, 0xE5A4, 0xE5A4, 0xEDA4, 
    0x41C2, 0x2103, 0x4204, 0x31A4, 0x39A4, 0x5266, 0x5AC7, 0x5286, 0x5286, 0x62E7, 0x7B69, 0x8BCA, 
    0x7B68, 0x7348, 0x7B89, 0x62C7, 0x5A86, 0x62E7, 0x7348, 0x7348, 0x7368, 0x7328, 0x7328, 0x6B27, 
    0x5AA6, 0x5AA6, 0x5AA6, 0x5AA6, 0x5AA6, 0x6B28, 0x942B, 0x8C0A, 0x83A9, 0x7348, 0x7B89, 0x7B89, 
    0x7B68, 0x7B68, 0x7368, 0x7328, 0x62E7, 0x62C6, 0x5A86, 0x5265, 0x4A45, 0x4204, 0x4A25, 0x4A45, 
    0x4A45, 0x4A45, 0x4204, 0x0882, 0x93A3, 0xEDA4, 0xE584, 0xE564, 0xE584, 0xE584, 0xE564, 0xC4C5, 
    0x5A0A, 0x6A6C, 0x8B2D, 0x8B0D, 0x6A6C, 0xC486, 0xEDA4, 0xE584, 0xE584, 0xEDA4, 0xBC83, 0x3102, 
    0xB3C8, 0x7A44, 0xBBA7, 0x7A65, 0x59C3, 0xC3C8, 0xCC49, 0xC408, 0x9AE5, 0x3942, 0x0861, 0x3922, 
    0x8A84, 0x8A84, 0x92A4, 0xBBC7, 0xCC29, 0xCC08, 0x8AC6, 0x6A65, 0xB3C8, 0xCC09, 0xC3E8, 0xC3C8, 
    0xC3E8, 0xC3E8, 0xCC08, 0x9B27, 0x61E4, 0xC408, 0xC3E8, 0xC3E8, 0xC408, 0xCC09, 0xCC29, 0xB387, 
    0x5183, 0xAB67, 0xC3E8, 0xC3E8, 0xC409, 0xC3E8, 0xC409, 0xCC29, 0xA347, 0x7245, 0xB3A8, 0xC409, 
    0xBBC8, 0xBBE8, 0xA367, 0x8AA4, 0x8AA4, 0x59C3, 0x18A2, 0x20C2, 0x3901, 0xA326, 0xC3E8, 0xD449, 
    0x6A45, 0x4983, 0xC3E8, 0xA346, 0x8264, 0x7244, 0x18A1, 0xCCE4, 0xE5A4, 0xE584, 0xE585, 0xE5A5, 
    0xB445, 0x7AE7, 0x49A8, 0x620B, 0x82EE, 0x6A6D, 0x7ACD, 0x8B0D, 0x7AAC, 0x6A6C, 0x8B4F, 0x728D, 
    0x82ED, 0x8B2E, 0x728D, 0x6A6A, 0xD505, 0xE564, 0xE584, 0xE564, 0xEDA4, 0x8B83, 0x0021, 0x18C2, 
    0x4A06, 0x7309, 0xBD31, 0xA48F, 0x83CC, 0x6B0A, 0x20E3, 0x1082, 0x0861, 0x1081, 0x20E3, 0x3164, 
    0x5A68, 0x6AE9, 0x5A88, 0x5247, 0x5247, 0x5227, 0x39A5, 0x20E3, 0x18C2, 0x10A2, 0x18C2, 0x3185, 
    0x41E6, 0x62A8, 0x730A, 0x7B4B, 0x7B4B, 0x7B4B, 0x732A, 0x732A, 0x7B4B, 0x732A, 0x62A9, 0x41C5, 
    0x20E3, 0x1082, 0x2944, 0x9C4E, 0x93EC, 0x5247, 0x41C6, 0x0861, 0x9382, 0xEDA4, 0xE584, 0xE584, 
    0xE564, 0xE564, 0xE564, 0xE564, 0xE564, 0xE564, 0xE564, 0xE564, 0xE564, 0xE564, 0xE583, 0xE563, 
    0xE564, 0xE563, 0xE564, 0xE564, 0xE564, 0xE564, 0xE584, 0xE584, 0xE584, 0xE584, 0xE584, 0xE584, 
    0x41A2, 0x2103, 0x4225, 0x4204, 0x39C4, 0x39C4, 0x5286, 0x5AA6, 0x5AA6, 0x62C7, 0x5AA6, 0x5AA6, 
    0x83CA, 0x8BEA, 0x9C4C, 0x7B89, 0x7348, 0x7B89, 0x6B08, 0x62E7, 0x6B27, 0x5AC6, 0x5AC6, 0x5AC6, 
    0x62C6, 0x6B07, 0x7348, 0x7348, 0x6B27, 0x62C7, 0x62E7, 0x5AA6, 0x5AA6, 0x5266, 0x4A65, 0x4A65, 
    0x5265, 0x4A65, 0x4A45, 0x4A25, 0x4A45, 0x4A45, 0x4204, 0x4225, 0x4205, 0x4204, 0x4225, 0x4A25, 
    0x4A25, 0x39C4, 0x39C4, 0x0881, 0x93A3, 0xEDA4, 0xE564, 0xE564, 0xE564, 0xDD64, 0xDD24, 0x8B49, 
    0x8B2C, 0x830C, 0x7AAC, 0x72AC, 0x5A0B, 0xBC65, 0xE584, 0xE564, 0xE564, 0xE584, 0xB463, 0x28E2, 
    0xB3A8, 0xB3A7, 0xC3E8, 0x4163, 0x4983, 0xCC08, 0xC408, 0xB386, 0x4983, 0x18A2, 0x18A1, 0x3922, 
    0x9AE4, 0x92C4, 0xB387, 0xC3E8, 0xCC08, 0x9306, 0x18C2, 0x18A2, 0x4163, 0x51A4, 0xA367, 0xCC08, 
    0xC3E8, 0xD429, 0x9306, 0x3963, 0x18C2, 0xB3A8, 0xC3E8, 0xC3C8, 0xC3E8, 0xCC09, 0xC3E8, 0xA347, 
    0x18C2, 0x3963, 0xA367, 0xD449, 0xCC29, 0xC3E8, 0x6A25, 0x49A4, 0x3943, 0x20E2, 0x2902, 0x9326, 
    0xC3E8, 0xBC09, 0xABEA, 0x9AC4, 0x9AE5, 0x61E3, 0x18A2, 0x20C2, 0x1061, 0x8AA4, 0xC3E8, 0xCC49, 
    0x8AC5, 0x69E3, 0xB387, 0xB3A7, 0xA326, 0x7A64, 0x18A1, 0xCCE3, 0xE5A4, 0xE584, 0xDD64, 0xDD64, 
    0xE584, 0x9BA7, 0x622B, 0x7ACD, 0x7AAD, 0x6A4C, 0x6A6C, 0x728C, 0x728C, 0x728D, 0x7ACE, 0x8B2E, 
    0x934E, 0x8B2E, 0x7ACD, 0x622B, 0x6A89, 0xD524, 0xE584, 0xE564, 0xEDA4, 0x8B43, 0x0821, 0x20E5, 
    0x1082, 0x39A5, 0x6AE9, 0x8BCC, 0xBD31, 0xBD31, 0x8BED, 0x93EC, 0x4A06, 0x18A2, 0x0861, 0x1081, 
    0x2103, 0x18C2, 0x10A2, 0x10A2, 0x18A2, 0x18C2, 0x18C2, 0x20E2, 0x2923, 0x3985, 0x5247, 0x5A88, 
    0x62C9, 0x732A, 0x7B4B, 0x732A, 0x730A, 0x6AEA, 0x6288, 0x2103, 0x2103, 0x2924, 0x1082, 0x41E6, 
    0x732A, 0x7B6B, 0x83AC, 0x6B0A, 0x41C6, 0x3164, 0x18A2, 0x0041, 0x93A3, 0xED84, 0xE564, 0xE564, 
    0xDD64, 0xDD64, 0xE564, 0xE564, 0xE564, 0xDD64, 0xDD44, 0xDD43, 0xDD44, 0xDD64, 0xE564, 0xDD43, 
    0xDD44, 0xE563, 0xE563, 0xDD64, 0xE564, 0xE564, 0xE584, 0xE584, 0xE564, 0xE564, 0xE564, 0xE584, 
    0x41A2, 0x1903, 0x4204, 0x4204, 0x41E4, 0x39C4, 0x39C4, 0x5286, 0x62C7, 0x5A86, 0x5286, 0x62C7, 
    0xA48C, 0xB50E, 0x83A9, 0x7348, 0x7B88, 0x7348, 0x5AC6, 0x62E7, 0x62E7, 0x6B07, 0x62C7, 0x62E7, 
    0x5286, 0x5265, 0x5286, 0x5AA6, 0x5AA6, 0x4A45, 0x4225, 0x4A25, 0x4A25, 0x4205, 0x4225, 0x4225, 
    0x4205, 0x4204, 0x4204, 0x4204, 0x4204, 0x4204, 0x4204, 0x4205, 0x4225, 0x4225, 0x4225, 0x4225, 
    0x4225, 0x39A4, 0x3184, 0x0861, 0x9383, 0xE584, 0xDD64, 0xDD64, 0xDD64, 0xDD64, 0xA3C8, 0x936C, 
    0xA3CC, 0x82EC, 0x624B, 0x49A9, 0x7AC8, 0xCCE5, 0xE564, 0xDD64, 0xE564, 0xE564, 0xB443, 0x20A1, 
    0xAB87, 0xCC08, 0xCC29, 0x7265, 0x8AA5, 0xC3E7, 0xBBC7, 0xAB25, 0x3123, 0x10A2, 0x18A1, 0x3102, 
    0x92C4, 0xAB46, 0xC3C7, 0xC3C8, 0xC408, 0x9306, 0x3102, 0x1081, 0x18A2, 0x20E2, 0x49A4, 0x59E4, 
    0x6A25, 0x6A45, 0x49A4, 0x20E2, 0x18A2, 0xA367, 0xA326, 0xC3E8, 0xC3E8, 0xC3C8, 0xBBC8, 0xA347, 
    0x18C2, 0x18C2, 0x51C4, 0x6A45, 0x6225, 0x59E4, 0x2902, 0x18A2, 0x20E2, 0x18C2, 0x4163, 0x9B26, 
    0xC3E8, 0xBC2A, 0xB48D, 0xA305, 0xA305, 0x61E3, 0x18A2, 0x20C2, 0x1081, 0x92C4, 0xC3E8, 0xCC09, 
    0x9B06, 0x8244, 0xA306, 0xBBC7, 0xB3A7, 0x7A44, 0x18C1, 0xCCE4, 0xE584, 0xE584, 0xDD64, 0xDD64, 
    0xE564, 0x7AE8, 0x6A6C, 0x7ACD, 0x728D, 0x728D, 0x624C, 0x5A0B, 0x622B, 0x7ACE, 0x7ACE, 0x8B0E, 
    0x8B0D, 0x82ED, 0x7AAD, 0x6A4C, 0x624A, 0xD505, 0xE564, 0xDD64, 0xE584, 0x8322, 0x0842, 0x3948, 
    0x3126, 0x2104, 0x2103, 0x2944, 0x5227, 0x732A, 0x9C2D, 0xA46E, 0xBD31, 0xBD51, 0xA4B0, 0x942E, 
    0x5A88, 0x39A5, 0x3144, 0x2944, 0x2103, 0x18C2, 0x2923, 0x20E2, 0x18A2, 0x18A2, 0x20E3, 0x2924, 
    0x2924, 0x2944, 0x2964, 0x2944, 0x2924, 0x2103, 0x3164, 0x62C9, 0x6B2A, 0x7B6B, 0x8BCC, 0x8BEC, 
    0x838B, 0x6B09, 0x5267, 0x39A5, 0x2103, 0x1082, 0x18A3, 0x0841, 0x93A3, 0xE584, 0xDD64, 0xDD44, 
    0xDD44, 0xDD44, 0xDD44, 0xDD44, 0xDD44, 0xDD44, 0xDD44, 0xDD44, 0xDD44, 0xDD44, 0xDD44, 0xDD43, 
    0xE584, 0xE583, 0xE583, 0xE583, 0xE584, 0xE584, 0xE584, 0xED84, 0xED84, 0xEDA4, 0xEDA4, 0xEDA4, 
    0x41C2, 0x1903, 0x4204, 0x4204, 0x4204, 0x4204, 0x39C4, 0x39C4, 0x5AA6, 0x5286, 0x5286, 0x83CA, 
    0x9C4C, 0x944C, 0x6307, 0x5AA6, 0x5AA6, 0x5265, 0x5286, 0x4A45, 0x4A45, 0x4225, 0x4204, 0x4204, 
    0x4204, 0x4205, 0x4204, 0x4204, 0x4225, 0x4205, 0x4204, 0x4204, 0x4204, 0x4225, 0x4A25, 0x4A25, 
    0x4225, 0x4205, 0x4225, 0x4225, 0x4A25, 0x4A45, 0x4A45, 0x4A45, 0x4A25, 0x4205, 0x4205, 0x4225, 
    0x4204, 0x39C4, 0x31A4, 0x0861, 0x93A3, 0xEDC4, 0xE584, 0xE584, 0xE584, 0xE584, 0x82E9, 0x72AB, 
    0x7AEA, 0x728B, 0x728B, 0x9366, 0xD504, 0xEDA4, 0xE584, 0xE584, 0xE564, 0xED84, 0xB463, 0x20C1, 
    0xA326, 0xC3E8, 0xCC08, 0xAB66, 0xAB67, 0xC408, 0xC3E8, 0x9AC5, 0x3102, 0x18C2, 0x20C2, 0x3102, 
    0x92C4, 0xAB66, 0xC3C8, 0xC3E8, 0xC408, 0xBBC8, 0x9306, 0x7265, 0x3122, 0x18C2, 0x10A2, 0x18A2, 
    0x20E2, 0x20C2, 0x20E2, 0x20E2, 0x3122, 0xB387, 0xB3A7, 0xCC29, 0xC408, 0xBBA7, 0xC3E8, 0xAB87, 
    0x3963, 0x18A2, 0x18C2, 0x20E2, 0x20E2, 0x18C2, 0x1081, 0x10A1, 0x4983, 0x8AE6, 0xBBC8, 0xC3E8, 
    0xB387, 0xB48D, 0xCD92, 0x9B26, 0x9B05, 0x59E3, 0x1081, 0x18A1, 0x1061, 0x92C4, 0xC3C7, 0xC3E8, 
    0xB367, 0xA346, 0xB3A7, 0xC3E8, 0xB366, 0x6A04, 0x20E1, 0xD524, 0xEDA4, 0xE584, 0xE584, 0xE584, 
    0xEDA4, 0x7AE8, 0x49AA, 0x5A0B, 0x728D, 0x6A8D, 0x622C, 0x51CA, 0x59EA, 0x6A6C, 0x8B2E, 0x72AD, 
    0x72AD, 0x728D, 0x6A6C, 0x624C, 0x624A, 0xD524, 0xE583, 0xE564, 0xEDA4, 0x8B62, 0x0863, 0x4189, 
    0x51CB, 0x4189, 0x2905, 0x20C4, 0x18A2, 0x18C2, 0x3164, 0x39C5, 0x7B6B, 0xA4AF, 0xA48F, 0xA46E, 
    0xB4F0, 0xB510, 0xBD51, 0xBD51, 0xACCF, 0xA46E, 0x9C4E, 0x83AC, 0x7B8B, 0x7B6B, 0x734A, 0x734A, 
    0x734A, 0x6B09, 0x732A, 0x8BEC, 0x942D, 0x9C4E, 0x9C6E, 0x8BCC, 0x8BCC, 0x8BCC, 0x6AC9, 0x49E6, 
    0x3985, 0x18E2, 0x18A2, 0x0861, 0x18C3, 0x20E5, 0x28E5, 0x0841, 0x9BC3, 0xEDC4, 0xE584, 0xE584, 
    0xE584, 0xE584, 0xE563, 0xE583, 0xE583, 0xE584, 0xE583, 0xE584, 0xE583, 0xE584, 0xE583, 0xE563, 
    0xDD64, 0xDD44, 0xE564, 0xE564, 0xE564, 0xE563, 0xE564, 0xE564, 0xE564, 0xE584, 0xE584, 0xE5A4, 
    0x41C2, 0x1903, 0x4204, 0x4204, 0x4204, 0x4A25, 0x4225, 0x31A4, 0x4204, 0x62C7, 0x7328, 0x83A9, 
    0x7348, 0x62C7, 0x5286, 0x4A45, 0x39E4, 0x39E4, 0x4204, 0x4204, 0x41E4, 0x41E4, 0x4204, 0x41E4, 
    0x4204, 0x4225, 0x4225, 0x4225, 0x4225, 0x4A25, 0x4A25, 0x4225, 0x4204, 0x4A25, 0x4A25, 0x4A25, 
    0x4204, 0x4205, 0x4205, 0x39E4, 0x39A4, 0x31A4, 0x2963, 0x3184, 0x2943, 0x2102, 0x2943, 0x4A25, 
    0x4204, 0x39C4, 0x3183, 0x0861, 0x93A3, 0xEDA4, 0xE564, 0xE564, 0xE564, 0xE564, 0xB426, 0x9368, 
    0x728B, 0x72AB, 0xA3C7, 0xE564, 0xE564, 0xE564, 0xE584, 0xE584, 0xE564, 0xE564, 0xB443, 0x20C2, 
    0x9B06, 0xCC08, 0xCC08, 0xA346, 0xAB67, 0xCC29, 0xC408, 0x92C5, 0x20C1, 0x1081, 0x20C2, 0x3922, 
    0x9AC4, 0xAB66, 0xCC29, 0xC409, 0xC3E8, 0xC409, 0xC408, 0xC408, 0xB387, 0x7285, 0x51A3, 0x2902, 
    0x10A2, 0x0861, 0x18C2, 0x6A24, 0xBBA7, 0xC3E8, 0xC3E8, 0xC3E8, 0xC3E8, 0xC3E8, 0xBBC8, 0xC3E8, 
    0xB3A8, 0x6225, 0x20E2, 0x18A2, 0x18A2, 0x18C2, 0x59C4, 0x8285, 0xC3C7, 0xCC49, 0xC408, 0xC3E8, 
    0xA326, 0xB4CE, 0xCD92, 0x9347, 0xA305, 0x59E3, 0x1081, 0x18A1, 0x3922, 0xA346, 0xC3E8, 0xC3E8, 
    0xBBC7, 0xC3E8, 0xC3E8, 0xC3E8, 0xB3A7, 0x61E3, 0x3141, 0xDD44, 0xE564, 0xE564, 0xE564, 0xE564, 
    0xE584, 0xAC26, 0x5A08, 0x498A, 0x5A0B, 0x5A0B, 0x49AA, 0x4168, 0x51CA, 0x6A6C, 0x82ED, 0x72AD, 
    0x6A6C, 0x626C, 0x5A2B, 0x51CA, 0x51E9, 0xD504, 0xE564, 0xDD44, 0xE584, 0x8B63, 0x0883, 0x3948, 
    0x4189, 0x4989, 0x51AA, 0x49AA, 0x3947, 0x3106, 0x28E5, 0x18C4, 0x2924, 0x39A5, 0x3164, 0x41E6, 
    0x734A, 0x83AB, 0x83CC, 0x942D, 0x9C6E, 0x9C6E, 0x9C2D, 0x9C6E, 0xA48F, 0xA48F, 0xA46E, 0x9C4E, 
    0x9C4D, 0x940D, 0x8BCC, 0x8BAC, 0x838B, 0x7B6B, 0x6B09, 0x4A27, 0x39A5, 0x3164, 0x2103, 0x18C2, 
    0x18C3, 0x18A3, 0x1883, 0x20C4, 0x2906, 0x2906, 0x2906, 0x0862, 0x93A3, 0xE584, 0xDD44, 0xDD44, 
    0xDD44, 0xDD43, 0xDD43, 0xDD43, 0xDD43, 0xDD44, 0xDD44, 0xDD64, 0xDD64, 0xDD43, 0xDD43, 0xDD43, 
    0xDD64, 0xDD44, 0xDD43, 0xE543, 0xE563, 0xE563, 0xE563, 0xE564, 0xE584, 0xE584, 0xE584, 0xE583, 
    0x41A2, 0x18E2, 0x4204, 0x4205, 0x4205, 0x4225, 0x4A25, 0x4204, 0x31A3, 0x5266, 0x7B68, 0x7328, 
    0x5AA6, 0x41E4, 0x4204, 0x4204, 0x4204, 0x4204, 0x4204, 0x41E4, 0x41E4, 0x4204, 0x4204, 0x4204, 
    0x4204, 0x4225, 0x4A25, 0x4A25, 0x4A25, 0x4205, 0x4204, 0x4204, 0x41E4, 0x39E4, 0x31A4, 0x3184, 
    0x2943, 0x2123, 0x18E2, 0x10A2, 0x10A2, 0x10A2, 0x10A2, 0x18C2, 0x2103, 0x2943, 0x2943, 0x2963, 
    0x4204, 0x39A4, 0x3183, 0x0861, 0x9383, 0xED84, 0xE564, 0xE564, 0xE564, 0xE564, 0xE584, 0xDD25, 
    0x9B89, 0x830A, 0xCCA5, 0xE564, 0xE564, 0xE564, 0xE564, 0xE584, 0xE564, 0xE564, 0xB443, 0x18A1, 
    0xA326, 0xCC29, 0xCC29, 0xA326, 0xB387, 0xCC08, 0xC3E8, 0x9B06, 0x4142, 0x18A1, 0x18A2, 0x4162, 
    0xA305, 0xBB86, 0xCC08, 0xC408, 0xC408, 0xC3E8, 0xC3E8, 0xC408, 0xCC29, 0xCC28, 0xB387, 0x7265, 
    0x49A4, 0x4183, 0x51C4, 0xB387, 0xCC08, 0xC3E8, 0xC3E8, 0xC3E8, 0xC3E8, 0xC3C8, 0xC3C8, 0xBBC8, 
    0xC3E8, 0xBBC8, 0x59E4, 0x49A4, 0x49A4, 0x8285, 0xC3E8, 0xCBE8, 0xC3E8, 0xC3E8, 0xC3E8, 0xC3E8, 
    0x9B26, 0x9BEB, 0xB4CF, 0x82C6, 0xAB25, 0x6204, 0x18A2, 0x18A2, 0x7A23, 0xBBA7, 0xCC08, 0xC3E8, 
    0xC3E8, 0xC3E8, 0xAB46, 0xBBC7, 0xB387, 0x6A03, 0x3141, 0xDD43, 0xE564, 0xE564, 0xE564, 0xE564, 
    0xDD64, 0xE584, 0x9BC6, 0x7288, 0x49AA, 0x4169, 0x4167, 0x49A8, 0x59EA, 0x7ACD, 0x728C, 0x6A8C, 
    0x624C, 0x5A0B, 0x49AA, 0x4988, 0x8B47, 0xDD44, 0xE564, 0xDD64, 0xE5A4, 0x8363, 0x0862, 0x3927, 
    0x4189, 0x4989, 0x4189, 0x51CA, 0x5A0B, 0x6A4C, 0x5A0B, 0x49A9, 0x2905, 0x20C3, 0x18A3, 0x18A3, 
    0x10A3, 0x1082, 0x1081, 0x10A2, 0x18E3, 0x2944, 0x3164, 0x3184, 0x39A5, 0x39C5, 0x39A5, 0x3985, 
    0x3985, 0x3185, 0x3164, 0x2923, 0x20E3, 0x18C2, 0x1081, 0x10A2, 0x1082, 0x1082, 0x1083, 0x18A3, 
    0x20C4, 0x3106, 0x3106, 0x2906, 0x3106, 0x3106, 0x3106, 0x0862, 0x93A3, 0xE584, 0xDD44, 0xDD43, 
    0xDD43, 0xDD43, 0xDD43, 0xDD43, 0xDD43, 0xDD43, 0xDD43, 0xDD44, 0xDD43, 0xDD43, 0xDD43, 0xDD44, 
    0xE584, 0xE584, 0xE584, 0xE564, 0xE584, 0xED84, 0xE584, 0xEDA4, 0xE584, 0xEDA4, 0xED84, 0xEDA3, 
    0x41C2, 0x18E2, 0x41E4, 0x4204, 0x4205, 0x4205, 0x4204, 0x4A45, 0x39C4, 0x39E4, 0x5286, 0x5286, 
    0x4204, 0x4204, 0x4204, 0x4204, 0x4204, 0x4204, 0x4205, 0x4205, 0x4204, 0x4204, 0x4204, 0x4204, 
    0x41E4, 0x39C4, 0x39A4, 0x31A4, 0x3184, 0x2103, 0x18E2, 0x18C2, 0x18C2, 0x18C2, 0x10A2, 0x18C2, 
    0x2103, 0x2963, 0x2963, 0x2963, 0x31A4, 0x4205, 0x41E4, 0x39E4, 0x41E4, 0x39E4, 0x39C4, 0x2103, 
    0x4204, 0x39C4, 0x3183, 0x0861, 0x9383, 0xEDA4, 0xE584, 0xE584, 0xEDA4, 0xE5A4, 0xE584, 0xE584, 
    0xDD44, 0x9BA8, 0xA3A8, 0xDD44, 0xE584, 0xE584, 0xE584, 0xE584, 0xE584, 0xE584, 0xB443, 0x18A1, 
    0x9B05, 0xC408, 0xC408, 0xC3E8, 0xC3C8, 0xBBC7, 0xC3C8, 0xC3E8, 0x92C5, 0x3122, 0x0861, 0x4142, 
    0x9AE4, 0xA305, 0xC3C7, 0xC3E8, 0xC3E8, 0xBBE8, 0xC3E8, 0xC408, 0xC408, 0xC3C7, 0xC409, 0xCC29, 
    0xCC08, 0xCC09, 0xC3E8, 0xC3E8, 0xC3E8, 0xC408, 0xC3E8, 0xBBA7, 0xBBC7, 0xC3E8, 0xBBC8, 0xC3E8, 
    0xC3E8, 0xC408, 0xC408, 0xC3C8, 0xC3E8, 0xCC29, 0xCC29, 0xC409, 0xC3E8, 0xBBC7, 0xC3E8, 0xC408, 
    0xA367, 0x7A65, 0x7286, 0x8284, 0xAB25, 0x61E3, 0x10A2, 0x18C2, 0x8264, 0xB387, 0xC3E8, 0xC3C8, 
    0xC3E8, 0xBBC7, 0xAB46, 0xBBC7, 0xAB46, 0x59C3, 0x3121, 0xDD44, 0xE584, 0xE584, 0xE584, 0xE584, 
    0xE564, 0xE584, 0xE5A4, 0xD525, 0x7AC7, 0x6A66, 0xABE4, 0x9BA7, 0x622C, 0x6A6C, 0x622B, 0x6A4C, 
    0x622C, 0x49AA, 0x4988, 0x8305, 0xE584, 0xE584, 0xE564, 0xE584, 0xEDC4, 0x8B42, 0x0842, 0x3928, 
    0x4989, 0x49AA, 0x49AA, 0x51CA, 0x51CA, 0x5A0A, 0x6A4C, 0x6A4B, 0x622B, 0x622B, 0x622B, 0x5A0B, 
    0x49A8, 0x3946, 0x2925, 0x2905, 0x20E4, 0x18C3, 0x18A3, 0x1082, 0x1082, 0x1082, 0x1082, 0x1062, 
    0x0861, 0x0862, 0x1062, 0x1062, 0x1082, 0x18A3, 0x20E4, 0x2906, 0x3126, 0x3106, 0x3927, 0x3947, 
    0x3127, 0x3106, 0x3127, 0x2906, 0x2906, 0x3106, 0x3106, 0x0842, 0x93A3, 0xEDC4, 0xE564, 0xE563, 
    0xE563, 0xE583, 0xE583, 0xE583, 0xE583, 0xE563, 0xE563, 0xE563, 0xE563, 0xE583, 0xE563, 0xE563, 
    0xDD44, 0xDD44, 0xDD44, 0xDD44, 0xDD44, 0xE564, 0xE564, 0xE564, 0xE564, 0xE564, 0xE564, 0xE584, 
    0x41A2, 0x1903, 0x4204, 0x4204, 0x4204, 0x4204, 0x4204, 0x4204, 0x41E4, 0x5A86, 0x7328, 0x6B27, 
    0x4A45, 0x4A25, 0x4204, 0x4204, 0x3183, 0x2943, 0x2963, 0x2963, 0x2943, 0x2943, 0x2103, 0x2103, 
    0x18C2, 0x18C2, 0x18C2, 0x18C2, 0x18C2, 0x18C2, 0x2943, 0x39C4, 0x39C4, 0x39C4, 0x41E4, 0x4A25, 
    0x5265, 0x4A25, 0x41E4, 0x41E5, 0x3184, 0x2943, 0x2103, 0x2103, 0x2103, 0x18C2, 0x18E3, 0x39C4, 
    0x4A25, 0x39E4, 0x3184, 0x0861, 0x9383, 0xED84, 0xE564, 0xE564, 0xE564, 0xE564, 0xE564, 0xDD44, 
    0xDD44, 0xDD24, 0x9B88, 0xDD24, 0xE564, 0xE564, 0xE564, 0xE564, 0xDD64, 0xE564, 0xB443, 0x18A1, 
    0x9AE5, 0xC408, 0xCC08, 0xC3E8, 0xC3C8, 0xC3E8, 0xC3C8, 0xC3E8, 0x9AE5, 0x3122, 0x0041, 0x3922, 
    0x9AE4, 0xAB46, 0xC3C7, 0xC3E8, 0xCC08, 0x82C6, 0x20E2, 0x3122, 0x7A24, 0xB387, 0xC3E9, 0xC3E9, 
    0xC3E8, 0xC408, 0xC3E8, 0xC3C8, 0xC3E8, 0xC3E8, 0xC3E8, 0xBBC8, 0xBBC8, 0xC3E8, 0xC3C8, 0xC3E8, 
    0xC3E8, 0xC3E8, 0xC3E8, 0xBBC8, 0xBBC8, 0xC3E8, 0xC409, 0xB3A8, 0x4983, 0x28E2, 0x2902, 0x9B26, 
    0xC408, 0xB3A7, 0x9B05, 0xB386, 0x9AE5, 0x51A3, 0x0041, 0x18A1, 0x9AE5, 0xBBC7, 0xC3E8, 0xC3E8, 
    0xC408, 0xC3E8, 0xCC08, 0xB366, 0x92C5, 0x4962, 0x3141, 0xDD44, 0xE564, 0xDD44, 0xDD44, 0xE564, 
    0xDD64, 0xDD44, 0xDD64, 0xDD64, 0xE544, 0xDD24, 0xE564, 0x9B87, 0x498A, 0x51CA, 0x5A0B, 0x622C, 
    0x59EB, 0x5A08, 0x9BA5, 0xE564, 0xE564, 0xE564, 0xDD64, 0xDD44, 0xE584, 0x8342, 0x0842, 0x4148, 
    0x49A9, 0x3947, 0x4168, 0x4989, 0x51CA, 0x59EB, 0x51CA, 0x51C9, 0x624B, 0x6A4B, 0x5A0A, 0x622B, 
    0x6A6C, 0x5A0B, 0x622B, 0x622B, 0x5A0A, 0x49A9, 0x49AA, 0x49AA, 0x4989, 0x4189, 0x4169, 0x4168, 
    0x4148, 0x4168, 0x4169, 0x4169, 0x4169, 0x4169, 0x4169, 0x4168, 0x3948, 0x3127, 0x3948, 0x3948, 
    0x3106, 0x3106, 0x3947, 0x2906, 0x3106, 0x3106, 0x3106, 0x0842, 0x9383, 0xE584, 0xDD44, 0xDD44, 
    0xDD44, 0xDD44, 0xDD44, 0xDD44, 0xDD44, 0xDD44, 0xDD44, 0xDD44, 0xDD44, 0xDD44, 0xDD44, 0xDD44, 
    0xE564, 0xE564, 0xE564, 0xE564, 0xE564, 0xE563, 0xE584, 0xE564, 0xE584, 0xE584, 0xE584, 0xE584, 
    0x41A2, 0x1903, 0x4204, 0x4205, 0x4205, 0x4205, 0x4204, 0x4225, 0x4204, 0x5286, 0x6B27, 0x62E7, 
    0x4A25, 0x4225, 0x4204, 0x39E4, 0x18E2, 0x10A2, 0x10A2, 0x10A2, 0x10A2, 0x2102, 0x2943, 0x3183, 
    0x41E4, 0x41E4, 0x4204, 0x4A25, 0x4205, 0x4225, 0x41E5, 0x39A4, 0x3163, 0x2943, 0x2943, 0x2943, 
    0x2123, 0x18E2, 0x18C2, 0x18E3, 0x18E3, 0x18C2, 0x10A2, 0x18C2, 0x2103, 0x18E3, 0x18E2, 0x39E4, 
    0x4A45, 0x39C4, 0x3183, 0x0861, 0x9383, 0xEDA4, 0xE564, 0xE564, 0xE564, 0xE584, 0xE564, 0xE564, 
    0xE564, 0xE584, 0xDD25, 0xDD24, 0xE564, 0xE584, 0xE584, 0xE584, 0xE584, 0xE584, 0xB463, 0x20C1, 
    0x92C5, 0xBBA7, 0xC3C8, 0xBBA7, 0xBBA7, 0xC3E8, 0xC3C8, 0xBBC7, 0xA305, 0x3942, 0x0041, 0x3942, 
    0xA2E4, 0xAB46, 0xBBC7, 0xC3E8, 0xBBA7, 0x61E4, 0x0041, 0x1082, 0x18A2, 0x18C2, 0x6A04, 0xBBA8, 
    0xC3C8, 0xC408, 0xC3E8, 0xC3C8, 0xBBC8, 0xC3E8, 0xC3E8, 0xC3E8, 0xBBC8, 0xC3C8, 0xC3E8, 0xC3C8, 
    0xBBC8, 0xBBC8, 0xBBC8, 0xBBC8, 0xBBA7, 0xB367, 0x3963, 0x2903, 0x10A2, 0x0861, 0x0021, 0x82A5, 
    0xC3C8, 0xC3E8, 0xC3E8, 0x9B05, 0x92C4, 0x4982, 0x1081, 0x7224, 0xBBE8, 0xC408, 0xC3E8, 0xC3E8, 
    0xC408, 0xC3E8, 0xC408, 0xAB46, 0x8A84, 0x2901, 0xB444, 0xE564, 0xE564, 0xDD44, 0xE564, 0xE564, 
    0xE564, 0xE564, 0xE564, 0xE564, 0xDD64, 0xDD44, 0xDD44, 0xD504, 0x9BC6, 0x49A9, 0x59EB, 0x72AD, 
    0x624C, 0x6A8A, 0x9388, 0xE565, 0xE564, 0xE564, 0xE584, 0xE564, 0xE5A4, 0x8B63, 0x0862, 0x4169, 
    0x4189, 0x18E3, 0x20E3, 0x20E4, 0x3967, 0x59EB, 0x51EA, 0x622A, 0x5A0A, 0x622B, 0x622B, 0x5A0B, 
    0x59EA, 0x51EA, 0x51EA, 0x51EA, 0x51EA, 0x59EA, 0x51CA, 0x51CA, 0x51CA, 0x49AA, 0x49AA, 0x498A, 
    0x498A, 0x498A, 0x498A, 0x498A, 0x498A, 0x49AA, 0x4189, 0x4169, 0x4168, 0x3948, 0x4169, 0x3948, 
    0x3127, 0x3948, 0x3948, 0x3106, 0x2906, 0x2906, 0x2906, 0x0842, 0x93A3, 0xEDA4, 0xE564, 0xDD64, 
    0xDD64, 0xDD44, 0xDD44, 0xDD44, 0xDD64, 0xDD64, 0xDD64, 0xDD64, 0xE563, 0xE563, 0xE563, 0xE564, 
    0xE584, 0xE584, 0xE563, 0xE563, 0xE584, 0xE584, 0xE584, 0xE584, 0xE584, 0xE584, 0xE584, 0xEDA4, 
    0x41A2, 0x1903, 0x4204, 0x4225, 0x4225, 0x4204, 0x4204, 0x4225, 0x4204, 0x5286, 0x6B07, 0x62C7, 
    0x4225, 0x4205, 0x41E4, 0x2123, 0x2123, 0x41E4, 0x4A25, 0x4205, 0x4205, 0x4225, 0x4205, 0x39E5, 
    0x39C4, 0x2964, 0x2123, 0x2123, 0x2123, 0x2123, 0x2103, 0x20E3, 0x18C2, 0x10A2, 0x10A2, 0x18E3, 
    0x2103, 0x18E3, 0x2923, 0x39A5, 0x4206, 0x18E3, 0x62E9, 0x6B2A, 0x18C2, 0x18E3, 0x18E3, 0x39E4, 
    0x4A45, 0x39C4, 0x3163, 0x0841, 0x9383, 0xEDA4, 0xE564, 0xE584, 0xE584, 0xE5A4, 0xEDA4, 0xEDA4, 
    0xE5A4, 0xE584, 0xE584, 0xDD44, 0xE584, 0xE584, 0xE584, 0xE584, 0xE584, 0xED84, 0xBC63, 0x18A1, 
    0x8264, 0xBBA7, 0xC3C8, 0xC3E8, 0xC3E8, 0xC3C8, 0xC3C8, 0xBBC7, 0xBBC7, 0x8AA5, 0x3943, 0x3122, 
    0x9AC4, 0xAB46, 0xBBA7, 0xBBC7, 0xC3C7, 0x82A5, 0x2902, 0x0881, 0x0882, 0x0882, 0x18A1, 0x28E2, 
    0x59E4, 0xCC08, 0xC408, 0xC3C8, 0xBBC8, 0xC3C8, 0xC3E8, 0xC3E8, 0xC3E8, 0xC3E8, 0xC3E8, 0xC3C8, 
    0xBBC8, 0xBBC8, 0xC408, 0xB387, 0x3943, 0x20E2, 0x0861, 0x0882, 0x0882, 0x1081, 0x2902, 0x9B06, 
    0xC3E8, 0xBBC8, 0xBBC7, 0xA305, 0x92C4, 0x5183, 0x28E2, 0x9AE5, 0xCC29, 0xCC08, 0xC3E8, 0xC3E8, 
    0xC3E8, 0xC3C7, 0xC3C7, 0xAB26, 0x8264, 0x2101, 0xD524, 0xE584, 0xE564, 0xE564, 0xE584, 0xE564, 
    0xE564, 0xE584, 0xD505, 0xBC85, 0xDD44, 0xE584, 0xE564, 0xE584, 0xD504, 0x72A9, 0x6A6C, 0x82EE, 
    0x830D, 0x82ED, 0x72AC, 0x9BA8, 0xE584, 0xE584, 0xE584, 0xE584, 0xEDA4, 0x8B63, 0x0862, 0x4168, 
    0x3968, 0x18C3, 0x18E3, 0x18C2, 0x18E3, 0x2104, 0x2104, 0x3146, 0x49C8, 0x5A0A, 0x5A0B, 0x622B, 
    0x59EB, 0x5A0B, 0x5A0B, 0x59EB, 0x51CB, 0x51CA, 0x51CA, 0x51CA, 0x51CA, 0x49AA, 0x49AA, 0x49AA, 
    0x49AA, 0x49AA, 0x498A, 0x49AA, 0x498A, 0x49AA, 0x4189, 0x4169, 0x4169, 0x4169, 0x4169, 0x3947, 
    0x3126, 0x3126, 0x28E5, 0x20E5, 0x28E6, 0x2906, 0x2906, 0x0842, 0x93A3, 0xEDA4, 0xE584, 0xE584, 
    0xE584, 0xE584, 0xE564, 0xE564, 0xE564, 0xE563, 0xE584, 0xE563, 0xE563, 0xE563, 0xE563, 0xE583, 
    0xDD64, 0xDD64, 0xDD44, 0xDD44, 0xDD64, 0xDD64, 0xE564, 0xE564, 0xE564, 0xE564, 0xE564, 0xE584, 
    0x41A2, 0x1902, 0x4204, 0x4225, 0x4205, 0x4204, 0x4205, 0x4205, 0x41E4, 0x5286, 0x6B07, 0x62E7, 
    0x4A25, 0x4205, 0x4204, 0x2103, 0x2943, 0x3184, 0x2943, 0x2943, 0x2123, 0x2103, 0x2103, 0x18E3, 
    0x18C2, 0x20E3, 0x18C2, 0x10A2, 0x18C2, 0x18E3, 0x2123, 0x18E3, 0x3185, 0x4A26, 0x62C8, 0x3185, 
    0x10A2, 0x736B, 0xB510, 0xC550, 0xBD50, 0x2944, 0x944D, 0x8BEC, 0x10A2, 0x18C2, 0x18E2, 0x39E4, 
    0x4A25, 0x39C4, 0x3163, 0x0861, 0x8B63, 0xE584, 0xDD64, 0xDD64, 0xE564, 0xD504, 0xAC06, 0xB446, 
    0xD505, 0xE564, 0xDD64, 0xE564, 0xE564, 0xE564, 0xE564, 0xE564, 0xE564, 0xE564, 0xCCC3, 0x6262, 
    0x3922, 0x9B06, 0xC3C7, 0xC3C8, 0xBBC7, 0xC3C8, 0xC3E8, 0xC3C7, 0xC408, 0xA326, 0x4983, 0x20C1, 
    0x8264, 0x9AE5, 0xBBC7, 0xC3E8, 0xC408, 0xCC09, 0xAB87, 0x51A4, 0x20C1, 0x0861, 0x0861, 0x0861, 
    0x20C2, 0x49A4, 0x7A85, 0xCC08, 0xC3E8, 0xC3C8, 0xC3E8, 0xC3E8, 0xBBC8, 0xC3C8, 0xC3C8, 0xC3C8, 
    0xC3E8, 0xC3C8, 0x61E4, 0x3943, 0x0881, 0x0841, 0x0041, 0x1881, 0x4163, 0x6204, 0xB3A7, 0xC3E8, 
    0xC3E8, 0xBBC8, 0xBBA7, 0x9AE5, 0x8264, 0x4142, 0x3102, 0xBBA7, 0xC3E8, 0xC3E8, 0xC3E8, 0xC408, 
    0xC3E8, 0xC3E8, 0xBBA7, 0x92C5, 0x61C3, 0x1080, 0xCCE4, 0xDD64, 0xDD64, 0xDD64, 0xDD64, 0xDD44, 
    0xDD43, 0xC4A5, 0x7AE9, 0x622B, 0x9368, 0xD504, 0xE564, 0xD505, 0x9388, 0x6A6C, 0x8B2E, 0x8B0D, 
    0x72AC, 0x72AD, 0x6A6C, 0x6A69, 0xDD44, 0xE564, 0xDD64, 0xDD44, 0xE584, 0x8B63, 0x0862, 0x4168, 
    0x3968, 0x18E3, 0x2964, 0x4A27, 0x3164, 0x18E3, 0x20E3, 0x2103, 0x2924, 0x2924, 0x2904, 0x2925, 
    0x2925, 0x51E9, 0x51E9, 0x49A8, 0x49A9, 0x51EA, 0x49AA, 0x49AA, 0x51CA, 0x51AA, 0x51AA, 0x49AA, 
    0x49AA, 0x49AA, 0x498A, 0x498A, 0x4989, 0x4989, 0x4169, 0x3948, 0x3126, 0x2905, 0x20E4, 0x18C3, 
    0x18C2, 0x18C2, 0x10A2, 0x18C3, 0x3106, 0x3106, 0x3106, 0x0842, 0x9383, 0xE584, 0xDD44, 0xDD44, 
    0xDD44, 0xDD44, 0xDD44, 0xDD44, 0xDD44, 0xDD44, 0xDD44, 0xDD43, 0xDD43, 0xDD43, 0xDD43, 0xDD43, 
    0xE564, 0xE584, 0xE583, 0xE583, 0xE564, 0xE584, 0xE584, 0xE584, 0xE584, 0xE5A4, 0xE584, 0xEDA4, 
    0x41A2, 0x18E2, 0x4204, 0x4204, 0x4204, 0x4204, 0x4204, 0x4224, 0x4204, 0x5286, 0x6B07, 0x62E7, 
    0x4A25, 0x4204, 0x4204, 0x2943, 0x18E3, 0x18E3, 0x10A2, 0x18C2, 0x18C2, 0x18E3, 0x20E3, 0x2103, 
    0x3185, 0x2103, 0x41E6, 0x6AE9, 0x7B6A, 0x9C4D, 0x5268, 0x2944, 0x9C6E, 0xC551, 0xBD30, 0x940C, 
    0x18C2, 0x83AC, 0xB510, 0x62E9, 0x4A47, 0x18E3, 0x942D, 0x83CC, 0x10A2, 0x18C2, 0x18E2, 0x41E4, 
    0x4A25, 0x39C4, 0x3163, 0x0861, 0x9383, 0xEDA4, 0xE584, 0xE584, 0xD524, 0x9BA6, 0x728C, 0x72AD, 
    0x9BA8, 0xD524, 0xE584, 0xE584, 0xE564, 0xE564, 0xE584, 0xE564, 0xE584, 0xE564, 0xEDA4, 0xCD04, 
    0x1061, 0x8264, 0xBBC7, 0xC3E8, 0xC3C7, 0xC3E8, 0xC3C8, 0xBBC7, 0xC3C7, 0xAB46, 0x4983, 0x20A1, 
    0x8264, 0x9B05, 0xC3E8, 0xC408, 0xC3E8, 0xC3E8, 0xC3E8, 0xC3C8, 0x8285, 0x59E4, 0x28E2, 0x0881, 
    0x0882, 0x0882, 0x28E2, 0x6A45, 0xBBC8, 0xC3E8, 0xC3E8, 0xC3C8, 0xBBC8, 0xBBC8, 0xBBC8, 0xBBC7, 
    0xAB47, 0x51A4, 0x18A1, 0x0882, 0x1082, 0x1061, 0x4963, 0x7A65, 0xB367, 0xC3E7, 0xC3E8, 0xC3E8, 
    0xC3E8, 0xC3E8, 0xBBC7, 0x92C5, 0x61C3, 0x30E1, 0x59A3, 0xCC08, 0xC3E8, 0xC3C8, 0xCC08, 0xC3E8, 
    0xBBC7, 0xC3E8, 0xB387, 0x8A84, 0x3922, 0x7AE2, 0xE564, 0xE584, 0xE584, 0xE564, 0xE564, 0xE564, 
    0xEDA4, 0x8327, 0x6A6C, 0x82ED, 0x59EB, 0xBC86, 0xEDC4, 0xB427, 0x6A6C, 0x8B2D, 0x82ED, 0x6A6C, 
    0x622B, 0x622B, 0x51EB, 0x6A69, 0xE564, 0xE584, 0xE564, 0xE564, 0xEDA4, 0x8B63, 0x0862, 0x4168, 
    0x4168, 0x2103, 0x8C0D, 0xBD30, 0xB4EF, 0x5247, 0x18E3, 0x2124, 0x2924, 0x18E3, 0x2103, 0x2103, 
    0x18C2, 0x18E3, 0x18E3, 0x18C2, 0x2104, 0x3966, 0x2905, 0x2905, 0x3146, 0x3967, 0x3947, 0x3947, 
    0x3146, 0x3126, 0x3126, 0x2905, 0x2904, 0x2904, 0x20E3, 0x18E3, 0x18E3, 0x18E3, 0x18E2, 0x10A2, 
    0x10A2, 0x18C2, 0x18C3, 0x18C3, 0x3927, 0x2906, 0x2906, 0x0862, 0x93C3, 0xEDA4, 0xE563, 0xE563, 
    0xE563, 0xE563, 0xE563, 0xE563, 0xE563, 0xE563, 0xE563, 0xE563, 0xE563, 0xE563, 0xE563, 0xE563, 
    0xE564, 0xE564, 0xE564, 0xE564, 0xE564, 0xE564, 0xE564, 0xE584, 0xE584, 0xE584, 0xE584, 0xEDA4, 
    0x41A2, 0x1903, 0x4204, 0x4204, 0x4204, 0x4204, 0x4224, 0x4225, 0x4225, 0x5286, 0x6B07, 0x62C6, 
    0x4A25, 0x4205, 0x4225, 0x2943, 0x18E3, 0x41E6, 0x5A88, 0x62E9, 0x83CC, 0x3164, 0x10A2, 0x5247, 
    0xBD30, 0x2964, 0x6B0A, 0xC571, 0xB4EF, 0x9C6E, 0x39C5, 0x6B09, 0xBD51, 0x4206, 0x5267, 0x8BEC, 
    0x18E3, 0x7B6A, 0x940C, 0x0020, 0x0861, 0x18C2, 0x942D, 0x83CB, 0x10A2, 0x18E2, 0x18E2, 0x41E4, 
    0x4A25, 0x39C4, 0x3183, 0x0861, 0x8B63, 0xEDA4, 0xE564, 0xE584, 0xAC26, 0x5A0A, 0x9B8F, 0x9B8F, 
    0x5A0B, 0x9B87, 0xE584, 0xE564, 0xE564, 0xE564, 0xE564, 0xE564, 0xE564, 0xE584, 0xB444, 0x8343, 
    0x1081, 0x7223, 0xAB46, 0xC3E8, 0xC408, 0xC3E8, 0xC3C8, 0xBBC7, 0xC3C7, 0xB386, 0x7A64, 0x3122, 
    0x3942, 0xA305, 0xC3E8, 0xC3E8, 0xC3E8, 0xC3E8, 0xC3E8, 0xBBC7, 0xC3E8, 0xCC08, 0x82A5, 0x3122, 
    0x0882, 0x0882, 0x0861, 0x18A2, 0xB387, 0xC3C8, 0xC3E8, 0xC3C8, 0xBBC8, 0xC3C8, 0xC3C8, 0xBBA7, 
    0x92E5, 0x1081, 0x0861, 0x0882, 0x18C2, 0x5182, 0x92E6, 0xCC08, 0xC3E8, 0xC3C7, 0xC3C8, 0xC3E8, 
    0xBBC8, 0xC3C8, 0xBBA7, 0x9AE4, 0x4162, 0x3922, 0x9AE5, 0xCC08, 0xC3E8, 0xC3E8, 0xC3C8, 0xB387, 
    0xBB87, 0xC3C8, 0xAB46, 0x8264, 0x18A1, 0x8B63, 0x93A3, 0xD524, 0xEDA4, 0xE564, 0xE564, 0xE564, 
    0xE584, 0x9BA6, 0x5A09, 0x51CA, 0x6A48, 0xCCC5, 0xED84, 0xA3E7, 0x622B, 0x72AC, 0x6A6C, 0x51EB, 
    0x59EB, 0x51EB, 0x49A9, 0x7AC7, 0xE564, 0xE564, 0xE564, 0xE564, 0xE584, 0x8B63, 0x0862, 0x3948, 
    0x3948, 0x18E3, 0x9C6E, 0x5A88, 0x5A88, 0xA46E, 0x2124, 0x7B6B, 0xACD0, 0x8BCC, 0x2924, 0x2944, 
    0x39C6, 0x2103, 0x20E3, 0x18C3, 0x18E3, 0x2123, 0x2103, 0x18E3, 0x18E3, 0x18E2, 0x18C2, 0x18C2, 
    0x18C2, 0x10A2, 0x18C2, 0x18E3, 0x18E2, 0x2103, 0x18E2, 0x18E2, 0x18E3, 0x20E3, 0x18C2, 0x39A5, 
    0x5A68, 0x39A5, 0x18C2, 0x18E3, 0x3106, 0x28E6, 0x28E6, 0x0862, 0x93A3, 0xEDA4, 0xE564, 0xE563, 
    0xE563, 0xE563, 0xE563, 0xE563, 0xE563, 0xE543, 0xE563, 0xE563, 0xE563, 0xE564, 0xE563, 0xE563, 
    0xDD44, 0xDD44, 0xDD44, 0xDD64, 0xDD64, 0xE564, 0xE564, 0xE564, 0xDD64, 0xDD64, 0xE564, 0xE584, 
    0x41A2, 0x1903, 0x4204, 0x4225, 0x4204, 0x4225, 0x4225, 0x4204, 0x4204, 0x5AA6, 0x6B07, 0x62E7, 
    0x4A45, 0x4225, 0x4225, 0x2943, 0x1082, 0x736B, 0xC591, 0xBD31, 0xBD51, 0x9C4E, 0x2944, 0x4A27, 
    0xBD50, 0x2944, 0x6AEA, 0xB510, 0x2944, 0x10C2, 0x1081, 0x6B09, 0xBD0F, 0x2964, 0x18C2, 0x18E3, 
    0x18C2, 0x838B, 0xA44D, 0x5247, 0x4A26, 0x18C2, 0x942D, 0x8BCC, 0x10C2, 0x18E3, 0x18E3, 0x41E4, 
    0x4A25, 0x39A4, 0x3183, 0x0841, 0x8B63, 0xE584, 0xDD44, 0xE584, 0xB446, 0x5A0B, 0x7ACE, 0x72AD, 
    0x49CA, 0x9367, 0xE564, 0xDD44, 0xDD44, 0xDD44, 0xDD44, 0xE564, 0xDD24, 0xB443, 0x3142, 0x1082, 
    0x1082, 0x4942, 0x92C5, 0xBBC7, 0xC3E8, 0xC3E8, 0xC3E8, 0xC3C7, 0xC3C7, 0xC3E8, 0xB366, 0x61C3, 
    0x20C1, 0x9AE5, 0xC3C8, 0xC3E8, 0xC3E8, 0xC3E8, 0xC3E8, 0xB387, 0xA347, 0x92E6, 0x4163, 0x0882, 
    0x0882, 0x0882, 0x1082, 0x3143, 0xB3A7, 0xC3E8, 0xC3C8, 0xBBA8, 0xBBC8, 0xC3C8, 0xC3E8, 0xBBA7, 
    0x9B06, 0x20C2, 0x0861, 0x0882, 0x1082, 0x0861, 0x3942, 0x9B06, 0xA347, 0xBBA7, 0xC3E8, 0xC3C8, 
    0xBBC7, 0xBBC8, 0xBBA7, 0xA305, 0x4983, 0x4983, 0xAB46, 0xCC08, 0xC3E8, 0xC3E8, 0xC3C8, 0xBBA7, 
    0xC3C7, 0xB366, 0x92A4, 0x4962, 0x0841, 0x0862, 0x0862, 0x8343, 0xCCE4, 0xE584, 0xE564, 0xDD64, 
    0xDD44, 0xE564, 0x9366, 0x5A27, 0xBC85, 0xE564, 0xE564, 0xA406, 0x6229, 0x624B, 0x6A4B, 0x51CA, 
    0x51EB, 0x49C9, 0x6A86, 0xDD23, 0xDD44, 0xDD44, 0xDD44, 0xDD44, 0xE564, 0x8B63, 0x0862, 0x3948, 
    0x3947, 0x18C2, 0x9C4E, 0x5A88, 0x2123, 0x39C5, 0x41E6, 0xBD31, 0x62E9, 0x942D, 0x83AC, 0x3185, 
    0xBD51, 0x41E6, 0x18C2, 0x4A06, 0x5A68, 0x2103, 0x4A27, 0x3185, 0x3164, 0x4A06, 0x4A27, 0x4A27, 
    0x2103, 0x3185, 0x2123, 0x2123, 0x39A5, 0x2103, 0x39C5, 0x5267, 0x62E9, 0x39A5, 0x5247, 0xA46E, 
    0xA48E, 0x838B, 0x10A2, 0x18C3, 0x3106, 0x28E6, 0x2906, 0x0862, 0x9383, 0xE584, 0xDD44, 0xDD44, 
    0xDD44, 0xDD43, 0xDD43, 0xDD44, 0xDD43, 0xDD43, 0xDD43, 0xDD43, 0xDD43, 0xDD44, 0xDD44, 0xDD44, 
    0xE584, 0xE584, 0xE584, 0xE584, 0xE584, 0xE584, 0xE584, 0xE584, 0xE584, 0xE584, 0xE584, 0xEDA4, 
    0x41A2, 0x1903, 0x4204, 0x4205, 0x4225, 0x4225, 0x4225, 0x4204, 0x4204, 0x5286, 0x6B07, 0x62E7, 
    0x4A45, 0x4225, 0x4225, 0x2923, 0x1081, 0x734B, 0xB510, 0x2944, 0x4A06, 0xC551, 0x3164, 0x4A27, 
    0xBD51, 0x2944, 0x62E9, 0xB531, 0x3184, 0x2944, 0x10A2, 0x5267, 0xACAF, 0xACCF, 0x6B0A, 0x20E3, 
    0x18C2, 0x7B8B, 0xBD30, 0xC550, 0x940C, 0x1081, 0x940D, 0x8BCC, 0x18C2, 0x20E3, 0x2103, 0x4205, 
    0x4A25, 0x39C4, 0x3183, 0x0841, 0x9383, 0xEDA4, 0xE584, 0xEDA4, 0xB466, 0x51EA, 0x624C, 0x51EA, 
    0x49A8, 0x9BA6, 0xEDA4, 0xE584, 0xE584, 0xE564, 0xE584, 0xE584, 0xAC44, 0x0861, 0x10A3, 0x3987, 
    0x20E4, 0x1061, 0x8264, 0xBBA7, 0xC3C7, 0xC3E8, 0xC3E8, 0xC3C7, 0xBBA7, 0xBBA7, 0xA326, 0x5182, 
    0x1881, 0x9AE5, 0xC3E8, 0xC3E8, 0xC3E8, 0xBBE8, 0xB3A8, 0x7A24, 0x1082, 0x10A2, 0x0861, 0x0861, 
    0x10A2, 0x20E2, 0x59C3, 0xB387, 0xC3C8, 0xC3E8, 0xC3C8, 0xC3C8, 0xBBC7, 0xC3E8, 0xC3E8, 0xBBC8, 
    0xBBC8, 0xA347, 0x49A4, 0x18C2, 0x1061, 0x0861, 0x1082, 0x1082, 0x18A2, 0x8AA5, 0xB3A7, 0xC3E8, 
    0xC3E8, 0xC3C8, 0xBBC7, 0x9AE4, 0x3942, 0x4983, 0xB366, 0xC3E7, 0xC3E8, 0xC3E8, 0xC3E8, 0xC3C7, 
    0xC3E8, 0xAB66, 0x8A84, 0x4142, 0x18A2, 0x2104, 0x2945, 0x0862, 0x5A42, 0xDD44, 0xEDA4, 0xE584, 
    0xE564, 0xE584, 0xE584, 0xE584, 0xE584, 0xE584, 0xE584, 0xE564, 0xB445, 0x72AA, 0x6A4A, 0x5A09, 
    0x51E9, 0x8B46, 0xE584, 0xE564, 0xE564, 0xE584, 0xE564, 0xE564, 0xEDA4, 0x9383, 0x0862, 0x3948, 
    0x4168, 0x18E3, 0x5247, 0xBD31, 0x5247, 0x10A2, 0x41E6, 0xACCF, 0x18C2, 0x5AA8, 0xA48E, 0x2964, 
    0xBD51, 0x41E6, 0x10A2, 0x732A, 0x942E, 0x18E3, 0xA4AF, 0x6B2A, 0x6AE9, 0xBD30, 0xB4F0, 0xB510, 
    0x39C6, 0xACAF, 0x4206, 0x2944, 0xACCF, 0x4A07, 0xACCF, 0xBD31, 0xACAF, 0x4A06, 0x838B, 0x62C8, 
    0x2964, 0x4A06, 0x10A2, 0x18C3, 0x3107, 0x2906, 0x2906, 0x0842, 0x93A3, 0xEDA4, 0xE584, 0xE584, 
    0xE584, 0xE584, 0xE584, 0xE584, 0xE583, 0xE583, 0xE563, 0xE583, 0xE563, 0xE583, 0xE583, 0xE583, 
    0xDD44, 0xDD64, 0xDD64, 0xE564, 0xE564, 0xE564, 0xE564, 0xE564, 0xE564, 0xE564, 0xE564, 0xE584, 
    0x41A2, 0x1903, 0x39E4, 0x4204, 0x4225, 0x4225, 0x4225, 0x4204, 0x4204, 0x5286, 0x6B07, 0x5A86, 
    0x5265, 0x4A25, 0x4225, 0x2123, 0x1081, 0x6B2A, 0xACF0, 0x18E3, 0x39A5, 0xB4EF, 0x3164, 0x5247, 
    0xBD51, 0x3165, 0x62E9, 0xC571, 0xB4EF, 0x9C6D, 0x2103, 0x18E2, 0x5247, 0xB4F0, 0xBD30, 0x8BCC, 
    0x18E2, 0x7B4A, 0x9C4D, 0x39C5, 0x2944, 0x10A2, 0x8BCC, 0x7B8B, 0x10A2, 0x18C2, 0x18E3, 0x41E4, 
    0x4225, 0x39C4, 0x3183, 0x0841, 0x9383, 0xEDA4, 0xE564, 0xE564, 0xDD44, 0xAC06, 0x51E9, 0x51E9, 
    0xA406, 0xDD44, 0xE564, 0xE564, 0xE564, 0xDD64, 0xE564, 0xAC23, 0x20C1, 0x2945, 0x41C8, 0x2925, 
    0x18A2, 0x8264, 0x9284, 0xB387, 0xC3E8, 0xC3E7, 0xC3E8, 0xBBC7, 0xBB87, 0xAB46, 0x9AE5, 0x59C3, 
    0x20C1, 0xA305, 0xC3E8, 0xBBE8, 0xBBE8, 0x9B06, 0x3102, 0x1081, 0x1082, 0x1082, 0x0861, 0x18A1, 
    0x6A24, 0xBBA7, 0xBBE8, 0xC3C8, 0xC3C8, 0xC3E8, 0xC3E8, 0xC3E8, 0xC3E8, 0xC3E8, 0xC3E8, 0xC3C8, 
    0xBBC8, 0xC3E8, 0xBBC8, 0x9B06, 0x4962, 0x10A2, 0x10A2, 0x1082, 0x0861, 0x10A2, 0x3942, 0xB3A7, 
    0xC3E8, 0xC3C8, 0xBBA7, 0x92C4, 0x3122, 0x4142, 0x9B05, 0xC3C7, 0xC3E8, 0xC3E8, 0xC3C7, 0xC3C7, 
    0xC408, 0xA326, 0x8A84, 0x8AA4, 0x59C3, 0x1082, 0x41C7, 0x41C8, 0x18A3, 0x49E1, 0xE564, 0xE564, 
    0xE564, 0xDD64, 0xE564, 0xE564, 0xE564, 0xE564, 0xE564, 0xE564, 0xC486, 0x72CA, 0x7ACA, 0xC4A6, 
    0xD524, 0xDD24, 0xE564, 0xDD64, 0xDD64, 0xE564, 0xDD64, 0xDD44, 0xE584, 0x8B63, 0x1063, 0x3948, 
    0x3948, 0x2103, 0x2103, 0x5267, 0xACAE, 0x41E6, 0x39C6, 0xB4F0, 0x2944, 0x62C9, 0x9C4E, 0x2944, 
    0xB510, 0x39C5, 0x1082, 0x6B0A, 0x942D, 0x18A2, 0x9C4E, 0x6B0A, 0x6AE9, 0x942D, 0x2944, 0x3185, 
    0x2964, 0xACCF, 0x83CC, 0x2944, 0xB4F0, 0x39E6, 0x3185, 0xACAE, 0x4206, 0x1082, 0x8BEC, 0x62C9, 
    0x18C2, 0x1081, 0x18E3, 0x18C3, 0x3107, 0x28E6, 0x28E6, 0x0862, 0x93A3, 0xED84, 0xE564, 0xDD64, 
    0xDD64, 0xDD64, 0xDD64, 0xDD64, 0xDD43, 0xDD64, 0xDD64, 0xE564, 0xDD43, 0xE563, 0xE563, 0xE564, 
    0xDD44, 0xDD64, 0xDD64, 0xE564, 0xE564, 0xE564, 0xE564, 0xE564, 0xE564, 0xE584, 0xE564, 0xE584, 
    0x41A2, 0x2103, 0x41E4, 0x4204, 0x4204, 0x4204, 0x4204, 0x4204, 0x4204, 0x5A86, 0x6B07, 0x5AC6, 
    0x4A65, 0x4A25, 0x4205, 0x2123, 0x0881, 0x6B2A, 0xACF0, 0x20E3, 0x39C5, 0xBD30, 0x3185, 0x5268, 
    0xC551, 0x2944, 0x5AA8, 0xBD10, 0x7B6A, 0x5A88, 0x2103, 0x2103, 0x18C2, 0x2123, 0x6B09, 0xB4EF, 
    0x20E3, 0x734A, 0x942D, 0x10A2, 0x18E3, 0x18C2, 0x8BEC, 0xA46E, 0x734A, 0x7329, 0x20E3, 0x41E4, 
    0x4A25, 0x39C4, 0x3183, 0x0861, 0x9383, 0xED84, 0xE564, 0xE564, 0xE564, 0xDD44, 0xCD05, 0xD505, 
    0xDD65, 0xE584, 0xE564, 0xE564, 0xE564, 0xE584, 0x9BA3, 0x18A0, 0x18C3, 0x41C8, 0x41E8, 0x2925, 
    0x2902, 0xA325, 0xBB87, 0xA326, 0xB366, 0xC408, 0xBBA7, 0xBBA7, 0xC3C7, 0xA325, 0x9AA4, 0x61E3, 
    0x2902, 0xA305, 0xBBA7, 0xBC09, 0xC44A, 0xAB66, 0x59C3, 0x0861, 0x1081, 0x18A1, 0x7244, 0xAB46, 
    0xBBC8, 0xC3E8, 0xC3E8, 0xC3E8, 0xC3E8, 0xC3E8, 0xC3E8, 0xC408, 0xC3E8, 0xBBC8, 0xC3E8, 0xC3E8, 
    0xC3C8, 0xC3E8, 0xC3E8, 0xBBC8, 0xB387, 0xA347, 0x7A44, 0x18A2, 0x1081, 0x0861, 0x7A85, 0xC408, 
    0xC3E8, 0xBBC8, 0xB387, 0x92A4, 0x3922, 0x4142, 0x9AC5, 0xB366, 0xC3C8, 0xC408, 0xBBA7, 0xBBA7, 
    0xB366, 0xA305, 0xB387, 0xAB46, 0x6A23, 0x0862, 0x41C8, 0x524A, 0x3187, 0x10A2, 0x5A42, 0xE584, 
    0xE564, 0xE564, 0xE564, 0xE564, 0xE564, 0xE564, 0xE564, 0xBC46, 0x82E9, 0x7AA9, 0xC4A5, 0xE564, 
    0xDD64, 0xDD64, 0xDD64, 0xDD64, 0xDD44, 0xE564, 0xDD64, 0xDD44, 0xE584, 0x8B63, 0x1062, 0x3948, 
    0x3947, 0x18C3, 0x3185, 0x18C2, 0x5A88, 0x9C4D, 0x39E6, 0xB510, 0x2924, 0x62C9, 0x9C4E, 0x2944, 
    0xB510, 0x39C6, 0x18C2, 0x732A, 0x8C0D, 0x0861, 0x940D, 0x62E9, 0x6B0A, 0x942E, 0x18C2, 0x18C2, 
    0x2103, 0xA48E, 0xB4CF, 0x5267, 0xACCF, 0x31A5, 0x2103, 0xA48E, 0x41E6, 0x10C2, 0x5267, 0x940D, 
    0x940D, 0x4A27, 0x18E3, 0x18C3, 0x3107, 0x28E6, 0x2906, 0x0862, 0x9383, 0xE584, 0xDD64, 0xDD44, 
    0xDD44, 0xDD44, 0xDD44, 0xDD44, 0xDD43, 0xDD63, 0xE564, 0xDD44, 0xDD43, 0xDD43, 0xDD43, 0xDD43, 
    0xE584, 0xE584, 0xE584, 0xE584, 0xE584, 0xE583, 0xE584, 0xE584, 0xE584, 0xEDA4, 0xEDA4, 0xEDA4, 
    0x41C2, 0x2103, 0x4205, 0x4204, 0x4224, 0x4204, 0x4225, 0x4225, 0x4204, 0x5A86, 0x6B07, 0x62C7, 
    0x4A65, 0x4A25, 0x4225, 0x2123, 0x0881, 0x6B0A, 0xACCF, 0x18C2, 0x39C5, 0xBD30, 0x31A5, 0x5268, 
    0xBD51, 0x2123, 0x5A88, 0xACAE, 0x1082, 0x1081, 0x18E3, 0x4A27, 0x734A, 0x1082, 0x62A8, 0xBD30, 
    0x18E3, 0x734A, 0xB510, 0x942D, 0x9C4D, 0x2944, 0x940D, 0xBD50, 0xB4EF, 0x940C, 0x2103, 0x41E4, 
    0x4A25, 0x39C4, 0x3183, 0x0861, 0x9383, 0xEDA4, 0xE584, 0xE584, 0xE584, 0xE584, 0xEDA4, 0xEDA4, 
    0xE584, 0xE584, 0xE584, 0xE584, 0xEDA4, 0xB463, 0x20E1, 0x1082, 0x3987, 0x49E9, 0x49E8, 0x2105, 
    0x2902, 0xBB87, 0xCC08, 0xC3E8, 0xB366, 0xBBA7, 0xBBA7, 0xBBA7, 0xAB26, 0x9AC4, 0x6A03, 0x20C1, 
    0x20E2, 0x9AE5, 0xB387, 0xC4AC, 0xC4CD, 0xBBC8, 0xAB67, 0x9306, 0x9306, 0x9B26, 0xBBC8, 0xC3C8, 
    0xC3E8, 0xC3E8, 0xC3E8, 0xC3E8, 0xC3E8, 0xC3C8, 0xC3E8, 0xCC08, 0xC408, 0xBBC8, 0xBBC8, 0xC3C8, 
    0xC3E8, 0xC3E8, 0xBBC8, 0xC3C8, 0xC3E8, 0xC3E8, 0xBBA7, 0x9B26, 0x9306, 0x9B27, 0xBBA8, 0xC3E8, 
    0xC3E8, 0xBBA7, 0xAB46, 0x92C4, 0x3922, 0x3102, 0x92A4, 0xAB05, 0xBBC7, 0xC3C7, 0xC3E8, 0xBBC7, 
    0xBBA7, 0xBBA7, 0xC3E8, 0xAB25, 0x6A03, 0x10A2, 0x5229, 0x5229, 0x41C7, 0x2104, 0x1081, 0x8322, 
    0xEDA4, 0xE584, 0xE584, 0xE584, 0xE584, 0xE5A4, 0xCCA6, 0x9B69, 0x8B29, 0xCCC5, 0xE564, 0xE584, 
    0xE584, 0xE584, 0xED84, 0xE584, 0xE584, 0xE584, 0xE564, 0xE564, 0xEDA4, 0x9383, 0x0862, 0x4168, 
    0x3968, 0x18C2, 0x9C4E, 0x5A88, 0x5267, 0x9C4E, 0x39A5, 0xACAE, 0x2103, 0x5A88, 0x9C2D, 0x2944, 
    0xBD31, 0x41E6, 0x2103, 0x41E6, 0xA48F, 0x3165, 0xA48E, 0x4A27, 0x62E9, 0xBD31, 0xA4AF, 0x62E9, 
    0x18C2, 0xA48E, 0xBD30, 0x9C6E, 0xB4F0, 0x3164, 0x2103, 0xACAF, 0x4A07, 0x18E2, 0x10A2, 0x3985, 
    0x7B4A, 0x83AB, 0x18C2, 0x18C3, 0x3127, 0x2906, 0x2906, 0x0862, 0x93C3, 0xEDA4, 0xE584, 0xE584, 
    0xE584, 0xE584, 0xE584, 0xE584, 0xE583, 0xE583, 0xE583, 0xE583, 0xE583, 0xE563, 0xE583, 0xE583, 
    0xDD64, 0xDD64, 0xDD44, 0xDD44, 0xDD64, 0xE564, 0xE564, 0xE564, 0xE564, 0xE564, 0xE564, 0xE584, 
    0x41C2, 0x2103, 0x4204, 0x4204, 0x4224, 0x4204, 0x4204, 0x4204, 0x4204, 0x5A86, 0x6B07, 0x62C7, 
    0x5265, 0x4A25, 0x4A25, 0x2123, 0x1082, 0x62C9, 0xACCF, 0x18C2, 0x41C6, 0xBD30, 0x31A5, 0x5268, 
    0xBD30, 0x2103, 0x5A87, 0xACCE, 0x4A06, 0x5A88, 0x3164, 0x732A, 0xBD51, 0x93EC, 0xB4CF, 0x7B6B, 
    0x18C2, 0x732A, 0xACAE, 0x9C4D, 0x8C0D, 0x2944, 0x4A26, 0x4A27, 0x2924, 0x2103, 0x18E2, 0x39E4, 
    0x4225, 0x39C4, 0x3183, 0x0861, 0x9383, 0xE584, 0xDD44, 0xDD44, 0xE564, 0xE564, 0xE564, 0xE564, 
    0xE564, 0xDD64, 0xDD64, 0xE584, 0xC4A3, 0x3962, 0x2105, 0x2925, 0x5229, 0x5209, 0x49E8, 0x41A7, 
    0x20C3, 0x6A24, 0xCC08, 0xC3E8, 0xBBA7, 0xAB46, 0x9AE5, 0xA305, 0x8A84, 0x8263, 0x4962, 0x18A1, 
    0x6A03, 0xAB66, 0xAB66, 0xC52F, 0xCDB2, 0xB3C9, 0xC3E8, 0xC3E8, 0xC3E8, 0xCC08, 0xCC08, 0xC3E8, 
    0xBBC8, 0xC3C8, 0xC3E8, 0xC3E8, 0xC3E8, 0xBBC8, 0xA306, 0x9AE5, 0xA306, 0x9AC5, 0xAB67, 0xC3E8, 
    0xC3E8, 0xC3C8, 0xBBC8, 0xC3E8, 0xC3E8, 0xC3E8, 0xC3E8, 0xC3E8, 0xC3E8, 0xCC29, 0xCC29, 0xC48B, 
    0xC3E8, 0xBBA7, 0xAB66, 0x92C4, 0x69E3, 0x18A1, 0x4962, 0x92A4, 0x9AE5, 0xAB66, 0xB387, 0xBBA7, 
    0xC3E8, 0xCC29, 0xC3E8, 0x7A44, 0x28E2, 0x3166, 0x5A4A, 0x4A09, 0x41E8, 0x3146, 0x10A3, 0x18A2, 
    0x8302, 0xEDC4, 0xE564, 0xDD64, 0xE564, 0xE584, 0xCCE5, 0xBC66, 0xC4C5, 0xE564, 0xDD44, 0xDD64, 
    0xE564, 0xC4A5, 0xA3E6, 0xBC65, 0xE564, 0xDD44, 0xDD44, 0xDD44, 0xE584, 0x8B62, 0x0862, 0x4148, 
    0x3968, 0x18C3, 0x5247, 0xB4F0, 0xACCF, 0x942D, 0x39C5, 0xA48E, 0x18C2, 0x5A88, 0xA46E, 0x3185, 
    0xB531, 0x39C6, 0x18E3, 0x2924, 0xA4AE, 0x62A8, 0xA46E, 0x18C2, 0x6AE9, 0xACAF, 0x62E9, 0x41E6, 
    0x2123, 0xACAF, 0x734A, 0xBD31, 0xB4F0, 0x3164, 0x2103, 0xACAF, 0x4A07, 0x10A2, 0x2103, 0x1081, 
    0x39A5, 0x8BCB, 0x18C2, 0x18C3, 0x3927, 0x2906, 0x2906, 0x0862, 0x9383, 0xE564, 0xDD43, 0xDD44, 
    0xDD44, 0xDD44, 0xDD44, 0xDD64, 0xDD64, 0xDD44, 0xDD43, 0xDD43, 0xDD43, 0xDD43, 0xDD43, 0xDD23, 
    0xE584, 0xE564, 0xE564, 0xE564, 0xE564, 0xE564, 0xE584, 0xE584, 0xE584, 0xE584, 0xE584, 0xE583, 
    0x41A2, 0x1903, 0x4204, 0x4204, 0x4225, 0x4204, 0x4204, 0x4204, 0x4204, 0x5A86, 0x6B07, 0x62E7, 
    0x5265, 0x4A25, 0x4A25, 0x2943, 0x1082, 0x62C9, 0xACCF, 0x2123, 0x4A26, 0xBD50, 0x39A5, 0x5A88, 
    0xBD30, 0x2103, 0x5267, 0xC550, 0xC551, 0xCD91, 0x5288, 0x18C3, 0x734A, 0x83AB, 0x734A, 0x3185, 
    0x2103, 0x2944, 0x2123, 0x18C2, 0x10A2, 0x18E3, 0x18C2, 0x18C2, 0x18C2, 0x18A2, 0x10A2, 0x39C4, 
    0x4A25, 0x39C4, 0x3163, 0x0861, 0x9383, 0xED84, 0xE564, 0xE564, 0xE564, 0xE584, 0xE584, 0xE584, 
    0xE584, 0xE584, 0xEDA4, 0xCCC3, 0x5A21, 0x18A3, 0x3987, 0x3146, 0x4A09, 0x5229, 0x5A4A, 0x5A4A, 
    0x2946, 0x2902, 0x92E5, 0xBBA7, 0xB366, 0xA305, 0x92A4, 0x8A84, 0x8A63, 0x61C3, 0x28E2, 0x28E1, 
    0x8264, 0xB387, 0x8AE5, 0xBD0F, 0xCDB2, 0x9327, 0xC3E8, 0xC3E8, 0xC3E8, 0xC408, 0xC3E8, 0xC3E8, 
    0xC3C8, 0xC3C8, 0xC3C8, 0xC3C8, 0xC3E8, 0xBBC7, 0xA306, 0x92C5, 0x9AC5, 0xA306, 0xBBA7, 0xC3C8, 
    0xBBC8, 0xBBC7, 0xBBC7, 0xC3E8, 0xC3E8, 0xC3E8, 0xC3C8, 0xC3C8, 0xC3E8, 0xC409, 0xC429, 0xC50E, 
    0xBC2A, 0xBB86, 0xAB46, 0x92A4, 0x61C3, 0x0881, 0x18A2, 0x5982, 0x7A43, 0x92C5, 0xA326, 0xAB66, 
    0xB387, 0xBBA7, 0x8AC5, 0x3102, 0x2104, 0x5209, 0x5229, 0x49E8, 0x4A09, 0x3166, 0x2925, 0x20E4, 
    0x3982, 0x9BC3, 0xEDA5, 0xE584, 0xE564, 0xE584, 0xDD44, 0xDD44, 0xE584, 0xE564, 0xE564, 0xE584, 
    0xCCC5, 0x934A, 0x6A8D, 0x728A, 0xB426, 0xE564, 0xE564, 0xE564, 0xED84, 0x8B62, 0x0862, 0x3948, 
    0x4189, 0x20E4, 0x2103, 0x39A5, 0x5AA8, 0x4206, 0x2944, 0x83AB, 0x942D, 0xACAF, 0x940C, 0x3185, 
    0xBD30, 0x5AA8, 0x39C5, 0x18E3, 0x7329, 0xBD30, 0x83AB, 0x18C2, 0x6B0A, 0x942D, 0x10A2, 0x10A2, 
    0x2944, 0xACF0, 0x4A47, 0x940D, 0xB510, 0x3185, 0x2924, 0xA48E, 0x41C6, 0x0861, 0x83AB, 0x734A, 
    0x732A, 0x838B, 0x18E3, 0x18C3, 0x3927, 0x2906, 0x2906, 0x0842, 0x9383, 0xE584, 0xE564, 0xE564, 
    0xE564, 0xE564, 0xE564, 0xE564, 0xE564, 0xE563, 0xE563, 0xE563, 0xE563, 0xDD43, 0xDD43, 0xDD43, 
    0xE5A4, 0xEDA4, 0xE5A4, 0xE584, 0xE5A4, 0xE5A4, 0xEDA4, 0xEDA4, 0xEDA4, 0xED84, 0xED84, 0xEDA3, 
    0x41C1, 0x18E3, 0x41E4, 0x4204, 0x4204, 0x4204, 0x4204, 0x4204, 0x4204, 0x5286, 0x6B07, 0x5AA6, 
    0x4A45, 0x4A25, 0x4A25, 0x2943, 0x1082, 0x62C9, 0xBD30, 0xB4CF, 0xB50F, 0x5A88, 0x18E3, 0x5288, 
    0xACD0, 0x2924, 0x41C5, 0x6B09, 0x5AA8, 0x5247, 0x2944, 0x10A2, 0x10A2, 0x10A2, 0x18C2, 0x18E3, 
    0x2103, 0x18E3, 0x18C2, 0x10A2, 0x18A2, 0x18C2, 0x2123, 0x2964, 0x3184, 0x39C4, 0x2923, 0x41E4, 
    0x4225, 0x39A4, 0x2963, 0x0841, 0x93A3, 0xEDC4, 0xE584, 0xE584, 0xEDA4, 0xE584, 0xE584, 0xE584, 
    0xE584, 0xEDA4, 0xD524, 0x6282, 0x0842, 0x3987, 0x49E8, 0x3987, 0x41A7, 0x5209, 0x522A, 0x5A4A, 
    0x4A09, 0x2105, 0x4163, 0x8284, 0xA2E5, 0xA305, 0x9AC5, 0x7A43, 0x61C2, 0x20C2, 0x0041, 0x28E1, 
    0x8263, 0xB387, 0x82A5, 0xAC6D, 0xB4CF, 0x82A5, 0xC3C8, 0xC3E8, 0xC3E8, 0xC3E8, 0xC3E8, 0xC3C8, 
    0xC3C8, 0xC3E8, 0xC3E8, 0xBBC8, 0xC3C8, 0xC3C8, 0xC3E8, 0xBBA7, 0xBB87, 0xCBE8, 0xCC08, 0xC3E8, 
    0xBBC8, 0xC3C8, 0xC3E8, 0xC3E8, 0xBBC8, 0xC3E8, 0xBBC8, 0xC3C8, 0xC3E8, 0xC3E8, 0xB3C8, 0xD590, 
    0xB46B, 0xAB46, 0xA305, 0x9284, 0x4142, 0x0862, 0x18A3, 0x0861, 0x5182, 0x8A63, 0x92A4, 0xA325, 
    0xAB25, 0x8264, 0x4143, 0x20C4, 0x5229, 0x5A4A, 0x49E8, 0x49E8, 0x49E8, 0x3166, 0x39A7, 0x41A7, 
    0x20E4, 0x2922, 0xAC23, 0xE584, 0xEDA4, 0xE584, 0xE564, 0xE584, 0xE584, 0xE583, 0xE564, 0xEDA4, 
    0x9367, 0x728D, 0x8B2E, 0x6A4C, 0x72A9, 0xE583, 0xE584, 0xE584, 0xEDA4, 0x8B83, 0x0862, 0x3947, 
    0x51CA, 0x3967, 0x2925, 0x18C3, 0x18C2, 0x2103, 0x2103, 0x2944, 0x6AE9, 0x734A, 0x2944, 0x3164, 
    0xACD0, 0xBD51, 0xC571, 0x3185, 0x39A5, 0xC571, 0x4A27, 0x18C2, 0x6B2A, 0xA48E, 0x4A06, 0x4A26, 
    0x2964, 0xACEF, 0x41E6, 0x5247, 0xB510, 0x39A5, 0x2944, 0xACAE, 0x41E6, 0x0861, 0x5267, 0x940C, 
    0x8BCC, 0x3164, 0x18C2, 0x18E3, 0x3127, 0x2906, 0x2906, 0x0862, 0x93A3, 0xEDA4, 0xE563, 0xE564, 
    0xE584, 0xE584, 0xE584, 0xE584, 0xE584, 0xE584, 0xE584, 0xE583, 0xE583, 0xE563, 0xE563, 0xE563, 
    0xDD64, 0xDD64, 0xE564, 0xDD64, 0xDD64, 0xDD64, 0xE564, 0xE564, 0xE564, 0xE584, 0xE564, 0xE584, 
    0x41C2, 0x18E3, 0x41E4, 0x4204, 0x4204, 0x4204, 0x4204, 0x4225, 0x4204, 0x5286, 0x6B07, 0x5AC6, 
    0x4A65, 0x4A45, 0x4A45, 0x2943, 0x10A2, 0x5268, 0x83CC, 0x6B2A, 0x5AA8, 0x2103, 0x18C2, 0x2103, 
    0x2944, 0x2103, 0x18C2, 0x10A2, 0x10A2, 0x10A2, 0x18C3, 0x18C2, 0x18C2, 0x18E2, 0x2123, 0x2103, 
    0x2103, 0x3184, 0x4205, 0x4204, 0x39E4, 0x39C4, 0x41E4, 0x4204, 0x41E4, 0x31A4, 0x2143, 0x41E4, 
    0x4225, 0x39A4, 0x3183, 0x0861, 0x9383, 0xE584, 0xE564, 0xE564, 0xE584, 0xE564, 0xE564, 0xDD64, 
    0xE564, 0xCCE4, 0x72C3, 0x0862, 0x3987, 0x5209, 0x628B, 0x5209, 0x3987, 0x49E9, 0x5209, 0x522A, 
    0x522A, 0x4A09, 0x20E4, 0x3102, 0x7203, 0x92A4, 0x92A4, 0x7A43, 0x18A1, 0x0862, 0x10A3, 0x28E2, 
    0x7203, 0xA326, 0xAB67, 0x82C6, 0x82C6, 0x9B06, 0xC408, 0xC3E8, 0xC3E8, 0xC3E8, 0xC3E8, 0xC3E8, 
    0xC3E8, 0xBBC8, 0xAB67, 0x9B26, 0x9306, 0x9B26, 0x9B27, 0x9B26, 0x9B06, 0x9B26, 0x9B47, 0x9B46, 
    0x9B06, 0xA347, 0xB387, 0xC3C8, 0xC3C8, 0xC3E8, 0xC3E8, 0xC3E8, 0xC3E8, 0xB367, 0x8B48, 0xD5D2, 
    0x9BEB, 0x92C5, 0x9AE5, 0x7A43, 0x3922, 0x1082, 0x2104, 0x10A3, 0x20C1, 0x7A23, 0x92A4, 0x92C4, 
    0x7223, 0x3922, 0x20E4, 0x5209, 0x5A6A, 0x5229, 0x4A09, 0x41C8, 0x3987, 0x3966, 0x49E8, 0x5229, 
    0x49E8, 0x2905, 0x10A1, 0xAC23, 0xDD44, 0xDD64, 0xDD44, 0xDD44, 0xDD44, 0xDD44, 0xDD44, 0xDD44, 
    0x9BA6, 0x5A09, 0x5A0B, 0x5A0A, 0x8B68, 0xDD64, 0xDD44, 0xDD44, 0xE584, 0x8B63, 0x0862, 0x3947, 
    0x4189, 0x51CA, 0x49AA, 0x4168, 0x3966, 0x2945, 0x2924, 0x18A2, 0x10A2, 0x18C2, 0x2103, 0x2103, 
    0x3164, 0x39A5, 0x39A5, 0x2123, 0x39A5, 0x7B8C, 0x2964, 0x18E3, 0x5A88, 0xA46E, 0x9C6E, 0xA46E, 
    0x39A5, 0x942D, 0x41E6, 0x2103, 0x8BEC, 0x3185, 0x2944, 0x83CC, 0x3184, 0x18C2, 0x18E3, 0x18E3, 
    0x18C2, 0x18C3, 0x18C3, 0x2905, 0x2906, 0x2906, 0x28E6, 0x0862, 0x9383, 0xE564, 0xDD44, 0xDD44, 
    0xDD44, 0xDD44, 0xDD44, 0xDD64, 0xDD44, 0xDD44, 0xDD64, 0xDD44, 0xDD44, 0xDD43, 0xDD43, 0xDD23, 
    0xE584, 0xE584, 0xE584, 0xE584, 0xE584, 0xE584, 0xE584, 0xE584, 0xE584, 0xEDA4, 0xE5A4, 0xEDC4, 
    0x41C2, 0x1903, 0x39E4, 0x4204, 0x4204, 0x4204, 0x4205, 0x4225, 0x4204, 0x5286, 0x6AE7, 0x5AC6, 
    0x4A45, 0x4A45, 0x4A45, 0x2943, 0x18C2, 0x2103, 0x18E3, 0x18C2, 0x18C2, 0x18C2, 0x18C2, 0x18C2, 
    0x18C2, 0x18E3, 0x2103, 0x2103, 0x2102, 0x3163, 0x39C4, 0x39E4, 0x41E4, 0x4A25, 0x5266, 0x4A25, 
    0x39C4, 0x39C4, 0x39C4, 0x3184, 0x39C4, 0x2963, 0x2102, 0x2103, 0x2963, 0x39E4, 0x2123, 0x41E4, 
    0x4205, 0x39A4, 0x3183, 0x0861, 0x93A3, 0xEDA4, 0xE584, 0xE584, 0xE584, 0xE584, 0xE584, 0xE584, 
    0xE564, 0x5202, 0x1082, 0x41A7, 0x49E8, 0x5209, 0x5A4A, 0x522A, 0x41C8, 0x49C8, 0x5A4A, 0x49E9, 
    0x49E8, 0x5209, 0x49E8, 0x20E4, 0x1061, 0x7203, 0x7A43, 0x5982, 0x0861, 0x0841, 0x20E4, 0x18C3, 
    0x20C1, 0x8A84, 0xBBA7, 0xBBC8, 0xBBE8, 0xCC09, 0xC3E8, 0xC3E8, 0xC3E8, 0xC3E8, 0xC3E8, 0xC3E8, 
    0xC3E8, 0x9306, 0x1081, 0x1061, 0x1061, 0x1081, 0x18A2, 0x18A2, 0x18A2, 0x1081, 0x1061, 0x10A1, 
    0x18A2, 0x1081, 0x49A3, 0xA346, 0xBBA7, 0xC3E8, 0xC3E8, 0xC3E8, 0xC3C8, 0xAB66, 0x82E7, 0xB4AE, 
    0x7AC6, 0xAB67, 0x92A4, 0x3922, 0x10A2, 0x2925, 0x2925, 0x18C3, 0x0861, 0x4962, 0x7A23, 0x6A03, 
    0x1881, 0x3145, 0x5229, 0x5A4A, 0x4A09, 0x4A09, 0x5209, 0x5209, 0x3145, 0x3987, 0x4A09, 0x5A4A, 
    0x5229, 0x41A7, 0x2925, 0x10A1, 0xAC43, 0xE584, 0xE584, 0xE564, 0xE564, 0xE564, 0xE564, 0xE564, 
    0xE564, 0xAC05, 0x7AC7, 0x9BC6, 0xE584, 0xE584, 0xE564, 0xE564, 0xEDA4, 0x8B63, 0x0862, 0x3947, 
    0x4189, 0x4189, 0x49A9, 0x51CA, 0x59EA, 0x622B, 0x5A0A, 0x3967, 0x2925, 0x2103, 0x2104, 0x2104, 
    0x18E3, 0x18C2, 0x10A2, 0x18E3, 0x2103, 0x2103, 0x2123, 0x2103, 0x20E3, 0x18C2, 0x18E3, 0x2103, 
    0x2123, 0x2924, 0x2123, 0x20E3, 0x18C2, 0x18E3, 0x20E3, 0x20E3, 0x18C2, 0x18E3, 0x18E3, 0x18C2, 
    0x18C3, 0x20E4, 0x3947, 0x2906, 0x2906, 0x2906, 0x2906, 0x0842, 0x93A3, 0xEDA4, 0xE564, 0xE564, 
    0xE564, 0xE564, 0xE564, 0xE563, 0xE563, 0xE563, 0xE563, 0xE563, 0xE563, 0xE563, 0xE563, 0xE543, 
    0xE584, 0xE584, 0xE584, 0xE584, 0xE584, 0xE584, 0xE584, 0xE584, 0xE5A4, 0xE5A4, 0xE5A4, 0xEDA4, 
    0x41A2, 0x18E2, 0x41E4, 0x4204, 0x4204, 0x4204, 0x4204, 0x4205, 0x4204, 0x5286, 0x6B07, 0x62C7, 
    0x4A45, 0x4225, 0x4225, 0x2923, 0x18C2, 0x18E3, 0x18E3, 0x2103, 0x2923, 0x3184, 0x3184, 0x3184, 
    0x39C4, 0x4A25, 0x5265, 0x5265, 0x4205, 0x31A4, 0x3183, 0x2103, 0x10C2, 0x18C2, 0x18E3, 0x18C2, 
    0x0881, 0x1081, 0x3121, 0x3961, 0x2102, 0x39E4, 0x39C4, 0x39C4, 0x41E4, 0x4204, 0x2123, 0x39E4, 
    0x4225, 0x31A4, 0x3163, 0x0861, 0x93A3, 0xEDA4, 0xE584, 0xE564, 0xE584, 0xE564, 0xE584, 0xE5A4, 
    0x4A02, 0x18C3, 0x3987, 0x5A4A, 0x522A, 0x49E9, 0x49E9, 0x5A2A, 0x4A09, 0x3987, 0x49E9, 0x4A09, 
    0x49E9, 0x49E8, 0x49E8, 0x49E8, 0x3166, 0x1881, 0x1061, 0x1081, 0x18C3, 0x10A2, 0x10A2, 0x18C3, 
    0x1881, 0x7A43, 0xB366, 0xC3E8, 0xC3E8, 0xBBC8, 0xBBC8, 0xBBC8, 0xBBE8, 0xBBE8, 0xC408, 0x8AE6, 
    0x20E2, 0x3123, 0x5A46, 0x7B4A, 0xA46E, 0xA48E, 0xA48E, 0xACAF, 0xACAE, 0xA46D, 0xA46D, 0x9C2D, 
    0xA46E, 0x7329, 0x3164, 0x1881, 0x3943, 0xC3E8, 0xC3C7, 0xBBC7, 0xBBA7, 0xBBA7, 0x92E5, 0x7244, 
    0x9AE5, 0xB366, 0x8243, 0x3101, 0x10A2, 0x3145, 0x20E3, 0x18E3, 0x10A2, 0x1081, 0x1081, 0x1060, 
    0x3166, 0x5209, 0x5209, 0x4A09, 0x49E8, 0x49E8, 0x5209, 0x3986, 0x3987, 0x49E8, 0x49E8, 0x4A09, 
    0x49E8, 0x49E8, 0x41C8, 0x2945, 0x20E2, 0xAC23, 0xEDA4, 0xE584, 0xE564, 0xE564, 0xE564, 0xE564, 
    0xE564, 0xE584, 0xE583, 0xE584, 0xE564, 0xE564, 0xE564, 0xE584, 0xEDA4, 0x8B63, 0x0863, 0x3948, 
    0x3948, 0x4189, 0x49A9, 0x49A9, 0x51CA, 0x51CA, 0x51CA, 0x51EA, 0x624B, 0x6A6B, 0x622A, 0x51C9, 
    0x4188, 0x3126, 0x3126, 0x3146, 0x2924, 0x20E3, 0x2104, 0x2104, 0x2103, 0x18E3, 0x18E3, 0x18E3, 
    0x2103, 0x2103, 0x2103, 0x18E3, 0x18C2, 0x18C2, 0x18C3, 0x2104, 0x3147, 0x3968, 0x3947, 0x3127, 
    0x3127, 0x3948, 0x3947, 0x2906, 0x2906, 0x28E6, 0x28E6, 0x0841, 0x93A3, 0xEDA4, 0xE564, 0xE564, 
    0xE564, 0xE564, 0xE564, 0xE563, 0xE563, 0xE563, 0xE563, 0xE563, 0xE563, 0xE563, 0xE563, 0xE543, 
    0xDD64, 0xDD64, 0xDD64, 0xE564, 0xE564, 0xE564, 0xE564, 0xE564, 0xE584, 0xE584, 0xE584, 0xE584, 
    0x41A2, 0x18E2, 0x41E4, 0x4204, 0x4204, 0x4204, 0x4204, 0x4204, 0x4204, 0x5286, 0x6B07, 0x62E7, 
    0x4A45, 0x4225, 0x4205, 0x2943, 0x39C4, 0x4A25, 0x4205, 0x41E4, 0x4A25, 0x4A45, 0x4A45, 0x3184, 
    0x2103, 0x2103, 0x2123, 0x2143, 0x2102, 0x20E1, 0x3141, 0x49A1, 0x51C1, 0x5A01, 0x72A1, 0xA3C2, 
    0xAC02, 0xA3A2, 0xC422, 0xBBE1, 0x2922, 0x39C4, 0x4204, 0x4204, 0x41E4, 0x4204, 0x2123, 0x39E4, 
    0x4225, 0x31A4, 0x3183, 0x0861, 0x9383, 0xE584, 0xDD64, 0xDD64, 0xE564, 0xE564, 0xE584, 0x5A21, 
    0x20E3, 0x3166, 0x5229, 0x5A4A, 0x522A, 0x4A09, 0x49E9, 0x522A, 0x5A6A, 0x41C8, 0x3166, 0x49E9, 
    0x5209, 0x49E8, 0x41C8, 0x4A09, 0x49E8, 0x3987, 0x3146, 0x2925, 0x3145, 0x2104, 0x1082, 0x20E4, 
    0x20C3, 0x3102, 0x9AC4, 0xBBA7, 0xC3E8, 0xBBA7, 0xBBC7, 0xBBC8, 0xC3E8, 0xC3E8, 0xC408, 0x51A3, 
    0x2923, 0x8BAB, 0x7B49, 0xC550, 0xCD71, 0xCD71, 0xC570, 0xCD71, 0xC550, 0xC570, 0xCD71, 0xB4CE, 
    0xCD91, 0x93EB, 0x836A, 0x62C8, 0x20E2, 0xB387, 0xBBC7, 0xBBC7, 0xBBA7, 0xB387, 0xB367, 0xB366, 
    0xAB26, 0x9AC4, 0x4962, 0x18A2, 0x2104, 0x2925, 0x10A2, 0x2904, 0x2925, 0x2945, 0x3166, 0x41A7, 
    0x49E9, 0x4A09, 0x49E8, 0x4A09, 0x49E8, 0x49E9, 0x39A7, 0x3166, 0x49E8, 0x49E8, 0x49E8, 0x49E8, 
    0x49E8, 0x49E9, 0x4A09, 0x39A7, 0x20E4, 0x2102, 0x9BC3, 0xEDA4, 0xDD64, 0xDD64, 0xDD64, 0xDD64, 
    0xDD64, 0xDD64, 0xDD44, 0xDD44, 0xDD44, 0xDD44, 0xDD44, 0xDD64, 0xE584, 0x8343, 0x0862, 0x3948, 
    0x4168, 0x4169, 0x49A9, 0x51EA, 0x51EA, 0x51CA, 0x51CA, 0x5A0A, 0x5A0A, 0x5A0A, 0x51EA, 0x59EA, 
    0x5A0B, 0x59EA, 0x51CA, 0x59EB, 0x51CA, 0x3947, 0x18A4, 0x3968, 0x49AA, 0x49A9, 0x4189, 0x4188, 
    0x4188, 0x4188, 0x4188, 0x4189, 0x4189, 0x4168, 0x4168, 0x4168, 0x4189, 0x4169, 0x4169, 0x3927, 
    0x3127, 0x4148, 0x3947, 0x2906, 0x2906, 0x2906, 0x28E6, 0x0842, 0x9383, 0xE584, 0xDD44, 0xDD44, 
    0xDD44, 0xDD44, 0xDD44, 0xDD44, 0xDD44, 0xDD43, 0xDD43, 0xDD43, 0xDD43, 0xDD43, 0xDD43, 0xDD23, 
    0xE584, 0xE584, 0xE584, 0xE584, 0xE584, 0xE584, 0xE584, 0xE584, 0xE584, 0xEDA4, 0xEDA4, 0xEDA4, 
    0x41C2, 0x18E2, 0x41E4, 0x4204, 0x4204, 0x4204, 0x4204, 0x4204, 0x4204, 0x5A86, 0x6B07, 0x62E7, 
    0x4A25, 0x4204, 0x4204, 0x2943, 0x31A4, 0x41E4, 0x31A4, 0x2943, 0x2123, 0x2963, 0x2102, 0x20E1, 
    0x41A2, 0x49C2, 0x6242, 0x9341, 0xABC1, 0xB3E1, 0xC421, 0x9341, 0xB3E1, 0xC421, 0xBC21, 0xCC62, 
    0xC442, 0xB3E1, 0xB3E1, 0xABA1, 0x2101, 0x39C4, 0x4204, 0x4204, 0x41E4, 0x41E4, 0x2103, 0x39C4, 
    0x4225, 0x39A4, 0x3183, 0x0841, 0x9383, 0xEDC4, 0xE584, 0xE584, 0xEDA4, 0xEDA4, 0x72E2, 0x18A2, 
    0x3146, 0x4A09, 0x5229, 0x49E9, 0x522A, 0x5209, 0x5A2A, 0x5A4A, 0x5A4A, 0x5209, 0x41A7, 0x3987, 
    0x49E8, 0x4A09, 0x49E8, 0x41C8, 0x41C8, 0x41A7, 0x41A7, 0x3166, 0x3986, 0x20E4, 0x1082, 0x2925, 
    0x2925, 0x1081, 0x8263, 0x92C5, 0xB387, 0xC3E8, 0xBBC7, 0xC3E8, 0xC3E8, 0xCC28, 0x6224, 0x1081, 
    0x20E2, 0x4A06, 0x39A5, 0x6B09, 0x6B09, 0x6B09, 0x62C8, 0x5A67, 0x5AA8, 0x62C8, 0x6B09, 0x6AE9, 
    0x62C8, 0x41C5, 0x4A26, 0x4A06, 0x1081, 0x28E2, 0xAB67, 0xC3E8, 0xBBC8, 0xB387, 0xB387, 0xAB46, 
    0x9AE5, 0x7A23, 0x18A1, 0x20E3, 0x2925, 0x2925, 0x1082, 0x2924, 0x39A7, 0x39A7, 0x39A7, 0x41C7, 
    0x41C8, 0x49C8, 0x49E8, 0x5209, 0x5209, 0x49E8, 0x3145, 0x39A7, 0x49E9, 0x49E9, 0x4A09, 0x49E8, 
    0x4A09, 0x49E8, 0x49E9, 0x41C8, 0x41A7, 0x20E4, 0x3982, 0xA403, 0xF5C4, 0xE584, 0xE584, 0xE584, 
    0xE584, 0xE584, 0xE584, 0xE584, 0xE584, 0xE584, 0xE584, 0xE584, 0xEDC4, 0x8B62, 0x0842, 0x3927, 
    0x4168, 0x4189, 0x4989, 0x51EA, 0x59EA, 0x51CA, 0x51CA, 0x59EA, 0x5A0A, 0x5A0A, 0x51CA, 0x51CA, 
    0x51CA, 0x51CA, 0x51CA, 0x51CA, 0x4189, 0x20C3, 0x3140, 0x20C2, 0x3928, 0x51CA, 0x51CA, 0x51AA, 
    0x49AA, 0x498A, 0x49AA, 0x49AA, 0x49AA, 0x498A, 0x4989, 0x4989, 0x4168, 0x4168, 0x4168, 0x3927, 
    0x3927, 0x4148, 0x3127, 0x28E6, 0x28E6, 0x2906, 0x3106, 0x0842, 0x93A3, 0xEDA4, 0xE564, 0xE564, 
    0xE584, 0xE584, 0xE584, 0xE583, 0xE583, 0xE583, 0xE563, 0xE583, 0xE563, 0xE563, 0xE563, 0xE563, 
    0xE564, 0xE564, 0xE564, 0xE564, 0xE584, 0xE564, 0xE564, 0xE584, 0xE584, 0xE564, 0xE564, 0xE584, 
    0x41A2, 0x18E2, 0x4204, 0x4204, 0x4204, 0x4204, 0x4204, 0x4225, 0x4204, 0x5286, 0x6B07, 0x62C6, 
    0x4A25, 0x4204, 0x4225, 0x2943, 0x2123, 0x2963, 0x3183, 0x39C4, 0x39C4, 0x39C4, 0x18A1, 0xAC04, 
    0xDD03, 0xD4C3, 0xC483, 0xBC01, 0xBC01, 0xC401, 0x9B41, 0x20E1, 0x7AC1, 0xCC41, 0xB3C1, 0xB3C1, 
    0xB3C1, 0xB3A1, 0xB3A1, 0xAB81, 0x2102, 0x39C4, 0x4204, 0x4204, 0x41E4, 0x41E4, 0x2123, 0x39E4, 
    0x4204, 0x39C4, 0x3183, 0x0841, 0x8B82, 0xEDA4, 0xE564, 0xE564, 0xDD44, 0x9383, 0x20E2, 0x2104, 
    0x41E8, 0x5A4A, 0x5229, 0x49E9, 0x5229, 0x5209, 0x522A, 0x5229, 0x5209, 0x5A2A, 0x5209, 0x39A7, 
    0x3987, 0x3987, 0x49E8, 0x41C8, 0x3987, 0x3986, 0x3987, 0x3166, 0x2904, 0x10A2, 0x18C3, 0x3166, 
    0x2945, 0x18A2, 0x4122, 0x7223, 0xA305, 0xBBA7, 0xC408, 0xC3E8, 0xC3E8, 0xC3E8, 0x4163, 0x0861, 
    0x18A2, 0x1061, 0x28C2, 0x38E2, 0x38E2, 0x30C1, 0x28A1, 0x28A1, 0x30A1, 0x30C1, 0x30C2, 0x28A1, 
    0x2081, 0x28C1, 0x20A2, 0x18A2, 0x18A2, 0x1061, 0xA347, 0xC3C8, 0xC3E8, 0xB387, 0xAB46, 0x92C4, 
    0x7A43, 0x4162, 0x10A2, 0x2925, 0x3146, 0x3166, 0x18C3, 0x18C3, 0x3146, 0x3166, 0x3987, 0x3986, 
    0x39A7, 0x41A7, 0x49E8, 0x49E8, 0x41A7, 0x3145, 0x3987, 0x49E8, 0x4A09, 0x5209, 0x5209, 0x49E8, 
    0x49E8, 0x49E8, 0x49E9, 0x49E9, 0x5209, 0x41E8, 0x18C4, 0x41C2, 0xB443, 0xE584, 0xE564, 0xE584, 
    0xE564, 0xE564, 0xE564, 0xE564, 0xDD64, 0xE564, 0xE564, 0xDD44, 0xE584, 0x8B63, 0x0842, 0x3127, 
    0x4168, 0x4989, 0x49A9, 0x51CA, 0x51CA, 0x51EA, 0x51EA, 0x5A0A, 0x5A0A, 0x622A, 0x51CA, 0x51CA, 
    0x49CA, 0x51CA, 0x51EB, 0x4189, 0x20C3, 0x7281, 0xD482, 0x6A41, 0x20E3, 0x3948, 0x51CB, 0x51AA, 
    0x49AA, 0x4989, 0x4989, 0x4989, 0x4989, 0x4989, 0x4989, 0x4989, 0x4169, 0x4168, 0x4148, 0x3927, 
    0x3927, 0x3948, 0x3127, 0x28E6, 0x2906, 0x2906, 0x3106, 0x0841, 0x9383, 0xE564, 0xDD43, 0xDD43, 
    0xDD64, 0xDD44, 0xDD43, 0xDD43, 0xDD43, 0xDD43, 0xDD64, 0xDD64, 0xE563, 0xDD43, 0xDD43, 0xDD43, 
    0xE564, 0xDD64, 0xE564, 0xE564, 0xE564, 0xE564, 0xE564, 0xE584, 0xE564, 0xE584, 0xE564, 0xE583, 
    0x41A2, 0x18E2, 0x41E4, 0x4204, 0x4204, 0x4204, 0x4204, 0x4204, 0x4204, 0x5286, 0x6AE7, 0x62C6, 
    0x4A25, 0x4225, 0x4224, 0x2943, 0x2943, 0x39A4, 0x4224, 0x4A25, 0x4204, 0x39C4, 0x18E2, 0xCD06, 
    0xCC82, 0xB3E1, 0xABC1, 0xB3C1, 0xBBE1, 0xC401, 0x49C1, 0x0882, 0x3142, 0xAB81, 0xB3E1, 0xB3C1, 
    0xB3C1, 0xB3C1, 0xB3C1, 0xAB81, 0x2902, 0x39C4, 0x4204, 0x41E4, 0x41E4, 0x41E4, 0x2123, 0x4204, 
    0x4A24, 0x39C4, 0x3184, 0x0861, 0x8B82, 0xE584, 0xDD44, 0xE564, 0xD504, 0x18C1, 0x3146, 0x41E8, 
    0x4A09, 0x5A6A, 0x5209, 0x49E9, 0x4A09, 0x4A09, 0x5229, 0x49E9, 0x4A09, 0x5209, 0x5209, 0x5209, 
    0x3966, 0x3145, 0x41A7, 0x3987, 0x3966, 0x3987, 0x3986, 0x2945, 0x1081, 0x1082, 0x2925, 0x3166, 
    0x3146, 0x2925, 0x1082, 0x4162, 0x8264, 0xAB46, 0xBBC8, 0xC3C8, 0xBBC8, 0xC3E8, 0x4983, 0x1081, 
    0x28C2, 0x4122, 0x79E4, 0x8A24, 0x8A24, 0x8A04, 0x9224, 0x9224, 0x9224, 0x8A24, 0x8A24, 0x8204, 
    0x79E4, 0x79C4, 0x5143, 0x30E2, 0x20C2, 0x18A1, 0xA346, 0xBBA7, 0xBBC8, 0xAB66, 0x9AC4, 0x7A23, 
    0x4942, 0x0861, 0x2925, 0x3146, 0x3166, 0x3166, 0x2925, 0x10A2, 0x10A2, 0x2905, 0x3966, 0x3987, 
    0x3987, 0x3987, 0x41C8, 0x3987, 0x2945, 0x3987, 0x49E8, 0x49E8, 0x49E9, 0x5209, 0x5209, 0x5229, 
    0x5229, 0x49E9, 0x49E8, 0x49E8, 0x49E8, 0x5209, 0x39A7, 0x18A4, 0x5202, 0xEDA4, 0xE564, 0xE564, 
    0xE564, 0xE564, 0xE564, 0xE564, 0xDD64, 0xDD44, 0xDD64, 0xDD44, 0xE584, 0x8B63, 0x0842, 0x3127, 
    0x4168, 0x4989, 0x49AA, 0x49AA, 0x51CA, 0x51CA, 0x51EA, 0x620A, 0x51EA, 0x620A, 0x51CA, 0x51CA, 
    0x51CA, 0x51EB, 0x49AA, 0x18C3, 0x6241, 0xCC42, 0xCC42, 0xBBE1, 0x6241, 0x20C2, 0x4169, 0x51CA, 
    0x498A, 0x498A, 0x4989, 0x4989, 0x498A, 0x4989, 0x4989, 0x4989, 0x4169, 0x4168, 0x4168, 0x3927, 
    0x3927, 0x3948, 0x3127, 0x2906, 0x2906, 0x2906, 0x2906, 0x0841, 0x8B83, 0xE564, 0xDD44, 0xDD44, 
    0xDD44, 0xDD44, 0xDD43, 0xDD43, 0xDD43, 0xDD44, 0xDD43, 0xDD43, 0xE543, 0xDD43, 0xDD43, 0xDD43, 
    0xE584, 0xE584, 0xE584, 0xE584, 0xE584, 0xE584, 0xE584, 0xE584, 0xE584, 0xEDA4, 0xEDA4, 0xEDA3, 
    0x41A1, 0x18E2, 0x41E4, 0x4204, 0x4225, 0x4204, 0x4205, 0x4204, 0x41E4, 0x5286, 0x6B07, 0x62C7, 
    0x4A25, 0x4A25, 0x4A25, 0x2123, 0x3184, 0x4225, 0x4204, 0x4204, 0x4204, 0x39E4, 0x20E2, 0xB3C1, 
    0xBC01, 0xB3E1, 0xB3E1, 0xB3C1, 0xB3E1, 0x9321, 0x18C2, 0x18C2, 0x0882, 0x49A1, 0xB3A1, 0xB3C1, 
    0xB3C1, 0xB3E1, 0xB3E1, 0xAB81, 0x2101, 0x39E4, 0x4204, 0x4204, 0x41E4, 0x41E4, 0x2123, 0x4204, 
    0x4A25, 0x39C4, 0x31A4, 0x0861, 0x9383, 0xEDA4, 0xE584, 0xE564, 0xCCE3, 0x20C1, 0x3166, 0x49E9, 
    0x522A, 0x5209, 0x4A09, 0x5209, 0x4A09, 0x4A09, 0x522A, 0x4A09, 0x49E9, 0x49E9, 0x49E9, 0x49E9, 
    0x4A09, 0x41A7, 0x2925, 0x3145, 0x3146, 0x3146, 0x3166, 0x2104, 0x1082, 0x2104, 0x3146, 0x3966, 
    0x3166, 0x3166, 0x3146, 0x10A3, 0x4142, 0x8263, 0x9AE5, 0xBBA7, 0xC3E8, 0xCC08, 0x51E4, 0x1081, 
    0x28C2, 0x69A3, 0x9245, 0x9265, 0x9285, 0x9A85, 0x9AA5, 0xA2A5, 0x9AA5, 0x9285, 0x9265, 0x9A85, 
    0x9AA5, 0x8204, 0x6163, 0x4102, 0x18A2, 0x18C2, 0xAB67, 0xBBA7, 0xA326, 0xA325, 0x8A64, 0x4982, 
    0x0861, 0x2925, 0x2945, 0x3166, 0x3166, 0x3966, 0x3146, 0x2945, 0x1082, 0x18C3, 0x3146, 0x3966, 
    0x3146, 0x3146, 0x2925, 0x2945, 0x41A7, 0x5209, 0x5209, 0x4A09, 0x49E9, 0x4A09, 0x5209, 0x522A, 
    0x5209, 0x4A09, 0x49E9, 0x49E9, 0x49E8, 0x49E8, 0x41C8, 0x18E4, 0x5202, 0xDD44, 0xE584, 0xE584, 
    0xE584, 0xE584, 0xE584, 0xE584, 0xE584, 0xE564, 0xE564, 0xE564, 0xEDC4, 0x8B63, 0x0842, 0x3927, 
    0x4169, 0x4189, 0x49AA, 0x51CA, 0x51CA, 0x51EA, 0x5A0B, 0x59EA, 0x51CA, 0x5A0A, 0x51EA, 0x51EA, 
    0x59EA, 0x4189, 0x18A3, 0x8B21, 0xD4A1, 0xB3C1, 0x7281, 0xB3C1, 0xCC41, 0x72A1, 0x20C3, 0x4168, 
    0x49AA, 0x49AA, 0x498A, 0x498A, 0x498A, 0x49AA, 0x4989, 0x4989, 0x4169, 0x4169, 0x4169, 0x3927, 
    0x3927, 0x4148, 0x3127, 0x2906, 0x2906, 0x2906, 0x2906, 0x0841, 0x93A3, 0xEDA4, 0xE584, 0xE563, 
    0xE563, 0xE563, 0xE563, 0xE563, 0xE563, 0xE563, 0xE563, 0xE563, 0xE563, 0xE563, 0xE583, 0xE583, 
    0xDD64, 0xDD44, 0xDD64, 0xDD64, 0xDD64, 0xDD44, 0xDD44, 0xDD64, 0xE564, 0xDD64, 0xDD63, 0xE563, 
    0x41A1, 0x18E2, 0x41E4, 0x4204, 0x4204, 0x4204, 0x4204, 0x4204, 0x4204, 0x5286, 0x6B07, 0x62E7, 
    0x4A45, 0x4A25, 0x4225, 0x2123, 0x31A4, 0x4225, 0x4204, 0x4204, 0x4204, 0x39E4, 0x18E2, 0xAB80, 
    0xB3C0, 0xB3C1, 0xB3C1, 0xB3C1, 0xA381, 0x2901, 0x10A2, 0x18C2, 0x10A2, 0x1082, 0x7AA1, 0xBC01, 
    0xB3C1, 0xB3C1, 0xB3C1, 0xA381, 0x2101, 0x39C4, 0x4205, 0x4204, 0x4204, 0x4204, 0x2923, 0x4204, 
    0x4A25, 0x39C4, 0x3183, 0x0841, 0x8B63, 0xE564, 0xE564, 0xC4A4, 0x3142, 0x2925, 0x39A7, 0x49E9, 
    0x49C8, 0x49E8, 0x49E9, 0x4A09, 0x5209, 0x4A09, 0x4A09, 0x49E9, 0x4A09, 0x4A09, 0x49C8, 0x49C8, 
    0x41C8, 0x49E8, 0x41A7, 0x3146, 0x2104, 0x18E3, 0x18C3, 0x0861, 0x2104, 0x3145, 0x3166, 0x3166, 
    0x3146, 0x3166, 0x2925, 0x2925, 0x18C3, 0x18A1, 0x7A44, 0xA305, 0xC3E8, 0xC408, 0xB3A7, 0x4183, 
    0x0861, 0x1061, 0x1061, 0x0861, 0x1061, 0x1081, 0x1081, 0x1081, 0x1081, 0x1081, 0x1061, 0x1081, 
    0x1081, 0x10A1, 0x0861, 0x0841, 0x20C1, 0x9B26, 0xC3C7, 0xA326, 0x8AA4, 0x8A84, 0x3102, 0x1081, 
    0x2104, 0x2945, 0x2945, 0x3166, 0x3966, 0x3966, 0x3986, 0x3986, 0x2925, 0x10A2, 0x10A2, 0x20E4, 
    0x20E4, 0x3146, 0x3987, 0x41C8, 0x41C8, 0x49E8, 0x49E8, 0x49E9, 0x49E9, 0x49E9, 0x5209, 0x5209, 
    0x49E9, 0x49E9, 0x4A09, 0x49E8, 0x49C8, 0x41C8, 0x41C8, 0x3987, 0x18E3, 0x41C1, 0xDD64, 0xDD44, 
    0xDD64, 0xDD44, 0xDD44, 0xDD44, 0xDD44, 0xDD44, 0xDD24, 0xDD44, 0xE564, 0x8343, 0x0862, 0x3927, 
    0x4169, 0x4189, 0x49A9, 0x51CA, 0x51CA, 0x51CA, 0x51EA, 0x51CA, 0x51CA, 0x51CA, 0x51CA, 0x51EA, 
    0x3948, 0x18A2, 0x8B21, 0xD481, 0xCC21, 0x8AE1, 0x20E1, 0xB3E1, 0xC421, 0xC421, 0x6221, 0x0842, 
    0x4168, 0x498A, 0x498A, 0x4989, 0x498A, 0x4989, 0x4189, 0x4989, 0x4168, 0x4169, 0x4168, 0x3127, 
    0x3127, 0x3948, 0x3127, 0x2906, 0x2906, 0x2906, 0x28E6, 0x0841, 0x8B63, 0xE564, 0xDD24, 0xDD23, 
    0xDD23, 0xDD24, 0xDD44, 0xDD23, 0xDD23, 0xDD23, 0xDD23, 0xDD23, 0xDD23, 0xDD23, 0xDD43, 0xDD44, 
    0xE564, 0xE564, 0xE564, 0xE564, 0xE564, 0xE564, 0xE563, 0xE564, 0xE564, 0xE584, 0xE564, 0xE583, 
    0x41A2, 0x18E2, 0x41E4, 0x4204, 0x4204, 0x4204, 0x4204, 0x4204, 0x4204, 0x5286, 0x6B07, 0x62E7, 
    0x4A45, 0x4A25, 0x4225, 0x2943, 0x3184, 0x4A25, 0x4204, 0x4204, 0x41E4, 0x39E4, 0x18E2, 0xA381, 
    0xB3C1, 0xB3C1, 0xB3C1, 0xBC01, 0x6241, 0x0882, 0x18C3, 0x18C2, 0x18C2, 0x10A2, 0x2922, 0x9321, 
    0xBBE1, 0xB3C1, 0xB3C1, 0xA361, 0x20E1, 0x39C4, 0x4204, 0x4204, 0x4204, 0x4204, 0x2943, 0x41E4, 
    0x4A25, 0x39C4, 0x3183, 0x0841, 0x8B83, 0xE584, 0xE564, 0xBC84, 0x1082, 0x3166, 0x41C8, 0x3987, 
    0x49E9, 0x4A09, 0x49E9, 0x4A09, 0x5229, 0x4A09, 0x4A09, 0x49E9, 0x49E8, 0x49E8, 0x49E8, 0x41A7, 
    0x41C7, 0x41C8, 0x3987, 0x3987, 0x3966, 0x2104, 0x0862, 0x18C4, 0x3146, 0x3987, 0x3166, 0x3966, 
    0x3986, 0x3166, 0x3166, 0x3145, 0x2905, 0x18C3, 0x20C1, 0x3122, 0x8AA5, 0x9AE5, 0xB366, 0xAB67, 
    0x9B26, 0x92E6, 0x8AC5, 0x8AE6, 0x9306, 0x9306, 0x9B26, 0x9306, 0x9306, 0x9B26, 0x9B27, 0x9306, 
    0x9306, 0x9306, 0x9B27, 0x9B47, 0x9B26, 0xA326, 0xA325, 0x9AE5, 0x59C3, 0x20C1, 0x18A2, 0x18C3, 
    0x2925, 0x3146, 0x3166, 0x3966, 0x3966, 0x3986, 0x3986, 0x3987, 0x3145, 0x2904, 0x18C3, 0x18C3, 
    0x3966, 0x3987, 0x3987, 0x41A7, 0x41A7, 0x49E8, 0x49E8, 0x49E9, 0x49E9, 0x5209, 0x49E9, 0x49E8, 
    0x49E9, 0x49E9, 0x49E9, 0x5229, 0x49C8, 0x41C8, 0x41C8, 0x41A7, 0x2105, 0x3981, 0xE564, 0xDD64, 
    0xE564, 0xE564, 0xE564, 0xE563, 0xE563, 0xE564, 0xE564, 0xE564, 0xE5A4, 0x8342, 0x0862, 0x3927, 
    0x4168, 0x4189, 0x4989, 0x49A9, 0x49AA, 0x51CA, 0x51EA, 0x51CA, 0x51CA, 0x51EA, 0x51CA, 0x3127, 
    0x18A2, 0x6A80, 0xC421, 0xB3C1, 0xAB81, 0x6221, 0x0042, 0x6A61, 0xCC41, 0xBBE1, 0xABA1, 0x4160, 
    0x18A2, 0x4168, 0x498A, 0x498A, 0x4989, 0x4989, 0x4989, 0x4989, 0x4168, 0x4168, 0x4168, 0x3127, 
    0x3127, 0x3948, 0x3106, 0x3106, 0x28E6, 0x2906, 0x28E6, 0x0841, 0x9383, 0xE564, 0xDD43, 0xDD43, 
    0xDD44, 0xDD64, 0xDD43, 0xDD43, 0xDD43, 0xDD43, 0xDD43, 0xDD43, 0xDD43, 0xDD43, 0xDD43, 0xDD43, 
    0xE564, 0xE584, 0xE583, 0xE584, 0xE584, 0xE584, 0xE584, 0xE584, 0xE584, 0xE5A4, 0xE5A4, 0xEDA4, 
    0x41C2, 0x18E2, 0x41E4, 0x4204, 0x4204, 0x4204, 0x4204, 0x4204, 0x4204, 0x5286, 0x62E7, 0x62E7, 
    0x4A45, 0x4A25, 0x4225, 0x2943, 0x3184, 0x4A25, 0x4204, 0x4204, 0x4204, 0x39C4, 0x18C1, 0xA361, 
    0xB3C1, 0xB3C1, 0xBBE1, 0xAB81, 0x2101, 0x18E3, 0x18E3, 0x18C2, 0x18C2, 0x18C2, 0x10A2, 0x4181, 
    0x9B21, 0xB3C1, 0xB3C1, 0xA381, 0x2101, 0x39C4, 0x4204, 0x4204, 0x4204, 0x4204, 0x2923, 0x39E4, 
    0x4204, 0x39A4, 0x3163, 0x0041, 0x9383, 0xEDA4, 0xE584, 0xBC63, 0x1081, 0x3987, 0x41C8, 0x49C8, 
    0x4A09, 0x49E9, 0x5209, 0x5229, 0x4A09, 0x4A09, 0x49E9, 0x49E9, 0x49E9, 0x49E8, 0x41C8, 0x41A7, 
    0x41A7, 0x39A7, 0x3987, 0x3986, 0x3166, 0x18C3, 0x1082, 0x2925, 0x3146, 0x3986, 0x3966, 0x3966, 
    0x3966, 0x3166, 0x3966, 0x3166, 0x3145, 0x2904, 0x18A3, 0x18C3, 0x3102, 0x61C3, 0x92C5, 0xB366, 
    0xB387, 0xB387, 0xBBC7, 0xC3E8, 0xC3E8, 0xC3E8, 0xC3E8, 0xC3E8, 0xC3C8, 0xC3E8, 0xC3E8, 0xC3E8, 
    0xBBC8, 0xBBC8, 0xB3A7, 0xB3A7, 0xAB46, 0x8AA4, 0x6A03, 0x5182, 0x20C2, 0x10A2, 0x2104, 0x2925, 
    0x3145, 0x3166, 0x3987, 0x3987, 0x3986, 0x3986, 0x3966, 0x2945, 0x3146, 0x3146, 0x2104, 0x1082, 
    0x3166, 0x3987, 0x3966, 0x3987, 0x3987, 0x41C8, 0x41C8, 0x49E8, 0x5209, 0x49E9, 0x49E9, 0x4A09, 
    0x4A09, 0x49E8, 0x49E9, 0x4A09, 0x49E8, 0x49C8, 0x41A7, 0x41C7, 0x2105, 0x3981, 0xE584, 0xE584, 
    0xE584, 0xE584, 0xE584, 0xE584, 0xE584, 0xE584, 0xE564, 0xE584, 0xEDC4, 0x8B63, 0x0842, 0x3127, 
    0x4168, 0x4189, 0x49A9, 0x51EA, 0x51EA, 0x51CA, 0x622A, 0x51EA, 0x51CA, 0x51CA, 0x3127, 0x1882, 
    0x7281, 0xC421, 0xC402, 0x9322, 0x6221, 0x6A41, 0x0882, 0x4182, 0x9321, 0x8AE1, 0xBC01, 0xBBE1, 
    0x4160, 0x1083, 0x4169, 0x498A, 0x498A, 0x4989, 0x4989, 0x4989, 0x4189, 0x4168, 0x4168, 0x3127, 
    0x3127, 0x3948, 0x3106, 0x2906, 0x28E6, 0x2906, 0x2906, 0x0841, 0x93A3, 0xEDA4, 0xE563, 0xE563, 
    0xE584, 0xE583, 0xE563, 0xE563, 0xE563, 0xE563, 0xE563, 0xE563, 0xE563, 0xE563, 0xE563, 0xE563, 
    0xDD43, 0xDD43, 0xDD44, 0xDD44, 0xDD44, 0xDD44, 0xDD64, 0xE564, 0xDD64, 0xE564, 0xE564, 0xE564, 
    0x41A2, 0x18E2, 0x4204, 0x4204, 0x4204, 0x4204, 0x4204, 0x4204, 0x4204, 0x5266, 0x6B07, 0x62E7, 
    0x4A25, 0x4A25, 0x4225, 0x2123, 0x3184, 0x4A25, 0x4204, 0x4204, 0x4204, 0x39E4, 0x18C1, 0xA361, 
    0xBBE1, 0xB3C1, 0x9B61, 0x4181, 0x18C2, 0x41C6, 0x18E3, 0x10A2, 0x18C2, 0x18C2, 0x18C2, 0x0062, 
    0x7260, 0xBBE1, 0xB3A1, 0xAB81, 0x2902, 0x39C4, 0x4204, 0x4204, 0x4204, 0x4204, 0x2123, 0x39C4, 
    0x4A25, 0x39A4, 0x2963, 0x0841, 0x8B63, 0xE564, 0xE564, 0xBC63, 0x10A2, 0x41C8, 0x41C8, 0x49E9, 
    0x49E9, 0x49E8, 0x4A09, 0x5209, 0x49E9, 0x49E9, 0x49E8, 0x49E9, 0x49E9, 0x41A8, 0x41A7, 0x41C8, 
    0x3987, 0x3966, 0x3986, 0x3146, 0x2925, 0x1082, 0x18C3, 0x3146, 0x2925, 0x3146, 0x3966, 0x3966, 
    0x3966, 0x3966, 0x3166, 0x3966, 0x3166, 0x2945, 0x2925, 0x3145, 0x1062, 0x0041, 0x5182, 0x8AA4, 
    0x92C5, 0x9B05, 0xAB66, 0xB366, 0xA326, 0xAB66, 0xAB46, 0xB366, 0xAB66, 0xB366, 0xAB46, 0xAB46, 
    0xAB46, 0xA326, 0x9AC5, 0x92A4, 0x92A4, 0x7203, 0x0861, 0x0861, 0x18C3, 0x2925, 0x2905, 0x3146, 
    0x3966, 0x3966, 0x3966, 0x3987, 0x3987, 0x3987, 0x3166, 0x2104, 0x3146, 0x3166, 0x2925, 0x0040, 
    0x20E4, 0x3166, 0x3146, 0x3166, 0x3966, 0x39A7, 0x41A7, 0x41C8, 0x49C8, 0x49E8, 0x49E8, 0x49E9, 
    0x49E9, 0x5229, 0x49E8, 0x49E8, 0x49E8, 0x49E9, 0x41A7, 0x41A7, 0x2905, 0x3161, 0xDD64, 0xDD64, 
    0xDD44, 0xDD44, 0xDD44, 0xDD44, 0xDD44, 0xDD44, 0xDD43, 0xDD44, 0xE584, 0x8B42, 0x0862, 0x41A7, 
    0x3948, 0x4189, 0x51CA, 0x49A9, 0x49A9, 0x51CA, 0x5A0A, 0x51CA, 0x51CA, 0x2905, 0x18A1, 0x82E1, 
    0xD481, 0xBBE1, 0xC401, 0x7AA1, 0x3121, 0x3962, 0x10A2, 0x2922, 0x51C1, 0x6221, 0xC421, 0xBBC1, 
    0x9B21, 0x3940, 0x1083, 0x4169, 0x4989, 0x4989, 0x4989, 0x4989, 0x4989, 0x4169, 0x4169, 0x3947, 
    0x3927, 0x3948, 0x3127, 0x2906, 0x3106, 0x3106, 0x2906, 0x0841, 0x8B63, 0xE564, 0xDD24, 0xDD44, 
    0xDD43, 0xDD44, 0xDD24, 0xDD23, 0xDD23, 0xDD23, 0xDD23, 0xDD23, 0xDD23, 0xDD23, 0xDD23, 0xDD23, 
    0xE563, 0xE563, 0xE563, 0xE584, 0xE564, 0xE564, 0xE584, 0xE584, 0xE584, 0xE584, 0xE584, 0xE583, 
    0x41A2, 0x18E2, 0x41E4, 0x4204, 0x4204, 0x4205, 0x4225, 0x4204, 0x4204, 0x5286, 0x6B07, 0x5AC6, 
    0x4225, 0x4A25, 0x4A25, 0x2123, 0x31A4, 0x4224, 0x41E4, 0x4204, 0x4204, 0x39E4, 0x18C1, 0xA361, 
    0xBBE1, 0xBBE1, 0x8B01, 0x0862, 0x3164, 0x4A26, 0x18C2, 0x10C2, 0x18C2, 0x18C2, 0x18C2, 0x0882, 
    0x7261, 0xBBE1, 0xB3C1, 0xAB81, 0x2102, 0x39C4, 0x41E4, 0x4204, 0x4204, 0x4204, 0x2123, 0x39C4, 
    0x4225, 0x39A4, 0x2963, 0x0041, 0x9383, 0xED84, 0xE584, 0xBC83, 0x10A2, 0x3987, 0x41A7, 0x41A8, 
    0x49E8, 0x49C8, 0x49E8, 0x49C8, 0x5209, 0x49E9, 0x4A09, 0x41C8, 0x39A7, 0x3987, 0x41C8, 0x3987, 
    0x3166, 0x3166, 0x3966, 0x2104, 0x0861, 0x20E4, 0x3145, 0x3166, 0x18C3, 0x2925, 0x3166, 0x3987, 
    0x3966, 0x3967, 0x3987, 0x3966, 0x3967, 0x3987, 0x3146, 0x2925, 0x3146, 0x2925, 0x18C2, 0x1081, 
    0x20C1, 0x7223, 0x8A63, 0x8A84, 0x8A64, 0x8A64, 0x8263, 0x8264, 0x8264, 0x8263, 0x8264, 0x8263, 
    0x8A64, 0x8263, 0x8243, 0x30E1, 0x1881, 0x18A1, 0x20E4, 0x2925, 0x3146, 0x2905, 0x3146, 0x3986, 
    0x3986, 0x3966, 0x3967, 0x3986, 0x3987, 0x3986, 0x3966, 0x20E4, 0x3145, 0x3146, 0x2925, 0x20E4, 
    0x1081, 0x18C3, 0x3146, 0x3987, 0x3966, 0x3166, 0x3986, 0x3987, 0x41C8, 0x49E8, 0x49C8, 0x49E9, 
    0x4A09, 0x5209, 0x49E8, 0x41C8, 0x49E8, 0x49E8, 0x3987, 0x3987, 0x2104, 0x3982, 0xE584, 0xE563, 
    0xE564, 0xE564, 0xE584, 0xE564, 0xE564, 0xE564, 0xE563, 0xE564, 0xEDA4, 0x8B62, 0x1082, 0x5247, 
    0x5A49, 0x49A9, 0x4189, 0x49A9, 0x49A9, 0x49A9, 0x49AA, 0x49A9, 0x28E5, 0x20C1, 0x8B01, 0xD482, 
    0xC421, 0xC401, 0x8AE1, 0x6A61, 0x0862, 0x10A2, 0x10A2, 0x10A2, 0x0861, 0x7261, 0x82C1, 0xB3C1, 
    0xBBC1, 0x9B21, 0x49A1, 0x1083, 0x3948, 0x498A, 0x4989, 0x4989, 0x4189, 0x4169, 0x4168, 0x3927, 
    0x3927, 0x3948, 0x3126, 0x3106, 0x3106, 0x3106, 0x2906, 0x0841, 0x8B63, 0xE584, 0xE564, 0xE564, 
    0xE563, 0xE563, 0xE563, 0xE563, 0xE563, 0xE563, 0xE543, 0xDD43, 0xDD43, 0xDD43, 0xE563, 0xDD43, 
    0xE583, 0xE563, 0xE563, 0xE584, 0xE584, 0xE584, 0xE563, 0xE584, 0xE584, 0xE584, 0xE584, 0xE584, 
    0x41A2, 0x18E2, 0x39E4, 0x4204, 0x4204, 0x4204, 0x4204, 0x4204, 0x4204, 0x5286, 0x6B07, 0x62C6, 
    0x4205, 0x4225, 0x4A25, 0x2103, 0x3184, 0x4224, 0x4204, 0x4204, 0x4204, 0x39E4, 0x18C1, 0xA361, 
    0xBBE1, 0xBBE1, 0x8AE1, 0x0881, 0x39A5, 0x6288, 0x18E3, 0x18E3, 0x18C2, 0x18C2, 0x18E2, 0x0882, 
    0x7261, 0xBBE1, 0xB3C1, 0xABA1, 0x2101, 0x39A4, 0x4204, 0x4204, 0x4204, 0x4204, 0x2123, 0x39C4, 
    0x4204, 0x39C4, 0x3163, 0x0841, 0x9383, 0xEDA4, 0xE584, 0xBC63, 0x0841, 0x2925, 0x3967, 0x41C8, 
    0x49C8, 0x49E8, 0x49E8, 0x49E9, 0x49E9, 0x49E8, 0x41A8, 0x41A7, 0x41A7, 0x3987, 0x3986, 0x3986, 
    0x3966, 0x3966, 0x2904, 0x1082, 0x10A2, 0x3125, 0x3166, 0x3146, 0x10A2, 0x20E4, 0x3166, 0x3987, 
    0x3966, 0x3987, 0x4187, 0x3987, 0x3966, 0x3987, 0x3966, 0x2925, 0x2925, 0x3166, 0x2925, 0x18C4, 
    0x18C3, 0x28E1, 0x3101, 0x30E1, 0x3101, 0x30E1, 0x30E1, 0x30E1, 0x30E1, 0x30E1, 0x30E1, 0x3101, 
    0x28E1, 0x30E1, 0x30E1, 0x20E3, 0x20E4, 0x20E4, 0x3146, 0x3125, 0x2905, 0x3146, 0x3986, 0x3966, 
    0x3987, 0x3987, 0x3987, 0x3987, 0x3987, 0x3966, 0x3166, 0x1082, 0x2905, 0x3146, 0x3146, 0x3146, 
    0x20E4, 0x1082, 0x2925, 0x3987, 0x3987, 0x3966, 0x3987, 0x3987, 0x41A7, 0x49C8, 0x49E8, 0x49E8, 
    0x49E8, 0x49E8, 0x49E9, 0x41A8, 0x49E8, 0x41C8, 0x3166, 0x3146, 0x18C4, 0x3982, 0xE584, 0xE584, 
    0xE584, 0xE584, 0xE584, 0xE584, 0xE584, 0xE584, 0xE564, 0xE564, 0xEDA4, 0x8B83, 0x1082, 0x5247, 
    0x6AE9, 0x5A69, 0x6269, 0x5A49, 0x4989, 0x4989, 0x4989, 0x4989, 0x0862, 0x82E0, 0xCC41, 0xC402, 
    0xBBE1, 0xC421, 0x51C1, 0x2901, 0x1082, 0x10A2, 0x3962, 0x10A2, 0x1082, 0x49A2, 0x3961, 0xB3C1, 
    0xB3A1, 0xBBE1, 0xABA1, 0x3941, 0x1883, 0x4168, 0x4989, 0x4189, 0x4169, 0x4169, 0x4168, 0x3927, 
    0x3927, 0x3948, 0x3127, 0x2906, 0x3106, 0x3146, 0x3966, 0x0862, 0x9382, 0xEDA4, 0xE564, 0xE564, 
    0xE563, 0xE563, 0xE584, 0xE584, 0xE563, 0xE563, 0xE563, 0xE563, 0xE563, 0xE563, 0xE563, 0xE563, 
    0xDD44, 0xDD44, 0xDD44, 0xDD64, 0xDD44, 0xDD64, 0xDD44, 0xDD44, 0xDD44, 0xDD44, 0xDD44, 0xDD64, 
    0x41A2, 0x18E2, 0x41E4, 0x4204, 0x4204, 0x4204, 0x4205, 0x4225, 0x4204, 0x5A86, 0x6B07, 0x62C7, 
    0x4225, 0x4225, 0x4225, 0x2123, 0x3184, 0x4A24, 0x4204, 0x4204, 0x4204, 0x39E4, 0x18E2, 0xAB81, 
    0xBBC1, 0xBBE1, 0x8B01, 0x1081, 0x39A5, 0x6AE9, 0x2944, 0x18E3, 0x18C2, 0x18E3, 0x18C2, 0x0882, 
    0x7281, 0xBBE1, 0xB3C1, 0xAB81, 0x20E1, 0x39A4, 0x4204, 0x4204, 0x4204, 0x4204, 0x2123, 0x39C4, 
    0x4204, 0x39C4, 0x3183, 0x0861, 0x8B63, 0xE564, 0xDD64, 0xC4A3, 0x41A1, 0x2104, 0x3967, 0x41A8, 
    0x41C8, 0x49E8, 0x41C8, 0x41C8, 0x49C8, 0x49C8, 0x3987, 0x39A7, 0x41A8, 0x4187, 0x3166, 0x3966, 
    0x3166, 0x2925, 0x10A2, 0x1082, 0x2925, 0x3146, 0x3166, 0x3145, 0x0861, 0x18C3, 0x3146, 0x3987, 
    0x3966, 0x3987, 0x3987, 0x3987, 0x3987, 0x3987, 0x3987, 0x3166, 0x2905, 0x2925, 0x3146, 0x3145, 
    0x3146, 0x18C3, 0x1082, 0x1082, 0x1082, 0x1082, 0x0882, 0x1082, 0x1082, 0x1082, 0x1082, 0x1082, 
    0x1082, 0x1082, 0x10A3, 0x2925, 0x3166, 0x3146, 0x3145, 0x2905, 0x2925, 0x3987, 0x3987, 0x3987, 
    0x3987, 0x3987, 0x3987, 0x3966, 0x3987, 0x3166, 0x2925, 0x0861, 0x2104, 0x3146, 0x3146, 0x3166, 
    0x3145, 0x10A2, 0x18C3, 0x3166, 0x3986, 0x3986, 0x3986, 0x3987, 0x39A7, 0x41A7, 0x49E8, 0x41C8, 
    0x49C8, 0x49E8, 0x41C8, 0x41C8, 0x49C8, 0x39A7, 0x3166, 0x2925, 0x20E3, 0x6262, 0xDD44, 0xDD43, 
    0xDD44, 0xDD44, 0xDD44, 0xDD44, 0xDD44, 0xDD44, 0xDD44, 0xDD44, 0xE564, 0x8B63, 0x10A2, 0x5A67, 
    0x6AC9, 0x730A, 0x7B4B, 0x730A, 0x5209, 0x5A2A, 0x5A2A, 0x51C9, 0x2925, 0x3941, 0xA341, 0xC401, 
    0xBBE1, 0xC421, 0x49C2, 0x0882, 0x1082, 0x10A1, 0x8B01, 0x18C2, 0x10A2, 0x1082, 0x2901, 0xB3C1, 
    0xB3C1, 0xB3A1, 0xB3C1, 0x9B41, 0x1080, 0x3127, 0x49AA, 0x4189, 0x4169, 0x4169, 0x4169, 0x3947, 
    0x3927, 0x4148, 0x3127, 0x3126, 0x3146, 0x41C6, 0x49E6, 0x1082, 0x8B63, 0xE564, 0xDD24, 0xDD24, 
    0xDD24, 0xDD23, 0xDD24, 0xDD24, 0xDD43, 0xDD24, 0xDD24, 0xDD23, 0xDD23, 0xDD23, 0xDD24, 0xDD24, 
    0xE584, 0xE584, 0xE584, 0xE584, 0xE584, 0xE583, 0xE584, 0xE584, 0xE564, 0xE564, 0xE564, 0xE5A4, 
    0x41A2, 0x18E2, 0x41E4, 0x4204, 0x4204, 0x4204, 0x4205, 0x4225, 0x4204, 0x5A86, 0x6B07, 0x62C7, 
    0x4A25, 0x4225, 0x4225, 0x2123, 0x31A4, 0x4224, 0x4204, 0x4204, 0x4204, 0x39E4, 0x20E2, 0xA361, 
    0xB3C1, 0xB3C1, 0x9321, 0x10A1, 0x2103, 0x5A88, 0x41E6, 0x18E2, 0x18C2, 0x18E3, 0x10A2, 0x10A1, 
    0x82A1, 0xB3C1, 0xB3A1, 0xA380, 0x20E1, 0x39C4, 0x4204, 0x4204, 0x4204, 0x4204, 0x2123, 0x39C4, 
    0x4A25, 0x39C4, 0x3183, 0x0861, 0x8B63, 0xE584, 0xE584, 0xE584, 0xD523, 0x18C1, 0x3166, 0x3987, 
    0x3987, 0x49E8, 0x41C8, 0x41C8, 0x41C8, 0x41A8, 0x41A7, 0x3987, 0x3966, 0x3986, 0x3966, 0x3166, 
    0x3146, 0x18A2, 0x0881, 0x2925, 0x3166, 0x3166, 0x3146, 0x3145, 0x1082, 0x18C3, 0x3146, 0x3987, 
    0x3967, 0x3987, 0x3987, 0x3987, 0x3987, 0x3987, 0x39A7, 0x3987, 0x3987, 0x2925, 0x2104, 0x2925, 
    0x3166, 0x3166, 0x3146, 0x3166, 0x3166, 0x2945, 0x2925, 0x3145, 0x3145, 0x3145, 0x3146, 0x3146, 
    0x3146, 0x3146, 0x3166, 0x3166, 0x3145, 0x2904, 0x2104, 0x2945, 0x3987, 0x3987, 0x3987, 0x3987, 
    0x3987, 0x3987, 0x3987, 0x3987, 0x3966, 0x3966, 0x3166, 0x1082, 0x2104, 0x3146, 0x3146, 0x3166, 
    0x3146, 0x2905, 0x0861, 0x18E3, 0x3146, 0x3967, 0x3987, 0x3986, 0x3986, 0x3987, 0x39A7, 0x3987, 
    0x41A7, 0x41A7, 0x41C8, 0x3987, 0x3986, 0x3987, 0x3987, 0x20E4, 0x5202, 0xEDA3, 0xE563, 0xE584, 
    0xE564, 0xE563, 0xE564, 0xE564, 0xE584, 0xE584, 0xE584, 0xDD44, 0xE564, 0x8B43, 0x10A2, 0x5A67, 
    0x62C9, 0x6AC9, 0x6AE9, 0x7B4B, 0x838B, 0x93ED, 0x93CC, 0x7B4B, 0x49E8, 0x2105, 0x3920, 0xAB81, 
    0xBBE1, 0xBC01, 0x49C2, 0x0882, 0x2921, 0x6221, 0xA3A1, 0x41A2, 0x3142, 0x0882, 0x2901, 0xB3A1, 
    0xB3C1, 0xABC1, 0xA361, 0x3940, 0x18A4, 0x4989, 0x4189, 0x4189, 0x4169, 0x4168, 0x4168, 0x3947, 
    0x3147, 0x4167, 0x3986, 0x4A06, 0x49E6, 0x49E6, 0x41E5, 0x0882, 0x8B43, 0xDD44, 0xDD24, 0xE564, 
    0xE564, 0xE563, 0xE564, 0xE564, 0xE564, 0xE564, 0xE564, 0xE563, 0xE563, 0xE564, 0xE564, 0xE564, 
    0xE584, 0xE564, 0xE584, 0xE564, 0xE564, 0xE564, 0xE564, 0xE564, 0xE564, 0xE564, 0xE584, 0xEDA4, 
    0x41A2, 0x18E2, 0x4204, 0x4205, 0x4204, 0x4204, 0x4224, 0x4225, 0x4204, 0x5AA6, 0x6B07, 0x62E7, 
    0x4A25, 0x4224, 0x4224, 0x2123, 0x31A4, 0x4225, 0x4204, 0x4204, 0x4204, 0x39C4, 0x18C2, 0xA361, 
    0xB3C1, 0xB3C1, 0xBBC1, 0x6201, 0x0041, 0x18E3, 0x39A5, 0x2103, 0x18C2, 0x18C2, 0x1082, 0x6A21, 
    0xB3A1, 0xB3A1, 0xB3A1, 0xA381, 0x20E1, 0x39A4, 0x4204, 0x4204, 0x4204, 0x41E4, 0x2102, 0x39C4, 
    0x4A25, 0x39E4, 0x31A4, 0x0861, 0x8B63, 0xE564, 0xDD64, 0xE564, 0xCCE3, 0x20E1, 0x2104, 0x3146, 
    0x3987, 0x3987, 0x3987, 0x41A8, 0x41A7, 0x3987, 0x3987, 0x3987, 0x3987, 0x3987, 0x3966, 0x3146, 
    0x18C3, 0x18C3, 0x3145, 0x3146, 0x3166, 0x3166, 0x2925, 0x2925, 0x1082, 0x18C3, 0x3146, 0x3987, 
    0x3987, 0x3987, 0x39A7, 0x39A7, 0x3987, 0x3987, 0x3987, 0x3987, 0x3987, 0x3987, 0x3146, 0x2925, 
    0x2905, 0x2104, 0x2905, 0x2925, 0x3146, 0x3166, 0x3966, 0x3966, 0x3146, 0x3146, 0x3146, 0x3166, 
    0x3146, 0x2945, 0x2925, 0x2925, 0x2904, 0x3145, 0x3966, 0x3987, 0x3987, 0x3987, 0x3987, 0x3987, 
    0x3987, 0x3987, 0x3987, 0x3987, 0x3987, 0x3987, 0x2945, 0x0882, 0x18C3, 0x2925, 0x2925, 0x3146, 
    0x3146, 0x3146, 0x2925, 0x1082, 0x10A2, 0x3146, 0x3987, 0x3966, 0x3966, 0x3966, 0x3987, 0x3987, 
    0x3987, 0x3966, 0x3987, 0x3987, 0x3987, 0x3146, 0x3145, 0x10A3, 0x5202, 0xE563, 0xDD44, 0xE564, 
    0xE564, 0xE564, 0xE564, 0xE564, 0xE564, 0xE584, 0xE564, 0xDD44, 0xCCC3, 0x6A82, 0x1082, 0x5247, 
    0x62A8, 0x6AC9, 0x62A8, 0x7B6B, 0x7B6B, 0x838B, 0x93ED, 0x8BEC, 0x83AC, 0x83AC, 0x41C6, 0x20C0, 
    0xABA1, 0xC441, 0x9B61, 0x18E2, 0x3961, 0xBC01, 0xBC01, 0xC401, 0x49C2, 0x0862, 0x6A41, 0xB3C1, 
    0xB3C1, 0xA361, 0x28E0, 0x18A3, 0x4168, 0x4169, 0x4169, 0x4188, 0x4188, 0x4188, 0x5207, 0x5247, 
    0x5227, 0x5227, 0x5226, 0x49E6, 0x49E6, 0x49E6, 0x41C5, 0x0861, 0x72A2, 0xCCA3, 0xC4A3, 0xE564, 
    0xE564, 0xE564, 0xE564, 0xE564, 0xE564, 0xE564, 0xE564, 0xE564, 0xE564, 0xE564, 0xE563, 0xE544, 
    0xDD44, 0xDD44, 0xDD44, 0xDD44, 0xDD44, 0xDD44, 0xDD44, 0xDD44, 0xDD64, 0xDD64, 0xCCE4, 0xC4A3, 
    0x3961, 0x18E2, 0x4204, 0x4205, 0x4204, 0x4205, 0x4204, 0x4205, 0x4204, 0x5286, 0x62E7, 0x5AC6, 
    0x4225, 0x4204, 0x4204, 0x2123, 0x31A4, 0x4205, 0x4204, 0x4204, 0x4204, 0x39C4, 0x18E2, 0xA361, 
    0xB3A0, 0xB3A1, 0xB3C1, 0xAB81, 0x59E1, 0x0882, 0x0861, 0x0861, 0x0861, 0x10A1, 0x6241, 0xA360, 
    0xABA1, 0xB3A1, 0xABA1, 0x9B20, 0x18C1, 0x31A4, 0x41E4, 0x39E4, 0x39E4, 0x2963, 0x20E2, 0x41E4, 
    0x4204, 0x41E4, 0x3183, 0x0881, 0x7AE2, 0xBC83, 0xC4C3, 0xDD44, 0xDD23, 0xB443, 0x2902, 0x20E4, 
    0x2925, 0x3166, 0x3966, 0x3166, 0x3146, 0x3166, 0x3966, 0x3966, 0x3966, 0x3166, 0x2925, 0x18C3, 
    0x20E4, 0x2925, 0x3166, 0x3146, 0x2925, 0x2925, 0x2104, 0x20E4, 0x0861, 0x18C3, 0x3146, 0x3987, 
    0x3987, 0x3987, 0x3987, 0x41A7, 0x3987, 0x3987, 0x3987, 0x3987, 0x3987, 0x3987, 0x3987, 0x3986, 
    0x3966, 0x3166, 0x3166, 0x3145, 0x2925, 0x2925, 0x2925, 0x2925, 0x2945, 0x2945, 0x2925, 0x2925, 
    0x2925, 0x2925, 0x3146, 0x3966, 0x3986, 0x3987, 0x3987, 0x3987, 0x3987, 0x3987, 0x3987, 0x3987, 
    0x3987, 0x3987, 0x3987, 0x3967, 0x3987, 0x3986, 0x2925, 0x0861, 0x1082, 0x20E4, 0x20E4, 0x2905, 
    0x2925, 0x3145, 0x3146, 0x2905, 0x20E4, 0x10A2, 0x3145, 0x3966, 0x3966, 0x3966, 0x3166, 0x3966, 
    0x3966, 0x3986, 0x3987, 0x3166, 0x3146, 0x2925, 0x1082, 0x3141, 0x9B82, 0xBC63, 0xDD44, 0xDD44, 
    0xDD44, 0xDD44, 0xDD44, 0xDD44, 0xDD44, 0xDD44, 0xBC43, 0xBC42, 0xB422, 0x6A82, 0x1082, 0x5226, 
    0x62A8, 0x6AC9, 0x6AE9, 0x7B2A, 0x7B4A, 0x8BAC, 0x8BCC, 0x8BEC, 0x8BAC, 0x8BAC, 0x7B6B, 0x41C6, 
    0x3941, 0xC441, 0xCC61, 0x9321, 0x2901, 0x8B01, 0xC421, 0x8B01, 0x18C1, 0x6241, 0xB3E1, 0xB3C1, 
    0xA361, 0x20C0, 0x3165, 0x6289, 0x6ACA, 0x62A9, 0x5A69, 0x62A9, 0x6288, 0x5A88, 0x5A68, 0x5A67, 
    0x5247, 0x5A47, 0x4A06, 0x49E6, 0x49E6, 0x49E6, 0x41C5, 0x0861, 0x6A82, 0xBC22, 0xB422, 0xBC62, 
    0xB423, 0xC4A3, 0xE564, 0xDD64, 0xDD44, 0xDD44, 0xDD44, 0xDD44, 0xDD43, 0xDD43, 0xDD23, 0xDD23, 
    0xE584, 0xE584, 0xE583, 0xE584, 0xE584, 0xE584, 0xE584, 0xE564, 0xD4E4, 0xCCC3, 0xCCA3, 0xB423, 
    0x3961, 0x18E3, 0x39C4, 0x4205, 0x4204, 0x4204, 0x4204, 0x4204, 0x4204, 0x5286, 0x6B07, 0x62C7, 
    0x4A25, 0x4204, 0x4204, 0x2123, 0x31A4, 0x4225, 0x4205, 0x4205, 0x4204, 0x39C4, 0x18E2, 0xA360, 
    0xB3C0, 0xB3C1, 0xB3C1, 0xB3C1, 0xB3C1, 0x7281, 0x7281, 0x7AA1, 0x82C1, 0xA361, 0xAB80, 0x9B20, 
    0x9301, 0x7A81, 0x6A41, 0x51C1, 0x2102, 0x3163, 0x2943, 0x18E2, 0x10A2, 0x18C2, 0x3184, 0x5265, 
    0x4224, 0x39C4, 0x3163, 0x0861, 0x72A2, 0xC483, 0xC483, 0xCCC3, 0xE564, 0xCCE3, 0xAC24, 0x20E1, 
    0x18C3, 0x2946, 0x2945, 0x3146, 0x3146, 0x3966, 0x3966, 0x3966, 0x3146, 0x2925, 0x18C3, 0x20E4, 
    0x3166, 0x3966, 0x3145, 0x2905, 0x20E4, 0x1082, 0x0860, 0x28E1, 0x1081, 0x20E4, 0x3146, 0x3987, 
    0x3987, 0x3987, 0x3987, 0x4187, 0x39A7, 0x3987, 0x3987, 0x3987, 0x3987, 0x3987, 0x3987, 0x3987, 
    0x3987, 0x3987, 0x3967, 0x3166, 0x3146, 0x2925, 0x2925, 0x2925, 0x2925, 0x2925, 0x2925, 0x2925, 
    0x3146, 0x3146, 0x3966, 0x3987, 0x3987, 0x3987, 0x3987, 0x3987, 0x3987, 0x3987, 0x3987, 0x3987, 
    0x3987, 0x3987, 0x3987, 0x3987, 0x3987, 0x3986, 0x2945, 0x0861, 0x18A0, 0x20C1, 0x1081, 0x18C3, 
    0x2925, 0x2905, 0x2925, 0x2925, 0x2925, 0x18C3, 0x20E4, 0x3145, 0x3146, 0x3966, 0x3987, 0x3987, 
    0x3986, 0x3966, 0x3166, 0x2925, 0x2925, 0x18A3, 0x2901, 0x72C2, 0xC463, 0xCCA3, 0xCCC3, 0xDD44, 
    0xE564, 0xE564, 0xE584, 0xE564, 0xD4E3, 0xBC63, 0xBC42, 0xBC22, 0xB402, 0x41A1, 0x10A2, 0x39A5, 
    0x62A8, 0x6AC9, 0x62A9, 0x732A, 0x732A, 0x836B, 0x838B, 0x8BCC, 0x8BAC, 0x8BCC, 0x83AC, 0x838C, 
    0x4A06, 0x4161, 0xBBE1, 0xA361, 0x3121, 0x20E1, 0x3981, 0x20E1, 0x20E1, 0xA381, 0xB3E1, 0xA361, 
    0x2901, 0x41C6, 0x6AEA, 0x732A, 0x732A, 0x732A, 0x6AC9, 0x62C9, 0x6288, 0x5A88, 0x5A68, 0x5A67, 
    0x5A67, 0x5A47, 0x4A06, 0x49E5, 0x41E5, 0x49E6, 0x3985, 0x0861, 0x7AC2, 0xB422, 0xABE2, 0xABE2, 
    0xB423, 0xBC42, 0xBC43, 0xD4E3, 0xE563, 0xE563, 0xE564, 0xE563, 0xE563, 0xE563, 0xE563, 0xE563, 
    0xE564, 0xE564, 0xE564, 0xE564, 0xE564, 0xE564, 0xE564, 0xDD64, 0xBC43, 0xC483, 0xABE2, 0xABE2, 
    0x41A2, 0x18E3, 0x2963, 0x39C4, 0x4204, 0x4204, 0x4204, 0x4204, 0x4204, 0x5286, 0x6B07, 0x62E7, 
    0x4A25, 0x4A25, 0x4A25, 0x2123, 0x39A4, 0x4225, 0x4204, 0x4204, 0x4204, 0x39C4, 0x18C2, 0x9B21, 
    0xC400, 0xBC00, 0xB3C1, 0xAB81, 0xA381, 0xA381, 0x9321, 0x7AC2, 0x5A02, 0x3961, 0x2921, 0x10A1, 
    0x1081, 0x0841, 0x0861, 0x0882, 0x10C2, 0x18E2, 0x1903, 0x2923, 0x3183, 0x41E4, 0x5265, 0x4A25, 
    0x4225, 0x39C4, 0x2963, 0x0861, 0x6A62, 0xAC02, 0xBC42, 0xCCA3, 0xC4A3, 0xB422, 0xBC63, 0xABC2, 
    0x2901, 0x1081, 0x10A1, 0x2904, 0x3146, 0x3146, 0x2925, 0x3146, 0x2104, 0x2104, 0x2925, 0x3145, 
    0x2945, 0x2925, 0x1082, 0x1081, 0x0861, 0x2921, 0x8B42, 0x9B82, 0x20C1, 0x18C4, 0x3146, 0x3146, 
    0x3987, 0x3987, 0x3987, 0x41A7, 0x41A7, 0x3987, 0x3987, 0x41A7, 0x41A7, 0x41A7, 0x3987, 0x41A7, 
    0x41A7, 0x41A6, 0x4186, 0x3986, 0x3986, 0x3986, 0x3986, 0x41A7, 0x41A7, 0x4186, 0x3986, 0x3986, 
    0x41A7, 0x41A7, 0x3986, 0x41A7, 0x41A7, 0x41A7, 0x41A7, 0x41A7, 0x41A7, 0x3987, 0x3987, 0x3987, 
    0x4187, 0x3987, 0x3986, 0x3986, 0x3986, 0x3166, 0x2925, 0x0862, 0x72A1, 0xA3C2, 0x6A61, 0x0861, 
    0x18C2, 0x10A1, 0x18C3, 0x2904, 0x2925, 0x2925, 0x2104, 0x20E4, 0x2104, 0x3146, 0x3166, 0x3146, 
    0x3145, 0x2925, 0x2925, 0x1082, 0x0861, 0x2901, 0xB422, 0xAC02, 0xBC43, 0xD503, 0xBC63, 0xDD44, 
    0xE564, 0xE564, 0xE564, 0xCCC3, 0xC483, 0xB422, 0xABE2, 0xAC02, 0x9BA2, 0x10A2, 0x5AA8, 0x18C2, 
    0x4A06, 0x62A8, 0x6AE9, 0x7B4A, 0x7B4B, 0x7B4B, 0x7B4B, 0x8BCC, 0x8BCC, 0x940D, 0x8BCC, 0x8BCC, 
    0x836B, 0x41E6, 0x3941, 0xBC01, 0xAB81, 0xA361, 0xA361, 0xA361, 0xA361, 0xC401, 0x9321, 0x20C1, 
    0x4A07, 0x730A, 0x732B, 0x732A, 0x732A, 0x732A, 0x6AC9, 0x62C9, 0x6288, 0x6288, 0x5A68, 0x5A68, 
    0x5A67, 0x5A67, 0x4A06, 0x49E6, 0x41C5, 0x41C5, 0x20E3, 0x0841, 0x5202, 0xB402, 0x9BA2, 0xA3C2, 
    0xABC2, 0xB402, 0xBC42, 0xB402, 0xDD43, 0xE564, 0xE564, 0xE564, 0xE564, 0xE564, 0xE543, 0xE563, 
    0xDD44, 0xDD64, 0xDD64, 0xDD64, 0xE564, 0xE564, 0xDD44, 0xBC43, 0xB423, 0xBC43, 0xABE2, 0xAC02, 
    0xA3A2, 0x4181, 0x10A2, 0x2963, 0x4204, 0x4205, 0x4204, 0x4204, 0x39E4, 0x5266, 0x6B07, 0x5AC6, 
    0x4225, 0x4A25, 0x4A25, 0x2123, 0x3183, 0x4204, 0x4204, 0x41E4, 0x41E4, 0x4204, 0x39A4, 0x3122, 
    0x6221, 0x59E1, 0x4161, 0x20E1, 0x18A1, 0x1081, 0x0861, 0x0862, 0x0882, 0x10A2, 0x18C2, 0x18E2, 
    0x2123, 0x3183, 0x39C4, 0x4225, 0x41E4, 0x4204, 0x4204, 0x4204, 0x4A25, 0x5265, 0x4A25, 0x4205, 
    0x4204, 0x2963, 0x10A2, 0x6242, 0x9B82, 0xABE2, 0xB402, 0xBC43, 0xC463, 0xAC02, 0xAC02, 0xABE2, 
    0x9362, 0x9362, 0x8302, 0x1081, 0x0841, 0x0861, 0x0841, 0x0841, 0x0841, 0x0841, 0x0861, 0x0841, 
    0x0841, 0x0021, 0x5A01, 0x8B42, 0x9382, 0x9B82, 0xABE2, 0xA3C2, 0x72A2, 0x72A2, 0x8303, 0x8303, 
    0x8B23, 0x8B43, 0x8B23, 0x8B43, 0x8B23, 0x9343, 0x9363, 0x9363, 0x9363, 0x9363, 0x9B83, 0x9B83, 
    0x9B63, 0x9B83, 0x9B83, 0x9363, 0x9363, 0x9363, 0x9B83, 0x9B83, 0x9B63, 0x9B83, 0x9B63, 0x9B83, 
    0x9B83, 0x9B63, 0x9363, 0x9363, 0x9B83, 0x9B83, 0x9B83, 0x9B83, 0x8B43, 0x9343, 0x8B43, 0x8B23, 
    0x8B23, 0x8B23, 0x8B23, 0x9343, 0x8B23, 0x8303, 0x82E2, 0x7AC1, 0x9361, 0xABC2, 0x9BA2, 0x9362, 
    0x9BA2, 0x8322, 0x1081, 0x0841, 0x0841, 0x0841, 0x0841, 0x0841, 0x0841, 0x0841, 0x0862, 0x0862, 
    0x0841, 0x0841, 0x0041, 0x6242, 0x9362, 0x9362, 0xA3C2, 0xA3C2, 0xAC02, 0xBC42, 0xD503, 0xDD44, 
    0xDD44, 0xDD44, 0xD504, 0xBC63, 0xB443, 0xB422, 0xABE2, 0xABE2, 0x9362, 0x1081, 0x62A8, 0x6AE9, 
    0x10A2, 0x3985, 0x5A88, 0x7B4B, 0x7B6B, 0x836B, 0x7B6B, 0x8BCC, 0x8BAC, 0x8BCC, 0x83AC, 0x8BAC, 
    0x83AC, 0x7B4A, 0x39A5, 0x3961, 0xB3E1, 0xBBE1, 0xBBE1, 0xB3C1, 0xC401, 0x7A81, 0x2902, 0x5248, 
    0x730A, 0x732A, 0x732A, 0x7B4B, 0x732B, 0x6AEA, 0x6AC9, 0x6AC9, 0x62A8, 0x5A88, 0x5A68, 0x5A68, 
    0x5A67, 0x5A47, 0x4A06, 0x49E6, 0x39A5, 0x18A2, 0x2103, 0x2944, 0x4181, 0xABE2, 0x9B82, 0xA3A2, 
    0xA3C2, 0xABE2, 0xB402, 0xA3C2, 0xB423, 0xDD23, 0xDD43, 0xDD43, 0xDD43, 0xDD43, 0xDD43, 0xDD43, 
    0xE584, 0xE584, 0xE584, 0xE584, 0xE584, 0xE584, 0xC4A3, 0xB402, 0xABE2, 0xABE2, 0xB402, 0xAC02, 
    0xAC02, 0x6262, 0x1081, 0x18C2, 0x39C4, 0x39E4, 0x4204, 0x4204, 0x39E4, 0x4A25, 0x62E7, 0x62C6, 
    0x4224, 0x4204, 0x39C4, 0x3183, 0x2123, 0x3183, 0x39A4, 0x2963, 0x2943, 0x2943, 0x2943, 0x10A2, 
    0x0882, 0x0882, 0x10A2, 0x18E2, 0x2103, 0x2963, 0x3183, 0x3183, 0x39A4, 0x39C4, 0x39C4, 0x39E4, 
    0x39E4, 0x4204, 0x4204, 0x4224, 0x4224, 0x4224, 0x4224, 0x4A25, 0x4A24, 0x4204, 0x4204, 0x4205, 
    0x39C4, 0x2943, 0x0841, 0x8302, 0xABE2, 0xABE2, 0xABE2, 0xAC02, 0xC4A3, 0xC483, 0xBC22, 0xCCA3, 
    0xAC02, 0xA3A2, 0x9BA2, 0x7AE2, 0x72C2, 0x7AC2, 0x72C2, 0x72A2, 0x72A2, 0x72C2, 0x72C2, 0x72A2, 
    0x72C2, 0x7AE2, 0x9362, 0xA3C2, 0xABE2, 0xABE2, 0xABE2, 0xABE2, 0xABE2, 0xABE2, 0xABE2, 0xABE2, 
    0xAC02, 0xB402, 0xABE2, 0xABC2, 0xABE2, 0xABE2, 0xABE2, 0xB402, 0xB402, 0xABE2, 0xB3E2, 0xB402, 
    0xABE2, 0xABC2, 0xA3C2, 0xABC2, 0xABC2, 0xA3C2, 0xABC2, 0xABE2, 0xABE2, 0xABE2, 0xABE2, 0xA3C2, 
    0xABC2, 0xABE2, 0xABE2, 0xABE2, 0xABE2, 0xA3C2, 0xABE2, 0xABE2, 0xABE2, 0xAC02, 0xAC02, 0xABE2, 
    0xABE2, 0xABE2, 0xB402, 0xB3E2, 0xB3E2, 0xB402, 0xB402, 0xB402, 0xB402, 0xAC02, 0xABE2, 0xABE2, 
    0xB402, 0xABC2, 0x7AE2, 0x7AC2, 0x7AC2, 0x72C1, 0x72C2, 0x7AE2, 0x7AC2, 0x72A2, 0x72A2, 0x72A2, 
    0x6A82, 0x6A82, 0x6A82, 0x9362, 0xABE2, 0xABE2, 0xB443, 0xC4A3, 0xD503, 0xCCC3, 0xE584, 0xE584, 
    0xE584, 0xE584, 0xD503, 0xC463, 0xB422, 0xAC02, 0xB402, 0xABE3, 0x9B82, 0x3141, 0x3165, 0x734B, 
    0x7B6B, 0x4A06, 0x20E3, 0x2944, 0x5227, 0x730A, 0x7B6B, 0x838C, 0x836B, 0x836B, 0x83AC, 0x8BCC, 
    0x838B, 0x838B, 0x730A, 0x39A5, 0x4180, 0xABA1, 0xC401, 0xB3C1, 0x7260, 0x20E2, 0x5248, 0x7B4B, 
    0x732A, 0x730A, 0x730A, 0x730A, 0x6AEA, 0x6AE9, 0x6AE9, 0x62A8, 0x6288, 0x5A88, 0x5A68, 0x5A67, 
    0x5A67, 0x5A47, 0x41C5, 0x2903, 0x18E2, 0x39A5, 0x5247, 0x2944, 0x3961, 0xABE2, 0xA3C2, 0xABE2, 
    0xABE2, 0xA3C2, 0xA3C2, 0xC462, 0xB422, 0xDD43, 0xE583, 0xE563, 0xE563, 0xE563, 0xE583, 0xE583, 
    0xE564, 0xE564, 0xE564, 0xE564, 0xE564, 0xDD64, 0xABE2, 0xC483, 0xC463, 0xABE2, 0xABE2, 0xA3C2, 
    0x9BA2, 0xA3E2, 0x82E2, 0x3121, 0x10C2, 0x3184, 0x39C4, 0x4204, 0x39E4, 0x4A45, 0x6B07, 0x5AA6, 
    0x5265, 0x4A25, 0x4A25, 0x4225, 0x2963, 0x10C2, 0x18C2, 0x18E2, 0x18E2, 0x2943, 0x3163, 0x3163, 
    0x3184, 0x31A4, 0x4205, 0x4A45, 0x4A45, 0x4225, 0x4A25, 0x4A45, 0x4A25, 0x4A25, 0x4A25, 0x4A25, 
    0x4A25, 0x4A45, 0x4A45, 0x4A25, 0x4224, 0x4225, 0x4225, 0x39E4, 0x39C4, 0x39C4, 0x31A3, 0x3183, 
    0x2943, 0x18C2, 0x5202, 0x9B82, 0xA3C2, 0xABE2, 0xA3A2, 0xA3C2, 0xABE2, 0xDD24, 0xBC63, 0xBC42, 
    0xB422, 0xC483, 0xB423, 0xB402, 0xAC02, 0xB402, 0xB422, 0xAC02, 0xAC02, 0xB402, 0xB422, 0xAC02, 
    0xABE2, 0xABE2, 0xABE2, 0xABE2, 0xABE2, 0xAC02, 0xABE2, 0xAC02, 0xABE2, 0xABE2, 0xABE2, 0xABE2, 
    0xABE2, 0xABE2, 0xABC2, 0xABC2, 0xA3C2, 0xA3C2, 0xA3C2, 0xA3C2, 0xA3C2, 0xABE2, 0xABE2, 0xABC2, 
    0xABE2, 0xABE2, 0xABE2, 0xABE2, 0xABE2, 0xAC02, 0xABE2, 0xABE2, 0xAC02, 0xAC02, 0xABE2, 0xAC02, 
    0xABE2, 0xAC02, 0xB402, 0xAC02, 0xABE2, 0xABE2, 0xABE2, 0xABE2, 0xABE2, 0xABE2, 0xABE2, 0xABE2, 
    0xABE2, 0xABE2, 0xABE2, 0xABE2, 0xABC2, 0xABE2, 0xABE2, 0xA3C2, 0xABC2, 0xA3C2, 0xA3C2, 0xA3A2, 
    0xA3C2, 0xABE2, 0xABE2, 0xABC2, 0xABE2, 0xABE2, 0xAC02, 0xABE2, 0xB402, 0xABE2, 0xABE2, 0xA3C2, 
    0xA3C2, 0xABE2, 0xABE2, 0xB422, 0xBC42, 0xABE2, 0xBC42, 0xCCE3, 0xE564, 0xE564, 0xE564, 0xE564, 
    0xDD64, 0xE584, 0xBC43, 0xABE2, 0xBC63, 0xB402, 0xA3C2, 0xA3C2, 0xABE2, 0x9363, 0x20C1, 0x3185, 
    0x83AC, 0x83CC, 0x6B0A, 0x4A06, 0x2123, 0x2103, 0x4A06, 0x5A88, 0x838B, 0x838B, 0x8BAC, 0x8BED, 
    0x8BCC, 0x836B, 0x836B, 0x732A, 0x3144, 0x5A01, 0xB3C1, 0x6A41, 0x1082, 0x41E6, 0x7B6B, 0x7B6B, 
    0x7B4B, 0x732A, 0x730A, 0x6AE9, 0x6AEA, 0x730A, 0x62C9, 0x62A9, 0x62A8, 0x62A8, 0x5A88, 0x5247, 
    0x49E6, 0x3144, 0x18C2, 0x2103, 0x39C5, 0x5A47, 0x39A5, 0x1061, 0x6242, 0xA3C2, 0xA3C2, 0xA3C2, 
    0xA3C2, 0xA3A2, 0xA3C2, 0xB423, 0xAC02, 0xD523, 0xE563, 0xE543, 0xE543, 0xE563, 0xDD63, 0xE563, 
    0xDD44, 0xDD64, 0xDD64, 0xDD64, 0xE564, 0xDD64, 0xC4A3, 0xB423, 0xAC03, 0xA3C2, 0xA3C2, 0xA3C2, 
    0xABE2, 0xA3C2, 0xB422, 0x7AE2, 0x2901, 0x0881, 0x2123, 0x39A4, 0x39C4, 0x5265, 0x62C7, 0x62C7, 
    0x4A45, 0x4A25, 0x4225, 0x4204, 0x41E4, 0x39C4, 0x4204, 0x4A45, 0x5265, 0x5285, 0x5265, 0x4A45, 
    0x4A25, 0x4A25, 0x4A25, 0x4A45, 0x4A45, 0x4A25, 0x4225, 0x4225, 0x4A25, 0x4224, 0x4204, 0x4224, 
    0x39C4, 0x39C4, 0x39C4, 0x39C4, 0x39C4, 0x39C4, 0x31A4, 0x3183, 0x2963, 0x2943, 0x2123, 0x1081, 
    0x10A1, 0x5A22, 0xA3C2, 0xA3A2, 0xA3A2, 0xA3A2, 0xABE2, 0xB422, 0xC483, 0xDD44, 0xDD44, 0xC4A3, 
    0xCCC3, 0xC483, 0xC483, 0xA3C2, 0xABE2, 0xABE2, 0xABE2, 0xAC02, 0xABE2, 0xABE2, 0xABE2, 0xABE2, 
    0xABE2, 0xABE2, 0xABE2, 0xAC02, 0xABC2, 0xABE2, 0xB402, 0xABE2, 0xAC02, 0xB402, 0xABE2, 0xABE2, 
    0xAC02, 0xABE2, 0xA3A2, 0xA3C2, 0xABC2, 0xABC2, 0xA3C2, 0xA3C2, 0xA3C2, 0xABE2, 0xABE2, 0xABE2, 
    0xABE2, 0xABE2, 0xABC2, 0xABE2, 0xABC2, 0xABC2, 0xABE2, 0xABC2, 0xABC2, 0xA3C2, 0xABE2, 0xA3C2, 
    0xB402, 0xABE2, 0xA3C2, 0xABE2, 0xABC2, 0xABC2, 0xABE2, 0xA3C2, 0xA3C2, 0xABC2, 0xA3C2, 0xA3C2, 
    0xABE2, 0xABE2, 0xA3C2, 0xA3C2, 0xA3C2, 0xABC2, 0xA3C2, 0xABE2, 0xABE2, 0xA3E2, 0xABE2, 0xAC02, 
    0xABE2, 0xABE2, 0xA3A2, 0xA3A2, 0xA3C2, 0xABE2, 0xAC02, 0xABE2, 0xABE2, 0xABE2, 0xABE2, 0xABE2, 
    0xABE2, 0xABE2, 0xABE2, 0xA3C2, 0xC483, 0xC4A3, 0xC4A3, 0xD4E3, 0xDD44, 0xDD43, 0xDD44, 0xDD43, 
    0xDD44, 0xDD64, 0xD504, 0xC463, 0xC463, 0xB422, 0xABE2, 0xABE2, 0xABE2, 0xB422, 0x8B22, 0x3141, 
    0x2104, 0x5268, 0x9C4D, 0x9C4D, 0x83AB, 0x5AA9, 0x5A88, 0x3985, 0x2924, 0x2924, 0x5227, 0x730A, 
    0x730A, 0x732A, 0x7B4B, 0x7B6B, 0x7B6B, 0x3185, 0x3121, 0x2923, 0x5A68, 0x836B, 0x7B6B, 0x7B4B, 
    0x7B4B, 0x732B, 0x7B2B, 0x730A, 0x6AEA, 0x62C9, 0x62A8, 0x5A88, 0x5227, 0x41A5, 0x3985, 0x20E3, 
    0x18A2, 0x2103, 0x41C5, 0x62A8, 0x5A88, 0x39A5, 0x1082, 0x4181, 0x9362, 0xA3C2, 0xABE2, 0xA3C2, 
    0xABE2, 0xABE2, 0xAC03, 0xBC63, 0xC483, 0xDD23, 0xDD43, 0xDD43, 0xDD43, 0xDD23, 0xDD43, 0xDD43, 
    0xE584, 0xE584, 0xE584, 0xE584, 0xE584, 0xE583, 0xE5A4, 0xC4A3, 0xBC63, 0xBC63, 0xABE2, 0xABE2, 
    0xAC02, 0xAC02, 0xAC02, 0xAC02, 0x8322, 0x3961, 0x10A2, 0x2943, 0x31A4, 0x39E4, 0x4A66, 0x5266, 
    0x4A25, 0x4A25, 0x4A25, 0x4A45, 0x4A25, 0x4A45, 0x4A45, 0x4A45, 0x4A45, 0x4A25, 0x4225, 0x4204, 
    0x4204, 0x4A45, 0x4A45, 0x4A25, 0x39E4, 0x39E4, 0x39E4, 0x39E4, 0x39C4, 0x39A4, 0x31A4, 0x3183, 
    0x2963, 0x2943, 0x2123, 0x18E2, 0x18E2, 0x18E2, 0x18C2, 0x10A2, 0x0861, 0x0861, 0x18A1, 0x41A1, 
    0x49C1, 0xA3A2, 0xB402, 0xABE2, 0xA3C2, 0xAC02, 0xBC42, 0xCCC3, 0xED84, 0xE584, 0xE564, 0xED84, 
    0xE584, 0xC4A3, 0xCCC3, 0xBC63, 0xC4A3, 0xC4A3, 0xC4A3, 0xC483, 0xD4E3, 0xC483, 0xBC43, 0xC4A3, 
    0xC4A3, 0xC4A3, 0xC483, 0xC483, 0xC483, 0xC463, 0xB403, 0xC483, 0xB403, 0xABE2, 0xABC2, 0xA3C2, 
    0xABC2, 0xABC2, 0xABE2, 0xB402, 0xB402, 0xB402, 0xBC22, 0xBC22, 0xB422, 0xBC22, 0xBC22, 0xBC22, 
    0xB402, 0xB422, 0xB402, 0xB402, 0xB402, 0xB402, 0xB402, 0xB402, 0xABE2, 0xABE2, 0xABE2, 0xABE2, 
    0xB402, 0xAC02, 0xABE2, 0xB402, 0xB422, 0xABE2, 0xABE2, 0xABE2, 0xB402, 0xB402, 0xB422, 0xB402, 
    0xB422, 0xB402, 0xB402, 0xB402, 0xB402, 0xBC22, 0xB422, 0xB402, 0xB402, 0xABE2, 0xB402, 0xBC42, 
    0xB402, 0xB422, 0xC483, 0xC483, 0xCCA3, 0xCCC3, 0xCCC3, 0xC4A3, 0xC483, 0xC482, 0xC483, 0xC4A3, 
    0xC482, 0xC483, 0xC483, 0xBC63, 0xD4E3, 0xED84, 0xE584, 0xE584, 0xE564, 0xE564, 0xE564, 0xE583, 
    0xE584, 0xE584, 0xEDA4, 0xDD24, 0xCCE3, 0xC483, 0xB422, 0xB402, 0xAC02, 0xABE2, 0xB422, 0x9362, 
    0x4181, 0x20E2, 0x3165, 0x41E6, 0x8BCC, 0xACD0, 0xBD31, 0x8BCC, 0x62C9, 0x5AA9, 0x41E6, 0x10A2, 
    0x18C2, 0x2924, 0x39C5, 0x4207, 0x5247, 0x4A07, 0x0000, 0x3164, 0x5A88, 0x5268, 0x5227, 0x4A07, 
    0x4A27, 0x4A27, 0x4A07, 0x41E6, 0x39A5, 0x2123, 0x18C2, 0x18C2, 0x1081, 0x20E3, 0x2923, 0x3985, 
    0x5A68, 0x732A, 0x5A68, 0x41C5, 0x20E3, 0x18A2, 0x49A1, 0x9B82, 0xA3C2, 0xABE2, 0xABE2, 0xA3C2, 
    0xABE2, 0xB423, 0xBC43, 0xCCA3, 0xE564, 0xE564, 0xE563, 0xE563, 0xE563, 0xE563, 0xE563, 0xE563, 
    0xDD64, 0xDD64, 0xE564, 0xE564, 0xE564, 0xE564, 0xE564, 0xE584, 0xC4A3, 0xBC43, 0xBC43, 0xB402, 
    0xABE2, 0xABE2, 0xA3C2, 0xA3C2, 0xABE2, 0x9B83, 0x3982, 0x2102, 0x18E2, 0x2123, 0x39A4, 0x4A45, 
    0x4A45, 0x4A25, 0x4A25, 0x4A24, 0x4A45, 0x4A25, 0x4A45, 0x4A45, 0x4204, 0x41E4, 0x41E4, 0x4204, 
    0x39A4, 0x39A4, 0x31A3, 0x3183, 0x2943, 0x2123, 0x2123, 0x2123, 0x2102, 0x18E2, 0x18C2, 0x10A2, 
    0x10A2, 0x1082, 0x0861, 0x1080, 0x18A1, 0x20E1, 0x2901, 0x3141, 0x3141, 0x3141, 0x5A22, 0xABE2, 
    0xA3C2, 0xA3A2, 0xA3C2, 0xB422, 0xB442, 0xB443, 0xCCC4, 0xE584, 0xE564, 0xE564, 0xE564, 0xE564, 
    0xE564, 0xE564, 0xE564, 0xE564, 0xE564, 0xE584, 0xCCC3, 0xB423, 0xC483, 0xC4A3, 0xD4E3, 0xDD44, 
    0xE564, 0xE564, 0xE564, 0xE564, 0xE564, 0xDD24, 0xAC03, 0xC483, 0xBC43, 0xB443, 0xB422, 0xB422, 
    0xB423, 0xB422, 0xBC42, 0xC462, 0xBC42, 0xBC22, 0xABE2, 0xABE2, 0xABE2, 0xABE2, 0xABE2, 0xABE2, 
    0xAC02, 0xABE2, 0xABE2, 0xABE2, 0xABE2, 0xB402, 0xABE2, 0xB402, 0xABE2, 0xAC02, 0xB402, 0xABE2, 
    0xABE2, 0xABE2, 0xABE2, 0xABE2, 0xABE2, 0xABE2, 0xABE2, 0xABE2, 0xABE2, 0xABE2, 0xABC2, 0xABE2, 
    0xAC02, 0xAC02, 0xB402, 0xABE2, 0xABE2, 0xABC2, 0xA3C2, 0xABE2, 0xB422, 0xBC22, 0xBC43, 0xB422, 
    0xB403, 0xBC83, 0xD4E4, 0xB443, 0xD524, 0xE564, 0xE564, 0xE564, 0xE564, 0xE544, 0xE564, 0xE564, 
    0xE564, 0xE544, 0xDD44, 0xE564, 0xE564, 0xDD44, 0xDD44, 0xDD44, 0xE564, 0xDD64, 0xE564, 0xE564, 
    0xE564, 0xE564, 0xE564, 0xE564, 0xDD44, 0xC483, 0xC4A3, 0xBC43, 0xB423, 0xABE2, 0xA3E2, 0xABE2, 
    0xA3C2, 0x49C1, 0x2900, 0x2901, 0x2924, 0x39C6, 0x5A68, 0x734B, 0x9C6F, 0xB511, 0xB4D0, 0x9C4E, 
    0x942D, 0x62C9, 0x62C9, 0x4A47, 0x3985, 0x3185, 0x3185, 0x3185, 0x3165, 0x3164, 0x3164, 0x2944, 
    0x2944, 0x2944, 0x3164, 0x3164, 0x3164, 0x39A5, 0x6288, 0x5A68, 0x5A68, 0x7B4A, 0x7B6B, 0x62C9, 
    0x5227, 0x41C6, 0x2944, 0x1061, 0x20E1, 0x3961, 0x9BA2, 0xA3C2, 0xA3E2, 0xA3A2, 0xA3A2, 0xABE2, 
    0xABE2, 0xB423, 0xC483, 0xE564, 0xDD44, 0xDD44, 0xDD43, 0xDD43, 0xDD43, 0xE564, 0xE564, 0xE563, 
    0xDD64, 0xDD64, 0xDD64, 0xDD44, 0xDD64, 0xDD64, 0xDD64, 0xE564, 0xDD44, 0xDD24, 0xC483, 0xB423, 
    0xABE2, 0xA3E2, 0xA3C2, 0xABE2, 0xA3E2, 0xAC03, 0xB423, 0x49E2, 0x1080, 0x10A1, 0x2963, 0x39C4, 
    0x39C4, 0x5245, 0x4A45, 0x4A25, 0x4A45, 0x4A25, 0x4204, 0x39C4, 0x3183, 0x3183, 0x3163, 0x2963, 
    0x2943, 0x2123, 0x2102, 0x2102, 0x10C2, 0x0861, 0x0861, 0x1081, 0x1081, 0x1080, 0x1081, 0x18A1, 
    0x18C1, 0x18C1, 0x2901, 0x7281, 0x9362, 0xA3C2, 0xABE2, 0xAC02, 0xAC03, 0xB402, 0xAC02, 0xABE2, 
    0xAC02, 0xABE2, 0xA3C2, 0xBC42, 0xD503, 0xE584, 0xE564, 0xDD64, 0xDD64, 0xDD64, 0xDD64, 0xDD64, 
    0xE564, 0xE564, 0xDD64, 0xDD64, 0xDD64, 0xDD64, 0xDD44, 0xDD44, 0xDD44, 0xDD64, 0xE564, 0xDD44, 
    0xDD44, 0xDD44, 0xDD44, 0xDD44, 0xDD44, 0xDD44, 0xDD44, 0xDD43, 0xE564, 0xE564, 0xE564, 0xE564, 
    0xE564, 0xDD23, 0xBC63, 0xC483, 0xBC42, 0xBC42, 0xBC42, 0xBC42, 0xBC42, 0xB442, 0xB422, 0xB422, 
    0xB422, 0xB422, 0xB422, 0xB422, 0xB422, 0xB422, 0xB422, 0xB402, 0xB422, 0xB442, 0xB442, 0xB422, 
    0xB422, 0xB422, 0xB422, 0xB422, 0xB402, 0xB402, 0xB422, 0xB422, 0xAC02, 0xAC02, 0xB402, 0xAC02, 
    0xB402, 0xB442, 0xB422, 0xB422, 0xB422, 0xB402, 0xAC02, 0xB402, 0xC463, 0xD503, 0xE584, 0xE564, 
    0xDD44, 0xDD44, 0xDD44, 0xDD44, 0xDD44, 0xDD44, 0xDD44, 0xDD44, 0xDD44, 0xDD44, 0xDD64, 0xDD44, 
    0xDD44, 0xDD44, 0xDD44, 0xDD64, 0xDD44, 0xDD44, 0xDD44, 0xDD64, 0xDD64, 0xDD44, 0xDD44, 0xDD44, 
    0xDD44, 0xDD44, 0xDD44, 0xDD64, 0xE564, 0xDD64, 0xE564, 0xDD44, 0xCCE3, 0xBC62, 0xAC02, 0xABE2, 
    0xABE2, 0x9BA2, 0xA3C2, 0x9BA2, 0x2901, 0x18A1, 0x1080, 0x18C1, 0x18E2, 0x41E6, 0x5A88, 0x730A, 
    0x7B4B, 0xA48F, 0xB511, 0xC592, 0xC572, 0xC551, 0xBD31, 0xBD31, 0xB4F0, 0xB4F0, 0xACAF, 0xA48F, 
    0x9C4E, 0x9C2D, 0x9C4E, 0x9C4E, 0x9C4E, 0x93ED, 0x7B4A, 0x62A8, 0x62A8, 0x5247, 0x41C6, 0x3164, 
    0x2103, 0x18A1, 0x20C1, 0x3961, 0x9BA2, 0x9B82, 0x9BA2, 0xA3C2, 0xABE2, 0xABE2, 0xA3C2, 0xABE2, 
    0xAC02, 0xDD43, 0xDD44, 0xDD44, 0xDD44, 0xDD44, 0xDD44, 0xDD43, 0xDD43, 0xDD44, 0xDD44, 0xDD44, 
    0xE584, 0xE583, 0xE583, 0xE584, 0xE584, 0xE584, 0xE584, 0xE584, 0xE584, 0xE584, 0xDD44, 0xDD43, 
    0xCCC3, 0xB423, 0xAC02, 0xB422, 0xB422, 0xB423, 0xAC03, 0xA3C2, 0xA3A2, 0x3121, 0x0861, 0x18A2, 
    0x2963, 0x3183, 0x3183, 0x3183, 0x3184, 0x3183, 0x2123, 0x18C2, 0x10C2, 0x10A2, 0x0861, 0x0861, 
    0x0861, 0x0861, 0x1061, 0x0861, 0x0861, 0x72A2, 0x8B42, 0x8B42, 0x9342, 0x9B82, 0x9BA2, 0xA3A2, 
    0xA3E2, 0xA3C2, 0xA3A2, 0xA3C2, 0xABE2, 0xAC02, 0xAC02, 0xAC02, 0xC483, 0xCCC3, 0xC482, 0xBC43, 
    0xDD23, 0xDD44, 0xE564, 0xDD43, 0xE564, 0xEDA4, 0xE584, 0xE584, 0xE584, 0xE584, 0xE584, 0xE584, 
    0xE584, 0xE584, 0xE584, 0xE584, 0xE584, 0xE584, 0xE584, 0xE584, 0xE584, 0xE584, 0xE584, 0xE584, 
    0xE584, 0xE584, 0xE584, 0xE564, 0xE563, 0xE564, 0xE564, 0xE564, 0xE564, 0xE584, 0xE564, 0xE564, 
    0xE584, 0xE564, 0xDD44, 0xDD44, 0xDD43, 0xDD64, 0xE564, 0xE564, 0xE563, 0xE563, 0xDD43, 0xDD43, 
    0xE563, 0xE564, 0xE563, 0xE543, 0xE543, 0xDD43, 0xE563, 0xE563, 0xE563, 0xDD43, 0xE563, 0xE563, 
    0xE564, 0xDD43, 0xDD43, 0xDD43, 0xDD43, 0xDD43, 0xE563, 0xE563, 0xDD43, 0xDD43, 0xDD43, 0xDD43, 
    0xDD43, 0xE563, 0xE563, 0xE563, 0xDD43, 0xDD43, 0xDD43, 0xDD43, 0xDD23, 0xDD43, 0xE564, 0xE563, 
    0xE563, 0xE584, 0xE584, 0xE584, 0xE584, 0xE584, 0xE564, 0xE584, 0xE584, 0xE584, 0xE584, 0xE584, 
    0xE584, 0xE584, 0xE584, 0xE584, 0xE584, 0xE584, 0xE584, 0xE584, 0xE584, 0xE584, 0xE584, 0xE584, 
    0xE563, 0xE563, 0xE584, 0xE584, 0xE584, 0xE584, 0xE584, 0xE564, 0xDD64, 0xDD64, 0xDD24, 0xB422, 
    0xCCC3, 0xAC02, 0xAC02, 0xB423, 0xABE2, 0x9BA2, 0x9382, 0xA3C2, 0x5A22, 0x0041, 0x1061, 0x1081, 
    0x1081, 0x1081, 0x3164, 0x5268, 0x5247, 0x5267, 0x5A88, 0x5A88, 0x5A88, 0x5A88, 0x5A88, 0x5A68, 
    0x5267, 0x5267, 0x5267, 0x5227, 0x41E6, 0x39A5, 0x2944, 0x1081, 0x1081, 0x1082, 0x1081, 0x0840, 
    0x4181, 0x9BA2, 0xAC02, 0xAC02, 0xABE2, 0xAC02, 0xAC03, 0xAC03, 0xABE2, 0xCCC3, 0xD504, 0xE564, 
    0xDD43, 0xE584, 0xE564, 0xE564, 0xE564, 0xE564, 0xE584, 0xE584, 0xE584, 0xE583, 0xE584, 0xE584, 
    0xDD64, 0xDD44, 0xDD43, 0xDD44, 0xDD44, 0xDD44, 0xDD64, 0xDD64, 0xDD64, 0xDD64, 0xDD64, 0xDD64, 
    0xCD03, 0xCCE3, 0xD4E3, 0xBC63, 0xB443, 0xA3E2, 0xA3C2, 0xA3C2, 0xABE2, 0x9362, 0x8B22, 0x6A82, 
    0x0861, 0x0861, 0x0861, 0x0861, 0x0861, 0x0861, 0x18C1, 0x2901, 0x3121, 0x4181, 0x7AC2, 0x7AE2, 
    0x7AE2, 0x8322, 0x9342, 0x8B42, 0x9342, 0xA3C2, 0xABE2, 0xA3E2, 0xA3C2, 0xABE2, 0xB403, 0xB403, 
    0xCCC3, 0xD503, 0xD503, 0xD4E3, 0xCCE3, 0xD4E3, 0xCCE4, 0xD504, 0xD504, 0xD504, 0xD504, 0xCCE3, 
    0xD504, 0xDD44, 0xE564, 0xE564, 0xE564, 0xE564, 0xE564, 0xE564, 0xDD64, 0xDD44, 0xDD44, 0xDD64, 
    0xDD44, 0xDD64, 0xDD64, 0xDD64, 0xDD64, 0xE564, 0xE564, 0xE564, 0xDD64, 0xE564, 0xDD64, 0xE564, 
    0xDD64, 0xDD44, 0xDD44, 0xDD64, 0xE564, 0xDD64, 0xDD64, 0xDD44, 0xDD44, 0xDD44, 0xDD44, 0xDD64, 
    0xDD64, 0xDD64, 0xE564, 0xE564, 0xE564, 0xE564, 0xDD64, 0xE564, 0xDD64, 0xDD44, 0xDD44, 0xDD44, 
    0xDD44, 0xDD64, 0xDD64, 0xDD44, 0xDD44, 0xDD44, 0xDD44, 0xE564, 0xDD64, 0xDD64, 0xDD64, 0xDD64, 
    0xE564, 0xDD64, 0xDD44, 0xDD43, 0xDD43, 0xDD43, 0xDD43, 0xDD43, 0xE563, 0xDD44, 0xDD44, 0xDD43, 
    0xDD43, 0xDD44, 0xDD44, 0xDD44, 0xDD64, 0xDD64, 0xDD44, 0xDD44, 0xDD43, 0xDD43, 0xDD43, 0xDD43, 
    0xDD43, 0xDD64, 0xDD64, 0xDD44, 0xDD64, 0xDD44, 0xDD44, 0xDD44, 0xDD44, 0xDD44, 0xDD44, 0xDD44, 
    0xDD64, 0xDD64, 0xDD44, 0xDD44, 0xDD44, 0xDD64, 0xDD44, 0xDD44, 0xDD44, 0xDD44, 0xDD64, 0xDD64, 
    0xDD44, 0xDD44, 0xDD44, 0xDD44, 0xDD64, 0xDD64, 0xDD64, 0xDD64, 0xDD64, 0xDD64, 0xDD44, 0xCCC3, 
    0xCCE3, 0xD504, 0xD504, 0xC4A3, 0xC483, 0xBC63, 0xC4A3, 0xA3E2, 0x9B82, 0x8B42, 0x9362, 0x9342, 
    0x8302, 0x7AC2, 0x49C1, 0x1081, 0x18A1, 0x18A1, 0x18A1, 0x1081, 0x1081, 0x1081, 0x1081, 0x1081, 
    0x1081, 0x1081, 0x1081, 0x1081, 0x18A1, 0x18A1, 0x3121, 0x7AE2, 0x7AE2, 0x7AE2, 0x8B42, 0x9362, 
    0x9362, 0xA3A2, 0xA3C2, 0xABE2, 0xBC62, 0xC462, 0xAC02, 0xC483, 0xC4A3, 0xCCC4, 0xD544, 0xDD64, 
    0xDD64, 0xDD44, 0xDD44, 0xDD44, 0xDD44, 0xDD44, 0xDD44, 0xDD44, 0xDD44, 0xDD44, 0xDD44, 0xDD44, 
    0xE564, 0xE564, 0xE563, 0xE564, 0xE564, 0xE564, 0xE564, 0xE564, 0xE564, 0xE584, 0xE564, 0xE564, 
    0xE584, 0xE584, 0xE584, 0xCCE3, 0xC4A3, 0xC483, 0xBC83, 0xC483, 0xBC42, 0xB402, 0xABE2, 0x9342, 
    0x6A61, 0x6A61, 0x6A41, 0x6A41, 0x6A61, 0x6241, 0x8301, 0xA3A2, 0xA3C2, 0xABE2, 0xA3C2, 0xB402, 
    0xBC42, 0xBC62, 0xBC62, 0xBC42, 0xC483, 0xC483, 0xC4A3, 0xC483, 0xC4A3, 0xC4A3, 0xC483, 0xC483, 
    0xCCE3, 0xE564, 0xE584, 0xE564, 0xE564, 0xE564, 0xE564, 0xE584, 0xE584, 0xE564, 0xE564, 0xE584, 
    0xE564, 0xE564, 0xE564, 0xE564, 0xE564, 0xE564, 0xE564, 0xE564, 0xE564, 0xE564, 0xE564, 0xE564, 
    0xE564, 0xE564, 0xE564, 0xE564, 0xE564, 0xE564, 0xE564, 0xE564, 0xE564, 0xE564, 0xE564, 0xE564, 
    0xE564, 0xE564, 0xE564, 0xE564, 0xE564, 0xE564, 0xE564, 0xE564, 0xE564, 0xE564, 0xE564, 0xE564, 
    0xE564, 0xE564, 0xE564, 0xE564, 0xE564, 0xE564, 0xE564, 0xE564, 0xE564, 0xE564, 0xE564, 0xE564, 
    0xE544, 0xDD44, 0xE544, 0xE564, 0xDD64, 0xE564, 0xE564, 0xE564, 0xE564, 0xE564, 0xE564, 0xE564, 
    0xDD44, 0xE564, 0xE564, 0xE564, 0xE543, 0xDD43, 0xDD43, 0xDD43, 0xE563, 0xDD43, 0xDD44, 0xE543, 
    0xE563, 0xE544, 0xE564, 0xE564, 0xE564, 0xE564, 0xE564, 0xDD44, 0xDD44, 0xDD44, 0xDD64, 0xE564, 
    0xE564, 0xE564, 0xE564, 0xE564, 0xE564, 0xE564, 0xE564, 0xE564, 0xDD44, 0xDD44, 0xDD64, 0xE564, 
    0xDD64, 0xE564, 0xE564, 0xE564, 0xE564, 0xE564, 0xE564, 0xE564, 0xE564, 0xE564, 0xE564, 0xE564, 
    0xE563, 0xE563, 0xE564, 0xE564, 0xE564, 0xE564, 0xE564, 0xE564, 0xE564, 0xE564, 0xE564, 0xE564, 
    0xE564, 0xE564, 0xE584, 0xCCE3, 0xC4A3, 0xCCC3, 0xD4E3, 0xC482, 0xC482, 0xCCA3, 0xCCA3, 0xB422, 
    0xABC2, 0xA3C2, 0xA3A2, 0x9362, 0x9362, 0x9361, 0x9341, 0x8B41, 0x8B21, 0x8B21, 0x8B21, 0x8B21, 
    0x8B21, 0x8B01, 0x8301, 0x82E1, 0x9361, 0x9BA2, 0xA3C2, 0xABE2, 0xABE2, 0xABE2, 0xAC02, 0xB402, 
    0xB422, 0xC4A3, 0xC483, 0xC483, 0xCCC3, 0xC4A3, 0xCCA3, 0xDD43, 0xDD44, 0xE564, 0xE564, 0xE564, 
    0xE564, 0xE564, 0xDD64, 0xDD64, 0xDD44, 0xDD64, 0xDD64, 0xDD44, 0xE564, 0xE564, 0xE563, 0xE563, 
    0xE584, 0xE584, 0xE583, 0xE584, 0xE584, 0xE584, 0xE584, 0xE584, 0xE584, 0xE584, 0xE584, 0xE584, 
    0xE584, 0xE584, 0xE584, 0xE584, 0xED84, 0xED84, 0xE584, 0xD4E3, 0xCCA3, 0xBC42, 0xB422, 0xB422, 
    0xBC42, 0xBC42, 0xB422, 0xBC22, 0xB422, 0xBC42, 0xBC42, 0xB422, 0xBC42, 0xBC42, 0xB422, 0xBC43, 
    0xCCC3, 0xDD03, 0xDD23, 0xDD03, 0xDD23, 0xE543, 0xED84, 0xED84, 0xE584, 0xED84, 0xE584, 0xE584, 
    0xED84, 0xE584, 0xE584, 0xE584, 0xE584, 0xE584, 0xE584, 0xE584, 0xED84, 0xE584, 0xE584, 0xE584, 
    0xE584, 0xE584, 0xE584, 0xE584, 0xE584, 0xE583, 0xE584, 0xE584, 0xE584, 0xE584, 0xE584, 0xE584, 
    0xE584, 0xE584, 0xE584, 0xE584, 0xE584, 0xE584, 0xE584, 0xE584, 0xE584, 0xED84, 0xED84, 0xE584, 
    0xE564, 0xE584, 0xE584, 0xE584, 0xE584, 0xE584, 0xE584, 0xE584, 0xE584, 0xE584, 0xED84, 0xED84, 
    0xED84, 0xED84, 0xED84, 0xED84, 0xE584, 0xE584, 0xE584, 0xE584, 0xE584, 0xED84, 0xEDA4, 0xED84, 
    0xE584, 0xE563, 0xE564, 0xE584, 0xE584, 0xE583, 0xE563, 0xE583, 0xE584, 0xE584, 0xE584, 0xE584, 
    0xE584, 0xE564, 0xE584, 0xE584, 0xE583, 0xE563, 0xE563, 0xE563, 0xE563, 0xE563, 0xE564, 0xE564, 
    0xE584, 0xE584, 0xE584, 0xE564, 0xE584, 0xE584, 0xE584, 0xE584, 0xE584, 0xE584, 0xE584, 0xE584, 
    0xE584, 0xE584, 0xE584, 0xE584, 0xE564, 0xE564, 0xE564, 0xE564, 0xE564, 0xE564, 0xE584, 0xE584, 
    0xE584, 0xE584, 0xE584, 0xED84, 0xE584, 0xE584, 0xE584, 0xE584, 0xE584, 0xE563, 0xE584, 0xE583, 
    0xE584, 0xE583, 0xE563, 0xE583, 0xE584, 0xE584, 0xE584, 0xED84, 0xED84, 0xED84, 0xE584, 0xE584, 
    0xE584, 0xE584, 0xE584, 0xE584, 0xE584, 0xE584, 0xE584, 0xE584, 0xE563, 0xED84, 0xDD43, 0xC462, 
    0xBC42, 0xB442, 0xB422, 0xBC42, 0xBC42, 0xBC42, 0xB422, 0xB422, 0xBC42, 0xBC42, 0xBC42, 0xBC42, 
    0xBC42, 0xBC22, 0xB422, 0xB422, 0xB422, 0xBC42, 0xBC43, 0xBC62, 0xBC63, 0xBC43, 0xC483, 0xCCA2, 
    0xC483, 0xDD44, 0xE584, 0xE584, 0xE584, 0xE584, 0xE584, 0xE584, 0xE584, 0xE564, 0xE564, 0xE564, 
    0xE564, 0xE564, 0xE564, 0xE584, 0xE564, 0xE584, 0xE564, 0xE584, 0xE564, 0xE564, 0xE563, 0xE563, 
    0xDD44, 0xDD64, 0xDD64, 0xDD44, 0xDD44, 0xDD44, 0xDD64, 0xDD64, 0xDD44, 0xDD44, 0xDD44, 0xDD44, 
    0xD503, 0xCCE3, 0xCCC3, 0xCCC3, 0xCCE3, 0xCCE3, 0xCCE3, 0xCCC3, 0xCCE3, 0xCCC3, 0xCCC3, 0xCCC3, 
    0xCCE3, 0xD4E3, 0xD4E3, 0xD4E3, 0xCCC3, 0xCCE3, 0xCCE3, 0xD4E3, 0xCCE3, 0xCCC3, 0xCCC3, 0xCCC3, 
    0xCCE3, 0xCCE3, 0xCCE3, 0xCCC3, 0xCCC3, 0xCCC3, 0xCCE3, 0xCCE3, 0xCCE3, 0xCCE3, 0xCCE3, 0xCCE4, 
    0xCCE4, 0xCD04, 0xD504, 0xCCE4, 0xCCE4, 0xCCE4, 0xCD03, 0xCD04, 0xD504, 0xD504, 0xCCE4, 0xCCE4, 
    0xCCE4, 0xCCE4, 0xCCE4, 0xCCE3, 0xCCE3, 0xCCE3, 0xCCE3, 0xCCE3, 0xCCE4, 0xCCE4, 0xCCC4, 0xCCC3, 
    0xCCC3, 0xCCE3, 0xCCC3, 0xCCC3, 0xCCC3, 0xCCC4, 0xCCC4, 0xCCC4, 0xCCC4, 0xCCE3, 0xCCE3, 0xCCC3, 
    0xCCC3, 0xCCC3, 0xCCE3, 0xCCE4, 0xCCE4, 0xCCE4, 0xCCE4, 0xCCE4, 0xCCE4, 0xCCE4, 0xCCE4, 0xCCE4, 
    0xCCE4, 0xD4E4, 0xD504, 0xCCE3, 0xCCE4, 0xCCE4, 0xCCE4, 0xCCE4, 0xCCE4, 0xCCE4, 0xCCE3, 0xCCE3, 
    0xCCC3, 0xCCC3, 0xCCE3, 0xCCE4, 0xCCE4, 0xCCE4, 0xCCC3, 0xCCE3, 0xCCE3, 0xCCE3, 0xCCE3, 0xCCE3, 
    0xCCE3, 0xCCC3, 0xCCC3, 0xCCE3, 0xCCE3, 0xCCE3, 0xCCC3, 0xCCC3, 0xCCC3, 0xCCC3, 0xCCC3, 0xCCC3, 
    0xCCC3, 0xCCC3, 0xCCC3, 0xCCC3, 0xCCC3, 0xCCC3, 0xCCC3, 0xCCC4, 0xCCC4, 0xCCC3, 0xCCC3, 0xCCC4, 
    0xCCC3, 0xCCC3, 0xCCC4, 0xCCC3, 0xCCC3, 0xCCC3, 0xCCC4, 0xCCC4, 0xCCC4, 0xCCC3, 0xCCC3, 0xCCC3, 
    0xCCE4, 0xCCE4, 0xCCE3, 0xCCE3, 0xCCE4, 0xCCE3, 0xCCC3, 0xCCC3, 0xCCC3, 0xCCC3, 0xC4C3, 0xCCC3, 
    0xCCC3, 0xCCC3, 0xC4A3, 0xC4C3, 0xCCC3, 0xCCC4, 0xCCC3, 0xCCE3, 0xCCE3, 0xCCE3, 0xCCE3, 0xCCE3, 
    0xCCE4, 0xCCC3, 0xCCC3, 0xCCC3, 0xCCC4, 0xCCC3, 0xC4C3, 0xCCC3, 0xCCC3, 0xCCE3, 0xCCE3, 0xCCC3, 
    0xCCE4, 0xCCE3, 0xCCE3, 0xD4E4, 0xD4E4, 0xD4E3, 0xD4E3, 0xCCE3, 0xCCE3, 0xCCC3, 0xCCC3, 0xCCC3, 
    0xCCC3, 0xCCC3, 0xCCC3, 0xCCC4, 0xCCE4, 0xCCE4, 0xCCE4, 0xCCE3, 0xCCE3, 0xCCE3, 0xCCC3, 0xC4C3, 
    0xC4A3, 0xC4C4, 0xC4C3, 0xCCC3, 0xCCC3, 0xCCC3, 0xCCC3, 0xCCC3, 0xCCC3, 0xC4A3, 0xC4A3, 0xCCE3, 
    0xDD44, 0xDD44, 0xDD44, 0xDD44, 0xDD44, 0xDD44, 0xDD44, 0xDD44, 0xDD44, 0xDD44, 0xDD43, 0xDD23, 
    0xE564, 0xE584, 0xE584, 0xE564, 0xE564, 0xE564, 0xE564, 0xE564, 0xE564, 0xE564, 0xE564, 0xE584, 
    0x5A22, 0x1080, 0x18A0, 0x18A0, 0x18A1, 0x18A1, 0x18A0, 0x18A0, 0x18A0, 0x18A0, 0x18A0, 0x10A0, 
    0x18A1, 0x18A1, 0x18A1, 0x18A0, 0x18A0, 0x18A0, 0x18A0, 0x18A0, 0x18A0, 0x10A0, 0x18A1, 0x18A0, 
    0x18A0, 0x18A1, 0x18A1, 0x18A1, 0x10A0, 0x1080, 0x18A0, 0x18A0, 0x18A0, 0x18A1, 0x18A1, 0x18A1, 
    0x18A1, 0x18A0, 0x18A1, 0x18A1, 0x18A1, 0x18A1, 0x18A1, 0x18A1, 0x18A1, 0x18A1, 0x18A1, 0x18A1, 
    0x18A1, 0x18A1, 0x18A1, 0x18A1, 0x18A1, 0x18A0, 0x18A1, 0x18A1, 0x18A0, 0x18A0, 0x18A0, 0x18A0, 
    0x18A1, 0x18A0, 0x18A0, 0x18A0, 0x18A0, 0x1080, 0x1880, 0x1881, 0x1080, 0x1080, 0x18A0, 0x18A0, 
    0x1080, 0x1080, 0x18A0, 0x18A1, 0x18A1, 0x18A1, 0x18A1, 0x18A0, 0x18A1, 0x18A1, 0x18A0, 0x18A1, 
    0x18A1, 0x18A1, 0x18A1, 0x18A1, 0x18A1, 0x18A1, 0x18A0, 0x18A0, 0x18A1, 0x18A0, 0x18A0, 0x18A0, 
    0x1080, 0x10A0, 0x18A1, 0x18A1, 0x18A1, 0x18A1, 0x18A1, 0x18A1, 0x18A1, 0x18A0, 0x1881, 0x1880, 
    0x18A0, 0x1081, 0x1081, 0x1080, 0x1080, 0x1880, 0x1080, 0x1080, 0x18A0, 0x1880, 0x18A0, 0x18A0, 
    0x18A0, 0x18A0, 0x1080, 0x18A0, 0x18A0, 0x18A0, 0x18A0, 0x18A0, 0x18A1, 0x18A0, 0x18A1, 0x18A1, 
    0x18A0, 0x18A0, 0x10A0, 0x1080, 0x1880, 0x10A0, 0x18A1, 0x18A1, 0x10A0, 0x10A0, 0x1080, 0x18A0, 
    0x18A1, 0x18A1, 0x18A0, 0x18A0, 0x18A0, 0x18A0, 0x18A0, 0x18A0, 0x18A0, 0x18A0, 0x1080, 0x10A0, 
    0x10A0, 0x18A0, 0x1080, 0x1080, 0x1080, 0x10A0, 0x18A0, 0x18A0, 0x18A1, 0x18A0, 0x18A0, 0x18A0, 
    0x18A0, 0x18A0, 0x1080, 0x1080, 0x10A0, 0x1080, 0x10A0, 0x18A0, 0x18A0, 0x18A1, 0x18A0, 0x18A1, 
    0x18A1, 0x18A1, 0x18A1, 0x18A1, 0x18A0, 0x18A0, 0x18A1, 0x18A1, 0x18A0, 0x18A1, 0x18A0, 0x18A0, 
    0x18A0, 0x10A0, 0x18A0, 0x18A1, 0x18A1, 0x18A1, 0x18C1, 0x18A1, 0x18A1, 0x18A1, 0x18A1, 0x18A1, 
    0x18A0, 0x1880, 0x1880, 0x1880, 0x1080, 0x1880, 0x1881, 0x18A1, 0x1081, 0x1081, 0x1081, 0x5202, 
    0xE584, 0xE564, 0xE564, 0xE564, 0xE564, 0xE564, 0xE564, 0xE564, 0xE564, 0xE584, 0xE563, 0xE563, 
    0xE564, 0xE584, 0xE584, 0xE584, 0xE584, 0xE584, 0xE584, 0xE564, 0xE564, 0xE584, 0xDD44, 0x49E2, 
    0x51E1, 0x9342, 0x9362, 0x9B82, 0x9B82, 0x9B82, 0x9B82, 0x9B82, 0x9B82, 0x9B82, 0x9B82, 0x9B82, 
    0x9B82, 0xA3C2, 0xA3C2, 0x9BA2, 0x9BA2, 0x9BA2, 0x9B82, 0x9362, 0x9362, 0x9B82, 0x9382, 0x9362, 
    0x9362, 0x9362, 0x9362, 0x9362, 0x9362, 0x9362, 0x9362, 0x9362, 0x9B82, 0x9362, 0x9382, 0x9362, 
    0x9362, 0x9362, 0x9362, 0x9362, 0x9362, 0x9B82, 0x9B82, 0x9362, 0x9362, 0x9362, 0x9362, 0x9362, 
    0x9382, 0x9362, 0x9B82, 0x9382, 0x9362, 0x9362, 0x9B82, 0x9B82, 0x9B82, 0x9B82, 0x9B82, 0x9B82, 
    0x9B82, 0x9362, 0x9362, 0x9362, 0x9362, 0x9B82, 0x9B82, 0x9B82, 0x9B82, 0x9B82, 0x9B82, 0x9B82, 
    0x9B82, 0x9B82, 0x9362, 0x9362, 0x9362, 0x9362, 0x9B82, 0x9B82, 0x9362, 0x9B82, 0x9B82, 0x9B82, 
    0x9B62, 0x9362, 0x9362, 0x9B62, 0x9B82, 0x9B82, 0x9B82, 0x9382, 0x9B82, 0x9B82, 0x9B82, 0x9382, 
    0x9B82, 0x9B82, 0x9382, 0x9382, 0x9362, 0x9362, 0x9362, 0x9B82, 0x9382, 0x9B82, 0x9B82, 0x9362, 
    0x9362, 0x9362, 0x9362, 0x9382, 0x9B82, 0x9362, 0x9B82, 0x9B82, 0x9B82, 0x9342, 0x9342, 0x9362, 
    0x9362, 0x9362, 0x9362, 0x9B82, 0x9BA2, 0x9B82, 0x9B82, 0x9B82, 0x9B82, 0x9B82, 0x9BA2, 0x9BA2, 
    0x9B82, 0x9B82, 0x9382, 0x9382, 0x9362, 0x9382, 0x9B82, 0x9362, 0x9362, 0x9362, 0x9362, 0x9362, 
    0x9362, 0x9362, 0x9362, 0x9342, 0x9362, 0x9362, 0x9362, 0x9B62, 0x9B82, 0x9B82, 0x9B82, 0x9382, 
    0x9362, 0x9B82, 0x9B82, 0x9B62, 0x9362, 0x9B82, 0x9B82, 0x9B82, 0x9B82, 0x9B62, 0x9362, 0x9362, 
    0x9B62, 0x9B82, 0x9B82, 0x9B62, 0x9B62, 0x9362, 0x9B82, 0x9B82, 0x9B82, 0x9B82, 0x9B82, 0x9BA2, 
    0x9B82, 0x9B82, 0x9B82, 0x9B82, 0x9B82, 0x9B82, 0x9B82, 0x9B62, 0x9362, 0x9362, 0x9362, 0x9B82, 
    0x9362, 0x9362, 0x9362, 0x9362, 0x9B82, 0x9B82, 0x9B82, 0x9B82, 0x9B82, 0x9B82, 0x9B82, 0x9B82, 
    0x9B82, 0x9B82, 0x9B82, 0x9B82, 0x9362, 0x9362, 0x9362, 0x9362, 0x9342, 0x9342, 0x8B02, 0x6221, 
    0x5222, 0xDD24, 0xE564, 0xE564, 0xE564, 0xE564, 0xE564, 0xE584, 0xE584, 0xE584, 0xE584, 0xE583, 
    0xDD44, 0xDD44, 0xDD44, 0xDD64, 0xDD64, 0xDD64, 0xDD64, 0xDD64, 0xDD64, 0xDD64, 0x51E2, 0x4181, 
    0xABE3, 0xC443, 0xABC2, 0xABA2, 0xA3A2, 0xA3A2, 0xA3A2, 0xABC2, 0xABC2, 0xABC2, 0xABC2, 0xABE2, 
    0xABE2, 0xABE2, 0xB3E2, 0xABE2, 0xABC2, 0xABC2, 0xA3A2, 0xA3A2, 0xA3A2, 0xA3A2, 0xA3A2, 0xA3A2, 
    0xA3A2, 0xA3A2, 0xA3A2, 0xA3A2, 0xA3A2, 0xA3A2, 0xA3A2, 0xA382, 0xA3A2, 0xA3A2, 0xA3A2, 0xA382, 
    0xA382, 0xA382, 0xA382, 0xA3A2, 0xA3A2, 0xA3A2, 0xA3A2, 0xA3A2, 0xA3A2, 0xA382, 0xA382, 0xA382, 
    0xA382, 0xA3A2, 0xA3A2, 0xA3A2, 0xA3A2, 0xA3A2, 0xA3A2, 0xA3A2, 0xA3A2, 0xA3A2, 0xA3A2, 0xA3A2, 
    0xA382, 0xA382, 0xA3A2, 0xA3A2, 0xA3A2, 0xA3A2, 0xA3A2, 0xA382, 0xA3A2, 0xA3A2, 0xA3A2, 0xA3A2, 
    0xA382, 0xA3A2, 0xA3A2, 0xA3A2, 0xA382, 0xA382, 0xA3A2, 0xA382, 0xA3A2, 0xA382, 0xA3A2, 0xA3A2, 
    0xA3A2, 0xA382, 0xA382, 0xA382, 0xA3A2, 0xA3A2, 0xA3A2, 0xA382, 0xA382, 0xA382, 0xA3A2, 0xA3A2, 
    0xABC2, 0xA3A2, 0xA3A2, 0xA3A2, 0xA3A2, 0xA3A2, 0xA3A2, 0xA3A2, 0xA382, 0xA382, 0xA3A2, 0xA382, 
    0xA3A2, 0xA382, 0xA382, 0xA382, 0xA382, 0xA382, 0xA3A2, 0xA3A2, 0xA3A2, 0xA382, 0xA382, 0xA382, 
    0xA382, 0xA3A2, 0xA3A2, 0xA382, 0xA382, 0xA382, 0xA382, 0xA3A2, 0xA382, 0xA3A2, 0xA3A2, 0xA382, 
    0xA3A2, 0xA382, 0xA382, 0xA382, 0x9B82, 0xA382, 0xA382, 0xA382, 0xA382, 0xA3A2, 0xA3A2, 0xA3A2, 
    0xA382, 0xA3A2, 0xA3A2, 0xA3A2, 0xA3A2, 0xA3A2, 0xA382, 0xA3A2, 0xA3A2, 0xA3A2, 0xA3A2, 0xA382, 
    0xA3A2, 0xA3A2, 0xA382, 0xA3A2, 0xA3A2, 0xA3A2, 0xA3A2, 0xA3A2, 0xA3A2, 0xA3A2, 0xA382, 0xA3A2, 
    0xA382, 0x9B62, 0xA382, 0xA382, 0xA382, 0xA382, 0xA382, 0xA3A2, 0xA3A2, 0xA382, 0xA3A2, 0xA3A2, 
    0xA3A2, 0xA382, 0xA3A2, 0xABC2, 0xA3C2, 0xA3A2, 0xA382, 0xA382, 0xA3A2, 0xA382, 0x9B82, 0xA382, 
    0xA382, 0xA362, 0xA382, 0xA3A2, 0xA3A2, 0xA3A2, 0xABC2, 0xABC2, 0xA3A2, 0xA3A2, 0xA382, 0xA3A2, 
    0xA3A2, 0xABC2, 0xA3C2, 0xA3A2, 0xA3A2, 0xA382, 0xA3A2, 0xA382, 0xA382, 0xA382, 0xABA2, 0x9B82, 
    0x3941, 0x49C1, 0xDD24, 0xDD44, 0xDD44, 0xDD44, 0xDD44, 0xDD44, 0xDD44, 0xE564, 0xE564, 0xDD44, 
    0xE584, 0xE564, 0xE564, 0xE584, 0xE584, 0xE584, 0xE584, 0xE584, 0xEDA4, 0x72A2, 0x4181, 0xABE3, 
    0xC463, 0x9B42, 0x4181, 0x3141, 0x3141, 0x3141, 0x3141, 0x3941, 0x3961, 0x3961, 0x3961, 0x3961, 
    0x3961, 0x3961, 0x3961, 0x3961, 0x3961, 0x3941, 0x3941, 0x3941, 0x3141, 0x3141, 0x3941, 0x3941, 
    0x3941, 0x3941, 0x3941, 0x3941, 0x3141, 0x3141, 0x3941, 0x3141, 0x3141, 0x3941, 0x3121, 0x3141, 
    0x3121, 0x3121, 0x3121, 0x3141, 0x3141, 0x3121, 0x3141, 0x3141, 0x3141, 0x3141, 0x3141, 0x3121, 
    0x3941, 0x3141, 0x3141, 0x3141, 0x3941, 0x3941, 0x3141, 0x3121, 0x3121, 0x3141, 0x3941, 0x3141, 
    0x3121, 0x3121, 0x3141, 0x3941, 0x3941, 0x3141, 0x3121, 0x3141, 0x3141, 0x3941, 0x3141, 0x3141, 
    0x3141, 0x3141, 0x3941, 0x3121, 0x3121, 0x3121, 0x3141, 0x3141, 0x3141, 0x3141, 0x3141, 0x3141, 
    0x3941, 0x3141, 0x3141, 0x3121, 0x3121, 0x3141, 0x3141, 0x3121, 0x3121, 0x3141, 0x3141, 0x3941, 
    0x3941, 0x3141, 0x3141, 0x3141, 0x3941, 0x3941, 0x3941, 0x3141, 0x3141, 0x3121, 0x3121, 0x3121, 
    0x3141, 0x3141, 0x3121, 0x3141, 0x3121, 0x3941, 0x3941, 0x3141, 0x3141, 0x3141, 0x3141, 0x3141, 
    0x3941, 0x3941, 0x3941, 0x3141, 0x3121, 0x3121, 0x3121, 0x3141, 0x3141, 0x3141, 0x3121, 0x3121, 
    0x3121, 0x3121, 0x3121, 0x3121, 0x3121, 0x3121, 0x3141, 0x3141, 0x3141, 0x3141, 0x3941, 0x3141, 
    0x3141, 0x3141, 0x3141, 0x3141, 0x3141, 0x3141, 0x3121, 0x3141, 0x3121, 0x3121, 0x3121, 0x3121, 
    0x3121, 0x3121, 0x3121, 0x3121, 0x3141, 0x3141, 0x3121, 0x3121, 0x3141, 0x3141, 0x3141, 0x3141, 
    0x3121, 0x3121, 0x3121, 0x3121, 0x3141, 0x3141, 0x3121, 0x3121, 0x3141, 0x3141, 0x3141, 0x3141, 
    0x3121, 0x3121, 0x3141, 0x3941, 0x3941, 0x3141, 0x3141, 0x3141, 0x3141, 0x3141, 0x3121, 0x3121, 
    0x3121, 0x3121, 0x3121, 0x3141, 0x3141, 0x3141, 0x3141, 0x3141, 0x3141, 0x3941, 0x3941, 0x3141, 
    0x3141, 0x3941, 0x3941, 0x3961, 0x3941, 0x3941, 0x3941, 0x3941, 0x3941, 0x3941, 0x82C2, 0xABA2, 
    0x8B02, 0x3120, 0x6A82, 0xED84, 0xE564, 0xE564, 0xE564, 0xE564, 0xE584, 0xE584, 0xE584, 0xE584, 
    0xE584, 0xE584, 0xE564, 0xE564, 0xE564, 0xE564, 0xE564, 0xE584, 0x6AA2, 0x51E1, 0xA3A3, 0xC483, 
    0xA3A2, 0x6221, 0x18A1, 0x10A2, 0x10A2, 0x10A1, 0x10A1, 0x10A1, 0x10A1, 0x10A1, 0x1081, 0x10A1, 
    0x10A1, 0x10A1, 0x10A1, 0x10A1, 0x10A1, 0x10A2, 0x10A1, 0x10A2, 0x10A1, 0x10A1, 0x10A1, 0x10A1, 
    0x10A1, 0x10A1, 0x10A2, 0x10A1, 0x10A1, 0x10A1, 0x10A1, 0x10A1, 0x10A1, 0x10A1, 0x10A1, 0x10A1, 
    0x10A1, 0x10A1, 0x10A1, 0x10A1, 0x10A1, 0x10A1, 0x10A1, 0x10A1, 0x10A2, 0x10A1, 0x10A1, 0x10A1, 
    0x10A1, 0x10A1, 0x10A1, 0x10A2, 0x10A1, 0x10A1, 0x10A1, 0x10A1, 0x10A1, 0x10A1, 0x10A1, 0x10A1, 
    0x10A1, 0x10A1, 0x10A2, 0x10A2, 0x10A2, 0x18A2, 0x10A1, 0x1081, 0x10A1, 0x1081, 0x10A1, 0x10A1, 
    0x10A1, 0x1081, 0x1081, 0x10A1, 0x10A1, 0x10A1, 0x10A1, 0x10A1, 0x10A1, 0x10A1, 0x10A1, 0x10A1, 
    0x10A1, 0x10A1, 0x10A1, 0x10A1, 0x1081, 0x1081, 0x1081, 0x1081, 0x10A1, 0x10A1, 0x10A1, 0x10A1, 
    0x10A1, 0x10A1, 0x10A1, 0x10A1, 0x10A1, 0x10A1, 0x10A1, 0x10A1, 0x1081, 0x1081, 0x1081, 0x10A1, 
    0x10A1, 0x1081, 0x1081, 0x10A1, 0x10A1, 0x10A1, 0x18A2, 0x18A2, 0x10A2, 0x10A1, 0x10A1, 0x10A1, 
    0x10A1, 0x18A2, 0x10A1, 0x10A1, 0x10A1, 0x10A1, 0x10A1, 0x10A2, 0x10A1, 0x10A1, 0x1081, 0x1081, 
    0x10A1, 0x10A1, 0x10A1, 0x10A1, 0x10A1, 0x10A1, 0x10A1, 0x1081, 0x10A1, 0x10A1, 0x10A1, 0x10A2, 
    0x10A1, 0x10A1, 0x10A1, 0x10A1, 0x10A1, 0x1081, 0x1081, 0x10A1, 0x10A1, 0x10A1, 0x10A1, 0x10A1, 
    0x10A1, 0x10A1, 0x10A1, 0x10A1, 0x1081, 0x1081, 0x1081, 0x1081, 0x1081, 0x10A1, 0x10A1, 0x10A1, 
    0x10A1, 0x10A2, 0x10A1, 0x1081, 0x10A1, 0x10A1, 0x10A1, 0x10A1, 0x10A2, 0x10A1, 0x10A1, 0x10A1, 
    0x10A1, 0x10A1, 0x10A1, 0x10A1, 0x1081, 0x10A1, 0x10A1, 0x10A1, 0x10A2, 0x10A1, 0x1081, 0x10A1, 
    0x10A1, 0x10A1, 0x10A1, 0x10A1, 0x1081, 0x10A1, 0x10A1, 0x10A1, 0x10A1, 0x10A2, 0x10A1, 0x10A1, 
    0x10A1, 0x10A1, 0x10A1, 0x10A2, 0x10A2, 0x10A2, 0x18C2, 0x10A2, 0x10A2, 0x18A2, 0x51C1, 0x8AE2, 
    0xA382, 0x82E1, 0x4181, 0x5A62, 0xE564, 0xE564, 0xE564, 0xE563, 0xE563, 0xE563, 0xE563, 0xE564, 
    0xE564, 0xE564, 0xDD64, 0xDD64, 0xDD44, 0xDD44, 0xDD44, 0xE564, 0x41C2, 0x5A02, 0xB3E3, 0x8B02, 
    0x6221, 0x10A1, 0x2102, 0x3983, 0x3983, 0x3983, 0x3983, 0x3983, 0x3983, 0x3983, 0x3983, 0x3983, 
    0x3983, 0x3983, 0x3983, 0x3983, 0x3983, 0x3983, 0x3983, 0x3983, 0x3983, 0x3983, 0x3983, 0x3983, 
    0x3983, 0x3983, 0x3983, 0x3983, 0x3983, 0x3983, 0x3983, 0x3983, 0x3983, 0x3983, 0x3983, 0x3983, 
    0x3983, 0x3983, 0x3983, 0x3983, 0x3983, 0x3983, 0x3983, 0x3983, 0x3983, 0x3983, 0x3983, 0x3983, 
    0x3963, 0x3983, 0x3983, 0x3983, 0x3983, 0x3983, 0x3983, 0x3983, 0x3983, 0x3983, 0x3983, 0x3983, 
    0x3983, 0x3983, 0x3983, 0x3983, 0x3983, 0x3983, 0x3983, 0x3983, 0x3983, 0x3983, 0x3983, 0x3983, 
    0x3983, 0x3983, 0x3983, 0x3983, 0x3983, 0x3983, 0x3983, 0x3983, 0x3983, 0x3983, 0x3983, 0x3983, 
    0x3983, 0x3983, 0x3983, 0x3963, 0x3163, 0x3963, 0x3983, 0x3963, 0x3983, 0x3983, 0x3983, 0x3983, 
    0x3983, 0x3983, 0x3983, 0x3983, 0x3983, 0x3983, 0x3983, 0x3983, 0x3963, 0x3983, 0x3983, 0x3983, 
    0x3963, 0x3963, 0x3963, 0x3983, 0x3983, 0x3983, 0x3983, 0x3983, 0x3983, 0x3983, 0x3983, 0x3983, 
    0x3983, 0x3983, 0x3983, 0x3983, 0x3983, 0x39A3, 0x3983, 0x3983, 0x3983, 0x3983, 0x3983, 0x3963, 
    0x3963, 0x3983, 0x3983, 0x3983, 0x3983, 0x3983, 0x3963, 0x3963, 0x3963, 0x3962, 0x3963, 0x3963, 
    0x3983, 0x3983, 0x3983, 0x3963, 0x3983, 0x3983, 0x3983, 0x3983, 0x3983, 0x3983, 0x3983, 0x3983, 
    0x3983, 0x3983, 0x3983, 0x3983, 0x3983, 0x3983, 0x3963, 0x3163, 0x3163, 0x3983, 0x3983, 0x3983, 
    0x3983, 0x3983, 0x3983, 0x3983, 0x3983, 0x3983, 0x39A3, 0x3983, 0x3983, 0x3983, 0x3983, 0x3963, 
    0x3163, 0x3963, 0x3983, 0x3983, 0x3983, 0x3983, 0x3983, 0x3983, 0x3983, 0x3983, 0x3983, 0x3983, 
    0x3983, 0x3983, 0x3983, 0x3983, 0x3963, 0x3983, 0x3983, 0x3983, 0x3983, 0x3983, 0x3983, 0x3983, 
    0x3963, 0x3963, 0x3963, 0x3983, 0x3983, 0x3983, 0x3983, 0x3983, 0x3983, 0x2943, 0x0881, 0x51E1, 
    0x8B02, 0xABC2, 0x51C1, 0x3162, 0xDD44, 0xDD44, 0xDD44, 0xDD44, 0xDD44, 0xDD44, 0xDD44, 0xDD44, 
    0xE584, 0xE584, 0xE584, 0xE584, 0xE584, 0xE584, 0xE584, 0xEDA4, 0x49E2, 0x51E2, 0xABC2, 0x6222, 
    0x1081, 0x2922, 0x3163, 0x3983, 0x3983, 0x3983, 0x3983, 0x3983, 0x3983, 0x3983, 0x3983, 0x3983, 
    0x3983, 0x3983, 0x3983, 0x3983, 0x3983, 0x3983, 0x3983, 0x3983, 0x3983, 0x3983, 0x3983, 0x3983, 
    0x3983, 0x3983, 0x3983, 0x3983, 0x3983, 0x3983, 0x3983, 0x3983, 0x3983, 0x3983, 0x3983, 0x3162, 
    0x2922, 0x3142, 0x3963, 0x3983, 0x3963, 0x2922, 0x2922, 0x3142, 0x3983, 0x3163, 0x2922, 0x3162, 
    0x3142, 0x2922, 0x3142, 0x3983, 0x3142, 0x3142, 0x3142, 0x3142, 0x3163, 0x2922, 0x2942, 0x3142, 
    0x3142, 0x3163, 0x3983, 0x2922, 0x2922, 0x2922, 0x3963, 0x3163, 0x3142, 0x3983, 0x3142, 0x2902, 
    0x3142, 0x2922, 0x2922, 0x3142, 0x3142, 0x3142, 0x3983, 0x3963, 0x3963, 0x3963, 0x3983, 0x3163, 
    0x2942, 0x2942, 0x2902, 0x2902, 0x3142, 0x3142, 0x3163, 0x3963, 0x3142, 0x2942, 0x3163, 0x2922, 
    0x2922, 0x2922, 0x3142, 0x3983, 0x3963, 0x3142, 0x2902, 0x2922, 0x3163, 0x3983, 0x3983, 0x2922, 
    0x2922, 0x2922, 0x3142, 0x3162, 0x2922, 0x3163, 0x3142, 0x2922, 0x3142, 0x2922, 0x2922, 0x2942, 
    0x3162, 0x3983, 0x3142, 0x2922, 0x2922, 0x3142, 0x2922, 0x3163, 0x3983, 0x3983, 0x3983, 0x3162, 
    0x3142, 0x2922, 0x2922, 0x2922, 0x3142, 0x3163, 0x3162, 0x2922, 0x2902, 0x3142, 0x3983, 0x3163, 
    0x3963, 0x3983, 0x3163, 0x2922, 0x2922, 0x2922, 0x3142, 0x3963, 0x3142, 0x2922, 0x3142, 0x2942, 
    0x2942, 0x3163, 0x3142, 0x3163, 0x3163, 0x2922, 0x3143, 0x2922, 0x2922, 0x2922, 0x2942, 0x3142, 
    0x3162, 0x2922, 0x2922, 0x2922, 0x2922, 0x3163, 0x3142, 0x3163, 0x3983, 0x2922, 0x2922, 0x2942, 
    0x2922, 0x2922, 0x2922, 0x2922, 0x3163, 0x3983, 0x3983, 0x3983, 0x3963, 0x3983, 0x3142, 0x2942, 
    0x3142, 0x3983, 0x3983, 0x3142, 0x2902, 0x2922, 0x3163, 0x3983, 0x3142, 0x3163, 0x3163, 0x2922, 
    0x3142, 0x3163, 0x3963, 0x3983, 0x3963, 0x3963, 0x3963, 0x3963, 0x3163, 0x3163, 0x3142, 0x1081, 
    0x6222, 0xABC2, 0x51C1, 0x3982, 0xE584, 0xE584, 0xE584, 0xE584, 0xE584, 0xE584, 0xE584, 0xE584, 
    0xE584, 0xE564, 0xE564, 0xE564, 0xE564, 0xE564, 0xE564, 0xE584, 0x41C2, 0x51E2, 0xABA2, 0x6222, 
    0x1081, 0x3163, 0x3163, 0x3163, 0x3983, 0x3963, 0x3983, 0x3963, 0x3983, 0x3983, 0x3983, 0x3983, 
    0x3983, 0x3963, 0x3963, 0x3962, 0x3962, 0x3982, 0x3983, 0x3963, 0x3983, 0x3983, 0x3983, 0x3983, 
    0x3983, 0x3983, 0x3983, 0x3983, 0x3983, 0x3983, 0x3983, 0x3983, 0x3983, 0x3983, 0x3162, 0x3184, 
    0x5AA8, 0x5267, 0x2103, 0x3963, 0x2922, 0x4A26, 0x62C8, 0x41E6, 0x2942, 0x2923, 0x41E6, 0x18C2, 
    0x2923, 0x4A26, 0x2103, 0x20E2, 0x41E6, 0x5AA8, 0x62C8, 0x41C5, 0x20E3, 0x5267, 0x5A87, 0x5A88, 
    0x5A87, 0x2943, 0x2922, 0x4A06, 0x5A88, 0x3164, 0x2902, 0x2964, 0x4A26, 0x20E2, 0x2103, 0x41E6, 
    0x10A1, 0x4A06, 0x62A8, 0x5A87, 0x62C8, 0x3184, 0x3142, 0x3983, 0x3983, 0x3983, 0x3162, 0x2943, 
    0x5AA8, 0x5AA8, 0x5A87, 0x5247, 0x18C2, 0x4206, 0x3184, 0x2942, 0x2943, 0x4A06, 0x18C2, 0x41E6, 
    0x5A67, 0x5AA8, 0x3985, 0x2942, 0x3142, 0x2943, 0x5A88, 0x5267, 0x2102, 0x3963, 0x2102, 0x4A26, 
    0x5AA8, 0x62A8, 0x3184, 0x2944, 0x4A26, 0x18E2, 0x2103, 0x4A26, 0x18C2, 0x41E6, 0x5AA8, 0x62C9, 
    0x39C5, 0x2902, 0x2923, 0x5A88, 0x62A8, 0x5AA8, 0x5267, 0x2103, 0x3963, 0x3983, 0x3983, 0x3162, 
    0x2944, 0x5A88, 0x5247, 0x5AA8, 0x5267, 0x2923, 0x2923, 0x5247, 0x5A87, 0x2943, 0x2942, 0x3963, 
    0x3963, 0x3963, 0x2102, 0x39C5, 0x5267, 0x5A87, 0x39A4, 0x2902, 0x2964, 0x5A88, 0x5A88, 0x5A88, 
    0x4A06, 0x2103, 0x4A26, 0x2102, 0x20E2, 0x41E6, 0x2103, 0x3184, 0x5AA8, 0x5A88, 0x5A67, 0x39C5, 
    0x18E2, 0x5247, 0x5A88, 0x5A88, 0x5267, 0x18E2, 0x39C5, 0x3164, 0x2102, 0x39A5, 0x3164, 0x2123, 
    0x5A87, 0x5AA8, 0x5A88, 0x4A26, 0x2102, 0x3983, 0x3983, 0x3963, 0x3983, 0x2922, 0x4206, 0x62E9, 
    0x4A26, 0x2102, 0x3163, 0x2923, 0x5267, 0x5247, 0x2102, 0x2923, 0x4A26, 0x2943, 0x20E2, 0x4206, 
    0x2923, 0x3162, 0x3963, 0x3963, 0x3963, 0x3963, 0x3163, 0x3163, 0x3163, 0x3163, 0x3163, 0x1082, 
    0x5A02, 0xABA2, 0x51C1, 0x3982, 0xE584, 0xE584, 0xE564, 0xE564, 0xE563, 0xE564, 0xE564, 0xDD63, 
    0xDD44, 0xDD44, 0xDD44, 0xDD44, 0xDD44, 0xDD44, 0xDD64, 0xE564, 0x41C2, 0x51E1, 0xABC2, 0x6242, 
    0x1081, 0x3163, 0x3163, 0x3963, 0x3983, 0x3963, 0x3983, 0x3983, 0x3983, 0x3983, 0x3983, 0x3983, 
    0x3983, 0x3983, 0x3962, 0x3962, 0x3142, 0x2942, 0x3162, 0x3983, 0x3983, 0x3983, 0x3983, 0x3983, 
    0x3983, 0x3983, 0x3983, 0x3983, 0x3983, 0x3983, 0x3983, 0x3983, 0x3983, 0x3963, 0x2923, 0x83AC, 
    0x942D, 0x8BEC, 0x62E9, 0x20E2, 0x4A27, 0x942D, 0x942D, 0x8BEC, 0x3164, 0x3164, 0xA48E, 0x39A5, 
    0x2944, 0xA4AE, 0x2103, 0x39C5, 0x83CB, 0x8BCB, 0x940C, 0x5A87, 0x2123, 0x8BCC, 0xB4F0, 0xACEF, 
    0x8BCC, 0x2103, 0x4206, 0x942D, 0x940C, 0x7B8B, 0x2964, 0x41E6, 0xACAF, 0x3164, 0x3144, 0x9C2D, 
    0x10A2, 0x6B29, 0xA48E, 0xB4EF, 0x942D, 0x4206, 0x2922, 0x3963, 0x3983, 0x3983, 0x3142, 0x41C5, 
    0xBD30, 0x8C0C, 0x8BEC, 0x83CB, 0x18E2, 0x7B8B, 0x6B29, 0x18E2, 0x62C8, 0x942C, 0x10C2, 0x940D, 
    0x9C6D, 0x8BEC, 0x7B8B, 0x3164, 0x2103, 0x7B6A, 0x940C, 0x9C4D, 0x6AE9, 0x18E2, 0x41C5, 0x8BEC, 
    0x8BEC, 0x940C, 0x41E5, 0x41E6, 0xA48E, 0x18E2, 0x3164, 0xACAE, 0x2103, 0x8C0C, 0xACCF, 0x940C, 
    0x838B, 0x2944, 0x39A5, 0xBD30, 0x942C, 0x8BEC, 0x7B8B, 0x2103, 0x3163, 0x3963, 0x3983, 0x3142, 
    0x39A5, 0x8BEC, 0xB4EF, 0xACAE, 0x7B6B, 0x20E3, 0x6AE9, 0x940C, 0x8BEC, 0x732A, 0x2123, 0x3142, 
    0x3163, 0x3963, 0x20E2, 0x8BEC, 0xA46E, 0x83CB, 0x838B, 0x3164, 0x5247, 0xBD30, 0x940D, 0x942C, 
    0x7329, 0x18E2, 0xA48E, 0x5A67, 0x18E2, 0xA46E, 0x39A5, 0x4A06, 0x8BEC, 0x8BCB, 0x9C2D, 0x7B6A, 
    0x2103, 0xACEF, 0x9C4D, 0x942C, 0x8BEC, 0x18E3, 0x7B6A, 0x7B6A, 0x10A2, 0x7B8B, 0x62C8, 0x39C5, 
    0xBD30, 0x942D, 0x940C, 0x734A, 0x2102, 0x3983, 0x3983, 0x3983, 0x3143, 0x39C5, 0x940C, 0x8BEC, 
    0x940D, 0x4206, 0x18C2, 0x6AE9, 0x942D, 0x942C, 0x5A87, 0x18C2, 0x942D, 0x6AE9, 0x10A1, 0x8C0D, 
    0x39C5, 0x3142, 0x3963, 0x3983, 0x3963, 0x3963, 0x3963, 0x3963, 0x3963, 0x3163, 0x3163, 0x1082, 
    0x5A02, 0xABA2, 0x51C1, 0x3962, 0xDD44, 0xDD44, 0xDD44, 0xDD44, 0xDD43, 0xDD44, 0xDD44, 0xDD24, 
    0xE564, 0xE564, 0xE564, 0xE564, 0xE564, 0xE564, 0xE584, 0xEDA4, 0x49E2, 0x51E1, 0xB3E2, 0x6A42, 
    0x1081, 0x3143, 0x3963, 0x3963, 0x3983, 0x3963, 0x3963, 0x3983, 0x3983, 0x3983, 0x3983, 0x3983, 
    0x3983, 0x3963, 0x3962, 0x18E2, 0x0041, 0x0021, 0x10A1, 0x3163, 0x3983, 0x3983, 0x3983, 0x3983, 
    0x3983, 0x3983, 0x3983, 0x3983, 0x3983, 0x3983, 0x3983, 0x3983, 0x3983, 0x3162, 0x41E6, 0xA4AE, 
    0x18C2, 0x18E2, 0x62C8, 0x18A2, 0x8BEC, 0x5A87, 0x1081, 0x7B6A, 0x62C8, 0x2923, 0xBD30, 0x942C, 
    0x39A5, 0xA48E, 0x18E3, 0x7B8A, 0x62C8, 0x10A1, 0x10A1, 0x20E2, 0x2922, 0x18C1, 0x736A, 0x734A, 
    0x18C1, 0x10A1, 0x8BEC, 0x5267, 0x0861, 0x8BEC, 0x62C8, 0x3164, 0xBD30, 0x7B6A, 0x39A5, 0x9C4D, 
    0x2102, 0x2922, 0x4206, 0x9C4D, 0x18C1, 0x2922, 0x3163, 0x3163, 0x3983, 0x3983, 0x3142, 0x39C5, 
    0x9C4D, 0x18E2, 0x2103, 0x2102, 0x2943, 0x2103, 0x83CB, 0x4A27, 0x940C, 0x3164, 0x18E2, 0x942D, 
    0x41E6, 0x0020, 0x83AB, 0x5A88, 0x39A5, 0x9C2D, 0x18C2, 0x3184, 0xACEF, 0x18E2, 0x8BCC, 0x5247, 
    0x18E2, 0x10A2, 0x18C1, 0x4206, 0xA48E, 0x2102, 0x3184, 0xA48E, 0x18C2, 0x8BCB, 0x5267, 0x0020, 
    0x83AB, 0x6B09, 0x39A5, 0xA48E, 0x20E2, 0x18C2, 0x18C2, 0x2942, 0x3963, 0x3163, 0x3983, 0x3163, 
    0x2922, 0x18C1, 0x942D, 0x5267, 0x18C1, 0x2103, 0xACAE, 0x3164, 0x18C2, 0xA4AE, 0x41E6, 0x2942, 
    0x3163, 0x3963, 0x2102, 0x940D, 0x5268, 0x10A2, 0x83AA, 0x5267, 0x4A06, 0x9C2D, 0x18E2, 0x2123, 
    0x18E2, 0x2102, 0xA46E, 0xACCF, 0x31A5, 0xA48E, 0x41E5, 0x2922, 0x18A1, 0x2923, 0x7B49, 0x2943, 
    0x2943, 0xA48E, 0x31A4, 0x2923, 0x2102, 0x18C1, 0x734A, 0xBD30, 0x41E5, 0x7B8B, 0x62C9, 0x41C5, 
    0x9C6D, 0x2103, 0x2943, 0x18E2, 0x2942, 0x3983, 0x3983, 0x3983, 0x2922, 0x7B6B, 0x6B09, 0x0840, 
    0x39A5, 0x4A26, 0x2923, 0x9C6D, 0x18C2, 0x2964, 0xA4AE, 0x18C2, 0x8BCB, 0xACEF, 0x2923, 0x8BEC, 
    0x39A5, 0x3142, 0x3963, 0x3983, 0x3983, 0x3983, 0x3983, 0x3983, 0x3983, 0x3163, 0x3163, 0x1082, 
    0x6222, 0xA382, 0x49A1, 0x3982, 0xE584, 0xE564, 0xE564, 0xE564, 0xE563, 0xE563, 0xE543, 0xE543, 
    0xE584, 0xE584, 0xE584, 0xE584, 0xE584, 0xE584, 0xE584, 0xEDA4, 0x41C2, 0x5A01, 0xBC02, 0x6A42, 
    0x0881, 0x3143, 0x3163, 0x3983, 0x3963, 0x3963, 0x3962, 0x3962, 0x3962, 0x3983, 0x3983, 0x3983, 
    0x3983, 0x3983, 0x2102, 0x18A1, 0x7261, 0x82A0, 0x2901, 0x18A2, 0x3983, 0x3983, 0x3983, 0x3983, 
    0x3983, 0x3983, 0x3983, 0x3983, 0x3983, 0x3983, 0x3983, 0x3983, 0x3983, 0x3162, 0x41E6, 0xA48E, 
    0x2923, 0x3142, 0x18A1, 0x1081, 0x83CC, 0x5A88, 0x18A1, 0x734A, 0x62C8, 0x3184, 0x9C6E, 0x7B6A, 
    0x732A, 0x942C, 0x18E2, 0x18E2, 0x838B, 0xB4CF, 0x83AB, 0x20E2, 0x3142, 0x2922, 0x734A, 0x6B2A, 
    0x2902, 0x20E1, 0x83CB, 0x942D, 0x732A, 0xACCF, 0x5A88, 0x3184, 0x8BCB, 0x6AE9, 0x6AE9, 0x9C6E, 
    0x2923, 0x3963, 0x4A26, 0x9C6D, 0x2102, 0x3983, 0x3963, 0x3963, 0x3983, 0x3983, 0x3142, 0x39C5, 
    0xB510, 0xACAF, 0xB4EF, 0x41E5, 0x3163, 0x2102, 0x3184, 0xACAE, 0x4A05, 0x18C1, 0x20E2, 0x942D, 
    0x944D, 0x7B6A, 0x7B6A, 0x2923, 0x39C5, 0x9C4D, 0x2122, 0x39A5, 0xA48E, 0x20E2, 0x2103, 0x940D, 
    0xB4EF, 0x7B6A, 0x2102, 0x4A06, 0xA48E, 0x2102, 0x39A4, 0xA48E, 0x18A2, 0x7B6A, 0x9C4D, 0x83AB, 
    0x734A, 0x39A5, 0x3185, 0xB4EF, 0xA48E, 0xACAE, 0x4A06, 0x3163, 0x3163, 0x3963, 0x3983, 0x3963, 
    0x3983, 0x2922, 0x944D, 0x5A87, 0x20E1, 0x20E2, 0xA46D, 0x39A4, 0x2923, 0x9C8D, 0x4206, 0x3142, 
    0x3163, 0x3963, 0x2102, 0x8BEC, 0xB510, 0xACAE, 0x7329, 0x18C2, 0x4A06, 0xBD0F, 0xACCE, 0xA48E, 
    0x3164, 0x2923, 0x9C4D, 0x6B09, 0x7B8A, 0x9C4D, 0x39A5, 0x2922, 0x2103, 0x942C, 0x4205, 0x2102, 
    0x2923, 0xA48E, 0xB4EF, 0xB50F, 0x5247, 0x20E2, 0x7B6A, 0x6B09, 0x83AB, 0x83CB, 0x62A8, 0x39C5, 
    0xBD0F, 0xACCF, 0xACF0, 0x39A5, 0x3983, 0x3983, 0x3983, 0x3983, 0x2902, 0x734A, 0x732A, 0x2102, 
    0x18C1, 0x10A1, 0x2944, 0xA48D, 0x7B6A, 0x83CB, 0xA48E, 0x18E2, 0x8BCC, 0x6AE9, 0x6B09, 0x8BEC, 
    0x39C5, 0x3142, 0x3983, 0x3983, 0x3983, 0x3983, 0x3983, 0x3983, 0x3983, 0x3963, 0x3163, 0x1082, 
    0x5A01, 0xA382, 0x49A1, 0x3982, 0xED84, 0xE583, 0xE583, 0xE563, 0xE563, 0xE563, 0xE563, 0xE563, 
    0xDD44, 0xDD64, 0xDD64, 0xDD64, 0xDD44, 0xDD44, 0xDD44, 0xDD64, 0x41A2, 0x5202, 0xB402, 0x6A42, 
    0x0881, 0x3143, 0x3163, 0x3963, 0x3163, 0x3163, 0x3162, 0x3162, 0x3962, 0x3983, 0x3983, 0x3983, 
    0x3983, 0x3163, 0x0041, 0x7AA1, 0xE565, 0xDCC1, 0x9301, 0x0861, 0x2943, 0x3983, 0x3983, 0x3983, 
    0x3983, 0x3983, 0x3983, 0x3983, 0x3983, 0x3983, 0x3983, 0x3983, 0x3983, 0x3142, 0x4206, 0xA48E, 
    0x18E2, 0x2923, 0x5AA7, 0x18A2, 0x83CB, 0x4A26, 0x0820, 0x734A, 0x6AE9, 0x31A5, 0xA48E, 0x3164, 
    0xA46E, 0xA46D, 0x20E2, 0x18C1, 0x2102, 0x2923, 0x734A, 0x734A, 0x2922, 0x2942, 0x7329, 0x6B09, 
    0x2102, 0x2902, 0x8BCC, 0x9C4D, 0x734A, 0xA4AE, 0x5AA8, 0x39C5, 0x83CC, 0x2923, 0xA4AE, 0xA48E, 
    0x2923, 0x2922, 0x41E5, 0x9C4D, 0x2102, 0x3963, 0x3963, 0x3983, 0x3983, 0x3983, 0x3142, 0x39C5, 
    0x9C6D, 0x2944, 0x3164, 0x2102, 0x2102, 0x2923, 0x940C, 0x5247, 0x93EC, 0x2944, 0x18C2, 0x8C0D, 
    0x8BEC, 0x732A, 0x39C5, 0x18C1, 0x4A06, 0x9C6E, 0x18E2, 0x3164, 0xA46D, 0x2103, 0x18C1, 0x2102, 
    0x2943, 0x944D, 0x62A8, 0x39A5, 0x9C4D, 0x18C1, 0x39A4, 0xACEF, 0x18C2, 0x7B6A, 0x7B8B, 0x944D, 
    0x6AE8, 0x10A1, 0x3984, 0x9C2C, 0x2923, 0x2944, 0x2102, 0x3143, 0x3963, 0x3963, 0x3983, 0x3983, 
    0x3983, 0x2922, 0x942D, 0x5A87, 0x2102, 0x2102, 0xA48E, 0x3164, 0x18C1, 0x9C6D, 0x4206, 0x3142, 
    0x3963, 0x3983, 0x20E2, 0x8BEC, 0x5A87, 0x2103, 0x83AB, 0x5247, 0x4A26, 0x9C6E, 0x2964, 0x2944, 
    0x18A2, 0x20E2, 0x942D, 0x3184, 0x838A, 0xB4EF, 0x3184, 0x2102, 0x7349, 0x5247, 0x18C2, 0x3143, 
    0x2923, 0x9C4D, 0x3184, 0x2943, 0x2103, 0x2102, 0x83AB, 0x5AA8, 0x5267, 0xBD30, 0x5A87, 0x41E6, 
    0x9C4D, 0x2943, 0x2944, 0x18E2, 0x3163, 0x39A3, 0x39A3, 0x3983, 0x2922, 0x736A, 0x732A, 0x1081, 
    0x3984, 0x4A06, 0x2944, 0xACAE, 0x7B6A, 0x7B8B, 0x9C6D, 0x2103, 0x940C, 0x39A5, 0x7B6A, 0xB50F, 
    0x39A5, 0x3162, 0x3983, 0x3983, 0x3983, 0x3983, 0x3983, 0x3983, 0x3983, 0x3963, 0x3163, 0x10A2, 
    0x5A02, 0xABA2, 0x51C1, 0x3162, 0xDD44, 0xDD44, 0xDD44, 0xDD44, 0xDD43, 0xDD23, 0xDD23, 0xDD23, 
    0xE564, 0xE564, 0xE564, 0xE584, 0xE564, 0xE564, 0xE564, 0xE584, 0x41C2, 0x51E1, 0xABE2, 0x6222, 
    0x0881, 0x3142, 0x3163, 0x3163, 0x3163, 0x3163, 0x3163, 0x3962, 0x3962, 0x3963, 0x3983, 0x3963, 
    0x3983, 0x18C2, 0x20E1, 0xABA1, 0xDCE2, 0xDCA1, 0xBC00, 0x2901, 0x10A1, 0x3983, 0x3983, 0x3983, 
    0x3983, 0x3983, 0x3983, 0x3983, 0x3983, 0x3983, 0x3983, 0x3983, 0x3983, 0x3162, 0x2944, 0x7BAB, 
    0x838B, 0x8BEC, 0x7B8B, 0x20E2, 0x4A26, 0x7B8B, 0x734A, 0x83AB, 0x39A5, 0x39A5, 0xA4CF, 0x20E2, 
    0x4A06, 0xA4AE, 0x18C2, 0x4A06, 0x7BAB, 0x734A, 0x838B, 0x4A06, 0x2922, 0x2922, 0x7B6A, 0x7329, 
    0x2922, 0x2922, 0x8C0D, 0x5A88, 0x0861, 0x83AB, 0x62C8, 0x41E6, 0x8C0D, 0x10A1, 0x5AA7, 0x9C6E, 
    0x2922, 0x2922, 0x41E5, 0x9C4D, 0x2102, 0x3983, 0x3983, 0x3983, 0x3983, 0x3983, 0x3142, 0x39A5, 
    0xACCF, 0x7B6B, 0x7B8B, 0x734A, 0x10A2, 0x734A, 0x7B6A, 0x18C1, 0x62C9, 0x940D, 0x1081, 0x942D, 
    0x41E6, 0x2102, 0x3143, 0x3983, 0x3164, 0x7B6A, 0x7B6A, 0x838A, 0x6AE8, 0x18C2, 0x5A87, 0x83AB, 
    0x7B6A, 0x7B6A, 0x3985, 0x2103, 0x7B6B, 0x83AB, 0x8BCC, 0x732A, 0x18C2, 0x8BEC, 0x5267, 0x2103, 
    0x940C, 0x4A26, 0x2964, 0xAC8D, 0x734A, 0x7B8A, 0x7329, 0x2902, 0x3983, 0x3963, 0x3983, 0x3963, 
    0x3983, 0x2102, 0x940D, 0x5A87, 0x2922, 0x2102, 0x6AE9, 0x838B, 0x734A, 0x7B4A, 0x2943, 0x3162, 
    0x3983, 0x3983, 0x20E2, 0x8BCC, 0x940C, 0x734A, 0x838B, 0x3185, 0x4A47, 0xB510, 0x734A, 0x7329, 
    0x62A8, 0x18C2, 0x942C, 0x2943, 0x3164, 0xACCF, 0x39A5, 0x5A88, 0xACAE, 0x734A, 0x838B, 0x5A87, 
    0x2123, 0xACAE, 0x7B6A, 0x7329, 0x7329, 0x2103, 0x83CB, 0x62E8, 0x18A2, 0x8BCB, 0x5A87, 0x39C5, 
    0xB4EF, 0x7B6A, 0x734A, 0x62C8, 0x2102, 0x39A3, 0x39A3, 0x3983, 0x2942, 0x41E5, 0x838B, 0x734A, 
    0x8BCC, 0x5267, 0x3164, 0xA48E, 0x2102, 0x2923, 0x9C4D, 0x2103, 0x940C, 0x3985, 0x3164, 0xA4AF, 
    0x39C5, 0x3142, 0x3983, 0x3983, 0x3983, 0x3983, 0x3983, 0x3963, 0x3983, 0x3963, 0x3163, 0x1082, 
    0x6202, 0xABA2, 0x51C1, 0x3982, 0xE584, 0xE564, 0xE564, 0xE564, 0xE564, 0xE563, 0xE563, 0xE563, 
    0xE584, 0xE584, 0xE584, 0xE584, 0xE584, 0xE584, 0xE584, 0xEDA4, 0x41C2, 0x51E1, 0xB3E2, 0x6222, 
    0x0881, 0x3143, 0x3163, 0x3163, 0x3163, 0x3163, 0x3163, 0x3163, 0x3163, 0x3963, 0x3963, 0x3963, 
    0x3142, 0x0861, 0x9321, 0xDD02, 0xE502, 0xD4A0, 0xD480, 0x9B41, 0x0861, 0x2102, 0x3983, 0x3983, 
    0x3983, 0x3983, 0x3983, 0x3983, 0x3983, 0x3983, 0x3983, 0x3983, 0x3983, 0x3983, 0x2922, 0x3164, 
    0x7B6B, 0x7B6A, 0x2943, 0x3143, 0x20E2, 0x5AA8, 0x7B6A, 0x4A26, 0x18C1, 0x2923, 0x62C9, 0x2923, 
    0x2923, 0x62E9, 0x18C2, 0x4A06, 0x7B8B, 0x7B8B, 0x5267, 0x18C1, 0x3162, 0x2922, 0x4A27, 0x4A27, 
    0x2922, 0x2102, 0x5A88, 0x41E6, 0x20E2, 0x5247, 0x39A5, 0x2944, 0x5AA8, 0x2922, 0x2943, 0x5AA8, 
    0x2102, 0x3163, 0x3164, 0x62A8, 0x2102, 0x3983, 0x3983, 0x3983, 0x3983, 0x3983, 0x3163, 0x3164, 
    0x7B6B, 0x7B8B, 0x7B8B, 0x6B09, 0x1081, 0x4206, 0x3184, 0x20E2, 0x2943, 0x5AA8, 0x10A1, 0x5267, 
    0x3164, 0x3963, 0x39A3, 0x39A3, 0x3142, 0x3164, 0x732A, 0x6AE8, 0x18C2, 0x20E2, 0x5267, 0x7B8B, 
    0x7B6A, 0x39C5, 0x20E1, 0x2922, 0x3184, 0x7B6B, 0x6B09, 0x2103, 0x2102, 0x5A88, 0x41C5, 0x18E2, 
    0x4A26, 0x4A06, 0x18E2, 0x6AE9, 0x734A, 0x7B6A, 0x6B09, 0x2102, 0x3963, 0x3983, 0x3983, 0x3963, 
    0x3983, 0x2902, 0x5A88, 0x39A5, 0x3142, 0x3142, 0x20E2, 0x6B0A, 0x7B6A, 0x3164, 0x2102, 0x3163, 
    0x3983, 0x3983, 0x2102, 0x5267, 0x7B6B, 0x734A, 0x39C5, 0x2102, 0x39C5, 0x7B8B, 0x7B6A, 0x734A, 
    0x5AA8, 0x10A2, 0x5A87, 0x2103, 0x20E2, 0x62E9, 0x3164, 0x39C5, 0x736A, 0x734A, 0x7B6A, 0x5247, 
    0x18E3, 0x6B09, 0x734A, 0x7329, 0x6B09, 0x18E2, 0x5267, 0x4A06, 0x20E2, 0x4A06, 0x39A5, 0x2923, 
    0x732A, 0x734A, 0x734A, 0x62C8, 0x2102, 0x3983, 0x3983, 0x3983, 0x3983, 0x20E2, 0x4A47, 0x7B8B, 
    0x5A88, 0x18C1, 0x2943, 0x62E9, 0x2923, 0x2923, 0x62C9, 0x18C2, 0x5A67, 0x2944, 0x20E2, 0x5AA8, 
    0x3164, 0x3163, 0x3983, 0x3983, 0x3983, 0x3983, 0x3983, 0x3983, 0x3983, 0x3963, 0x3163, 0x1082, 
    0x6222, 0xA382, 0x49A1, 0x3982, 0xE584, 0xE584, 0xE584, 0xE564, 0xE564, 0xE563, 0xE563, 0xE583, 
    0xDD44, 0xDD44, 0xDD44, 0xDD44, 0xDD64, 0xDD44, 0xDD44, 0xE564, 0x41C2, 0x5A01, 0xB3E2, 0x6222, 
    0x1081, 0x3163, 0x3163, 0x3163, 0x3163, 0x3163, 0x3963, 0x3963, 0x3963, 0x3963, 0x3983, 0x3963, 
    0x18C2, 0x18A1, 0xC463, 0xDCE1, 0xBC01, 0xBBE1, 0xCC60, 0xCC60, 0x4181, 0x1082, 0x3163, 0x3963, 
    0x3963, 0x3983, 0x3983, 0x3983, 0x3983, 0x3983, 0x3983, 0x3983, 0x3983, 0x3983, 0x3983, 0x2942, 
    0x2102, 0x2102, 0x2922, 0x3163, 0x3983, 0x2942, 0x2922, 0x2922, 0x3163, 0x2102, 0x20E1, 0x3142, 
    0x3162, 0x2922, 0x3142, 0x2922, 0x2902, 0x2922, 0x2922, 0x3163, 0x3163, 0x3163, 0x2942, 0x3143, 
    0x3163, 0x3142, 0x2922, 0x3142, 0x3162, 0x2922, 0x2902, 0x2922, 0x3142, 0x3983, 0x2922, 0x20E2, 
    0x3142, 0x3983, 0x3163, 0x2922, 0x3163, 0x3983, 0x3983, 0x3963, 0x3963, 0x3983, 0x3983, 0x3163, 
    0x2942, 0x2922, 0x2922, 0x20E2, 0x2902, 0x2922, 0x2942, 0x3163, 0x3163, 0x3142, 0x3143, 0x2102, 
    0x2902, 0x3963, 0x3983, 0x3983, 0x39A3, 0x3142, 0x20E1, 0x20E1, 0x2922, 0x3163, 0x2922, 0x2102, 
    0x20E1, 0x2922, 0x3983, 0x3983, 0x3142, 0x20E1, 0x20E1, 0x3142, 0x3983, 0x2942, 0x2942, 0x3163, 
    0x2922, 0x2922, 0x2922, 0x2902, 0x2922, 0x2102, 0x2102, 0x2942, 0x3963, 0x3963, 0x3963, 0x3163, 
    0x3983, 0x3163, 0x2902, 0x2922, 0x3163, 0x3163, 0x3163, 0x2922, 0x2922, 0x2943, 0x3163, 0x3163, 
    0x3163, 0x3983, 0x3163, 0x2942, 0x2922, 0x20E2, 0x2102, 0x3983, 0x3163, 0x2922, 0x2902, 0x2902, 
    0x2102, 0x2902, 0x2102, 0x2942, 0x3163, 0x2922, 0x3143, 0x3142, 0x2922, 0x2902, 0x2902, 0x2922, 
    0x3143, 0x2102, 0x2902, 0x2102, 0x2102, 0x2922, 0x2922, 0x3143, 0x3983, 0x2922, 0x2922, 0x2922, 
    0x2902, 0x2902, 0x2102, 0x2922, 0x3142, 0x3983, 0x3983, 0x3983, 0x3983, 0x3983, 0x2922, 0x2922, 
    0x2922, 0x3983, 0x3163, 0x2922, 0x3142, 0x3142, 0x2922, 0x2942, 0x2922, 0x2942, 0x3163, 0x2922, 
    0x3143, 0x3983, 0x3983, 0x3983, 0x3983, 0x3983, 0x3983, 0x3983, 0x3983, 0x3983, 0x3963, 0x10A2, 
    0x6201, 0xAB82, 0x49A1, 0x3961, 0xDD44, 0xDD44, 0xDD44, 0xDD44, 0xDD44, 0xDD44, 0xDD44, 0xDD44, 
    0xE564, 0xE564, 0xE564, 0xE584, 0xE584, 0xE564, 0xE564, 0xEDA4, 0x49C2, 0x51E1, 0xABC2, 0x6242, 
    0x1081, 0x3163, 0x3963, 0x3963, 0x3963, 0x3163, 0x3163, 0x3983, 0x3983, 0x3983, 0x3983, 0x2102, 
    0x1061, 0x9B41, 0xE502, 0xC441, 0x3121, 0x18A1, 0x9B61, 0xD480, 0xB3A1, 0x20E1, 0x20E2, 0x3983, 
    0x3963, 0x3983, 0x3983, 0x3983, 0x3983, 0x3983, 0x3983, 0x3983, 0x3983, 0x3983, 0x3983, 0x3983, 
    0x3983, 0x3983, 0x3163, 0x3163, 0x3963, 0x3983, 0x3983, 0x3983, 0x3963, 0x3162, 0x3162, 0x3163, 
    0x3983, 0x3983, 0x3983, 0x3983, 0x3983, 0x3983, 0x3983, 0x3963, 0x3983, 0x3983, 0x41A3, 0x39A3, 
    0x3983, 0x3963, 0x3983, 0x3983, 0x3983, 0x3983, 0x3963, 0x3983, 0x39A3, 0x3983, 0x3983, 0x3962, 
    0x3162, 0x3983, 0x39A3, 0x3983, 0x3983, 0x3983, 0x3963, 0x3962, 0x3983, 0x3983, 0x3983, 0x3983, 
    0x3983, 0x3983, 0x3983, 0x3963, 0x3963, 0x3983, 0x39A3, 0x3983, 0x3983, 0x3983, 0x3983, 0x3983, 
    0x3983, 0x3983, 0x3983, 0x3983, 0x3983, 0x3983, 0x3963, 0x3163, 0x3162, 0x3983, 0x3983, 0x3983, 
    0x3963, 0x3963, 0x3983, 0x3983, 0x3963, 0x3163, 0x3163, 0x3983, 0x3983, 0x3983, 0x3983, 0x3963, 
    0x3983, 0x3983, 0x3983, 0x39A3, 0x3983, 0x3962, 0x3163, 0x3963, 0x3163, 0x3963, 0x3963, 0x3963, 
    0x3983, 0x3983, 0x3963, 0x3983, 0x3983, 0x3983, 0x3983, 0x39A3, 0x3983, 0x3983, 0x3163, 0x3163, 
    0x3163, 0x3983, 0x3983, 0x3983, 0x3983, 0x3983, 0x3963, 0x3963, 0x3983, 0x3963, 0x3963, 0x3983, 
    0x3963, 0x3983, 0x3983, 0x3983, 0x3983, 0x3983, 0x3163, 0x3982, 0x3983, 0x3983, 0x3983, 0x3983, 
    0x3983, 0x3983, 0x3983, 0x39A3, 0x3983, 0x3983, 0x3163, 0x3983, 0x39A3, 0x3983, 0x3983, 0x3983, 
    0x3983, 0x3983, 0x3983, 0x3983, 0x3983, 0x3983, 0x3983, 0x3983, 0x3983, 0x3983, 0x3983, 0x3983, 
    0x3983, 0x3983, 0x3983, 0x3983, 0x3983, 0x3983, 0x3983, 0x3983, 0x3983, 0x3983, 0x3983, 0x3983, 
    0x3983, 0x3983, 0x3983, 0x3983, 0x3983, 0x3983, 0x3983, 0x3983, 0x3983, 0x3983, 0x3963, 0x10A2, 
    0x5A02, 0xAB82, 0x49A1, 0x3982, 0xE584, 0xE564, 0xE564, 0xE564, 0xE564, 0xE564, 0xE564, 0xE564, 
    0xE584, 0xE584, 0xE584, 0xE584, 0xE584, 0xE564, 0xE564, 0xE5A4, 0x41A2, 0x51E1, 0xABC2, 0x6242, 
    0x0881, 0x3163, 0x3163, 0x3163, 0x3163, 0x3163, 0x3963, 0x3983, 0x3983, 0x3983, 0x3163, 0x1081, 
    0x2901, 0xCC82, 0xED22, 0x7AC1, 0x0062, 0x0062, 0x5201, 0xDCA0, 0xD460, 0x4981, 0x1082, 0x3163, 
    0x3963, 0x3983, 0x3983, 0x3983, 0x3983, 0x3983, 0x3983, 0x3983, 0x3983, 0x3983, 0x3983, 0x3162, 
    0x2922, 0x2902, 0x3142, 0x3163, 0x3142, 0x2922, 0x2942, 0x3163, 0x3983, 0x3142, 0x2922, 0x3162, 
    0x2922, 0x2102, 0x3163, 0x3983, 0x3142, 0x2922, 0x2922, 0x2922, 0x3142, 0x2922, 0x3142, 0x3142, 
    0x3142, 0x3142, 0x3963, 0x3983, 0x3983, 0x3983, 0x3163, 0x2922, 0x3142, 0x3983, 0x3162, 0x3142, 
    0x3142, 0x2102, 0x2902, 0x2922, 0x2922, 0x3142, 0x3163, 0x2922, 0x2922, 0x3163, 0x3983, 0x2922, 
    0x2102, 0x2922, 0x2942, 0x3143, 0x3163, 0x3163, 0x2942, 0x2922, 0x3162, 0x3983, 0x3963, 0x3162, 
    0x3142, 0x2922, 0x3163, 0x3963, 0x2922, 0x3163, 0x3163, 0x2922, 0x2922, 0x2922, 0x2922, 0x2942, 
    0x3142, 0x2922, 0x3163, 0x3963, 0x2922, 0x2902, 0x2902, 0x3162, 0x3963, 0x3963, 0x3963, 0x3963, 
    0x3963, 0x3983, 0x3983, 0x3983, 0x3162, 0x2922, 0x2922, 0x2922, 0x3142, 0x3163, 0x2922, 0x2902, 
    0x2922, 0x2922, 0x3163, 0x3163, 0x3162, 0x3142, 0x2922, 0x3142, 0x3143, 0x2922, 0x3142, 0x3983, 
    0x3143, 0x3142, 0x3163, 0x2942, 0x2902, 0x2942, 0x2942, 0x3142, 0x2922, 0x20E2, 0x2922, 0x3142, 
    0x3983, 0x3163, 0x3163, 0x3983, 0x3142, 0x3142, 0x2922, 0x2102, 0x2902, 0x2922, 0x3142, 0x3983, 
    0x3162, 0x2902, 0x2922, 0x3142, 0x3163, 0x3983, 0x2922, 0x2902, 0x2942, 0x2942, 0x3163, 0x3963, 
    0x3983, 0x3983, 0x3983, 0x3983, 0x3963, 0x3983, 0x3983, 0x3983, 0x3983, 0x3983, 0x3983, 0x3983, 
    0x3983, 0x3983, 0x3983, 0x3963, 0x3983, 0x3983, 0x3983, 0x3983, 0x3983, 0x3983, 0x3983, 0x3983, 
    0x3983, 0x3983, 0x3983, 0x3983, 0x3983, 0x3983, 0x3983, 0x3983, 0x3983, 0x3983, 0x3163, 0x10A2, 
    0x6222, 0xA382, 0x49A1, 0x3961, 0xE584, 0xE564, 0xE564, 0xE564, 0xE564, 0xE564, 0xE563, 0xE564, 
    0xDD44, 0xDD44, 0xDD44, 0xDD64, 0xDD64, 0xDD44, 0xDD44, 0xDD64, 0x4182, 0x51E1, 0xABC2, 0x6A42, 
    0x0881, 0x3142, 0x3163, 0x3163, 0x3963, 0x3163, 0x3963, 0x3983, 0x3983, 0x3983, 0x2102, 0x18A1, 
    0xA381, 0xDCC1, 0xDCA1, 0x7AA1, 0x0862, 0x0862, 0x5201, 0xDCA0, 0xD460, 0xBBC0, 0x2901, 0x18C2, 
    0x3983, 0x3983, 0x3983, 0x3983, 0x3983, 0x3983, 0x3963, 0x3983, 0x3983, 0x3983, 0x3162, 0x3163, 
    0x62C8, 0x5A88, 0x2103, 0x3142, 0x18C1, 0x4A26, 0x6B09, 0x41E6, 0x3142, 0x3164, 0x5267, 0x2102, 
    0x2102, 0x4A27, 0x2102, 0x2902, 0x4206, 0x6AE9, 0x6B09, 0x41E5, 0x2103, 0x5A88, 0x62C8, 0x62C8, 
    0x62E9, 0x2943, 0x3162, 0x3983, 0x3983, 0x3983, 0x2942, 0x39C5, 0x39C5, 0x2102, 0x41C5, 0x4A26, 
    0x20E3, 0x5267, 0x5AA8, 0x62C9, 0x62C8, 0x2943, 0x2102, 0x4A26, 0x6B09, 0x4206, 0x2102, 0x2103, 
    0x5A88, 0x62C8, 0x5A88, 0x2102, 0x3142, 0x20E2, 0x5247, 0x6AE9, 0x39C5, 0x2942, 0x2902, 0x3164, 
    0x6B09, 0x5AA8, 0x2102, 0x20E2, 0x4A27, 0x2943, 0x2922, 0x5267, 0x3164, 0x2944, 0x5A87, 0x62C8, 
    0x6B09, 0x5267, 0x2102, 0x20E2, 0x5A87, 0x62E9, 0x62C8, 0x2943, 0x3142, 0x3163, 0x3963, 0x3963, 
    0x3983, 0x3983, 0x3983, 0x3963, 0x2123, 0x5AA8, 0x62C9, 0x62A8, 0x2943, 0x2102, 0x41E6, 0x62C8, 
    0x62C9, 0x4206, 0x2102, 0x3143, 0x2943, 0x62E9, 0x62C8, 0x2102, 0x18C1, 0x39A5, 0x39A5, 0x2943, 
    0x41C5, 0x4A06, 0x2102, 0x20E2, 0x5A87, 0x62C9, 0x62C9, 0x2123, 0x2943, 0x5AA8, 0x62C8, 0x5267, 
    0x18E2, 0x4A06, 0x3164, 0x20E2, 0x4206, 0x39A5, 0x2923, 0x5A87, 0x5AA8, 0x62E9, 0x5A88, 0x2923, 
    0x20E2, 0x5247, 0x62C9, 0x6B09, 0x31A5, 0x2922, 0x3164, 0x5AA8, 0x62C8, 0x5267, 0x2902, 0x3963, 
    0x3983, 0x3983, 0x3983, 0x3983, 0x3963, 0x3983, 0x3983, 0x3983, 0x3983, 0x3983, 0x3983, 0x3983, 
    0x3983, 0x3963, 0x3963, 0x3963, 0x3963, 0x3983, 0x3983, 0x3963, 0x3983, 0x3983, 0x3983, 0x3983, 
    0x3962, 0x3963, 0x3983, 0x3983, 0x3983, 0x3983, 0x3963, 0x3963, 0x3983, 0x3983, 0x3963, 0x10A2, 
    0x6222, 0xA382, 0x49A1, 0x3141, 0xDD24, 0xDD44, 0xDD44, 0xDD44, 0xDD24, 0xDD44, 0xDD44, 0xDD24, 
    0xE564, 0xE564, 0xE564, 0xE564, 0xE564, 0xE584, 0xE564, 0xEDA4, 0x41A2, 0x5A01, 0xB3E2, 0x6242, 
    0x0861, 0x3142, 0x3163, 0x3983, 0x3983, 0x3963, 0x3983, 0x3983, 0x3983, 0x3163, 0x1082, 0x5A01, 
    0xDCC1, 0xD481, 0xDC80, 0x7AA1, 0x0862, 0x0862, 0x5A01, 0xDC80, 0xD460, 0xDC80, 0x6A21, 0x0861, 
    0x3142, 0x3983, 0x3983, 0x3983, 0x3983, 0x3983, 0x3983, 0x3983, 0x3983, 0x3162, 0x2923, 0x7B6A, 
    0x944D, 0x942D, 0x6B29, 0x18E2, 0x41E5, 0x83CB, 0x8BEC, 0x83AB, 0x39A5, 0x41E6, 0xA4AE, 0x18E2, 
    0x2943, 0xA4AE, 0x2103, 0x39A5, 0x83CB, 0x940D, 0x942D, 0x5267, 0x2944, 0xBD30, 0x940C, 0x8BEC, 
    0x8BCC, 0x3163, 0x3963, 0x3963, 0x3963, 0x3983, 0x2922, 0x7B6A, 0x6B2A, 0x1081, 0x6B09, 0x83CC, 
    0x2944, 0xB50F, 0x940C, 0x8BEC, 0x8BEC, 0x3164, 0x4A06, 0x8C0D, 0x8C0C, 0x8BEC, 0x3164, 0x3985, 
    0xBD50, 0x8BEC, 0x8BEC, 0x62C8, 0x20E2, 0x4A26, 0x8BEC, 0x8BCB, 0x7B8B, 0x2964, 0x2123, 0x7B6A, 
    0x8BCC, 0x942D, 0x62C8, 0x10A1, 0x9C6E, 0x4A06, 0x2102, 0x9C8E, 0x5246, 0x5A87, 0xB4CE, 0x8BCB, 
    0x942D, 0x734A, 0x18C2, 0x5247, 0x8BEC, 0x8C0C, 0x940C, 0x39A5, 0x3142, 0x3963, 0x3963, 0x3963, 
    0x3983, 0x3983, 0x3983, 0x3163, 0x3184, 0xB510, 0x8BEC, 0x8BEC, 0x734A, 0x2102, 0x83CC, 0xACCE, 
    0x8BCB, 0x8BCB, 0x4206, 0x2923, 0x734A, 0x93EC, 0x8BEC, 0x6AE9, 0x1081, 0x7B8B, 0x6B09, 0x10A1, 
    0x6B09, 0x83CC, 0x18C2, 0x5AA8, 0x8BCB, 0x8BCB, 0x8BCC, 0x2964, 0x39C5, 0xA4AF, 0xBD50, 0x6B09, 
    0x1081, 0x838B, 0x7B8B, 0x1081, 0x83CB, 0x62C8, 0x41E5, 0xB50F, 0x8BEC, 0x940D, 0x7B8B, 0x18C2, 
    0x5247, 0x83AB, 0x8BEC, 0x944D, 0x41E5, 0x3184, 0x7B8B, 0x83CB, 0x83AB, 0x732A, 0x2102, 0x3983, 
    0x3983, 0x3983, 0x3983, 0x3983, 0x3983, 0x3983, 0x3983, 0x3983, 0x3983, 0x3983, 0x3983, 0x3983, 
    0x3963, 0x3963, 0x3963, 0x3963, 0x3983, 0x3983, 0x3983, 0x3963, 0x3983, 0x3983, 0x3983, 0x3963, 
    0x3983, 0x3963, 0x3983, 0x3983, 0x3983, 0x3983, 0x3963, 0x3963, 0x3983, 0x3963, 0x3163, 0x10A2, 
    0x6221, 0xA382, 0x49A1, 0x3161, 0xE564, 0xE564, 0xE564, 0xE564, 0xE564, 0xE564, 0xE564, 0xE564, 
    0xE564, 0xE564, 0xE564, 0xE564, 0xE564, 0xE564, 0xE564, 0xE5A4, 0x41C2, 0x5A02, 0xB3E2, 0x6222, 
    0x0861, 0x3142, 0x3963, 0x3983, 0x3983, 0x3983, 0x3983, 0x3983, 0x3983, 0x20E2, 0x20E1, 0xB3C1, 
    0xDCC0, 0xD460, 0xDC80, 0x7AA1, 0x0882, 0x0882, 0x5A01, 0xD480, 0xD460, 0xDCA0, 0xA361, 0x20C1, 
    0x18C2, 0x3983, 0x3983, 0x3983, 0x3983, 0x3983, 0x3983, 0x3983, 0x3983, 0x3142, 0x41E5, 0xA48E, 
    0x18E2, 0x2923, 0x734A, 0x18E2, 0x8BEC, 0x4A26, 0x0000, 0x7B4A, 0x6B09, 0x3184, 0x9C4D, 0x18C2, 
    0x3164, 0xA4AF, 0x2123, 0x7B8A, 0x6B09, 0x18E2, 0x18E2, 0x18C2, 0x3164, 0xACAE, 0x2944, 0x2103, 
    0x18E2, 0x3142, 0x3983, 0x3983, 0x3983, 0x3983, 0x2922, 0x6B2A, 0x734A, 0x18E2, 0x6AE9, 0x7B6A, 
    0x2943, 0xACAE, 0x3184, 0x2103, 0x18E2, 0x2102, 0x8BEC, 0x5267, 0x0020, 0x7B6A, 0x6B09, 0x39A5, 
    0xA48E, 0x10A1, 0x2944, 0xACEF, 0x2123, 0x942D, 0x4A27, 0x0000, 0x7B6A, 0x5267, 0x4206, 0x9C4D, 
    0x1081, 0x2103, 0x6B09, 0x18A2, 0x942D, 0x5246, 0x2943, 0x9C6E, 0x4A06, 0x5AA8, 0x8BEC, 0x18E2, 
    0x2103, 0x18C2, 0x2102, 0x9C4D, 0x39A5, 0x2103, 0x18E2, 0x3143, 0x3983, 0x3163, 0x3162, 0x3162, 
    0x3963, 0x3983, 0x3983, 0x3163, 0x3184, 0xA4AE, 0x18E2, 0x18C2, 0xACAF, 0x3184, 0x83AB, 0x62A8, 
    0x0000, 0x6AE8, 0x838B, 0x3164, 0xA4CF, 0x18C2, 0x18C2, 0xA48E, 0x2123, 0x7B8B, 0x6B0A, 0x62C8, 
    0x62C8, 0x736A, 0x2103, 0xA4AE, 0x2944, 0x10A1, 0x10A1, 0x3163, 0x3142, 0x4206, 0x944D, 0x18C2, 
    0x2102, 0x7B8B, 0xBD50, 0x39C5, 0x7B8A, 0x5267, 0x39C5, 0x9C6D, 0x2923, 0x2103, 0x10A1, 0x18C2, 
    0x9C4C, 0x4206, 0x2123, 0x2102, 0x2122, 0x5AA7, 0x942D, 0x18C2, 0x18C2, 0x1081, 0x2922, 0x3963, 
    0x3963, 0x3963, 0x3983, 0x3983, 0x3983, 0x3983, 0x3983, 0x3983, 0x3983, 0x3983, 0x3983, 0x3962, 
    0x3983, 0x3983, 0x3963, 0x3983, 0x3983, 0x3983, 0x3983, 0x3983, 0x3983, 0x3983, 0x3983, 0x3983, 
    0x3983, 0x3983, 0x3983, 0x3983, 0x3983, 0x3983, 0x3983, 0x3983, 0x3983, 0x3983, 0x3163, 0x10A2, 
    0x6222, 0xA382, 0x49A1, 0x3961, 0xE584, 0xE564, 0xE564, 0xE564, 0xDD64, 0xE564, 0xE544, 0xDD44, 
    0xDD44, 0xDD44, 0xDD44, 0xDD44, 0xDD44, 0xDD44, 0xDD64, 0xE584, 0x41C2, 0x5A02, 0xB3E2, 0x6222, 
    0x0861, 0x3142, 0x3963, 0x3983, 0x3983, 0x3983, 0x3983, 0x3983, 0x3143, 0x0861, 0x6A61, 0xE4C1, 
    0xD481, 0xD480, 0xDC80, 0x7AC1, 0x0882, 0x0882, 0x5A01, 0xDC80, 0xD460, 0xD460, 0xDC80, 0x7A80, 
    0x0861, 0x2943, 0x3983, 0x3983, 0x3983, 0x3983, 0x3983, 0x3983, 0x3983, 0x3142, 0x41E5, 0xA48E, 
    0x20E2, 0x2942, 0x2102, 0x20E2, 0x8BEC, 0x8BEC, 0x62A8, 0x9C4D, 0x62A8, 0x3164, 0x9C2C, 0x2102, 
    0x39A4, 0xA4AF, 0x3164, 0x2943, 0x83AB, 0xB4EF, 0x940D, 0x2943, 0x2923, 0xACAE, 0xACAE, 0xB4EF, 
    0x4A06, 0x3142, 0x3983, 0x3983, 0x3983, 0x3983, 0x2902, 0x62C8, 0xB4EF, 0xAC8E, 0xB4CE, 0x7329, 
    0x2923, 0xB510, 0xB510, 0xB50F, 0x4A26, 0x2102, 0x83AB, 0x8BAB, 0x62A8, 0xA46D, 0x6B09, 0x39C5, 
    0xA46E, 0x20E2, 0x39A5, 0xACCF, 0x2123, 0x8BCC, 0x8BEC, 0x62C8, 0x9C6D, 0x5287, 0x4A26, 0x942D, 
    0x20E2, 0x18C1, 0x1081, 0x18C2, 0x940C, 0xB50F, 0xACCF, 0xB50F, 0x41C5, 0x5267, 0xC551, 0xB4F0, 
    0xA46E, 0x2923, 0x2922, 0x39C5, 0xA48E, 0xB510, 0x732A, 0x2943, 0x3983, 0x3142, 0x2922, 0x3162, 
    0x3963, 0x3963, 0x3983, 0x3983, 0x3164, 0xA46D, 0x2923, 0x2943, 0xA4AE, 0x3164, 0x7B6A, 0x9C4D, 
    0x7329, 0x732A, 0x4A06, 0x3184, 0xA4AF, 0x2923, 0x2103, 0x9C6E, 0x2943, 0x7B6B, 0x736A, 0x942D, 
    0x62E9, 0x7329, 0x18C2, 0x4A26, 0xACCF, 0xACCF, 0x62A8, 0x2922, 0x3163, 0x4206, 0x942D, 0x2922, 
    0x3142, 0x7B8B, 0x732A, 0x83AB, 0x8BCB, 0x5267, 0x39A5, 0xBD30, 0xB510, 0xACAE, 0x3144, 0x20E2, 
    0x3184, 0xACAF, 0xBD51, 0x732A, 0x2123, 0x2102, 0x6B09, 0xB4F0, 0x9C4D, 0x3184, 0x2902, 0x3142, 
    0x3142, 0x3142, 0x3963, 0x3983, 0x3983, 0x3983, 0x3983, 0x3983, 0x3983, 0x3963, 0x3983, 0x3983, 
    0x3983, 0x3983, 0x3983, 0x3983, 0x3983, 0x3983, 0x3983, 0x3983, 0x3983, 0x3983, 0x3983, 0x3983, 
    0x3983, 0x3983, 0x3983, 0x3983, 0x3983, 0x3983, 0x3983, 0x3983, 0x3983, 0x3983, 0x3163, 0x10A2, 
    0x6222, 0xA3A2, 0x49A1, 0x3161, 0xDD44, 0xDD44, 0xDD44, 0xDD44, 0xDD44, 0xDD44, 0xDD44, 0xDD24, 
    0xE564, 0xE564, 0xE584, 0xE584, 0xE584, 0xE584, 0xE584, 0xEDC4, 0x41C2, 0x5A01, 0xB3E2, 0x6221, 
    0x0861, 0x3163, 0x3163, 0x3983, 0x3983, 0x3983, 0x3983, 0x3983, 0x18C2, 0x3101, 0xD481, 0xDCC1, 
    0xD480, 0xD480, 0xDCA0, 0x7AC1, 0x0862, 0x0862, 0x6221, 0xDCA0, 0xD460, 0xD460, 0xD460, 0xC400, 
    0x4161, 0x1082, 0x3163, 0x3983, 0x3983, 0x3983, 0x3983, 0x3983, 0x3983, 0x3162, 0x41E5, 0xA4AE, 
    0x18C2, 0x2102, 0x5AA8, 0x2102, 0x83CC, 0x9C4D, 0x7B8A, 0xA48E, 0x5A88, 0x3164, 0xA48E, 0x2102, 
    0x3184, 0xACEF, 0x39A4, 0x2102, 0x18C2, 0x2103, 0x7BAB, 0x7BAB, 0x2923, 0xA46D, 0x3164, 0x2923, 
    0x18C2, 0x2922, 0x3983, 0x3983, 0x3983, 0x3983, 0x2902, 0x6B09, 0x7B6A, 0x2923, 0x6B09, 0x7B4A, 
    0x2944, 0xACCF, 0x39C5, 0x2923, 0x18C2, 0x18E2, 0x83AB, 0x9C4D, 0x7B6A, 0xACCF, 0x6B09, 0x39A5, 
    0x9C4D, 0x18C2, 0x3184, 0xACCF, 0x18E2, 0x838B, 0x940C, 0x7B4A, 0xACCF, 0x5A88, 0x4A27, 0x9C2D, 
    0x1081, 0x18E2, 0x4A26, 0x10A2, 0x9C4D, 0x5AA8, 0x3184, 0x9C6E, 0x41E5, 0x5267, 0x942D, 0x2944, 
    0x2923, 0x10A1, 0x3142, 0x20E2, 0x2944, 0x3164, 0x9C4D, 0x5247, 0x2102, 0x3164, 0x39A5, 0x2923, 
    0x3983, 0x3963, 0x3963, 0x3163, 0x3164, 0xA46D, 0x2103, 0x2943, 0xACCF, 0x2923, 0x734A, 0x83AB, 
    0x83AB, 0x7B8B, 0x18C1, 0x39A4, 0xACAE, 0x2102, 0x2103, 0xACAE, 0x2103, 0x6B09, 0xB4EF, 0x62C8, 
    0xB50F, 0x6B29, 0x18C2, 0x20E2, 0x3164, 0x3184, 0xA4AE, 0x39C5, 0x18C1, 0x41C5, 0x942D, 0x2102, 
    0x2902, 0x7B8B, 0x4A47, 0x5267, 0xCD91, 0x5A87, 0x41E6, 0x9C4D, 0x2943, 0x2123, 0x10A1, 0x2942, 
    0x20E2, 0x2943, 0x2944, 0xA46E, 0x5A87, 0x18C1, 0x10A1, 0x2923, 0x4A46, 0xA48E, 0x2123, 0x2923, 
    0x39A5, 0x3164, 0x2922, 0x3983, 0x3983, 0x3983, 0x3983, 0x3983, 0x3983, 0x3983, 0x3983, 0x3983, 
    0x3983, 0x3963, 0x3963, 0x3983, 0x3983, 0x3983, 0x3983, 0x3983, 0x3983, 0x3983, 0x3983, 0x3983, 
    0x3983, 0x3983, 0x3983, 0x3983, 0x3983, 0x3983, 0x3963, 0x3983, 0x3963, 0x3983, 0x3163, 0x10A2, 
    0x6221, 0xAB82, 0x49C1, 0x3961, 0xE584, 0xE584, 0xE563, 0xE563, 0xE563, 0xE564, 0xE564, 0xE564, 
    0xDD64, 0xDD64, 0xDD64, 0xE564, 0xDD64, 0xE564, 0xE564, 0xE584, 0x41C2, 0x5201, 0xB3E2, 0x6221, 
    0x0861, 0x3162, 0x3963, 0x3163, 0x3983, 0x3983, 0x3983, 0x3163, 0x0861, 0x7261, 0xE4E1, 0xD4A0, 
    0xD480, 0xD480, 0xDC80, 0x9320, 0x0882, 0x0862, 0x7261, 0xDCA0, 0xD460, 0xCC40, 0xCC40, 0xD460, 
    0x8AC0, 0x18A1, 0x2923, 0x3983, 0x3983, 0x3983, 0x3983, 0x3983, 0x3983, 0x3162, 0x3143, 0x838B, 
    0x83CC, 0x8BEC, 0x83AB, 0x18C2, 0x83AC, 0x5247, 0x0820, 0x734A, 0x6AE9, 0x2103, 0x83AC, 0x7B8B, 
    0x83CB, 0x7B6A, 0x2102, 0x5267, 0x7B8B, 0x734A, 0x83AB, 0x4A26, 0x2944, 0xB510, 0x83AB, 0x734A, 
    0x6B09, 0x2123, 0x3963, 0x3983, 0x3983, 0x3983, 0x2922, 0x7B6B, 0x734A, 0x10A1, 0x5AA8, 0x7B6B, 
    0x2944, 0xB4EF, 0x7B6A, 0x7329, 0x7329, 0x2103, 0x83AB, 0x62E8, 0x10A1, 0x83AB, 0x6B09, 0x3184, 
    0xB510, 0x7B8B, 0x8BEC, 0x734A, 0x1081, 0x83AB, 0x4A26, 0x1081, 0x8BEC, 0x5AA8, 0x2923, 0x83AB, 
    0x7B4A, 0x83AB, 0x6AE9, 0x18C2, 0xA48F, 0x4A26, 0x18E2, 0x9C6E, 0x4A27, 0x5267, 0xACAE, 0x7329, 
    0x7B6A, 0x62C8, 0x10A1, 0x6AE9, 0x83AC, 0x83AB, 0x83AB, 0x2943, 0x18C1, 0x7B6A, 0xBD30, 0x3984, 
    0x3163, 0x3963, 0x3963, 0x3162, 0x3164, 0xBD10, 0x8BCC, 0x83AB, 0x7B6A, 0x1081, 0x7B8B, 0x6B09, 
    0x2123, 0x940C, 0x5A88, 0x18C2, 0x7329, 0x838B, 0x8BEC, 0x83AB, 0x18C2, 0x7B6A, 0x8BEC, 0x2123, 
    0x942D, 0x7B8B, 0x1081, 0x6B29, 0x83AB, 0x83AB, 0x7B6A, 0x2103, 0x2944, 0x942D, 0xBD51, 0x62E9, 
    0x10A1, 0x838B, 0x5247, 0x18E2, 0xA48E, 0x62A8, 0x41E6, 0xB4EF, 0x734A, 0x734A, 0x6AE9, 0x18E2, 
    0x62E9, 0x83AB, 0x7B6A, 0x83AB, 0x31A4, 0x3164, 0x83AB, 0x7B6A, 0x8BCB, 0x6AE9, 0x18C2, 0x3184, 
    0xACCF, 0x8BCC, 0x2102, 0x3983, 0x3983, 0x3983, 0x3983, 0x3983, 0x3983, 0x3983, 0x3983, 0x3983, 
    0x3983, 0x3963, 0x3963, 0x3983, 0x3983, 0x3983, 0x3983, 0x3983, 0x3983, 0x3983, 0x3983, 0x3983, 
    0x3983, 0x3983, 0x3983, 0x3983, 0x3983, 0x3983, 0x3983, 0x3983, 0x3983, 0x3963, 0x3163, 0x1082, 
    0x6222, 0xABA2, 0x51C1, 0x3961, 0xE564, 0xE564, 0xDD44, 0xDD43, 0xDD43, 0xDD44, 0xDD43, 0xDD44, 
    0xDD64, 0xDD64, 0xDD44, 0xE564, 0xE564, 0xE564, 0xE564, 0xE584, 0x41C2, 0x5201, 0xB3E2, 0x6242, 
    0x0881, 0x3163, 0x3983, 0x3963, 0x3983, 0x3983, 0x3983, 0x18C2, 0x20C1, 0xC421, 0xDCC0, 0xD480, 
    0xD480, 0xD480, 0xD460, 0xD460, 0x3142, 0x18C2, 0xABC0, 0xD480, 0xD460, 0xD460, 0xD460, 0xCC40, 
    0xCC20, 0x51C1, 0x1082, 0x3163, 0x3983, 0x3983, 0x3983, 0x3983, 0x3983, 0x3983, 0x3142, 0x3164, 
    0x7B6B, 0x7329, 0x2103, 0x18A1, 0x4A47, 0x39A5, 0x18C1, 0x4A06, 0x4A06, 0x2922, 0x3984, 0x7B8B, 
    0x734A, 0x2103, 0x20E2, 0x4206, 0x7B6B, 0x7B4A, 0x4A27, 0x18C1, 0x2923, 0x734A, 0x7B8B, 0x734A, 
    0x6AE9, 0x2923, 0x3963, 0x3983, 0x3983, 0x3983, 0x2942, 0x4A27, 0x4A26, 0x2922, 0x41E5, 0x5247, 
    0x18E2, 0x62C8, 0x7309, 0x7329, 0x734A, 0x2123, 0x4A26, 0x41E6, 0x2923, 0x5267, 0x41C5, 0x2103, 
    0x732A, 0x7B6A, 0x732A, 0x2123, 0x18C1, 0x4A27, 0x39A5, 0x2902, 0x5267, 0x39A5, 0x18C1, 0x3984, 
    0x7B6B, 0x6B09, 0x2102, 0x2102, 0x62A8, 0x3164, 0x18C2, 0x5AA8, 0x39C5, 0x39C5, 0x6B09, 0x7309, 
    0x734A, 0x62C8, 0x18C2, 0x5A88, 0x7B6B, 0x7B6B, 0x3184, 0x20E1, 0x2902, 0x2964, 0x9C4E, 0x39A5, 
    0x3983, 0x3963, 0x3963, 0x3163, 0x2923, 0x734A, 0x7B6A, 0x7329, 0x20E2, 0x18A1, 0x4A47, 0x4A26, 
    0x2102, 0x4206, 0x4A26, 0x18A1, 0x2923, 0x734A, 0x7B8B, 0x3164, 0x2902, 0x4A47, 0x39C5, 0x18C1, 
    0x39C5, 0x4A26, 0x10A1, 0x62C8, 0x7B6B, 0x7B6B, 0x3184, 0x20E2, 0x3164, 0x7B6B, 0x734A, 0x5A88, 
    0x1081, 0x5247, 0x39A5, 0x18C1, 0x5247, 0x4206, 0x2944, 0x6B09, 0x6B29, 0x732A, 0x62E9, 0x2102, 
    0x5AA8, 0x7B8B, 0x734A, 0x3184, 0x20C1, 0x3184, 0x7B8B, 0x7B8B, 0x6B09, 0x20E2, 0x2922, 0x18C2, 
    0x6B09, 0x83AB, 0x2102, 0x3983, 0x3983, 0x3983, 0x3983, 0x3983, 0x3983, 0x3983, 0x3983, 0x3983, 
    0x3983, 0x3963, 0x3983, 0x3983, 0x3983, 0x3983, 0x3963, 0x3983, 0x3983, 0x3983, 0x3983, 0x3983, 
    0x3983, 0x3983, 0x3983, 0x3983, 0x3983, 0x3983, 0x3983, 0x3983, 0x3983, 0x3163, 0x3163, 0x1082, 
    0x6222, 0xABA2, 0x51C1, 0x3961, 0xE564, 0xE563, 0xDD43, 0xDD43, 0xDD43, 0xDD44, 0xDD43, 0xDD44, 
    0xE584, 0xE584, 0xE584, 0xE584, 0xE584, 0xE584, 0xE584, 0xEDC4, 0x49E2, 0x51E1, 0xB3E2, 0x6A42, 
    0x0881, 0x3163, 0x3963, 0x3983, 0x3983, 0x3983, 0x2943, 0x18A1, 0x9300, 0xDCC1, 0xDC80, 0xD480, 
    0xD480, 0xD480, 0xD460, 0xD480, 0x9B61, 0x9341, 0xD480, 0xD460, 0xD460, 0xD460, 0xD460, 0xCC40, 
    0xD480, 0xAB61, 0x20C1, 0x20E2, 0x3983, 0x3983, 0x3983, 0x3983, 0x3983, 0x3983, 0x3983, 0x3142, 
    0x2902, 0x20E1, 0x2922, 0x3142, 0x2922, 0x3142, 0x3983, 0x2942, 0x3163, 0x41A3, 0x3983, 0x2922, 
    0x2902, 0x3142, 0x3163, 0x2102, 0x2102, 0x2922, 0x3142, 0x3983, 0x3163, 0x2942, 0x2942, 0x2102, 
    0x2102, 0x3142, 0x3983, 0x3983, 0x3983, 0x3983, 0x3163, 0x2922, 0x2942, 0x3983, 0x3143, 0x2942, 
    0x2922, 0x20E2, 0x2902, 0x2942, 0x2922, 0x2922, 0x2102, 0x2922, 0x3983, 0x3143, 0x2902, 0x2902, 
    0x2102, 0x2922, 0x2902, 0x3143, 0x3143, 0x2902, 0x2922, 0x3163, 0x2922, 0x2922, 0x3163, 0x2922, 
    0x2922, 0x2942, 0x3983, 0x3983, 0x2102, 0x2102, 0x2922, 0x2102, 0x3143, 0x3163, 0x2902, 0x2102, 
    0x2102, 0x2942, 0x3183, 0x2922, 0x2102, 0x2102, 0x2902, 0x3162, 0x2102, 0x6B0A, 0x4A06, 0x2943, 
    0x3983, 0x3983, 0x3163, 0x3163, 0x3163, 0x2922, 0x2922, 0x2102, 0x2922, 0x3162, 0x2922, 0x2942, 
    0x3963, 0x2922, 0x2102, 0x3142, 0x2922, 0x2922, 0x2922, 0x3963, 0x3983, 0x2942, 0x2922, 0x3143, 
    0x2102, 0x2922, 0x3163, 0x2902, 0x2102, 0x2922, 0x3163, 0x3983, 0x3142, 0x2902, 0x2102, 0x20E2, 
    0x2922, 0x2102, 0x2922, 0x3983, 0x3142, 0x3163, 0x2922, 0x20E2, 0x20E1, 0x2102, 0x2942, 0x3163, 
    0x2922, 0x2922, 0x2902, 0x2902, 0x3142, 0x2942, 0x2922, 0x2922, 0x2922, 0x3963, 0x3163, 0x2943, 
    0x732A, 0x2923, 0x3163, 0x3983, 0x3983, 0x3983, 0x3983, 0x3983, 0x3983, 0x3983, 0x3983, 0x3983, 
    0x3963, 0x3983, 0x3983, 0x3983, 0x3983, 0x3983, 0x3963, 0x3963, 0x3983, 0x3983, 0x3983, 0x3983, 
    0x3983, 0x3983, 0x3983, 0x3983, 0x3983, 0x3983, 0x3983, 0x3983, 0x3983, 0x3163, 0x3163, 0x1082, 
    0x5A22, 0xABA2, 0x51C1, 0x3961, 0xE584, 0xE583, 0xE563, 0xE563, 0xE563, 0xE563, 0xE563, 0xE563, 
    0xDD44, 0xDD44, 0xDD44, 0xDD44, 0xDD44, 0xDD44, 0xDD64, 0xE584, 0x41C2, 0x51E1, 0xABE2, 0x6222, 
    0x0861, 0x3162, 0x3163, 0x3963, 0x3963, 0x3163, 0x18C2, 0x3101, 0xDCE2, 0xDCE0, 0xD480, 0xD460, 
    0xD460, 0xD480, 0xD460, 0xD480, 0xC421, 0xBC00, 0xD460, 0xD460, 0xD460, 0xD460, 0xCC60, 0xCC60, 
    0xCC60, 0xD460, 0x59E1, 0x0861, 0x2942, 0x3983, 0x3983, 0x3983, 0x3983, 0x3983, 0x3983, 0x3983, 
    0x3983, 0x3963, 0x3963, 0x3983, 0x3983, 0x39A3, 0x39A3, 0x39A3, 0x39A3, 0x39A3, 0x3983, 0x3983, 
    0x3983, 0x3163, 0x3963, 0x3983, 0x3983, 0x3983, 0x3983, 0x3983, 0x3983, 0x39A3, 0x39A3, 0x3983, 
    0x3963, 0x3963, 0x3983, 0x3983, 0x3983, 0x3983, 0x3983, 0x3983, 0x3983, 0x3983, 0x3983, 0x3983, 
    0x3983, 0x3983, 0x3983, 0x3983, 0x3983, 0x3983, 0x3963, 0x3963, 0x3983, 0x3983, 0x3983, 0x3983, 
    0x3983, 0x3983, 0x3983, 0x3963, 0x3963, 0x3983, 0x3983, 0x3983, 0x3983, 0x3983, 0x3163, 0x3163, 
    0x3983, 0x3983, 0x3983, 0x3983, 0x3963, 0x3163, 0x3163, 0x3963, 0x3963, 0x3983, 0x3983, 0x3983, 
    0x3983, 0x3983, 0x3983, 0x3983, 0x3963, 0x3963, 0x3983, 0x3983, 0x3163, 0x2942, 0x3142, 0x3983, 
    0x3983, 0x3983, 0x3963, 0x3163, 0x3983, 0x3983, 0x3983, 0x3983, 0x3983, 0x3983, 0x3983, 0x3963, 
    0x3983, 0x3983, 0x3983, 0x3163, 0x3963, 0x3983, 0x3983, 0x3983, 0x3983, 0x3983, 0x3983, 0x3163, 
    0x3163, 0x3983, 0x39A3, 0x3983, 0x3983, 0x3983, 0x3983, 0x3983, 0x3983, 0x3983, 0x3983, 0x3983, 
    0x3162, 0x3162, 0x3983, 0x3983, 0x3983, 0x3983, 0x3963, 0x3983, 0x3983, 0x3983, 0x3983, 0x3983, 
    0x3983, 0x3983, 0x3983, 0x3963, 0x3963, 0x3983, 0x3983, 0x3983, 0x3983, 0x3983, 0x3983, 0x3143, 
    0x2922, 0x3163, 0x3983, 0x3163, 0x3963, 0x3983, 0x3983, 0x3983, 0x3983, 0x3983, 0x3983, 0x3983, 
    0x3983, 0x3983, 0x3983, 0x3983, 0x3983, 0x3983, 0x3983, 0x3983, 0x3983, 0x3983, 0x3983, 0x3983, 
    0x3983, 0x3983, 0x3963, 0x3963, 0x3983, 0x3983, 0x3983, 0x3983, 0x3983, 0x3983, 0x3963, 0x1082, 
    0x6201, 0xABA2, 0x51C1, 0x3161, 0xDD44, 0xDD44, 0xDD44, 0xDD24, 0xDD23, 0xDD23, 0xDD23, 0xDD23, 
    0xDD64, 0xDD64, 0xDD64, 0xE564, 0xE564, 0xE564, 0xE564, 0xE584, 0x41C2, 0x51E2, 0xABE3, 0x6222, 
    0x0881, 0x3163, 0x3963, 0x3963, 0x3963, 0x2102, 0x18A1, 0xB3C0, 0xED62, 0xDCA0, 0xD460, 0xD460, 
    0xD480, 0xD480, 0xDC80, 0xABA0, 0x2902, 0x18C2, 0x8AE1, 0xD480, 0xD460, 0xD460, 0xD460, 0xCC60, 
    0xCC60, 0xD460, 0xBBC0, 0x3921, 0x10A2, 0x3983, 0x3983, 0x3983, 0x3983, 0x3983, 0x3163, 0x2922, 
    0x2902, 0x2902, 0x2942, 0x3142, 0x2902, 0x2922, 0x2922, 0x3983, 0x39A3, 0x2942, 0x2102, 0x20E2, 
    0x2102, 0x3163, 0x3983, 0x3142, 0x2942, 0x2922, 0x2922, 0x2922, 0x2902, 0x2902, 0x2922, 0x2922, 
    0x3163, 0x3163, 0x2922, 0x2902, 0x2922, 0x3983, 0x2922, 0x2102, 0x20E1, 0x20E1, 0x2942, 0x3983, 
    0x2942, 0x2922, 0x2102, 0x3142, 0x3983, 0x2942, 0x20E1, 0x20E1, 0x3142, 0x3142, 0x2922, 0x3183, 
    0x3983, 0x2902, 0x2942, 0x3963, 0x3963, 0x3983, 0x3983, 0x3983, 0x3983, 0x3963, 0x3963, 0x3163, 
    0x2902, 0x2102, 0x2942, 0x3983, 0x3142, 0x2102, 0x3163, 0x3142, 0x20E2, 0x2922, 0x2922, 0x2922, 
    0x2942, 0x3142, 0x3983, 0x3963, 0x3163, 0x3963, 0x3983, 0x3163, 0x2942, 0x2922, 0x2102, 0x2922, 
    0x2902, 0x3142, 0x3983, 0x2922, 0x2902, 0x3163, 0x2902, 0x20E1, 0x2902, 0x3983, 0x3142, 0x2902, 
    0x2922, 0x2922, 0x3163, 0x3983, 0x2902, 0x20E1, 0x20E1, 0x2102, 0x2942, 0x3963, 0x2922, 0x2102, 
    0x2922, 0x3983, 0x39A3, 0x3162, 0x2102, 0x20E1, 0x2922, 0x3163, 0x2922, 0x2922, 0x2942, 0x2922, 
    0x3142, 0x3963, 0x3983, 0x3983, 0x3142, 0x20E2, 0x2102, 0x2922, 0x3142, 0x3163, 0x2922, 0x2922, 
    0x2922, 0x2902, 0x3142, 0x2922, 0x2102, 0x2922, 0x2922, 0x3143, 0x3963, 0x3983, 0x3983, 0x3983, 
    0x3163, 0x2942, 0x2922, 0x2922, 0x3142, 0x2922, 0x2902, 0x2902, 0x2922, 0x3983, 0x3163, 0x2922, 
    0x2902, 0x2902, 0x2942, 0x2922, 0x3163, 0x3163, 0x2902, 0x3142, 0x3983, 0x3983, 0x3983, 0x3983, 
    0x3983, 0x3983, 0x3983, 0x3983, 0x3983, 0x3983, 0x3963, 0x3963, 0x3983, 0x3983, 0x3983, 0x10A2, 
    0x6221, 0xABA2, 0x51C1, 0x3161, 0xE563, 0xE563, 0xDD44, 0xDD43, 0xDD43, 0xDD43, 0xDD43, 0xDD43, 
    0xE564, 0xE564, 0xE584, 0xE584, 0xE584, 0xE564, 0xE564, 0xEDA4, 0x49C2, 0x51E2, 0xB3E2, 0x6222, 
    0x0881, 0x3163, 0x3963, 0x3983, 0x3983, 0x2102, 0x20C1, 0xBBE0, 0xDCE1, 0xD460, 0xD460, 0xD460, 
    0xD480, 0xD460, 0xDC80, 0x7AC1, 0x0062, 0x0062, 0x51E1, 0xDC80, 0xD460, 0xD460, 0xD460, 0xD460, 
    0xCC60, 0xCC40, 0xCC20, 0x4161, 0x10A2, 0x3983, 0x3983, 0x3983, 0x3983, 0x3983, 0x2102, 0x5A88, 
    0x734A, 0x7B8B, 0x41E5, 0x2103, 0x62C9, 0x7329, 0x734A, 0x3184, 0x2102, 0x39C5, 0x6B09, 0x734A, 
    0x5AA8, 0x2102, 0x3143, 0x62C9, 0x734A, 0x734A, 0x3164, 0x2923, 0x732A, 0x6B09, 0x7329, 0x62C8, 
    0x2923, 0x2923, 0x6B2A, 0x7B6B, 0x39A5, 0x20E2, 0x4A06, 0x734A, 0x6AE9, 0x734A, 0x39C5, 0x2923, 
    0x732A, 0x6B2A, 0x6B09, 0x2103, 0x2902, 0x4A26, 0x734A, 0x5A88, 0x18C1, 0x20E2, 0x5AA8, 0x2923, 
    0x2923, 0x62C8, 0x2923, 0x3163, 0x3963, 0x3983, 0x3963, 0x3963, 0x3963, 0x3963, 0x3963, 0x20E1, 
    0x4A26, 0x732A, 0x5247, 0x20E2, 0x3164, 0x62C9, 0x2102, 0x2943, 0x5AA8, 0x10A2, 0x5267, 0x7B6B, 
    0x7BAB, 0x41C5, 0x20E2, 0x3163, 0x3163, 0x3983, 0x3983, 0x3164, 0x734A, 0x7329, 0x62C8, 0x1081, 
    0x4A26, 0x4A06, 0x2922, 0x5267, 0x41C5, 0x18A1, 0x3164, 0x732A, 0x6AE9, 0x2923, 0x2923, 0x6AE9, 
    0x7B8B, 0x7B6A, 0x3144, 0x20E2, 0x4A26, 0x732A, 0x6B09, 0x7329, 0x3164, 0x1081, 0x41E6, 0x7B8B, 
    0x5247, 0x2922, 0x3163, 0x39C5, 0x734A, 0x7329, 0x5247, 0x18E2, 0x6B09, 0x7B6B, 0x734A, 0x62C8, 
    0x20E2, 0x3163, 0x3963, 0x3983, 0x2102, 0x62C9, 0x734A, 0x7B6A, 0x6B29, 0x2103, 0x62C9, 0x2923, 
    0x2103, 0x62C9, 0x2103, 0x5268, 0x732A, 0x734A, 0x736A, 0x3164, 0x3163, 0x3983, 0x3983, 0x2942, 
    0x4A27, 0x7B8B, 0x7BAB, 0x4A26, 0x20E2, 0x2964, 0x732A, 0x732A, 0x5267, 0x2102, 0x2943, 0x732A, 
    0x734A, 0x62C8, 0x18E2, 0x5A88, 0x2943, 0x2103, 0x62C8, 0x2923, 0x3983, 0x3983, 0x3983, 0x3983, 
    0x3963, 0x3983, 0x3983, 0x3983, 0x3963, 0x3963, 0x3963, 0x3983, 0x3983, 0x3983, 0x3983, 0x10A2, 
    0x6222, 0xABA2, 0x51C1, 0x3161, 0xE563, 0xE583, 0xE564, 0xE564, 0xE563, 0xE563, 0xE563, 0xE563, 
    0xDD44, 0xDD44, 0xDD44, 0xDD64, 0xDD64, 0xDD44, 0xDD44, 0xE584, 0x41C2, 0x5202, 0xB3E2, 0x6222, 
    0x0881, 0x3163, 0x3983, 0x3983, 0x3983, 0x2902, 0x1081, 0x7A60, 0xC3E0, 0xCC60, 0xD480, 0xD480, 
    0xD460, 0xD460, 0xD460, 0xCC20, 0x6A41, 0x5A01, 0xB3C0, 0xD460, 0xD460, 0xD460, 0xD460, 0xD460, 
    0xCC60, 0xCC60, 0x92E0, 0x28E1, 0x18C2, 0x3983, 0x3983, 0x3983, 0x3983, 0x3983, 0x2902, 0x5AA8, 
    0xACEF, 0x9C6E, 0x39C5, 0x2944, 0xB510, 0x83AB, 0x7B6A, 0x732A, 0x18A2, 0x6AE9, 0xA48D, 0x7B6B, 
    0x83CC, 0x5A88, 0x18E2, 0x5AA8, 0xB4EF, 0x940C, 0x3984, 0x3164, 0x736B, 0xACCE, 0x940C, 0x62A8, 
    0x18E3, 0x6B29, 0x83CC, 0x7B8B, 0x7B8B, 0x2103, 0x41E5, 0x83AB, 0xBD50, 0x83CC, 0x39C5, 0x20E2, 
    0x7B6A, 0xB50F, 0x734A, 0x18C2, 0x4206, 0x940D, 0x734A, 0x83CC, 0x5A88, 0x18E2, 0xACAF, 0x62E9, 
    0x18E2, 0xA4AE, 0x3984, 0x3163, 0x3983, 0x3983, 0x3983, 0x3963, 0x3963, 0x3963, 0x2922, 0x4206, 
    0x83CB, 0x7329, 0x7B6A, 0x41E5, 0x3985, 0xBD51, 0x5A87, 0x3164, 0xA48D, 0x18C2, 0x942D, 0x942D, 
    0x7B6B, 0x83CC, 0x3184, 0x2922, 0x3983, 0x3983, 0x3963, 0x2944, 0x7B8B, 0xB4EF, 0x62E8, 0x0881, 
    0x7B8B, 0xA48E, 0x2103, 0x7B8B, 0x62C8, 0x2103, 0x7B8A, 0x7B6B, 0x8BEC, 0x734A, 0x2103, 0xACCF, 
    0x8BEC, 0x7B6A, 0x7B6B, 0x20E2, 0x8BEC, 0x9C4D, 0x6B09, 0x7309, 0x2923, 0x3184, 0x838B, 0x7B8B, 
    0x8BEC, 0x4206, 0x2923, 0x83AB, 0x7B6A, 0x7329, 0x5A67, 0x2923, 0xB50F, 0x7B8B, 0x732A, 0x62C8, 
    0x2102, 0x3983, 0x3983, 0x3983, 0x2923, 0x62E9, 0x9C8E, 0xA4AF, 0x62C9, 0x18C2, 0x9C6D, 0x3164, 
    0x2943, 0xACCF, 0x2944, 0x8BEC, 0x93EC, 0x7309, 0x732A, 0x2964, 0x3163, 0x3983, 0x3983, 0x2922, 
    0x734A, 0xA48E, 0x7B6B, 0x8C0D, 0x39A5, 0x2923, 0x940D, 0xB510, 0x5AA8, 0x18E2, 0x734A, 0x7B6B, 
    0x7309, 0x6AE9, 0x2103, 0xA4AE, 0x3164, 0x62C8, 0x7B6A, 0x2923, 0x3163, 0x3963, 0x3983, 0x3983, 
    0x3983, 0x3983, 0x3983, 0x3983, 0x3983, 0x3983, 0x3983, 0x3983, 0x3983, 0x3963, 0x3963, 0x10A2, 
    0x6222, 0xABA2, 0x51C1, 0x3161, 0xDD44, 0xDD44, 0xDD44, 0xDD43, 0xDD23, 0xDD23, 0xDD23, 0xDD24, 
    0xE564, 0xE564, 0xE564, 0xE564, 0xE564, 0xE564, 0xE564, 0xEDA4, 0x49C2, 0x51E1, 0xABE2, 0x6242, 
    0x0881, 0x3163, 0x3983, 0x3983, 0x3983, 0x3163, 0x18C2, 0x18A1, 0x61E0, 0xAB40, 0xAB60, 0xAB40, 
    0xAB60, 0xB3A0, 0xBBA0, 0xBBC0, 0xC3E0, 0xC3E0, 0xBBA0, 0xB380, 0xB380, 0xB380, 0xAB60, 0xAB60, 
    0xA340, 0x92E0, 0x20C1, 0x0861, 0x2922, 0x3983, 0x3983, 0x3983, 0x3983, 0x3983, 0x3983, 0x18C2, 
    0x8C0C, 0x5287, 0x20E2, 0x2943, 0xA48E, 0x2923, 0x10A2, 0x9C6E, 0x2923, 0x62C8, 0x6B09, 0x0881, 
    0x5AA8, 0x9C4D, 0x20E2, 0x10A1, 0x940D, 0x4A27, 0x2922, 0x3163, 0x18C1, 0x8BCC, 0x5A87, 0x20E1, 
    0x2103, 0xA48E, 0x2943, 0x1081, 0x9C6D, 0x39C5, 0x20E1, 0x2944, 0xACEF, 0x2943, 0x2942, 0x2902, 
    0x2923, 0xA48D, 0x2103, 0x20E2, 0x6B2A, 0x8BEC, 0x10A1, 0x5267, 0x9C6E, 0x2103, 0xA46D, 0x9C6D, 
    0x3164, 0x944C, 0x3164, 0x3162, 0x3983, 0x3983, 0x3983, 0x3963, 0x3983, 0x3983, 0x2102, 0x734A, 
    0x734A, 0x0000, 0x5AA8, 0x7B6A, 0x3164, 0xB530, 0x942D, 0x39A4, 0x9C4D, 0x20E3, 0x9C4D, 0x5247, 
    0x1081, 0x8BEC, 0x5A88, 0x2922, 0x3983, 0x3983, 0x3983, 0x2922, 0x2923, 0x942D, 0x20E2, 0x2102, 
    0x7B6B, 0xBD71, 0x5267, 0x734A, 0x5AA8, 0x4A06, 0x9C4D, 0x18C2, 0x3164, 0x5267, 0x18E2, 0xA46E, 
    0x2943, 0x1081, 0xACAF, 0x39A5, 0x8BEC, 0x6B2A, 0x2943, 0x18C2, 0x1061, 0x6B09, 0x7B6A, 0x0840, 
    0x732A, 0x6B09, 0x3184, 0x940C, 0x3184, 0x2943, 0x18C1, 0x3184, 0x9C6D, 0x3984, 0x2943, 0x18C2, 
    0x3163, 0x3983, 0x3983, 0x3983, 0x3163, 0x20E2, 0x62C9, 0x7B6B, 0x18A1, 0x18C2, 0x942C, 0x4A06, 
    0x41E5, 0xA4AF, 0x2944, 0x940C, 0x62A8, 0x2943, 0x18E2, 0x2902, 0x3963, 0x3983, 0x3983, 0x2922, 
    0x7B4A, 0x62C8, 0x0020, 0x8BCC, 0x62C8, 0x20E1, 0x5247, 0x942D, 0x2102, 0x2943, 0x9C4D, 0x39C5, 
    0x2923, 0x10A1, 0x2923, 0x9C6E, 0x732A, 0x8BEC, 0x2103, 0x3143, 0x3983, 0x3983, 0x3983, 0x3983, 
    0x3983, 0x3983, 0x3983, 0x3983, 0x3963, 0x3963, 0x3983, 0x3983, 0x3983, 0x3963, 0x3163, 0x1082, 
    0x6222, 0xABA2, 0x51C1, 0x3961, 0xE564, 0xE563, 0xE563, 0xE563, 0xE543, 0xDD43, 0xDD43, 0xDD44, 
    0xE564, 0xE564, 0xE564, 0xE564, 0xE564, 0xE564, 0xE564, 0xE584, 0x41C2, 0x51E1, 0xB3E2, 0x6242, 
    0x0881, 0x3163, 0x3963, 0x3983, 0x3983, 0x3983, 0x3983, 0x18E2, 0x1081, 0x28E0, 0x28E0, 0x28C0, 
    0x28E0, 0x28E0, 0x28E0, 0x28E0, 0x2900, 0x2900, 0x2900, 0x28E0, 0x28E0, 0x28E0, 0x28E0, 0x28E0, 
    0x28E0, 0x18A1, 0x0861, 0x2922, 0x3983, 0x3983, 0x3983, 0x3983, 0x3983, 0x3983, 0x3983, 0x2922, 
    0x942D, 0x5A88, 0x2102, 0x2923, 0xA48E, 0xA46D, 0x9C2D, 0x5267, 0x18E2, 0x6AE9, 0xACCE, 0x9C6D, 
    0x8BCB, 0x39C5, 0x3143, 0x2102, 0x944D, 0x5247, 0x2922, 0x3163, 0x20E2, 0x942D, 0x62E9, 0x3162, 
    0x2923, 0xA48E, 0x93EC, 0x8BCB, 0xB4EF, 0x41E6, 0x3163, 0x39A5, 0xA4CF, 0x3163, 0x3163, 0x3142, 
    0x3164, 0xA4AE, 0x3163, 0x2102, 0x62E9, 0x83CB, 0x20E2, 0x5A67, 0x940D, 0x20E3, 0x93EB, 0x5A87, 
    0x7B6A, 0x9C6D, 0x3164, 0x2922, 0x2102, 0x2102, 0x2943, 0x3963, 0x3983, 0x3983, 0x2922, 0x6B0A, 
    0xACCF, 0x940C, 0xA48E, 0x6B29, 0x3164, 0x93EC, 0x6AE8, 0x7B6A, 0x9C4D, 0x2103, 0x9C4D, 0x5267, 
    0x18A1, 0x83CB, 0x5A88, 0x2922, 0x3983, 0x3983, 0x3163, 0x3142, 0x2943, 0x942D, 0x2943, 0x2942, 
    0x7B6B, 0x732A, 0x8BCB, 0x8BEC, 0x62C8, 0x4A26, 0x9C4D, 0x2923, 0x2943, 0x18C1, 0x2102, 0xA48E, 
    0xA46D, 0x9C4D, 0x5AA8, 0x2102, 0x83CC, 0xBD30, 0xB4EF, 0x62C8, 0x18C1, 0x62E9, 0xA48E, 0x838A, 
    0xA48D, 0x62E9, 0x18C2, 0x5247, 0xACEF, 0xACCF, 0x41E5, 0x2103, 0xA4AE, 0xACAE, 0xACAE, 0x41E5, 
    0x3983, 0x3963, 0x3963, 0x3963, 0x3983, 0x2922, 0x62E9, 0x7B8B, 0x2902, 0x2102, 0x942D, 0xACCE, 
    0xACAE, 0xACAE, 0x2123, 0x8BEC, 0xB510, 0xACEF, 0x5A88, 0x2922, 0x3162, 0x3163, 0x3983, 0x2922, 
    0x734A, 0xB50F, 0x9C4D, 0x7329, 0x2943, 0x3163, 0x5A87, 0x944D, 0x2922, 0x2102, 0x2944, 0xA46D, 
    0xB4CE, 0x5267, 0x18E2, 0x9C4D, 0xBD30, 0x41E6, 0x2102, 0x3983, 0x3983, 0x3983, 0x3963, 0x3963, 
    0x3983, 0x3983, 0x3983, 0x3983, 0x3963, 0x3963, 0x3983, 0x3983, 0x3983, 0x3983, 0x3163, 0x1082, 
    0x6222, 0xAB82, 0x51A1, 0x3161, 0xE564, 0xE564, 0xE564, 0xE564, 0xE563, 0xDD44, 0xDD44, 0xE544, 
    0xDD44, 0xDD44, 0xDD44, 0xDD44, 0xDD44, 0xDD44, 0xDD44, 0xDD64, 0x41A2, 0x51E1, 0xB3E2, 0x6242, 
    0x0881, 0x3163, 0x3983, 0x3983, 0x3983, 0x3983, 0x3983, 0x3983, 0x2922, 0x18C2, 0x18C2, 0x18C2, 
    0x18C2, 0x18C2, 0x18C2, 0x18C2, 0x18C2, 0x18C2, 0x18C2, 0x18C2, 0x18C2, 0x18C2, 0x18C2, 0x18C2, 
    0x18C2, 0x18E2, 0x3142, 0x3983, 0x3983, 0x3983, 0x3983, 0x3983, 0x3983, 0x3983, 0x3163, 0x18C1, 
    0x8C0C, 0x5247, 0x18C1, 0x2943, 0x9C6D, 0x5247, 0x942C, 0x4A26, 0x2102, 0x734A, 0x83AB, 0x5A87, 
    0x8BEC, 0x20E2, 0x3163, 0x18C1, 0x8BEC, 0x4206, 0x20E2, 0x3163, 0x2102, 0x944E, 0x62E9, 0x3162, 
    0x3163, 0xA4AF, 0x62E9, 0x5267, 0xA4AE, 0x41E6, 0x3163, 0x31A4, 0x9C8E, 0x2923, 0x3142, 0x2922, 
    0x3184, 0xACCF, 0x2943, 0x20E2, 0x6B09, 0x83AB, 0x0860, 0x4A26, 0x942C, 0x2103, 0x9C6D, 0x2123, 
    0x83CB, 0xBD50, 0x3984, 0x2943, 0x83AB, 0x732A, 0x2102, 0x3963, 0x3983, 0x3983, 0x2922, 0x6B0A, 
    0x8BEC, 0x5247, 0x83AB, 0x6B09, 0x2923, 0x9C2C, 0x20E2, 0x9C4D, 0xACCF, 0x2103, 0x942D, 0x4A26, 
    0x0840, 0x8BCB, 0x62A8, 0x2922, 0x3983, 0x3963, 0x3163, 0x2102, 0x2123, 0x9C6E, 0x2923, 0x2922, 
    0x7B6A, 0x5AA8, 0x41C5, 0xBD50, 0x5AA8, 0x4A27, 0x9C4D, 0x18C1, 0x3984, 0x734A, 0x2103, 0x9C6E, 
    0x5247, 0x8BCB, 0x41E6, 0x10A1, 0x8C0C, 0x62C8, 0x18E2, 0x2102, 0x18E2, 0x62C8, 0x8BEB, 0x5246, 
    0x8BEC, 0x732A, 0x20E2, 0x18A1, 0x18C2, 0x5A67, 0x9C4D, 0x18E3, 0x9C4D, 0x2944, 0x2103, 0x2102, 
    0x3163, 0x3163, 0x3163, 0x3963, 0x3983, 0x2922, 0x62E9, 0x7B6B, 0x2902, 0x2943, 0x9C4D, 0x39C5, 
    0x2944, 0x9C2D, 0x20E3, 0x8BCB, 0x5247, 0x2103, 0x18C2, 0x2102, 0x3163, 0x3963, 0x3963, 0x2902, 
    0x7B6B, 0x83AB, 0x6B29, 0x6B09, 0x18A1, 0x2102, 0x5247, 0x940D, 0x18C2, 0x2902, 0x1081, 0x10A1, 
    0x3184, 0xACEF, 0x2943, 0x942D, 0x41E5, 0x83AB, 0x2923, 0x2942, 0x3983, 0x3983, 0x3963, 0x3963, 
    0x3983, 0x3963, 0x3963, 0x3963, 0x3163, 0x3163, 0x3983, 0x3983, 0x3983, 0x3983, 0x3163, 0x10A2, 
    0x5A02, 0xA382, 0x51C1, 0x3161, 0xDD44, 0xDD23, 0xDD23, 0xDD23, 0xDD23, 0xDD44, 0xDD23, 0xDD23, 
    0xE584, 0xE584, 0xE584, 0xE584, 0xE584, 0xE564, 0xE564, 0xE5A4, 0x41C2, 0x51E1, 0xB3E2, 0x6A42, 
    0x1081, 0x3163, 0x3983, 0x3983, 0x3983, 0x3983, 0x3983, 0x3983, 0x3983, 0x3983, 0x3983, 0x3983, 
    0x3983, 0x3983, 0x3983, 0x3983, 0x3963, 0x3963, 0x3983, 0x3983, 0x3983, 0x3983, 0x3983, 0x3983, 
    0x3983, 0x3983, 0x3983, 0x3983, 0x3983, 0x3983, 0x3983, 0x3983, 0x3983, 0x3983, 0x2922, 0x6AE9, 
    0xB4EF, 0x9C4D, 0x39C5, 0x2943, 0xA4AF, 0x2923, 0x3984, 0xA48E, 0x3164, 0x734A, 0x6B09, 0x1061, 
    0x6AE9, 0x7B6A, 0x18A2, 0x6B09, 0xB4EF, 0x9C4D, 0x39C5, 0x3163, 0x2943, 0x9C4E, 0x62A8, 0x2922, 
    0x2943, 0xACAF, 0x2943, 0x1081, 0x9C4D, 0x41E6, 0x3162, 0x3184, 0xA4AE, 0x2103, 0x3142, 0x3164, 
    0x942D, 0xC571, 0x8BEC, 0x2923, 0x3184, 0x7B8B, 0x838B, 0x83AB, 0x4A06, 0x2923, 0xACAF, 0x2964, 
    0x39C5, 0xACEF, 0x3984, 0x2103, 0x7B6A, 0xA46E, 0x2102, 0x3983, 0x3963, 0x3983, 0x2902, 0x732A, 
    0x732A, 0x10A1, 0x5AA8, 0x6B09, 0x2923, 0xA46D, 0x2103, 0x5267, 0xACCF, 0x2923, 0x942D, 0x942D, 
    0x838B, 0x7B8B, 0x3184, 0x3142, 0x3983, 0x3163, 0x3162, 0x2943, 0x8BCC, 0xBD30, 0x83AB, 0x18E2, 
    0x7B8B, 0x62C8, 0x1081, 0x8BEC, 0x62A8, 0x2103, 0x7B8B, 0x940D, 0x942D, 0x5AA8, 0x18C2, 0x9C6D, 
    0x2943, 0x2944, 0xA4AE, 0x3164, 0x8BEC, 0xACAE, 0x8BCC, 0x940D, 0x3184, 0x6B09, 0x734A, 0x0861, 
    0x732A, 0x732A, 0x20E3, 0x83AB, 0x83CC, 0x942D, 0x5267, 0x2923, 0xACCF, 0x8BEC, 0x8BEC, 0x83AB, 
    0x2923, 0x3163, 0x3163, 0x3983, 0x3983, 0x2922, 0x62C9, 0x734A, 0x2102, 0x2963, 0xA48F, 0x39A5, 
    0x2923, 0x9C2D, 0x20E3, 0x8BCB, 0x9C4D, 0x8BCC, 0x8BEC, 0x3184, 0x3162, 0x3983, 0x3963, 0x2102, 
    0x7B6A, 0x6B09, 0x2102, 0x940C, 0x4A06, 0x2923, 0x9C4D, 0xB50F, 0x62E9, 0x1081, 0x7329, 0x83AB, 
    0x942D, 0x6B09, 0x2923, 0x9C6E, 0x2943, 0x41E6, 0x83AB, 0x2923, 0x3163, 0x3983, 0x3163, 0x3963, 
    0x3963, 0x3963, 0x3963, 0x3163, 0x3163, 0x3963, 0x3983, 0x3963, 0x3963, 0x3163, 0x3163, 0x10A1, 
    0x5A02, 0xAB82, 0x51C1, 0x3981, 0xE564, 0xE563, 0xE543, 0xE543, 0xE563, 0xE564, 0xE564, 0xE564, 
    0xE564, 0xE564, 0xE564, 0xE564, 0xDD44, 0xDD44, 0xE564, 0xE584, 0x49C2, 0x5A01, 0xB3E2, 0x6A42, 
    0x1082, 0x3163, 0x3983, 0x3983, 0x3983, 0x3983, 0x3983, 0x3983, 0x3983, 0x3983, 0x3983, 0x3983, 
    0x3983, 0x3983, 0x3983, 0x3963, 0x3963, 0x3963, 0x3983, 0x3983, 0x3983, 0x3983, 0x3983, 0x3983, 
    0x3983, 0x3983, 0x3983, 0x3983, 0x3983, 0x3983, 0x3983, 0x3983, 0x3983, 0x3983, 0x2922, 0x4A27, 
    0x5A67, 0x5267, 0x3164, 0x2102, 0x5247, 0x2923, 0x2102, 0x4A47, 0x2943, 0x41C5, 0x39A5, 0x20E1, 
    0x2103, 0x41E6, 0x18A2, 0x4A47, 0x5AA8, 0x62A8, 0x3164, 0x3142, 0x2943, 0x4A26, 0x3164, 0x2922, 
    0x2102, 0x4A47, 0x2102, 0x18C2, 0x4A26, 0x2944, 0x3983, 0x2103, 0x4A27, 0x20E2, 0x3162, 0x2943, 
    0x62C8, 0x62A8, 0x5A87, 0x2943, 0x20E2, 0x3184, 0x5A87, 0x4206, 0x20E2, 0x2943, 0x5267, 0x2943, 
    0x2922, 0x5247, 0x2103, 0x18E2, 0x62C8, 0x62C8, 0x20E2, 0x3983, 0x3983, 0x3983, 0x3143, 0x41C5, 
    0x39A5, 0x20E2, 0x3184, 0x39C5, 0x2103, 0x5247, 0x2923, 0x2943, 0x5267, 0x2103, 0x4206, 0x5A67, 
    0x5A87, 0x3184, 0x2922, 0x3983, 0x3983, 0x3983, 0x3163, 0x2923, 0x5A88, 0x5AA8, 0x5267, 0x18A2, 
    0x41E5, 0x39C5, 0x2102, 0x39A5, 0x3184, 0x2102, 0x31A4, 0x62C8, 0x5247, 0x18C1, 0x18C2, 0x4A26, 
    0x2943, 0x2923, 0x5247, 0x2923, 0x41C5, 0x5A88, 0x5A88, 0x5AA8, 0x2944, 0x41E5, 0x41E6, 0x2922, 
    0x39A5, 0x3184, 0x18C2, 0x5267, 0x5A87, 0x5247, 0x2923, 0x3163, 0x5267, 0x5A88, 0x62C8, 0x5A88, 
    0x2123, 0x3163, 0x3163, 0x3963, 0x3983, 0x3142, 0x3185, 0x39C5, 0x2922, 0x2943, 0x5267, 0x2943, 
    0x2102, 0x4A06, 0x18C2, 0x4206, 0x62A8, 0x62A8, 0x5AA8, 0x2943, 0x3163, 0x3963, 0x3163, 0x2902, 
    0x39C5, 0x39C5, 0x2922, 0x41E5, 0x2944, 0x2103, 0x5267, 0x5267, 0x41E6, 0x1081, 0x4A26, 0x5AA8, 
    0x5AA8, 0x2943, 0x2923, 0x4A47, 0x2103, 0x18E2, 0x4A26, 0x2102, 0x3963, 0x3963, 0x3963, 0x3163, 
    0x3163, 0x3163, 0x3963, 0x3963, 0x3963, 0x3963, 0x3983, 0x3163, 0x3163, 0x3163, 0x3163, 0x1081, 
    0x5A02, 0xAB82, 0x51C1, 0x3161, 0xE564, 0xE564, 0xE544, 0xDD43, 0xDD44, 0xE564, 0xDD44, 0xDD64, 
    0xDD44, 0xDD44, 0xDD44, 0xDD44, 0xDD44, 0xDD44, 0xDD44, 0xE564, 0x41C2, 0x5A01, 0xABE2, 0x6A42, 
    0x1082, 0x3163, 0x3983, 0x3983, 0x3983, 0x3983, 0x3983, 0x3983, 0x3983, 0x3983, 0x3983, 0x3983, 
    0x3983, 0x3983, 0x3983, 0x3983, 0x3963, 0x3963, 0x3963, 0x3983, 0x3983, 0x3983, 0x3983, 0x3983, 
    0x3983, 0x3983, 0x3983, 0x3983, 0x3983, 0x3983, 0x3983, 0x3983, 0x3983, 0x3983, 0x3983, 0x3142, 
    0x2922, 0x2922, 0x3142, 0x3143, 0x2902, 0x2942, 0x3162, 0x3142, 0x3163, 0x3142, 0x2922, 0x3142, 
    0x2922, 0x2102, 0x3142, 0x3142, 0x3142, 0x3142, 0x2942, 0x3162, 0x3163, 0x2922, 0x2922, 0x3163, 
    0x3163, 0x2922, 0x2922, 0x3142, 0x2902, 0x3142, 0x3983, 0x2942, 0x2102, 0x3142, 0x3983, 0x3983, 
    0x3142, 0x3142, 0x3142, 0x3142, 0x3163, 0x2902, 0x20E2, 0x2102, 0x3142, 0x3143, 0x2922, 0x3163, 
    0x3963, 0x2942, 0x3163, 0x2102, 0x41E5, 0x18C1, 0x3142, 0x3983, 0x3983, 0x3983, 0x3983, 0x3163, 
    0x2922, 0x2942, 0x2922, 0x3142, 0x3142, 0x2902, 0x3142, 0x3142, 0x3142, 0x3163, 0x2922, 0x2902, 
    0x2922, 0x3142, 0x3983, 0x3983, 0x3983, 0x3983, 0x3983, 0x3163, 0x2922, 0x2922, 0x2902, 0x2922, 
    0x2922, 0x3163, 0x3983, 0x3142, 0x3142, 0x3983, 0x3142, 0x2922, 0x2102, 0x2922, 0x3142, 0x2942, 
    0x3983, 0x3983, 0x3142, 0x3142, 0x2922, 0x2902, 0x2902, 0x2922, 0x3163, 0x3163, 0x3163, 0x3163, 
    0x2922, 0x2902, 0x2922, 0x2922, 0x2902, 0x2922, 0x3983, 0x3183, 0x2922, 0x2922, 0x3142, 0x2942, 
    0x3143, 0x3163, 0x3163, 0x3163, 0x3162, 0x3163, 0x2942, 0x2922, 0x3163, 0x3983, 0x3142, 0x3142, 
    0x2942, 0x2102, 0x3143, 0x3142, 0x2922, 0x3142, 0x2942, 0x3143, 0x3963, 0x3163, 0x3162, 0x3142, 
    0x2922, 0x3162, 0x3983, 0x2942, 0x2922, 0x3142, 0x2902, 0x2102, 0x2902, 0x2922, 0x2902, 0x2942, 
    0x3142, 0x3983, 0x3163, 0x2922, 0x3142, 0x2922, 0x2102, 0x3142, 0x3963, 0x3963, 0x3163, 0x3163, 
    0x3963, 0x3163, 0x3163, 0x3963, 0x3963, 0x3963, 0x3963, 0x3163, 0x3163, 0x3163, 0x3163, 0x1081, 
    0x5A01, 0xABA2, 0x51C1, 0x3161, 0xDD44, 0xDD43, 0xDD44, 0xDD23, 0xDD43, 0xDD44, 0xDD44, 0xDD44, 
    0xE584, 0xE584, 0xE584, 0xE564, 0xE564, 0xE564, 0xE564, 0xEDA4, 0x41C2, 0x51E1, 0xB3E3, 0x6A42, 
    0x0881, 0x3163, 0x3983, 0x3983, 0x3983, 0x3983, 0x3983, 0x3983, 0x3983, 0x3983, 0x3983, 0x3983, 
    0x3983, 0x3983, 0x3983, 0x3963, 0x3963, 0x3963, 0x3963, 0x3983, 0x3963, 0x3963, 0x3983, 0x3983, 
    0x3983, 0x3983, 0x3983, 0x3983, 0x3983, 0x3983, 0x3983, 0x3983, 0x3983, 0x3983, 0x3983, 0x3983, 
    0x3983, 0x3983, 0x3983, 0x3983, 0x3163, 0x3162, 0x3163, 0x3983, 0x3983, 0x3963, 0x3963, 0x3963, 
    0x3963, 0x3163, 0x3983, 0x3983, 0x3163, 0x3983, 0x3983, 0x3983, 0x3162, 0x3142, 0x3162, 0x3983, 
    0x3983, 0x3163, 0x3162, 0x3963, 0x3963, 0x3163, 0x3163, 0x3163, 0x3163, 0x3963, 0x3983, 0x3983, 
    0x3983, 0x3983, 0x3963, 0x3162, 0x3983, 0x3983, 0x3963, 0x3983, 0x3163, 0x3162, 0x3142, 0x3163, 
    0x3963, 0x3983, 0x3983, 0x3963, 0x2922, 0x3142, 0x3983, 0x3983, 0x3983, 0x3983, 0x3983, 0x3983, 
    0x3983, 0x3983, 0x3983, 0x3963, 0x3162, 0x3142, 0x3162, 0x3983, 0x3983, 0x3983, 0x3163, 0x3163, 
    0x3983, 0x3983, 0x3983, 0x3983, 0x3983, 0x3983, 0x3983, 0x3983, 0x3963, 0x3963, 0x3163, 0x3163, 
    0x3162, 0x3983, 0x3983, 0x3983, 0x3983, 0x3983, 0x3983, 0x3963, 0x3163, 0x3163, 0x3983, 0x3983, 
    0x3962, 0x3983, 0x3983, 0x3963, 0x3963, 0x3983, 0x3983, 0x3983, 0x3983, 0x3983, 0x3162, 0x3162, 
    0x3163, 0x3963, 0x3983, 0x3983, 0x3983, 0x3963, 0x3983, 0x3983, 0x3983, 0x3983, 0x39A3, 0x3983, 
    0x3983, 0x3983, 0x3983, 0x3963, 0x3162, 0x3162, 0x3983, 0x3983, 0x3983, 0x3983, 0x3963, 0x3962, 
    0x3983, 0x3963, 0x3983, 0x3983, 0x3963, 0x3963, 0x3163, 0x3983, 0x3983, 0x3163, 0x3162, 0x3162, 
    0x3962, 0x3963, 0x3163, 0x3983, 0x3983, 0x3983, 0x3983, 0x3163, 0x3163, 0x3983, 0x3983, 0x3983, 
    0x3162, 0x3162, 0x3142, 0x3162, 0x3963, 0x3963, 0x3163, 0x3163, 0x3963, 0x3163, 0x3963, 0x3983, 
    0x3963, 0x3963, 0x3963, 0x3963, 0x3963, 0x3963, 0x3163, 0x3163, 0x3963, 0x3963, 0x3963, 0x1082, 
    0x5A01, 0xAB82, 0x51A1, 0x3961, 0xE584, 0xE584, 0xE564, 0xE564, 0xE564, 0xE584, 0xE584, 0xE584, 
    0xDD44, 0xDD44, 0xDD44, 0xDD44, 0xDD44, 0xDD44, 0xDD44, 0xE564, 0x41A2, 0x51E1, 0xABC3, 0x6A42, 
    0x0881, 0x3163, 0x3983, 0x3983, 0x3983, 0x3983, 0x3983, 0x3983, 0x3983, 0x3983, 0x3983, 0x3983, 
    0x3983, 0x3983, 0x3983, 0x3963, 0x3963, 0x3963, 0x3963, 0x3983, 0x3963, 0x3963, 0x3983, 0x3983, 
    0x3983, 0x3983, 0x3983, 0x3983, 0x3983, 0x3983, 0x3983, 0x3983, 0x3983, 0x3983, 0x3983, 0x2922, 
    0x2102, 0x2943, 0x3163, 0x3163, 0x2102, 0x20E2, 0x20E2, 0x2102, 0x2902, 0x3963, 0x3983, 0x3983, 
    0x3163, 0x2102, 0x2102, 0x3142, 0x3162, 0x3143, 0x2923, 0x2923, 0x2102, 0x20E2, 0x20E2, 0x2102, 
    0x2102, 0x2902, 0x2922, 0x2923, 0x2923, 0x20E2, 0x2902, 0x2102, 0x2923, 0x2923, 0x2923, 0x2923, 
    0x2102, 0x20E2, 0x20E2, 0x2102, 0x3163, 0x3143, 0x2943, 0x2922, 0x20E2, 0x20E2, 0x20E2, 0x2102, 
    0x3142, 0x2922, 0x2943, 0x2943, 0x3983, 0x3983, 0x3983, 0x3983, 0x3983, 0x3163, 0x2102, 0x2923, 
    0x2923, 0x3163, 0x2923, 0x20E2, 0x2902, 0x2102, 0x2102, 0x2923, 0x2923, 0x2102, 0x20E2, 0x3142, 
    0x3983, 0x3983, 0x3983, 0x3983, 0x3163, 0x2102, 0x2902, 0x20E2, 0x2922, 0x2923, 0x2943, 0x2123, 
    0x20E2, 0x18E2, 0x2102, 0x2922, 0x3143, 0x2943, 0x2943, 0x2102, 0x20E2, 0x20E2, 0x2102, 0x20E2, 
    0x20E2, 0x2923, 0x2943, 0x2922, 0x3162, 0x3963, 0x3983, 0x3983, 0x3142, 0x20E2, 0x20E2, 0x20E2, 
    0x20E2, 0x3163, 0x2923, 0x2922, 0x3163, 0x3163, 0x3163, 0x2922, 0x2123, 0x2122, 0x3143, 0x3963, 
    0x2102, 0x2923, 0x2923, 0x3143, 0x2922, 0x2102, 0x2102, 0x2922, 0x3163, 0x3983, 0x3163, 0x3983, 
    0x3163, 0x2102, 0x2923, 0x2122, 0x2102, 0x2922, 0x20E2, 0x2903, 0x2923, 0x2922, 0x2922, 0x20E2, 
    0x20E2, 0x18C2, 0x2902, 0x2102, 0x2943, 0x2943, 0x2922, 0x20E2, 0x2923, 0x2943, 0x2943, 0x2922, 
    0x18E2, 0x20E2, 0x18C2, 0x2102, 0x2923, 0x2943, 0x2102, 0x20E2, 0x20E2, 0x2102, 0x2923, 0x2923, 
    0x2922, 0x3983, 0x2922, 0x2102, 0x2102, 0x2102, 0x3143, 0x3963, 0x3963, 0x3963, 0x3163, 0x1082, 
    0x5A01, 0xA382, 0x49A1, 0x3161, 0xDD24, 0xDD44, 0xDD44, 0xDD44, 0xDD44, 0xDD44, 0xDD44, 0xDD43, 
    0xDD64, 0xDD64, 0xDD64, 0xDD64, 0xDD64, 0xDD44, 0xDD44, 0xE564, 0x41A2, 0x51E1, 0xABC2, 0x6242, 
    0x0881, 0x3163, 0x3983, 0x3983, 0x3983, 0x3983, 0x3983, 0x3983, 0x3983, 0x3983, 0x3983, 0x3983, 
    0x3983, 0x3983, 0x3963, 0x3963, 0x3162, 0x3963, 0x3963, 0x3963, 0x3963, 0x3963, 0x3983, 0x3983, 
    0x3983, 0x3983, 0x3983, 0x3983, 0x3983, 0x3983, 0x3983, 0x3983, 0x3983, 0x3983, 0x2922, 0x39A5, 
    0x9C6D, 0xA48E, 0x41E6, 0x18E2, 0x736B, 0xA48E, 0x9C4D, 0x942D, 0x2944, 0x3162, 0x3983, 0x3983, 
    0x2902, 0x5AA8, 0x62E9, 0x2102, 0x3983, 0x2922, 0x5A88, 0xACCF, 0xA46E, 0xA46D, 0x41E6, 0x4A06, 
    0x6B29, 0x18C2, 0x6AE9, 0x6B09, 0x4206, 0x734A, 0x0861, 0x5267, 0x734A, 0x39A5, 0xA48E, 0x9C6D, 
    0x9C4D, 0x62C9, 0x3185, 0x83CC, 0x18E2, 0x3184, 0x940C, 0x20E2, 0x6B09, 0x9C6D, 0x9C4D, 0x39A5, 
    0x18C1, 0x7B6A, 0xACEF, 0x6AE9, 0x18E2, 0x3983, 0x3983, 0x3983, 0x3163, 0x18C2, 0x6B09, 0xACEF, 
    0x734A, 0x18C2, 0x5267, 0x62C9, 0x1081, 0x6B2A, 0x5247, 0x5268, 0xA4AE, 0xA48E, 0x62E9, 0x18E2, 
    0x3983, 0x3983, 0x3983, 0x3983, 0x20E2, 0x62C8, 0xA48E, 0x83CC, 0x18E2, 0x4A26, 0xACCF, 0xA48E, 
    0xA48E, 0x4206, 0x4A27, 0x6B09, 0x18A1, 0x6B09, 0x5AA8, 0x4A27, 0xA48E, 0xA48E, 0xA48E, 0x4A06, 
    0x5267, 0xA4AF, 0xA4AF, 0x62C9, 0x18C2, 0x3163, 0x3163, 0x3962, 0x2102, 0x5A88, 0xA48E, 0xA48E, 
    0x5267, 0x10A1, 0x736A, 0x5267, 0x3142, 0x3163, 0x20E2, 0x41E6, 0xA4AF, 0x940C, 0x2103, 0x18C1, 
    0x4A26, 0xACCF, 0x942D, 0x2103, 0x39C5, 0xA4AF, 0xA4AE, 0x7B6B, 0x18E2, 0x3142, 0x3163, 0x3963, 
    0x2922, 0x62C9, 0xACAF, 0xA48E, 0x4A06, 0x1081, 0x732A, 0xA48E, 0x8BCC, 0x18C2, 0x39A5, 0x9C6E, 
    0xA46E, 0x6AE9, 0x0861, 0x6B09, 0xACCF, 0x6AE9, 0x10A2, 0x62E9, 0xA4AE, 0xA4AF, 0x41E6, 0x20E2, 
    0x8BCC, 0xA46E, 0x8BCC, 0x18C2, 0x41E6, 0xA4CF, 0xA48E, 0xA48E, 0x41E6, 0x6B09, 0xACAF, 0xA4AE, 
    0x41E6, 0x18C2, 0x3164, 0x9C4D, 0xA48E, 0x7B6B, 0x2922, 0x3983, 0x3963, 0x3163, 0x3163, 0x1081, 
    0x5A01, 0xA382, 0x51C1, 0x3161, 0xDD44, 0xDD44, 0xDD44, 0xDD44, 0xDD44, 0xDD43, 0xDD43, 0xDD43, 
    0xE584, 0xE584, 0xE584, 0xE584, 0xE584, 0xE564, 0xE564, 0xED84, 0x41A2, 0x51E1, 0xB3E2, 0x6A42, 
    0x0881, 0x3163, 0x3983, 0x3983, 0x3983, 0x3983, 0x3983, 0x3983, 0x3983, 0x3983, 0x3983, 0x3983, 
    0x3983, 0x3983, 0x3963, 0x3162, 0x3162, 0x3983, 0x3983, 0x3163, 0x3963, 0x3963, 0x3983, 0x3983, 
    0x3983, 0x3983, 0x3983, 0x3983, 0x3983, 0x3983, 0x3983, 0x3983, 0x3983, 0x3163, 0x2964, 0x9C6E, 
    0x4A06, 0x4A06, 0x9C6D, 0x2103, 0x8BEC, 0x6B29, 0x3185, 0x3184, 0x20E2, 0x3163, 0x3983, 0x3983, 
    0x2902, 0x734A, 0x7B8B, 0x2102, 0x3983, 0x2902, 0x6B09, 0x8BEC, 0x39A5, 0x39A5, 0x20E2, 0x62A8, 
    0x83CB, 0x20E2, 0x7B8A, 0x736A, 0x4206, 0x83AB, 0x3164, 0x8BCB, 0x3184, 0x4A26, 0x9C6E, 0x3164, 
    0x3164, 0x2923, 0x41E6, 0xC571, 0x5A88, 0x83AB, 0xACCF, 0x2103, 0x31A4, 0xA4AE, 0x62E9, 0x18E2, 
    0x5AA8, 0x7B4A, 0x3184, 0x8BCB, 0x4A26, 0x2922, 0x3983, 0x3983, 0x2922, 0x5267, 0x7B8B, 0x39A5, 
    0x83CB, 0x5247, 0x4A47, 0xBD30, 0x39A5, 0x7B8B, 0x5AA8, 0x62C8, 0x83AB, 0x3164, 0x83CC, 0x5A87, 
    0x2922, 0x39A3, 0x3983, 0x3142, 0x4A06, 0x8BEC, 0x3184, 0x83AC, 0x736B, 0x2943, 0x5267, 0xACAF, 
    0x5247, 0x20E2, 0x62C9, 0x7B6A, 0x0840, 0x734A, 0x62E8, 0x5A88, 0x8C0C, 0x39A5, 0x41E6, 0x2123, 
    0x62E9, 0x83AB, 0x3164, 0x8BCB, 0x4A46, 0x2922, 0x3963, 0x3962, 0x2102, 0x6B2A, 0x83AB, 0x3184, 
    0x8C0C, 0x41C5, 0x83AB, 0x62A8, 0x3142, 0x3963, 0x2943, 0x940C, 0x41E6, 0x5A88, 0x83AB, 0x2943, 
    0x942D, 0x4206, 0x6B29, 0x83AB, 0x4206, 0xA4AE, 0x39C5, 0x732A, 0x6B09, 0x20E2, 0x3963, 0x3983, 
    0x2922, 0x734A, 0x83AB, 0x39A5, 0x940C, 0x2944, 0x3184, 0xA46D, 0x4206, 0x2123, 0x9C6D, 0x4A47, 
    0x39C5, 0x2944, 0x4A06, 0x83CB, 0x3184, 0x8BCC, 0x41E6, 0x7B8B, 0x6B09, 0x41E5, 0x940C, 0x39A5, 
    0xA46E, 0x4A26, 0x6AE9, 0x734A, 0x4206, 0x944D, 0x39C5, 0x41E5, 0x2943, 0x8BCC, 0x6B09, 0x39C5, 
    0x940C, 0x2923, 0x8BEC, 0x4A26, 0x39C5, 0x39C5, 0x2943, 0x3983, 0x3163, 0x3163, 0x3162, 0x1081, 
    0x59E2, 0xA382, 0x51C1, 0x3961, 0xE584, 0xE584, 0xE564, 0xE564, 0xE563, 0xE563, 0xE563, 0xE563, 
    0xDD44, 0xDD44, 0xDD64, 0xDD44, 0xDD44, 0xDD44, 0xDD23, 0xDD43, 0x41A2, 0x51E1, 0xB3E2, 0x6A62, 
    0x1081, 0x3163, 0x3983, 0x3983, 0x3983, 0x3983, 0x3983, 0x3983, 0x3983, 0x3983, 0x3983, 0x3963, 
    0x3983, 0x3962, 0x3162, 0x3962, 0x3963, 0x3983, 0x3163, 0x3963, 0x3963, 0x3983, 0x3983, 0x3983, 
    0x3983, 0x3983, 0x3983, 0x3983, 0x3983, 0x3983, 0x3983, 0x3983, 0x3983, 0x3162, 0x3164, 0xA4AE, 
    0x2943, 0x2103, 0x9C4D, 0x2103, 0x83AB, 0x8C0C, 0x734A, 0x39A5, 0x2922, 0x3963, 0x3983, 0x3983, 
    0x2922, 0x734A, 0x736A, 0x2102, 0x3163, 0x2102, 0x62C8, 0xA46D, 0x6B29, 0x5AA8, 0x18E2, 0x6B09, 
    0x83CB, 0x18C2, 0x734A, 0x6B09, 0x39A5, 0x9C4D, 0x8BEC, 0x4205, 0x18E2, 0x4206, 0xACCF, 0x6B09, 
    0x62C8, 0x2102, 0x4A06, 0x9C6E, 0x940C, 0x940C, 0x9C4D, 0x2943, 0x2923, 0x942D, 0x4A06, 0x18C2, 
    0x6AE9, 0x6B09, 0x1081, 0x838A, 0x5A88, 0x2922, 0x3983, 0x3983, 0x2922, 0x62C8, 0x7B8A, 0x18C2, 
    0x7B6A, 0x5A67, 0x4A26, 0xA46D, 0x6B09, 0x7B8B, 0x5268, 0x5A87, 0x6B09, 0x0861, 0x7B8B, 0x62C9, 
    0x2922, 0x3983, 0x3983, 0x2922, 0x5247, 0x838B, 0x0861, 0x6B09, 0x83CC, 0x2922, 0x2943, 0x9C6E, 
    0x2943, 0x20E1, 0x62C9, 0xA4AE, 0x6B09, 0x9C4D, 0x5A87, 0x5268, 0xA4AE, 0x734A, 0x5AA8, 0x18E2, 
    0x62E9, 0x7B4A, 0x20E2, 0x83AB, 0x5247, 0x2942, 0x3983, 0x3963, 0x2102, 0x6AE9, 0x9C4D, 0x734A, 
    0x83AB, 0x2123, 0x7B6A, 0x5A87, 0x2942, 0x3983, 0x31A4, 0x9C4D, 0x18E2, 0x39C5, 0x8BEC, 0x2944, 
    0x942C, 0x18E2, 0x5267, 0x8C0C, 0x39A5, 0x942C, 0x1081, 0x5A87, 0x7B8B, 0x20E2, 0x3983, 0x3983, 
    0x2922, 0x732A, 0x62E9, 0x1081, 0x8BEB, 0x39A4, 0x10A1, 0x8BEC, 0x3164, 0x2923, 0x734A, 0x7B6A, 
    0x62C8, 0x18A1, 0x5A87, 0x7B8B, 0x0860, 0x7B8A, 0x4A27, 0x7B6B, 0x5AA8, 0x2943, 0x8BCB, 0x3185, 
    0x9C6E, 0x2923, 0x4A26, 0x838B, 0x39C5, 0xA48D, 0x7329, 0x5AA8, 0x20E2, 0x83AB, 0x62A8, 0x2943, 
    0x8BCB, 0x2123, 0x6B09, 0x7B6A, 0x62E9, 0x20E2, 0x3163, 0x3983, 0x3983, 0x3963, 0x3163, 0x1081, 
    0x51E1, 0xA362, 0x51C1, 0x3161, 0xDD44, 0xDD44, 0xDD44, 0xDD44, 0xDD44, 0xDD44, 0xDD44, 0xDD44, 
    0xE564, 0xE564, 0xE584, 0xE564, 0xE564, 0xE564, 0xDD43, 0xE564, 0x41A2, 0x51E1, 0xB3E2, 0x6A62, 
    0x1081, 0x3163, 0x3983, 0x3983, 0x3983, 0x3983, 0x3983, 0x3983, 0x3963, 0x3983, 0x3983, 0x3963, 
    0x3963, 0x3962, 0x3162, 0x3162, 0x3963, 0x3963, 0x3963, 0x3963, 0x3983, 0x3983, 0x3983, 0x3983, 
    0x3983, 0x3983, 0x3983, 0x3983, 0x3983, 0x3983, 0x3983, 0x3983, 0x3983, 0x3162, 0x3184, 0xA46E, 
    0x2923, 0x2923, 0x9C6E, 0x2103, 0x83AB, 0x9C4D, 0x838B, 0x41E6, 0x3142, 0x3983, 0x3983, 0x3983, 
    0x2922, 0x6B0A, 0x6B2A, 0x2102, 0x3983, 0x2922, 0x62C8, 0xA46D, 0x7B6A, 0x62E8, 0x2103, 0x6B09, 
    0x7B8B, 0x1081, 0x6B09, 0x6B09, 0x41E6, 0xA4AE, 0x83AB, 0x3184, 0x18E2, 0x41C5, 0xACCF, 0x7B8B, 
    0x734A, 0x2923, 0x4A26, 0x8BEC, 0x4A26, 0x4A26, 0x9C4D, 0x2943, 0x2943, 0x942D, 0x4206, 0x20E2, 
    0x6AE8, 0xACCE, 0x9C4D, 0xB4EF, 0x5A88, 0x2922, 0x3983, 0x3983, 0x2922, 0x62C8, 0xB510, 0xA48E, 
    0xB4EF, 0x5247, 0x5267, 0x6B29, 0x6B0A, 0x9C6E, 0x4A26, 0x5A87, 0x7309, 0x1081, 0x83AB, 0x62E9, 
    0x2922, 0x3963, 0x3963, 0x2922, 0x5247, 0x8BCB, 0x10A1, 0x62E9, 0x7B8B, 0x2922, 0x3163, 0xA48E, 
    0x3184, 0x20E1, 0x5A88, 0xA4AE, 0x7B8B, 0xA48D, 0x5A87, 0x5247, 0xACCF, 0x7B8B, 0x6B09, 0x18E2, 
    0x62E9, 0xB4EF, 0xACAE, 0x5A87, 0x18E2, 0x3163, 0x3163, 0x3983, 0x2102, 0x6B09, 0xA48E, 0x83AB, 
    0x8BCC, 0x2944, 0x7B6A, 0x5246, 0x2102, 0x3142, 0x39A5, 0x9C6E, 0x2102, 0x4206, 0x940D, 0x2943, 
    0x940C, 0x18C2, 0x5267, 0x8BEC, 0x3185, 0x940C, 0x10A2, 0x62C8, 0x83AB, 0x2102, 0x3983, 0x3983, 
    0x2102, 0x6AE9, 0x62C8, 0x18C2, 0x942D, 0x39C5, 0x18C2, 0x8BEC, 0x3164, 0x2943, 0x2103, 0x6B09, 
    0x8BEC, 0x62C9, 0x5268, 0x7B8B, 0x0860, 0x83AB, 0x5247, 0x734A, 0xACCE, 0x9C4D, 0x3164, 0x20E3, 
    0x9C4D, 0x2923, 0x5246, 0x83AB, 0x41E6, 0xA4AE, 0x7B8B, 0x62C8, 0x10A2, 0x7B6A, 0xACAE, 0xA48E, 
    0x39A5, 0x18E2, 0x2123, 0x734A, 0x83CB, 0x5A88, 0x18C2, 0x20E2, 0x2902, 0x3163, 0x3163, 0x1081, 
    0x51E1, 0xA362, 0x51C1, 0x3161, 0xE564, 0xE564, 0xE564, 0xDD44, 0xE564, 0xE563, 0xDD43, 0xE543, 
    0xE564, 0xE584, 0xE584, 0xE584, 0xE564, 0xE564, 0xE564, 0xE584, 0x41C2, 0x51C1, 0xABC2, 0x6A62, 
    0x1081, 0x3163, 0x3163, 0x3963, 0x3983, 0x3983, 0x3983, 0x3983, 0x3983, 0x3983, 0x3983, 0x3983, 
    0x3963, 0x3963, 0x3162, 0x3162, 0x3162, 0x3163, 0x3162, 0x3163, 0x3963, 0x3983, 0x3983, 0x3983, 
    0x3983, 0x3983, 0x3983, 0x3983, 0x3983, 0x3983, 0x3983, 0x3983, 0x3983, 0x3162, 0x3164, 0x9C6E, 
    0x3984, 0x39C5, 0xA48E, 0x20E3, 0x83AB, 0x4A26, 0x20C1, 0x2922, 0x3163, 0x3983, 0x3983, 0x3983, 
    0x2902, 0x6AE9, 0x83AB, 0x3164, 0x39A4, 0x2103, 0x62C8, 0x7B4A, 0x18E3, 0x2964, 0x2123, 0x62C8, 
    0x83AB, 0x18C2, 0x7B4A, 0x6B2A, 0x4A47, 0x83CC, 0x3184, 0x8BCB, 0x2103, 0x4206, 0x9C4D, 0x2923, 
    0x2944, 0x2943, 0x4A26, 0x9C4D, 0x0881, 0x2923, 0x940D, 0x18E2, 0x2923, 0x9C6D, 0x5A87, 0x18E2, 
    0x734A, 0x734A, 0x20E2, 0x8BEC, 0x5AA8, 0x2922, 0x3163, 0x3983, 0x2922, 0x62C9, 0x7B8B, 0x18C2, 
    0x7B8B, 0x5AA8, 0x5A88, 0x732A, 0x39C5, 0xBD30, 0x4206, 0x5A87, 0x7B6A, 0x20E3, 0x8BCC, 0x62C9, 
    0x2942, 0x3983, 0x3963, 0x2922, 0x5247, 0x940C, 0x2923, 0x7309, 0x732A, 0x20E2, 0x2923, 0xA48E, 
    0x39A4, 0x2922, 0x62C8, 0x7B8B, 0x0881, 0x732A, 0x5A87, 0x5247, 0x83AB, 0x2123, 0x3164, 0x18C2, 
    0x6B09, 0x734A, 0x4A26, 0x83AB, 0x20E2, 0x3142, 0x3163, 0x3963, 0x2922, 0x7B6B, 0x7B6B, 0x18E2, 
    0x940C, 0x4A26, 0x7B6B, 0x62A8, 0x2923, 0x2923, 0x2964, 0x9C6E, 0x39A4, 0x5AA8, 0x8BCC, 0x2923, 
    0x940C, 0x2923, 0x5AA8, 0x83CB, 0x39A5, 0x9C4D, 0x2944, 0x734A, 0x7B8B, 0x2102, 0x3963, 0x3983, 
    0x2102, 0x62E9, 0x734A, 0x3164, 0x9C6E, 0x39A5, 0x2123, 0x9C2D, 0x3184, 0x18C1, 0x2923, 0x20E2, 
    0x5A88, 0x8BCC, 0x5247, 0x83AB, 0x2103, 0x8BEC, 0x4A06, 0x736A, 0x4A26, 0x6AE9, 0x5AA8, 0x20E3, 
    0xA48E, 0x39A5, 0x62E8, 0x83AB, 0x4A27, 0x940C, 0x20E3, 0x2103, 0x10A2, 0x7B8B, 0x5267, 0x6B29, 
    0x6B09, 0x18E2, 0x3164, 0x2943, 0x4A26, 0x8BCB, 0x18C2, 0x734A, 0x4A26, 0x2922, 0x3162, 0x0881, 
    0x59E1, 0xA382, 0x49A1, 0x3161, 0xE584, 0xE564, 0xE564, 0xE563, 0xE563, 0xE563, 0xE563, 0xE563, 
    0xDD44, 0xDD44, 0xDD44, 0xDD44, 0xDD44, 0xDD24, 0xDD44, 0xE564, 0x41C2, 0x51E1, 0xABA2, 0x6A42, 
    0x1081, 0x3162, 0x3163, 0x3963, 0x3983, 0x3983, 0x3983, 0x3963, 0x3963, 0x3963, 0x3963, 0x3963, 
    0x3963, 0x3963, 0x3162, 0x3162, 0x3163, 0x3163, 0x3163, 0x3163, 0x3963, 0x3963, 0x3983, 0x3963, 
    0x3963, 0x3983, 0x3983, 0x3983, 0x3983, 0x3983, 0x3963, 0x3963, 0x3163, 0x3163, 0x2902, 0x41E6, 
    0xA4AF, 0xA48E, 0x4206, 0x18C2, 0x734A, 0x4206, 0x3142, 0x3983, 0x3163, 0x3163, 0x3963, 0x3983, 
    0x2922, 0x5AA8, 0xB510, 0xACCF, 0xACCF, 0x39C5, 0x5247, 0xACCF, 0xA48E, 0xACAF, 0x4A26, 0x18A2, 
    0x7B6A, 0xACCF, 0x83AB, 0x2123, 0x4A47, 0x7B6B, 0x1081, 0x5247, 0x6B0A, 0x39C5, 0xB510, 0xACCF, 
    0xACCF, 0x6B09, 0x39A5, 0x8BEC, 0x2102, 0x3184, 0x83AC, 0x1081, 0x732A, 0xACAF, 0xA4AE, 0x3184, 
    0x6AE9, 0x6B09, 0x18C2, 0x7B6A, 0x5267, 0x2922, 0x3163, 0x3963, 0x2922, 0x5AA8, 0x6B09, 0x1060, 
    0x6AE9, 0x5267, 0x5267, 0x6B09, 0x18C2, 0x7B8B, 0x4A27, 0x5247, 0xACAE, 0xA48E, 0x734A, 0x2923, 
    0x3983, 0x3963, 0x3163, 0x3163, 0x2923, 0x6B29, 0xACCF, 0x83AB, 0x18E2, 0x2922, 0x2102, 0x942D, 
    0x39A4, 0x2942, 0x62C9, 0x7B6B, 0x18E2, 0x7329, 0x5267, 0x4206, 0xACCF, 0xA48E, 0xACAE, 0x41E6, 
    0x5288, 0x6AE9, 0x18C2, 0x7B6B, 0x4A27, 0x2922, 0x3163, 0x3163, 0x2902, 0x62C9, 0xACCF, 0xA48E, 
    0x6AE9, 0x1081, 0x7329, 0xACAE, 0x9C6D, 0x940D, 0x2103, 0x5247, 0xACCF, 0x9C4D, 0x2943, 0x18C2, 
    0x5267, 0xA4AE, 0x940C, 0x2923, 0x39C5, 0xACEF, 0xACCF, 0x8C0C, 0x2923, 0x2942, 0x3163, 0x3963, 
    0x2902, 0x5AA8, 0xACCF, 0xACAE, 0x5AA8, 0x18E2, 0x734B, 0xB4F0, 0x8BCC, 0x10A2, 0x83CC, 0xA4AE, 
    0x940C, 0x2943, 0x2102, 0x7B8B, 0xB4F0, 0x734A, 0x10A1, 0x732A, 0x41E6, 0x18E2, 0x8C0C, 0x3164, 
    0x9C6E, 0xACF0, 0x9C8E, 0x3164, 0x4A27, 0xACCF, 0xA46E, 0xA48E, 0x39A5, 0x734A, 0x5267, 0x2123, 
    0x942D, 0x2944, 0x8BEC, 0xA4AE, 0x9C4D, 0x2944, 0x2923, 0xACEF, 0x6B2A, 0x20E2, 0x3142, 0x0881, 
    0x6221, 0xABA2, 0x51A1, 0x3141, 0xDD44, 0xDD44, 0xDD44, 0xDD43, 0xDD23, 0xDD23, 0xDD23, 0xDD23, 
    0xE564, 0xE564, 0xE564, 0xE564, 0xE564, 0xE564, 0xE564, 0xEDA4, 0x49E2, 0x51C1, 0xABC2, 0x6242, 
    0x0041, 0x2922, 0x3163, 0x3163, 0x3963, 0x3163, 0x3963, 0x3963, 0x3163, 0x3963, 0x3963, 0x3162, 
    0x3962, 0x3962, 0x3962, 0x3162, 0x3163, 0x3163, 0x3163, 0x3163, 0x3963, 0x3963, 0x3163, 0x3963, 
    0x3963, 0x3983, 0x3983, 0x3983, 0x3963, 0x3963, 0x3963, 0x3963, 0x3163, 0x3163, 0x3983, 0x2923, 
    0x3143, 0x2943, 0x2943, 0x2943, 0x2123, 0x2102, 0x3163, 0x3163, 0x3163, 0x3162, 0x3163, 0x3983, 
    0x3143, 0x2923, 0x3164, 0x2943, 0x2943, 0x2102, 0x2923, 0x3184, 0x3164, 0x2943, 0x2102, 0x2942, 
    0x2943, 0x3164, 0x2943, 0x2943, 0x2923, 0x2923, 0x2922, 0x2102, 0x2923, 0x2923, 0x3184, 0x3184, 
    0x3164, 0x2923, 0x20E2, 0x2923, 0x2943, 0x2922, 0x2923, 0x18E2, 0x2103, 0x2923, 0x2923, 0x20E2, 
    0x2923, 0x2943, 0x3143, 0x2943, 0x2923, 0x3142, 0x3163, 0x3163, 0x3143, 0x2923, 0x2923, 0x2902, 
    0x2102, 0x2103, 0x2943, 0x2943, 0x2922, 0x2103, 0x2102, 0x2102, 0x3164, 0x3164, 0x2923, 0x3143, 
    0x3163, 0x3162, 0x3162, 0x3963, 0x3163, 0x2923, 0x3164, 0x2923, 0x2922, 0x3163, 0x2102, 0x2943, 
    0x2943, 0x3163, 0x2923, 0x2943, 0x2922, 0x2923, 0x2923, 0x2102, 0x2923, 0x2943, 0x2943, 0x2102, 
    0x2102, 0x2123, 0x2943, 0x2943, 0x2123, 0x3163, 0x3983, 0x3963, 0x3142, 0x2123, 0x2963, 0x3163, 
    0x2923, 0x2922, 0x2102, 0x2943, 0x3143, 0x3143, 0x2943, 0x2923, 0x2943, 0x2923, 0x2922, 0x3163, 
    0x2923, 0x3164, 0x2923, 0x2923, 0x2923, 0x2943, 0x2943, 0x2923, 0x2942, 0x3963, 0x3162, 0x3963, 
    0x3163, 0x2923, 0x2943, 0x2943, 0x2923, 0x3163, 0x2943, 0x3164, 0x2943, 0x2102, 0x2943, 0x2943, 
    0x2123, 0x2922, 0x3143, 0x2943, 0x3184, 0x2923, 0x2922, 0x2102, 0x2102, 0x2922, 0x2943, 0x2102, 
    0x2943, 0x3164, 0x3164, 0x3163, 0x2943, 0x2943, 0x2923, 0x2923, 0x20E2, 0x2923, 0x2943, 0x2943, 
    0x2943, 0x2123, 0x2943, 0x2943, 0x2923, 0x2922, 0x2923, 0x3164, 0x2923, 0x2922, 0x3163, 0x0861, 
    0x6221, 0xABA2, 0x51A1, 0x3161, 0xE564, 0xE584, 0xE564, 0xE563, 0xE563, 0xE543, 0xE563, 0xE563, 
    0xDD44, 0xDD44, 0xE563, 0xE564, 0xE564, 0xE564, 0xE564, 0xE584, 0x41C2, 0x49C1, 0xABC3, 0x82E2, 
    0x3962, 0x18C1, 0x2942, 0x3163, 0x3963, 0x3983, 0x3983, 0x3963, 0x3963, 0x3163, 0x3163, 0x3962, 
    0x3163, 0x3163, 0x3963, 0x3963, 0x3162, 0x3962, 0x3962, 0x3963, 0x3963, 0x3983, 0x3983, 0x3963, 
    0x3983, 0x3983, 0x3983, 0x3983, 0x3963, 0x3963, 0x3963, 0x3163, 0x3163, 0x3163, 0x3983, 0x3983, 
    0x3162, 0x3162, 0x3163, 0x3963, 0x3983, 0x3983, 0x3163, 0x3163, 0x3162, 0x3162, 0x3963, 0x3963, 
    0x3963, 0x3163, 0x3162, 0x3162, 0x3162, 0x3983, 0x3983, 0x3963, 0x3163, 0x3162, 0x3163, 0x3963, 
    0x3983, 0x3163, 0x3963, 0x3983, 0x3163, 0x3163, 0x3983, 0x3163, 0x3983, 0x3983, 0x3983, 0x3963, 
    0x3163, 0x3963, 0x3163, 0x3163, 0x3163, 0x3163, 0x3163, 0x3163, 0x3163, 0x3142, 0x3162, 0x3163, 
    0x3963, 0x3983, 0x3983, 0x3983, 0x3983, 0x3983, 0x3163, 0x3162, 0x3963, 0x3163, 0x3963, 0x3983, 
    0x3963, 0x3983, 0x3983, 0x3983, 0x3163, 0x3142, 0x3162, 0x3983, 0x3983, 0x3963, 0x3163, 0x3162, 
    0x3142, 0x3162, 0x3162, 0x3163, 0x3163, 0x3163, 0x3163, 0x3163, 0x3163, 0x3163, 0x3163, 0x3163, 
    0x3983, 0x3983, 0x3163, 0x3162, 0x3163, 0x3163, 0x3983, 0x3983, 0x3162, 0x3142, 0x3162, 0x3163, 
    0x3163, 0x3142, 0x3163, 0x3163, 0x3963, 0x3963, 0x3983, 0x3963, 0x3983, 0x3163, 0x3162, 0x3162, 
    0x3163, 0x3163, 0x3163, 0x3163, 0x3163, 0x3963, 0x3963, 0x3162, 0x3162, 0x3162, 0x3163, 0x3163, 
    0x3163, 0x3163, 0x3163, 0x3963, 0x3163, 0x3142, 0x3142, 0x3163, 0x3963, 0x3963, 0x3963, 0x3963, 
    0x3983, 0x3163, 0x3162, 0x3162, 0x3163, 0x3983, 0x3983, 0x3983, 0x3983, 0x3983, 0x3163, 0x3142, 
    0x3162, 0x3163, 0x3163, 0x3163, 0x3163, 0x3963, 0x3163, 0x3163, 0x3983, 0x3983, 0x3163, 0x3163, 
    0x3163, 0x3163, 0x3163, 0x3983, 0x3163, 0x3142, 0x3142, 0x3142, 0x3163, 0x3163, 0x3963, 0x3983, 
    0x3163, 0x3983, 0x3163, 0x3163, 0x3142, 0x3163, 0x3963, 0x3163, 0x3163, 0x3143, 0x20E2, 0x4182, 
    0x7AC2, 0x9B62, 0x4181, 0x3141, 0xE564, 0xE564, 0xE564, 0xE564, 0xDD44, 0xDD44, 0xDD43, 0xDD44, 
    0xDD44, 0xDD43, 0xDD43, 0xDD44, 0xDD64, 0xDD44, 0xDD64, 0xE585, 0x41A2, 0x4161, 0x9322, 0xABE3, 
    0xABC3, 0x3961, 0x2102, 0x2922, 0x2922, 0x2922, 0x2922, 0x2922, 0x2922, 0x2922, 0x2922, 0x2922, 
    0x2922, 0x2922, 0x2922, 0x2922, 0x2922, 0x2922, 0x2922, 0x2922, 0x2922, 0x2922, 0x2922, 0x2922, 
    0x2922, 0x2922, 0x2922, 0x2922, 0x2922, 0x2922, 0x2922, 0x2922, 0x2922, 0x2922, 0x2922, 0x2922, 
    0x2922, 0x2922, 0x2922, 0x2922, 0x2922, 0x2922, 0x2922, 0x2922, 0x2922, 0x2922, 0x2922, 0x2922, 
    0x2902, 0x2922, 0x2922, 0x2922, 0x2922, 0x2922, 0x2922, 0x2922, 0x2922, 0x2922, 0x2922, 0x2922, 
    0x2922, 0x2922, 0x2922, 0x2922, 0x2922, 0x2922, 0x2922, 0x2922, 0x2922, 0x2922, 0x2922, 0x2922, 
    0x2922, 0x2922, 0x2922, 0x2922, 0x2902, 0x2922, 0x2922, 0x2922, 0x2922, 0x2922, 0x2922, 0x2922, 
    0x2922, 0x2922, 0x2922, 0x2922, 0x2922, 0x2922, 0x2922, 0x2922, 0x2902, 0x2922, 0x2922, 0x2922, 
    0x2922, 0x2922, 0x2922, 0x2922, 0x2902, 0x2902, 0x2922, 0x2922, 0x2922, 0x2922, 0x2922, 0x2102, 
    0x2102, 0x2102, 0x2922, 0x2922, 0x2922, 0x2922, 0x2902, 0x2922, 0x2922, 0x2922, 0x2922, 0x2922, 
    0x2922, 0x2922, 0x2902, 0x2102, 0x2102, 0x2922, 0x2922, 0x2943, 0x2922, 0x2922, 0x2902, 0x2102, 
    0x2102, 0x2102, 0x2102, 0x2922, 0x2922, 0x2922, 0x2922, 0x2922, 0x2922, 0x2922, 0x2922, 0x2922, 
    0x2922, 0x2922, 0x2922, 0x2922, 0x2922, 0x2922, 0x2102, 0x2902, 0x2922, 0x2922, 0x2922, 0x2902, 
    0x2922, 0x2922, 0x2922, 0x2922, 0x2902, 0x2922, 0x2922, 0x2922, 0x2922, 0x2922, 0x2922, 0x2922, 
    0x2922, 0x2922, 0x2922, 0x2922, 0x2922, 0x2922, 0x2922, 0x2923, 0x2923, 0x2922, 0x2922, 0x2922, 
    0x2922, 0x2922, 0x2922, 0x2922, 0x2922, 0x2922, 0x2102, 0x2922, 0x2922, 0x2922, 0x2922, 0x2922, 
    0x2922, 0x2922, 0x2922, 0x2902, 0x2102, 0x2922, 0x2922, 0x2922, 0x2922, 0x2922, 0x2922, 0x2922, 
    0x2922, 0x2922, 0x2922, 0x2922, 0x2922, 0x2922, 0x2922, 0x2922, 0x2922, 0x2102, 0x3121, 0x9B62, 
    0xB3E3, 0x82C2, 0x4181, 0x2941, 0xDD44, 0xDD44, 0xDD44, 0xDD44, 0xDD44, 0xDD44, 0xDD43, 0xDD24, 
    0xE564, 0xE563, 0xE563, 0xE564, 0xE584, 0xE584, 0xE584, 0xEDA4, 0xB443, 0x41A1, 0x49A1, 0x9322, 
    0xC463, 0xABC2, 0x2901, 0x1081, 0x18A1, 0x1081, 0x1881, 0x1081, 0x1081, 0x1081, 0x1081, 0x1081, 
    0x1081, 0x1081, 0x1081, 0x1081, 0x1081, 0x1081, 0x1081, 0x1081, 0x1081, 0x1081, 0x1081, 0x1081, 
    0x1081, 0x1081, 0x1081, 0x1081, 0x1081, 0x1081, 0x1081, 0x1081, 0x1081, 0x1081, 0x1081, 0x1081, 
    0x1081, 0x10A1, 0x1081, 0x1081, 0x1081, 0x1081, 0x1081, 0x1081, 0x1081, 0x1081, 0x1081, 0x1081, 
    0x1081, 0x1081, 0x1081, 0x10A1, 0x18A1, 0x1081, 0x1081, 0x1081, 0x1081, 0x1081, 0x10A1, 0x1081, 
    0x1081, 0x1081, 0x1081, 0x1081, 0x1081, 0x1081, 0x1081, 0x1081, 0x1081, 0x1081, 0x1081, 0x1081, 
    0x1081, 0x1081, 0x10A1, 0x1081, 0x1081, 0x1081, 0x1081, 0x1081, 0x1081, 0x1081, 0x1081, 0x1081, 
    0x1081, 0x1081, 0x1081, 0x1081, 0x1081, 0x1081, 0x1081, 0x1081, 0x1081, 0x1081, 0x1081, 0x1081, 
    0x1081, 0x1081, 0x1081, 0x1081, 0x1081, 0x1081, 0x10A1, 0x10A1, 0x1081, 0x1081, 0x1081, 0x1081, 
    0x1081, 0x1081, 0x1081, 0x1081, 0x1081, 0x1081, 0x1081, 0x1081, 0x1081, 0x1081, 0x1081, 0x1081, 
    0x1081, 0x1081, 0x1081, 0x1081, 0x1081, 0x1081, 0x1081, 0x10A1, 0x1081, 0x1081, 0x1081, 0x1081, 
    0x1081, 0x1081, 0x1081, 0x1081, 0x1081, 0x1081, 0x1081, 0x1081, 0x1081, 0x1081, 0x10A1, 0x10A1, 
    0x10A1, 0x1081, 0x1081, 0x10A1, 0x18A1, 0x1081, 0x1081, 0x1081, 0x1081, 0x1081, 0x1081, 0x1081, 
    0x1081, 0x1081, 0x1081, 0x1081, 0x1081, 0x1081, 0x1081, 0x1081, 0x1081, 0x1081, 0x1081, 0x1081, 
    0x1081, 0x1081, 0x1081, 0x1081, 0x1081, 0x1081, 0x1081, 0x1081, 0x1081, 0x1081, 0x1081, 0x1081, 
    0x1081, 0x1081, 0x1081, 0x1081, 0x1081, 0x1081, 0x1081, 0x1081, 0x1081, 0x1081, 0x1081, 0x1081, 
    0x1081, 0x1081, 0x1081, 0x1081, 0x1081, 0x1081, 0x1081, 0x1081, 0x1081, 0x1081, 0x1081, 0x1081, 
    0x1081, 0x1081, 0x1081, 0x1081, 0x1081, 0x1081, 0x1081, 0x1081, 0x1081, 0x20E1, 0x9322, 0xBC23, 
    0x9322, 0x51C1, 0x3141, 0xAC23, 0xE584, 0xE584, 0xE584, 0xE564, 0xE564, 0xE564, 0xE563, 0xE564, 
    0xDD44, 0xDD44, 0xDD43, 0xDD44, 0xE564, 0xE564, 0xE564, 0xE564, 0xEDA4, 0xC4E4, 0x2921, 0x59E1, 
    0x8B02, 0xABC2, 0xABA2, 0xA3A2, 0xABC2, 0xABC2, 0xABC2, 0xABC3, 0xABA2, 0xABA2, 0xA3A2, 0xABA2, 
    0xA3A2, 0xABC3, 0xABE3, 0xABC2, 0xABC2, 0xABC2, 0xABC2, 0xA3A2, 0xA3A2, 0xA3A2, 0xA3A2, 0xA3A2, 
    0xA3A2, 0xABC2, 0xABC2, 0xABC2, 0xABA2, 0xABA2, 0xABC2, 0xABC2, 0xABC2, 0xABC2, 0xABC2, 0xABC2, 
    0xABC2, 0xABA2, 0xABA2, 0xABC3, 0xABC2, 0xABC3, 0xABE2, 0xABC2, 0xABC2, 0xABE3, 0xABC2, 0xABE3, 
    0xABE3, 0xABE3, 0xB3E3, 0xB3E3, 0xB3E3, 0xB403, 0xB3E3, 0xABC2, 0xABE2, 0xB3E3, 0xABE3, 0xABE3, 
    0xABC3, 0xABC3, 0xABC3, 0xABC3, 0xABC2, 0xABA2, 0xABC2, 0xABC2, 0xABC2, 0xABC3, 0xABC3, 0xABC3, 
    0xABC2, 0xABC3, 0xABC2, 0xABC2, 0xABC2, 0xABC2, 0xABC2, 0xABC2, 0xABC2, 0xABE3, 0xB403, 0xABE3, 
    0xABC2, 0xABC3, 0xABC2, 0xABC2, 0xABC2, 0xABC2, 0xA3A2, 0xABC3, 0xABC3, 0xABE3, 0xABE3, 0xABE3, 
    0xABC3, 0xABC3, 0xABA2, 0xABA2, 0xABC2, 0xABC2, 0xA3A2, 0xABC3, 0xABC3, 0xABC2, 0xA3A2, 0xABA2, 
    0xA3A2, 0xA3C2, 0xA3C2, 0xABA2, 0xA3A2, 0xABC2, 0xABC3, 0xABE3, 0xABC2, 0xABC2, 0xABC3, 0xABE3, 
    0xABC3, 0xABC2, 0xABC3, 0xABC2, 0xABC2, 0xABC2, 0xABC2, 0xABC2, 0xABC2, 0xABC2, 0xABA2, 0xABA2, 
    0xABA2, 0xA3A2, 0xABA2, 0xABA2, 0xA3A2, 0xABC2, 0xABC2, 0xABA2, 0xABA2, 0xABA2, 0xABC2, 0xABC2, 
    0xABC2, 0xABE2, 0xABC2, 0xABC2, 0xA3A2, 0xA3A2, 0xABC2, 0xABC2, 0xABC2, 0xABC2, 0xA3A2, 0xA3A2, 
    0xABC2, 0xABC2, 0xABC2, 0xABE3, 0xABC2, 0xABC2, 0xABA2, 0xA3A2, 0xA3A2, 0xA3A2, 0xA3A2, 0xA3A2, 
    0xABA2, 0xABC3, 0xABC3, 0xABC3, 0xA3C2, 0xABC2, 0xABC2, 0xABC2, 0xABC2, 0xABC2, 0xABC2, 0xABC2, 
    0xABE2, 0xABE3, 0xABC2, 0xABC2, 0xABA2, 0xABC2, 0xABC2, 0xABC2, 0xABC2, 0xABC2, 0xABA2, 0xA3A2, 
    0xA3A2, 0xABA2, 0xABA2, 0xABC2, 0xABC2, 0xABC2, 0xABC2, 0xABC2, 0xABA2, 0xABC2, 0xA3A2, 0xABC2, 
    0xABC2, 0xABC2, 0xABA2, 0xA382, 0xA382, 0xA382, 0xA382, 0xA3A3, 0xA3A2, 0xA382, 0xABA2, 0x8B22, 
    0x51E2, 0x1060, 0x9BC3, 0xEDA4, 0xDD64, 0xDD44, 0xDD64, 0xDD44, 0xDD44, 0xDD44, 0xDD44, 0xDD44, 
    0xDD44, 0xDD44, 0xDD43, 0xDD44, 0xE564, 0xE564, 0xE564, 0xE564, 0xDD64, 0xE564, 0xAC24, 0x20E1, 
    0x49A1, 0x82C2, 0x82C2, 0x82C2, 0x82C2, 0x8AE2, 0x8AE2, 0x8AE2, 0x82E2, 0x8AE2, 0x82E2, 0x8AE2, 
    0x8AE2, 0x8B02, 0x8B02, 0x8B02, 0x8B02, 0x8B02, 0x8B02, 0x8B02, 0x8B02, 0x8B02, 0x8B02, 0x8B02, 
    0x8B02, 0x8B02, 0x8B02, 0x8B02, 0x8B02, 0x8B02, 0x8B02, 0x8AE2, 0x8AE2, 0x8AE2, 0x8AE2, 0x8B02, 
    0x8B02, 0x8AE2, 0x8B02, 0x8B02, 0x8B02, 0x8B02, 0x8B02, 0x8B02, 0x8AE2, 0x8B02, 0x8B02, 0x8B02, 
    0x8B02, 0x8B02, 0x8B02, 0x8B02, 0x8B02, 0x8B02, 0x8B22, 0x8B02, 0x9322, 0x8B22, 0x8B02, 0x8B02, 
    0x8B02, 0x8B02, 0x8B02, 0x8AE2, 0x8AE2, 0x8AE2, 0x8AE2, 0x8B02, 0x8B02, 0x8B02, 0x8B02, 0x8B02, 
    0x8B02, 0x8B02, 0x8AE2, 0x82E2, 0x82E2, 0x82E2, 0x82E2, 0x82E2, 0x82E2, 0x8AE2, 0x8B02, 0x8B02, 
    0x8B02, 0x8B02, 0x8B02, 0x8B02, 0x8AE2, 0x8B02, 0x8B02, 0x8B02, 0x8B22, 0x8B02, 0x9322, 0x8B02, 
    0x8B02, 0x8B02, 0x8B02, 0x8B02, 0x8B02, 0x8B02, 0x8B02, 0x8B02, 0x8AE2, 0x82E2, 0x8AE2, 0x8AE2, 
    0x8AE2, 0x8AE2, 0x82E2, 0x8AE2, 0x8AE2, 0x8AE2, 0x82E2, 0x8B02, 0x8B02, 0x8B02, 0x8B02, 0x8B02, 
    0x8B02, 0x8B02, 0x8B22, 0x8B22, 0x8B02, 0x8B02, 0x8B02, 0x8B02, 0x8B02, 0x8AE2, 0x8AE2, 0x8AE2, 
    0x8AE2, 0x8AE2, 0x8AE2, 0x8B02, 0x82E2, 0x82E2, 0x82E2, 0x8AE2, 0x82E2, 0x8AE2, 0x82E2, 0x8AE2, 
    0x8AE2, 0x8AE2, 0x8B02, 0x82E2, 0x8AE2, 0x82E2, 0x82E2, 0x8B02, 0x8B02, 0x8B02, 0x8AE2, 0x8AE2, 
    0x8B02, 0x8B02, 0x8B02, 0x8B02, 0x8B02, 0x8B02, 0x8B02, 0x8AE2, 0x8B02, 0x8B02, 0x8B02, 0x8B02, 
    0x8B02, 0x8B02, 0x8B02, 0x8B02, 0x82E2, 0x8AE2, 0x8AE2, 0x8AE2, 0x8AE2, 0x8AE2, 0x8AE2, 0x8B02, 
    0x8B02, 0x8B02, 0x8B02, 0x8B02, 0x8B02, 0x8B02, 0x8B02, 0x8B02, 0x8B02, 0x8B02, 0x8AE2, 0x8AE2, 
    0x8AE2, 0x82E2, 0x8AE2, 0x8B02, 0x8B02, 0x8AE2, 0x8B02, 0x8AE2, 0x82E2, 0x82E2, 0x82E2, 0x8AE2, 
    0x8B02, 0x8B02, 0x8AE2, 0x82E2, 0x82C2, 0x82E2, 0x82C2, 0x82E2, 0x82C2, 0x82C2, 0x82C2, 0x5A02, 
    0x2901, 0xA3E3, 0xD524, 0xDD64, 0xDD44, 0xDD44, 0xDD64, 0xDD64, 0xDD44, 0xDD44, 0xDD44, 0xDD44, 
    0xE584, 0xE584, 0xE584, 0xE584, 0xE584, 0xE584, 0xE584, 0xE584, 0xE584, 0xE564, 0xE584, 0xB443, 
    0x41A1, 0x1881, 0x18A1, 0x18A1, 0x18A1, 0x18A1, 0x18A1, 0x18A1, 0x18A1, 0x18A1, 0x18A1, 0x18A1, 
    0x18A1, 0x18A1, 0x18A1, 0x18A1, 0x18A1, 0x18A1, 0x18A1, 0x18A1, 0x18A1, 0x18A1, 0x18A1, 0x18A1, 
    0x18A1, 0x18A1, 0x1881, 0x18A1, 0x18A1, 0x18A1, 0x18A1, 0x18A1, 0x18A1, 0x18A1, 0x18A1, 0x18A1, 
    0x18A1, 0x18A1, 0x18A1, 0x18A1, 0x18A1, 0x18A1, 0x18A1, 0x18A1, 0x18A1, 0x18A1, 0x18A1, 0x18A1, 
    0x18A1, 0x18A1, 0x18A1, 0x18A1, 0x18A1, 0x18C1, 0x18C1, 0x18C1, 0x20C1, 0x18C1, 0x18C1, 0x18A1, 
    0x18A1, 0x18A1, 0x18A1, 0x18A1, 0x18A1, 0x18A1, 0x18A1, 0x18A1, 0x18A1, 0x18A1, 0x18A1, 0x18A1, 
    0x18A1, 0x18A1, 0x18A1, 0x18A1, 0x18A1, 0x18A1, 0x18A1, 0x18A1, 0x18A1, 0x18A1, 0x18A1, 0x18A1, 
    0x18A1, 0x18A1, 0x18A1, 0x18A1, 0x18A1, 0x18A1, 0x18A1, 0x18A1, 0x18A1, 0x18A1, 0x18A1, 0x18A1, 
    0x18A1, 0x18A1, 0x18A1, 0x18A1, 0x18A1, 0x18A1, 0x18A1, 0x18A1, 0x18A1, 0x18A1, 0x18A1, 0x18A1, 
    0x18A1, 0x18A1, 0x18A1, 0x18A1, 0x18A1, 0x18A1, 0x18A1, 0x18A1, 0x18A1, 0x18C1, 0x18A1, 0x18A1, 
    0x18C1, 0x18A1, 0x18A1, 0x20C1, 0x20C1, 0x18A1, 0x18A1, 0x18A1, 0x18A1, 0x18A1, 0x18A1, 0x18A1, 
    0x18A1, 0x18A1, 0x18A1, 0x18A1, 0x18A1, 0x18A1, 0x18A1, 0x18A1, 0x18A1, 0x18A1, 0x18A1, 0x18A1, 
    0x18A1, 0x18A1, 0x18A1, 0x18A1, 0x18A1, 0x18A1, 0x18A1, 0x18C1, 0x18A1, 0x18A1, 0x18A1, 0x18A1, 
    0x18A1, 0x18A1, 0x18A1, 0x18A1, 0x18A1, 0x18A1, 0x18A1, 0x18A1, 0x18A1, 0x18C1, 0x18A1, 0x18C1, 
    0x18C1, 0x18A1, 0x18A1, 0x18A1, 0x18A1, 0x18A1, 0x18A1, 0x18A1, 0x18A1, 0x18A1, 0x18A1, 0x18A1, 
    0x18A1, 0x18C1, 0x18C1, 0x18C1, 0x18C1, 0x18A1, 0x18A1, 0x18A1, 0x18A1, 0x18A1, 0x18A1, 0x18A1, 
    0x18A1, 0x18A1, 0x18A1, 0x18A1, 0x18A1, 0x18A1, 0x18A1, 0x18A1, 0x18A1, 0x18A1, 0x18A1, 0x18A1, 
    0x18A1, 0x18A1, 0x18A1, 0x18A1, 0x18A1, 0x18A1, 0x18A1, 0x18A1, 0x18A1, 0x18A1, 0x1881, 0x4181, 
    0xB463, 0xE584, 0xE584, 0xE584, 0xE584, 0xE564, 0xE584, 0xE584, 0xE584, 0xE584, 0xE584, 0xE564, 
    0xDD64, 0xDD44, 0xDD44, 0xDD64, 0xE564, 0xDD44, 0xDD44, 0xDD44, 0xDD44, 0xDD44, 0xDD44, 0xE564, 
    0x9BC3, 0x7B03, 0x7B03, 0x7B03, 0x8323, 0x7B23, 0x7B03, 0x7B03, 0x7B03, 0x7B02, 0x7B03, 0x7B03, 
    0x7B22, 0x8322, 0x7B02, 0x7B02, 0x8322, 0x8322, 0x7B22, 0x7B02, 0x7B03, 0x7B03, 0x7B02, 0x7B23, 
    0x7B23, 0x7B03, 0x7B02, 0x7B02, 0x7B22, 0x7B22, 0x7B02, 0x7B02, 0x7B02, 0x7B23, 0x7B23, 0x7B23, 
    0x8323, 0x7B23, 0x7B23, 0x7B03, 0x7B03, 0x7B03, 0x7B03, 0x7B03, 0x7B22, 0x7B02, 0x7B02, 0x7B02, 
    0x7B02, 0x7B03, 0x8323, 0x7B02, 0x7B02, 0x7B23, 0x7B03, 0x7B23, 0x7B23, 0x7B23, 0x7B23, 0x7B23, 
    0x7B23, 0x7B03, 0x8323, 0x7B03, 0x7B03, 0x8323, 0x7B23, 0x7B23, 0x7B23, 0x7B23, 0x7B03, 0x7B02, 
    0x7B02, 0x7B03, 0x7B22, 0x8322, 0x7B22, 0x7B23, 0x7B23, 0x7B03, 0x7B03, 0x7B03, 0x7B02, 0x7B03, 
    0x8323, 0x7B23, 0x7B02, 0x7B02, 0x7B02, 0x7B02, 0x7B02, 0x7B03, 0x7B03, 0x7B03, 0x7B02, 0x7B02, 
    0x7B02, 0x7B02, 0x7B03, 0x7B03, 0x7B03, 0x7B02, 0x8322, 0x7B03, 0x8322, 0x8322, 0x8323, 0x7B23, 
    0x7B03, 0x7B03, 0x7B03, 0x7B02, 0x7B02, 0x7B02, 0x7B02, 0x7B03, 0x7B23, 0x7B23, 0x7B23, 0x7B03, 
    0x7B03, 0x7B03, 0x7B23, 0x7B03, 0x7B03, 0x7B03, 0x7B23, 0x7B03, 0x7B03, 0x7B02, 0x8322, 0x7B02, 
    0x7B03, 0x7B23, 0x7B03, 0x7B02, 0x7B02, 0x7B03, 0x7B02, 0x7B03, 0x7B03, 0x7B03, 0x7B03, 0x7B03, 
    0x7B03, 0x8322, 0x7B02, 0x8322, 0x8322, 0x7B23, 0x7B23, 0x7B23, 0x7B23, 0x7B03, 0x7B02, 0x7B02, 
    0x7B02, 0x8323, 0x8323, 0x7B23, 0x7B03, 0x7B23, 0x7B03, 0x7B02, 0x7B02, 0x7B03, 0x7B23, 0x8323, 
    0x8323, 0x8323, 0x8323, 0x7B23, 0x7B03, 0x7B03, 0x7B03, 0x7B03, 0x7B23, 0x7B03, 0x7B23, 0x8322, 
    0x8322, 0x8323, 0x8323, 0x8323, 0x8322, 0x7B22, 0x7B03, 0x7B03, 0x7B03, 0x7B23, 0x8323, 0x8323, 
    0x7B03, 0x7B03, 0x7B23, 0x7B03, 0x7B03, 0x7B02, 0x7B23, 0x7B23, 0x7B22, 0x7B02, 0x8323, 0x7B22, 
    0x7B03, 0x7B02, 0x7B02, 0x7B22, 0x7B03, 0x7B23, 0x7B03, 0x7B03, 0x7B02, 0x7B03, 0x7B02, 0x9BC3, 
    0xE584, 0xDD44, 0xDD44, 0xDD44, 0xDD44, 0xDD44, 0xDD44, 0xDD44, 0xDD44, 0xDD44, 0xDD44, 0xDD44, 
    0xDD64, 0xE564, 0xE564, 0xE564, 0xE564, 0xE564, 0xE564, 0xE564, 0xE564, 0xDD64, 0xDD64, 0xDD44, 
    0xE584, 0xE584, 0xE584, 0xE584, 0xE5A4, 0xEDA4, 0xEDA4, 0xE584, 0xED84, 0xEDA4, 0xE5A4, 0xEDA4, 
    0xEDA4, 0xEDA4, 0xEDA4, 0xEDA4, 0xEDA4, 0xEDA4, 0xEDA4, 0xEDA4, 0xEDA4, 0xEDA4, 0xEDA4, 0xEDA4, 
    0xEDA4, 0xEDA4, 0xEDA4, 0xEDA4, 0xEDA4, 0xEDA4, 0xED84, 0xE584, 0xE584, 0xEDA4, 0xEDA4, 0xEDA4, 
    0xEDA4, 0xEDA4, 0xEDA4, 0xEDA4, 0xE5A4, 0xE5A4, 0xE5A4, 0xE5A4, 0xE5A4, 0xE584, 0xE584, 0xE584, 
    0xE584, 0xEDA4, 0xE5A4, 0xE584, 0xE584, 0xE584, 0xE584, 0xEDA4, 0xEDA4, 0xEDA4, 0xEDA4, 0xEDA4, 
    0xE584, 0xE584, 0xED84, 0xEDA4, 0xEDA4, 0xE5A4, 0xE584, 0xE584, 0xE5A4, 0xE584, 0xE584, 0xE584, 
    0xE584, 0xE584, 0xE584, 0xEDA4, 0xEDA4, 0xEDA4, 0xEDA4, 0xEDA4, 0xE5A4, 0xE584, 0xE584, 0xE584, 
    0xE5A4, 0xE584, 0xE584, 0xE584, 0xE584, 0xED84, 0xE584, 0xE584, 0xE584, 0xE584, 0xE584, 0xE584, 
    0xE584, 0xE584, 0xE584, 0xE5A4, 0xE5A4, 0xEDA4, 0xE584, 0xE584, 0xE584, 0xEDA4, 0xEDA4, 0xED84, 
    0xE584, 0xE584, 0xE584, 0xE584, 0xEDA4, 0xEDA4, 0xEDA4, 0xE5A4, 0xE5A4, 0xEDA4, 0xE5A4, 0xE5A4, 
    0xEDA4, 0xE584, 0xE584, 0xE584, 0xE584, 0xEDA4, 0xE5A4, 0xE5A4, 0xE584, 0xEDA4, 0xEDA4, 0xEDA4, 
    0xEDA4, 0xE5A4, 0xE584, 0xE584, 0xE584, 0xE5A4, 0xEDA4, 0xEDA4, 0xEDA4, 0xED84, 0xEDA4, 0xE584, 
    0xE584, 0xED84, 0xE584, 0xE584, 0xEDA4, 0xEDA4, 0xED84, 0xE5A4, 0xE584, 0xEDA4, 0xEDA4, 0xE584, 
    0xE5A4, 0xEDA4, 0xEDA4, 0xEDA4, 0xEDA4, 0xEDA4, 0xEDA4, 0xED84, 0xE584, 0xE584, 0xEDA4, 0xEDA4, 
    0xEDA4, 0xEDA4, 0xEDA4, 0xEDA4, 0xEDA4, 0xEDA4, 0xEDA4, 0xEDA4, 0xEDA4, 0xEDA4, 0xEDA4, 0xEDA4, 
    0xEDA4, 0xEDA4, 0xEDA4, 0xE5A4, 0xEDA4, 0xEDA4, 0xEDA4, 0xEDA4, 0xEDA4, 0xEDA4, 0xEDA4, 0xEDA4, 
    0xEDA4, 0xEDA4, 0xEDA4, 0xEDA4, 0xEDA4, 0xE584, 0xE5A4, 0xE5A4, 0xEDA4, 0xEDA4, 0xEDA4, 0xEDA4, 
    0xE5A4, 0xE584, 0xE5A4, 0xEDA4, 0xEDA4, 0xE5A4, 0xE584, 0xE584, 0xE584, 0xE584, 0xE584, 0xE584, 
    0xDD44, 0xDD44, 0xDD44, 0xDD44, 0xDD44, 0xE563, 0xE563, 0xE563, 0xE563, 0xE563, 0xE563, 0xE543, 
    0xE584, 0xE584, 0xE584, 0xE584, 0xE584, 0xE584, 0xE584, 0xE584, 0xE584, 0xE584, 0xE584, 0xE584, 
    0xE584, 0xE584, 0xE584, 0xE584, 0xE584, 0xE584, 0xE584, 0xE584, 0xE584, 0xE584, 0xE584, 0xE584, 
    0xE584, 0xE584, 0xE584, 0xE584, 0xE584, 0xE584, 0xE584, 0xE584, 0xE584, 0xE584, 0xE584, 0xE584, 
    0xE584, 0xE584, 0xE584, 0xE584, 0xE583, 0xE584, 0xE584, 0xE584, 0xE584, 0xE584, 0xE584, 0xE584, 
    0xE584, 0xE584, 0xE584, 0xE584, 0xE584, 0xE584, 0xE584, 0xE584, 0xE584, 0xE584, 0xE584, 0xE584, 
    0xE584, 0xE584, 0xE584, 0xE584, 0xE584, 0xE584, 0xE584, 0xE584, 0xE584, 0xE584, 0xE584, 0xE584, 
    0xE584, 0xE584, 0xE584, 0xE584, 0xE584, 0xE584, 0xE584, 0xE584, 0xE584, 0xE584, 0xE584, 0xE584, 
    0xE584, 0xE584, 0xE584, 0xE584, 0xE584, 0xE584, 0xE584, 0xE584, 0xE584, 0xE584, 0xE584, 0xE584, 
    0xE584, 0xE584, 0xE584, 0xE584, 0xE584, 0xE584, 0xE584, 0xE584, 0xE584, 0xE584, 0xE564, 0xE584, 
    0xE584, 0xE564, 0xE584, 0xE584, 0xE584, 0xE584, 0xE584, 0xE584, 0xE584, 0xE584, 0xE584, 0xE584, 
    0xE584, 0xE584, 0xE584, 0xE584, 0xE584, 0xE584, 0xE584, 0xE584, 0xE584, 0xE584, 0xE584, 0xE584, 
    0xE584, 0xE584, 0xE584, 0xE584, 0xE584, 0xE584, 0xE584, 0xE584, 0xE584, 0xE584, 0xE5A4, 0xE5A4, 
    0xE584, 0xE584, 0xE584, 0xE584, 0xE584, 0xE584, 0xE584, 0xE584, 0xE584, 0xE584, 0xE584, 0xE584, 
    0xE584, 0xE584, 0xE584, 0xE584, 0xE584, 0xE584, 0xE584, 0xE584, 0xE584, 0xE584, 0xE584, 0xE584, 
    0xE584, 0xE584, 0xE584, 0xE584, 0xE584, 0xE584, 0xE584, 0xE584, 0xE584, 0xE584, 0xE584, 0xE584, 
    0xE584, 0xE584, 0xE584, 0xE584, 0xE584, 0xE584, 0xE584, 0xE584, 0xE584, 0xE584, 0xE584, 0xE584, 
    0xE584, 0xE584, 0xE584, 0xE584, 0xE584, 0xE584, 0xE584, 0xE584, 0xE584, 0xE584, 0xE584, 0xE584, 
    0xE584, 0xE584, 0xE584, 0xE584, 0xE584, 0xE584, 0xE584, 0xE584, 0xE584, 0xE584, 0xE584, 0xE584, 
    0xE584, 0xE584, 0xE584, 0xE5A4, 0xE584, 0xE584, 0xE584, 0xE584, 0xE584, 0xE584, 0xE584, 0xE564, 
    0xE584, 0xE584, 0xE584, 0xE584, 0xE584, 0xE583, 0xE584, 0xE583, 0xE583, 0xE583, 0xE583, 0xE583, 
    0xDD44, 0xDD44, 0xDD44, 0xDD44, 0xDD44, 0xDD44, 0xDD44, 0xDD44, 0xDD44, 0xDD44, 0xDD44, 0xDD64, 
    0xDD64, 0xDD64, 0xDD64, 0xDD64, 0xDD44, 0xDD44, 0xDD44, 0xDD64, 0xDD44, 0xDD64, 0xE564, 0xE564, 
    0xE564, 0xDD63, 0xDD43, 0xDD43, 0xDD63, 0xDD43, 0xDD63, 0xDD64, 0xDD64, 0xDD64, 0xDD64, 0xDD64, 
    0xDD44, 0xDD64, 0xDD44, 0xDD44, 0xDD44, 0xDD44, 0xDD44, 0xDD44, 0xDD43, 0xDD44, 0xDD44, 0xDD44, 
    0xDD43, 0xDD43, 0xDD44, 0xDD64, 0xDD64, 0xDD64, 0xDD64, 0xDD64, 0xDD44, 0xDD44, 0xDD64, 0xDD64, 
    0xDD44, 0xDD44, 0xDD44, 0xDD44, 0xDD64, 0xDD64, 0xDD64, 0xDD64, 0xDD64, 0xDD64, 0xDD64, 0xDD64, 
    0xDD64, 0xDD44, 0xDD44, 0xDD64, 0xDD64, 0xDD64, 0xDD64, 0xDD64, 0xDD64, 0xDD64, 0xDD64, 0xDD64, 
    0xDD64, 0xDD64, 0xDD44, 0xDD63, 0xDD64, 0xE564, 0xDD64, 0xDD64, 0xE564, 0xE564, 0xDD64, 0xDD64, 
    0xDD64, 0xDD64, 0xE564, 0xDD64, 0xDD64, 0xDD64, 0xDD64, 0xDD43, 0xDD64, 0xDD44, 0xDD44, 0xDD44, 
    0xDD43, 0xDD43, 0xDD64, 0xDD64, 0xDD64, 0xDD64, 0xDD44, 0xDD44, 0xDD44, 0xDD64, 0xDD43, 0xE564, 
    0xDD64, 0xDD64, 0xE564, 0xDD64, 0xDD64, 0xDD64, 0xDD64, 0xDD64, 0xDD64, 0xDD64, 0xDD64, 0xDD64, 
    0xDD64, 0xDD64, 0xDD64, 0xDD64, 0xDD64, 0xE564, 0xDD64, 0xDD64, 0xDD64, 0xDD64, 0xE564, 0xDD64, 
    0xE564, 0xE564, 0xE564, 0xDD64, 0xE564, 0xDD64, 0xDD64, 0xDD64, 0xDD64, 0xDD64, 0xDD44, 0xDD44, 
    0xDD64, 0xDD64, 0xDD44, 0xDD64, 0xDD44, 0xDD64, 0xDD43, 0xDD44, 0xDD64, 0xDD64, 0xE564, 0xDD64, 
    0xE564, 0xE564, 0xDD64, 0xDD64, 0xE564, 0xE564, 0xE564, 0xDD64, 0xDD64, 0xDD44, 0xDD64, 0xDD64, 
    0xDD64, 0xDD64, 0xDD64, 0xDD64, 0xDD64, 0xDD64, 0xDD64, 0xDD64, 0xDD64, 0xDD64, 0xDD64, 0xDD64, 
    0xE564, 0xDD64, 0xDD64, 0xDD44, 0xDD64, 0xDD64, 0xDD64, 0xDD44, 0xDD64, 0xDD64, 0xDD64, 0xDD44, 
    0xDD44, 0xDD44, 0xDD64, 0xDD64, 0xDD64, 0xDD64, 0xDD64, 0xDD64, 0xDD64, 0xDD64, 0xDD64, 0xDD64, 
    0xDD64, 0xDD64, 0xDD64, 0xDD64, 0xDD64, 0xDD64, 0xDD64, 0xDD64, 0xDD64, 0xDD64, 0xDD64, 0xDD64, 
    0xDD44, 0xDD44, 0xDD44, 0xDD44, 0xDD44, 0xDD44, 0xDD44, 0xDD64, 0xDD44, 0xDD44, 0xDD43, 0xDD43, 
    0xE564, 0xE564, 0xE564, 0xE564, 0xE564, 0xE564, 0xE564, 0xE564, 0xE564, 0xE564, 0xE564, 0xE564, 
    0xE564, 0xE564, 0xE564, 0xE564, 0xE564, 0xE564, 0xE564, 0xE564, 0xE564, 0xE584, 0xE584, 0xE584, 
    0xE584, 0xE584, 0xE563, 0xE564, 0xE564, 0xE563, 0xE563, 0xE584, 0xE564, 0xE584, 0xE584, 0xE584, 
    0xE564, 0xE564, 0xE564, 0xE564, 0xE564, 0xE564, 0xE564, 0xE564, 0xE563, 0xE563, 0xE564, 0xE564, 
    0xE564, 0xE564, 0xE564, 0xE564, 0xE564, 0xE584, 0xE584, 0xE564, 0xE564, 0xE564, 0xE584, 0xE584, 
    0xE564, 0xE564, 0xE564, 0xE564, 0xE564, 0xE584, 0xE564, 0xE564, 0xE564, 0xE564, 0xE564, 0xE564, 
    0xE564, 0xE564, 0xE564, 0xE564, 0xE564, 0xE564, 0xE564, 0xE564, 0xE584, 0xE584, 0xE584, 0xE584, 
    0xE564, 0xE564, 0xE564, 0xE564, 0xE564, 0xE564, 0xE584, 0xE584, 0xE564, 0xE584, 0xE564, 0xE563, 
    0xE564, 0xE564, 0xE564, 0xE564, 0xE564, 0xE564, 0xE564, 0xE564, 0xE564, 0xE564, 0xE564, 0xE564, 
    0xE564, 0xE564, 0xE564, 0xE564, 0xE564, 0xE564, 0xE564, 0xE564, 0xE563, 0xE563, 0xE563, 0xE563, 
    0xE564, 0xE564, 0xE584, 0xE564, 0xE564, 0xE564, 0xE564, 0xE584, 0xE564, 0xE564, 0xE564, 0xE564, 
    0xE564, 0xE564, 0xE564, 0xE564, 0xE584, 0xE584, 0xE584, 0xE584, 0xE584, 0xE584, 0xE584, 0xE584, 
    0xE584, 0xE584, 0xE584, 0xE564, 0xE584, 0xE584, 0xE564, 0xE584, 0xE564, 0xE564, 0xE564, 0xE564, 
    0xE564, 0xE564, 0xE564, 0xE564, 0xE584, 0xE584, 0xE563, 0xE564, 0xE564, 0xE564, 0xE584, 0xE584, 
    0xE584, 0xE584, 0xE584, 0xE584, 0xE584, 0xE584, 0xE584, 0xE584, 0xE564, 0xE564, 0xE564, 0xE564, 
    0xE564, 0xE584, 0xE584, 0xE564, 0xE564, 0xE564, 0xE564, 0xE584, 0xE584, 0xE584, 0xE584, 0xE584, 
    0xE563, 0xE563, 0xE564, 0xE564, 0xE564, 0xE564, 0xE564, 0xE564, 0xE564, 0xE584, 0xE564, 0xE564, 
    0xE564, 0xE564, 0xE564, 0xE584, 0xE564, 0xE564, 0xE564, 0xE564, 0xE584, 0xE584, 0xE584, 0xE584, 
    0xE584, 0xE564, 0xE564, 0xE564, 0xE564, 0xE564, 0xE584, 0xE564, 0xE584, 0xE584, 0xE584, 0xE584, 
    0xE584, 0xE564, 0xE564, 0xE564, 0xE564, 0xE564, 0xE564, 0xE564, 0xE564, 0xE564, 0xE563, 0xE563, 
    0xE584, 0xE584, 0xE584, 0xE584, 0xE584, 0xE584, 0xE584, 0xE584, 0xE584, 0xE584, 0xE564, 0xE583, 
    0xE583, 0xE584, 0xE584, 0xE584, 0xE584, 0xE584, 0xE584, 0xE584, 0xE584, 0xE584, 0xE584, 0xE584, 
    0xE584, 0xE584, 0xE584, 0xE584, 0xE584, 0xE584, 0xE584, 0xE584, 0xE584, 0xE584, 0xEDA4, 0xE5A4, 
    0xE5A4, 0xE5A4, 0xE584, 0xE584, 0xE584, 0xE584, 0xE584, 0xE583, 0xE563, 0xE563, 0xE563, 0xE564, 
    0xE584, 0xE584, 0xE584, 0xE584, 0xE584, 0xE584, 0xE584, 0xE584, 0xE584, 0xE584, 0xE584, 0xE584, 
    0xE584, 0xE584, 0xE584, 0xE584, 0xE584, 0xE584, 0xE584, 0xE584, 0xE584, 0xE584, 0xE584, 0xE584, 
    0xE584, 0xE584, 0xE584, 0xE584, 0xE584, 0xE564, 0xE584, 0xE584, 0xE584, 0xE584, 0xE584, 0xE584, 
    0xE584, 0xE584, 0xE584, 0xE5A4, 0xE584, 0xE584, 0xE584, 0xE584, 0xE584, 0xE584, 0xE584, 0xE584, 
    0xE584, 0xE584, 0xE584, 0xE584, 0xE584, 0xE584, 0xE584, 0xE584, 0xE584, 0xE584, 0xE584, 0xE584, 
    0xE584, 0xE584, 0xE584, 0xE584, 0xE584, 0xE584, 0xE584, 0xE584, 0xE564, 0xE583, 0xE583, 0xE583, 
    0xE584, 0xE584, 0xE584, 0xE584, 0xE584, 0xE584, 0xE584, 0xE584, 0xE584, 0xE584, 0xE584, 0xE584, 
    0xE584, 0xE584, 0xE584, 0xE584, 0xE584, 0xE584, 0xE5A4, 0xE5A4, 0xE584, 0xE584, 0xE584, 0xE584, 
    0xE584, 0xE584, 0xE584, 0xE584, 0xE584, 0xE584, 0xE584, 0xE584, 0xE584, 0xE584, 0xE584, 0xE564, 
    0xE584, 0xE584, 0xE584, 0xE584, 0xE584, 0xE584, 0xE584, 0xE584, 0xE584, 0xE584, 0xE584, 0xE584, 
    0xE584, 0xEDA4, 0xED84, 0xE584, 0xE584, 0xE584, 0xE584, 0xE584, 0xE584, 0xE584, 0xE584, 0xE584, 
    0xE584, 0xE584, 0xE584, 0xE584, 0xE584, 0xE584, 0xE584, 0xE5A4, 0xE5A4, 0xE584, 0xE584, 0xE584, 
    0xE584, 0xE584, 0xE584, 0xE584, 0xE584, 0xE584, 0xE584, 0xE584, 0xE584, 0xE584, 0xE584, 0xE584, 
    0xE584, 0xE584, 0xE584, 0xE584, 0xE584, 0xE584, 0xE584, 0xE584, 0xE5A4, 0xE5A4, 0xE5A4, 0xE584, 
    0xE584, 0xE584, 0xE584, 0xE584, 0xE584, 0xE584, 0xE584, 0xE584, 0xE5A4, 0xE5A4, 0xEDA4, 0xEDA4, 
    0xEDA4, 0xE5A4, 0xE584, 0xE584, 0xE584, 0xE564, 0xE584, 0xE584, 0xE584, 0xE584, 0xE584, 0xE583, 
};