#pragma once

#include <stdint.h>

const uint16_t silicaDustScene[240 * 240] = {
    0x3324, 0x3344, 0x3324, 0x3323, 0x3324, 0x3324, 0x3324, 0x3344, 0x3B44, 0x3324, 0x3324, 0x3323, 
    0x3324, 0x3323, 0x3323, 0x3324, 0x3323, 0x3323, 0x3324, 0x3B44, 0x3324, 0x3324, 0x3324, 0x3323, 
    0x3323, 0x3344, 0x3B44, 0x3344, 0x3B44, 0x3B44, 0x3B44, 0x3324, 0x3344, 0x3344, 0x3324, 0x3324, 
    0x3324, 0x3324, 0x3344, 0x3324, 0x3323, 0x3324, 0x3324, 0x3324, 0x3304, 0x3304, 0x2AE3, 0x2AE3, 
    0x2AE3, 0x2AE3, 0x2AE3, 0x2AE3, 0x3304, 0x3324, 0x3B24, 0x3B44, 0x3B44, 0x3B44, 0x3324, 0x3324, 
    0x3344, 0x3344, 0x3344, 0x3324, 0x3344, 0x3344, 0x3344, 0x3344, 0x3344, 0x3344, 0x3324, 0x3344, 
    0x3344, 0x3344, 0x3344, 0x3344, 0x3324, 0x3324, 0x3B44, 0x3B44, 0x3344, 0x3344, 0x3344, 0x3324, 
    0x3344, 0x3B44, 0x3324, 0x3344, 0x3324, 0x3324, 0x3324, 0x3324, 0x3B44, 0x3344, 0x3344, 0x3344, 
    0x3344, 0x3324, 0x3B44, 0x3B24, 0x3B44, 0x3344, 0x3323, 0x3323, 0x3324, 0x3344, 0x3344, 0x3B44, 
    0x3B44, 0x3344, 0x3344, 0x3344, 0x3344, 0x3344, 0x3344, 0x3344, 0x3344, 0x3323, 0x3323, 0x3343, 
    0x3343, 0x3344, 0x3344, 0x3344, 0x3344, 0x3344, 0x3324, 0x3324, 0x3324, 0x3324, 0x3324, 0x3344, 
    0x3B44, 0x3B44, 0x3344, 0x3B44, 0x3B44, 0x3B44, 0x3B44, 0x3B44, 0x3344, 0x3344, 0x3344, 0x3344, 
    0x3344, 0x3344, 0x3344, 0x3323, 0x3323, 0x3323, 0x3344, 0x3344, 0x3344, 0x3344, 0x3344, 0x3344, 
    0x3B44, 0x3B44, 0x3B44, 0x3344, 0x3344, 0x3344, 0x3344, 0x3343, 0x3343, 0x3323, 0x3323, 0x3323, 
    0x3324, 0x3324, 0x3343, 0x3344, 0x3344, 0x3344, 0x3343, 0x3323, 0x3344, 0x3324, 0x3324, 0x3324, 
    0x3344, 0x3344, 0x3324, 0x3344, 0x3B44, 0x3B44, 0x3B44, 0x3B44, 0x3B44, 0x3B44, 0x3B44, 0x3B44, 
    0x3B44, 0x3B44, 0x3324, 0x3303, 0x3323, 0x3323, 0x3323, 0x3323, 0x3323, 0x3323, 0x3324, 0x3344, 
    0x3344, 0x3344, 0x3324, 0x3324, 0x3324, 0x3324, 0x3344, 0x3324, 0x3B44, 0x3344, 0x3324, 0x3324, 
    0x3324, 0x3324, 0x3344, 0x3344, 0x3324, 0x3324, 0x3324, 0x3324, 0x3324, 0x3344, 0x3324, 0x3324, 
    0x3324, 0x3324, 0x3324, 0x3324, 0x3324, 0x3324, 0x3324, 0x3344, 0x3344, 0x3344, 0x3343, 0x3344, 
    0x2AE3, 0x2AE3, 0x2B03, 0x3303, 0x3304, 0x3304, 0x3303, 0x3303, 0x3303, 0x3303, 0x3303, 0x3303, 
    0x3303, 0x2B03, 0x2B03, 0x3303, 0x3303, 0x2B03, 0x2B03, 0x2B03, 0x3303, 0x3303, 0x3303, 0x3303, 
    0x3303, 0x3303, 0x3323, 0x3303, 0x3303, 0x3304, 0x3304, 0x3303, 0x3303, 0x3303, 0x3303, 0x2B03, 
    0x3304, 0x3323, 0x3303, 0x3303, 0x2B03, 0x3303, 0x3304, 0x3304, 0x3324, 0x3324, 0x3304, 0x3304, 
    0x3323, 0x3323, 0x3303, 0x3303, 0x3304, 0x3304, 0x3304, 0x3324, 0x3324, 0x3303, 0x3303, 0x3303, 
    0x3303, 0x3323, 0x3324, 0x3303, 0x3303, 0x3303, 0x3303, 0x3303, 0x3303, 0x3303, 0x2B03, 0x3303, 
    0x3303, 0x3303, 0x3323, 0x3303, 0x2B03, 0x3303, 0x3303, 0x3303, 0x2B03, 0x2B03, 0x2B03, 0x3303, 
    0x3303, 0x3303, 0x3304, 0x3303, 0x2B03, 0x3303, 0x3303, 0x3303, 0x3304, 0x3304, 0x3304, 0x3304, 
    0x3303, 0x3303, 0x3304, 0x3304, 0x3303, 0x3324, 0x3303, 0x3303, 0x3303, 0x3323, 0x3323, 0x3323, 
    0x3323, 0x3303, 0x3303, 0x3303, 0x3323, 0x3324, 0x3324, 0x3303, 0x3303, 0x2B03, 0x2B03, 0x2B03, 
    0x3323, 0x2B03, 0x2B03, 0x2B03, 0x3303, 0x2B03, 0x2B03, 0x3303, 0x3303, 0x3304, 0x3303, 0x3304, 
    0x3324, 0x3324, 0x3303, 0x3303, 0x3303, 0x3323, 0x3323, 0x3323, 0x3323, 0x3323, 0x3324, 0x3323, 
    0x3303, 0x3303, 0x3303, 0x3303, 0x2B03, 0x3303, 0x3303, 0x3303, 0x2B03, 0x3303, 0x3303, 0x3303, 
    0x3323, 0x3323, 0x3323, 0x3323, 0x3303, 0x3303, 0x2B03, 0x3303, 0x2B03, 0x3303, 0x2B03, 0x2B03, 
    0x3303, 0x2B03, 0x2B03, 0x2B03, 0x3303, 0x3303, 0x2B03, 0x2B03, 0x2B03, 0x3303, 0x3303, 0x3303, 
    0x3303, 0x3304, 0x3304, 0x3304, 0x3303, 0x3304, 0x3303, 0x3303, 0x3324, 0x3324, 0x3303, 0x3304, 
    0x3303, 0x3303, 0x3324, 0x3304, 0x3304, 0x3303, 0x3323, 0x3303, 0x2B03, 0x2B03, 0x3303, 0x3303, 
    0x3303, 0x3303, 0x3303, 0x2B03, 0x3304, 0x3303, 0x2B03, 0x2B03, 0x3303, 0x3304, 0x2B03, 0x3303, 
    0x3304, 0x3303, 0x3304, 0x3304, 0x2B03, 0x2B03, 0x3303, 0x3303, 0x3303, 0x2B03, 0x2B03, 0x2B03, 
    0x3303, 0x2B03, 0x3303, 0x3303, 0x3303, 0x3304, 0x3304, 0x3324, 0x3303, 0x3304, 0x3304, 0x3303, 
    0x2AE3, 0x2AE3, 0x2AE3, 0x2AE3, 0x2AE3, 0x2AE3, 0x2AE3, 0x2AE3, 0x2AE3, 0x2AE3, 0x2AE3, 0x2AE3, 
    0x2AE3, 0x2AE3, 0x2AE3, 0x2AE3, 0x2AE3, 0x2AE3, 0x2AE3, 0x2AE3, 0x2AE3, 0x2B03, 0x3303, 0x2B03, 
    0x2B03, 0x2B03, 0x2B03, 0x2B03, 0x2AE3, 0x2AE3, 0x2AE3, 0x2AE3, 0x2AE3, 0x2AE3, 0x2B03, 0x2B03, 
    0x2B03, 0x2B03, 0x2AE3, 0x2AE3, 0x2AE3, 0x2B03, 0x2B03, 0x2B03, 0x2AE3, 0x2B04, 0x3304, 0x3303, 
    0x2B03, 0x2B03, 0x2B03, 0x3303, 0x3303, 0x3303, 0x3303, 0x2B03, 0x2B03, 0x2AE3, 0x2AE3, 0x2AE3, 
    0x2AE3, 0x2B03, 0x3303, 0x3303, 0x2AE3, 0x2AE3, 0x2AE3, 0x2AE3, 0x2B03, 0x2AE3, 0x2AE3, 0x2AE3, 
    0x2AE3, 0x2AE3, 0x2B03, 0x2AE3, 0x2AE3, 0x2AE3, 0x2AE3, 0x2AE3, 0x2AE3, 0x2AE3, 0x2AE3, 0x2B03, 
    0x2AE3, 0x2AE3, 0x2AE3, 0x2AE3, 0x2AE3, 0x2AE3, 0x2AE3, 0x2AE3, 0x2AE3, 0x2B03, 0x2B03, 0x2B03, 
    0x2B03, 0x2B03, 0x2AE3, 0x2B03, 0x2B03, 0x2B03, 0x2B03, 0x2AE3, 0x2AE3, 0x2B03, 0x2B03, 0x2B03, 
    0x2B03, 0x2B03, 0x2B03, 0x2AE3, 0x2AE3, 0x2B03, 0x2B03, 0x2B03, 0x2AE3, 0x2AE3, 0x2AE3, 0x2AE3, 
    0x2B03, 0x2AE3, 0x2AE3, 0x2AE3, 0x2AE3, 0x2AE3, 0x2AE3, 0x2AE3, 0x2B03, 0x2B03, 0x2B03, 0x2B03, 
    0x2B03, 0x2B03, 0x2AE3, 0x2AE3, 0x2AE3, 0x2AE3, 0x2AE3, 0x2B03, 0x2AE3, 0x2B03, 0x2B03, 0x2B03, 
    0x2B03, 0x2AE3, 0x2AE3, 0x2B03, 0x2B03, 0x2B03, 0x2B03, 0x2AE3, 0x2AE3, 0x2AE3, 0x2AE3, 0x2AE3, 
    0x2AE3, 0x2B03, 0x2B03, 0x2B03, 0x2AE3, 0x2AE3, 0x2AE3, 0x2AE3, 0x2AE3, 0x2AE3, 0x2AE3, 0x2AE3, 
    0x2B03, 0x2AE3, 0x2AE3, 0x2AE3, 0x2AE3, 0x2AE3, 0x2AE3, 0x2AE3, 0x2B03, 0x2AE3, 0x2AE3, 0x2AE3, 
    0x2B03, 0x2B03, 0x2B03, 0x2AE3, 0x2AE3, 0x2AE3, 0x2AC3, 0x2AE3, 0x2B03, 0x2AE3, 0x2AE3, 0x2AE3, 
    0x2AE3, 0x2B03, 0x3304, 0x3303, 0x2B03, 0x2B03, 0x2B03, 0x2AE3, 0x2AE3, 0x2AE3, 0x2AE3, 0x2AE3, 
    0x2AE3, 0x2AE3, 0x2AE3, 0x2AE3, 0x2AE3, 0x2B03, 0x2AE3, 0x2AE3, 0x2AE3, 0x2AE3, 0x2AE3, 0x2AE3, 
    0x2AE3, 0x2AE3, 0x2AE3, 0x2AE3, 0x2AE3, 0x2AE3, 0x2AE3, 0x2AE3, 0x2AE3, 0x2AE3, 0x2AE3, 0x2AE3, 
    0x2AE3, 0x2AE3, 0x2AE3, 0x2AE3, 0x2B03, 0x2B03, 0x2B03, 0x2AE3, 0x2AE3, 0x2B03, 0x2B03, 0x2B03, 
    0x3323, 0x3323, 0x3323, 0x3343, 0x3344, 0x3344, 0x3344, 0x3323, 0x3323, 0x3323, 0x3344, 0x3344, 
    0x3344, 0x3344, 0x3344, 0x3344, 0x3344, 0x3324, 0x3343, 0x3344, 0x3B44, 0x3B44, 0x3343, 0x3323, 
    0x3324, 0x3344, 0x3324, 0x3344, 0x3344, 0x3344, 0x3344, 0x3344, 0x3343, 0x3343, 0x3344, 0x3344, 
    0x3344, 0x3324, 0x3323, 0x3323, 0x3344, 0x3344, 0x3344, 0x3344, 0x3324, 0x3324, 0x3324, 0x3323, 
    0x3303, 0x3303, 0x3303, 0x3324, 0x3324, 0x3344, 0x3324, 0x3324, 0x3323, 0x3344, 0x3324, 0x3323, 
    0x3323, 0x3323, 0x3324, 0x3324, 0x3B24, 0x3324, 0x3B24, 0x3B44, 0x3B44, 0x3344, 0x3344, 0x3343, 
    0x3323, 0x3343, 0x3344, 0x3323, 0x3323, 0x3323, 0x3323, 0x3323, 0x3323, 0x3343, 0x3323, 0x3323, 
    0x3323, 0x3323, 0x3323, 0x3323, 0x3323, 0x3323, 0x3323, 0x3323, 0x3344, 0x3344, 0x3344, 0x3343, 
    0x3344, 0x3B44, 0x3B44, 0x3344, 0x3344, 0x3323, 0x3323, 0x3323, 0x3323, 0x3323, 0x3323, 0x3323, 
    0x3323, 0x3323, 0x3323, 0x3323, 0x3344, 0x3344, 0x3323, 0x3323, 0x3323, 0x3323, 0x3323, 0x3343, 
    0x3323, 0x3323, 0x3323, 0x3323, 0x3323, 0x3323, 0x3323, 0x3323, 0x3343, 0x3323, 0x3323, 0x3323, 
    0x3324, 0x3323, 0x3323, 0x3324, 0x3324, 0x3324, 0x3344, 0x3344, 0x3343, 0x3344, 0x3344, 0x3343, 
    0x3323, 0x3323, 0x3344, 0x3344, 0x3343, 0x3343, 0x3343, 0x3343, 0x3323, 0x3343, 0x3323, 0x3323, 
    0x3343, 0x3323, 0x3323, 0x3323, 0x3344, 0x3323, 0x3323, 0x3323, 0x3323, 0x3323, 0x3324, 0x3344, 
    0x3343, 0x3323, 0x3323, 0x3343, 0x3344, 0x3344, 0x3323, 0x3323, 0x3323, 0x3323, 0x3323, 0x3323, 
    0x3324, 0x3344, 0x3B44, 0x3B44, 0x3324, 0x3323, 0x3323, 0x3323, 0x3343, 0x3323, 0x3324, 0x3344, 
    0x3B44, 0x3344, 0x3344, 0x3344, 0x3344, 0x3B44, 0x3B44, 0x3344, 0x3324, 0x3323, 0x3344, 0x3323, 
    0x3323, 0x3323, 0x3323, 0x3323, 0x3323, 0x3344, 0x3344, 0x3343, 0x3344, 0x3344, 0x3324, 0x3323, 
    0x3323, 0x3323, 0x3323, 0x3323, 0x3323, 0x3323, 0x3324, 0x3323, 0x3324, 0x3324, 0x3323, 0x3323, 
    0x3323, 0x3323, 0x3303, 0x3303, 0x3303, 0x3303, 0x3303, 0x3303, 0x3303, 0x3324, 0x3324, 0x3304, 
    0x2AE3, 0x2AE3, 0x2B03, 0x2B03, 0x2B03, 0x2B03, 0x2B03, 0x2B03, 0x3303, 0x3303, 0x3303, 0x3303, 
    0x3303, 0x3303, 0x3303, 0x3303, 0x3303, 0x3303, 0x3303, 0x3303, 0x3324, 0x3303, 0x3303, 0x3303, 
    0x3303, 0x2B03, 0x3303, 0x3303, 0x3303, 0x3304, 0x3323, 0x3303, 0x3303, 0x3303, 0x3303, 0x3303, 
    0x3303, 0x3303, 0x2AE3, 0x2B03, 0x3303, 0x3303, 0x3303, 0x3303, 0x3303, 0x3303, 0x3303, 0x3303, 
    0x3303, 0x3303, 0x3303, 0x3324, 0x3304, 0x3304, 0x3304, 0x3304, 0x3303, 0x3303, 0x2B03, 0x2AE3, 
    0x2AE3, 0x2AE3, 0x3303, 0x2B03, 0x3303, 0x3303, 0x3303, 0x3303, 0x3303, 0x3303, 0x3303, 0x3303, 
    0x3303, 0x3303, 0x3303, 0x3303, 0x3303, 0x3303, 0x3303, 0x3303, 0x2B03, 0x2B03, 0x2B03, 0x2B03, 
    0x2B03, 0x2B03, 0x2B03, 0x2B03, 0x3303, 0x2B03, 0x3303, 0x2B03, 0x3303, 0x3303, 0x3303, 0x3303, 
    0x3323, 0x3324, 0x3324, 0x3304, 0x3303, 0x2B03, 0x2B03, 0x2B03, 0x2B03, 0x3303, 0x2B03, 0x3303, 
    0x3303, 0x3303, 0x2B03, 0x2B03, 0x3303, 0x3303, 0x3303, 0x3303, 0x2B03, 0x2B03, 0x3303, 0x2B03, 
    0x2B03, 0x2B03, 0x3303, 0x2B03, 0x3303, 0x2AE3, 0x2AE3, 0x2AE3, 0x2B03, 0x2B03, 0x2B03, 0x3303, 
    0x2B03, 0x2B03, 0x2B03, 0x2B03, 0x2B03, 0x3303, 0x3303, 0x3303, 0x3303, 0x2B03, 0x3303, 0x3303, 
    0x2B03, 0x3303, 0x3303, 0x3303, 0x3303, 0x3303, 0x2B03, 0x3303, 0x2B03, 0x2B03, 0x3303, 0x3303, 
    0x3303, 0x3303, 0x32E3, 0x2B03, 0x3303, 0x2B03, 0x3303, 0x2B03, 0x2B03, 0x2AE3, 0x2B03, 0x3303, 
    0x3303, 0x2B03, 0x2B03, 0x2B03, 0x3303, 0x2B03, 0x2B03, 0x3304, 0x3303, 0x2B03, 0x2B03, 0x2B03, 
    0x3303, 0x3303, 0x3323, 0x3303, 0x3303, 0x3303, 0x3303, 0x3303, 0x3303, 0x3303, 0x3303, 0x3303, 
    0x3303, 0x3304, 0x3303, 0x3304, 0x3304, 0x3324, 0x3324, 0x3303, 0x3303, 0x3303, 0x3303, 0x3303, 
    0x3303, 0x3303, 0x2B03, 0x2B03, 0x2B03, 0x3303, 0x3303, 0x3303, 0x2B03, 0x2B03, 0x3303, 0x2B03, 
    0x3303, 0x3303, 0x2B03, 0x2B03, 0x2B03, 0x2B03, 0x3303, 0x3303, 0x3303, 0x3304, 0x2B03, 0x2B03, 
    0x2B03, 0x2AE3, 0x2AE3, 0x2AE3, 0x2AE3, 0x2AE3, 0x2AE3, 0x2AE3, 0x2AE4, 0x2AE4, 0x2AE3, 0x2AE3, 
    0x2AC3, 0x2AC3, 0x2AE3, 0x2AE3, 0x2AE3, 0x2AE3, 0x2AE3, 0x2AE3, 0x2AE3, 0x2AE3, 0x2AE3, 0x2B03, 
    0x2B03, 0x2AE3, 0x2AE3, 0x2AE3, 0x2B03, 0x2B03, 0x2AE3, 0x2B03, 0x2B03, 0x2B03, 0x2B03, 0x2B03, 
    0x2B03, 0x2B03, 0x2AE3, 0x2AE3, 0x2B03, 0x3303, 0x2B03, 0x2B03, 0x2AE3, 0x2B03, 0x2B03, 0x2AE3, 
    0x2AE3, 0x2AE3, 0x2AE3, 0x2AE3, 0x2B03, 0x2B03, 0x2AE3, 0x2AE3, 0x2AE3, 0x2AE3, 0x2B03, 0x2B03, 
    0x2B03, 0x2B03, 0x2B03, 0x2B03, 0x2B03, 0x2B03, 0x2AE3, 0x2B03, 0x2B03, 0x2AE3, 0x2AE3, 0x2AE3, 
    0x2AE3, 0x2AE3, 0x2AE3, 0x2AE3, 0x2AE3, 0x2AE3, 0x2AE3, 0x2AE3, 0x2AE3, 0x2AE3, 0x2AE3, 0x2AE3, 
    0x2AE3, 0x2AE3, 0x2AE3, 0x2AE3, 0x2AE3, 0x2AE3, 0x2AE3, 0x2AE3, 0x2AE3, 0x2AE3, 0x2AE3, 0x2AE3, 
    0x2AE3, 0x2AE3, 0x2AE3, 0x2AE3, 0x2AE3, 0x2AE3, 0x2AE3, 0x2AE3, 0x2AE3, 0x2AE3, 0x2AE3, 0x2AE3, 
    0x2AE3, 0x2B03, 0x2B03, 0x2AE3, 0x2AE3, 0x2AE3, 0x2AE3, 0x2AE3, 0x2AE3, 0x2AE3, 0x2AE3, 0x2AE3, 
    0x2AE3, 0x2AE3, 0x2AE3, 0x2AE3, 0x2AE3, 0x2AE3, 0x2AE3, 0x2AE3, 0x2AE3, 0x2AE3, 0x2AE3, 0x2AE3, 
    0x2AE3, 0x2AE3, 0x2AE3, 0x2AE3, 0x2AE3, 0x2AC3, 0x2AC3, 0x2AC3, 0x2AE3, 0x2AE3, 0x2AE3, 0x2AE3, 
    0x2AE3, 0x2AE3, 0x2AE3, 0x2AE3, 0x2AE3, 0x2AE3, 0x2AE3, 0x2AE3, 0x2AE3, 0x2AE3, 0x2AE3, 0x2AE3, 
    0x2AE3, 0x2AE3, 0x2AE3, 0x2AE3, 0x2AE3, 0x2AE3, 0x2AE3, 0x2AE3, 0x2AE3, 0x2AE3, 0x2B03, 0x2AE3, 
    0x2AE3, 0x2AE3, 0x2AC3, 0x2AE3, 0x2AE3, 0x2AE3, 0x2AE3, 0x2AE3, 0x2AE3, 0x2AE3, 0x2AE3, 0x2AE3, 
    0x2AE3, 0x2AE3, 0x2AE3, 0x2AE3, 0x2AE3, 0x2AE3, 0x2AE3, 0x2AE3, 0x2AE3, 0x2AE3, 0x2AE3, 0x2B03, 
    0x2B03, 0x2B03, 0x2B03, 0x2B03, 0x2B03, 0x2B03, 0x2AE3, 0x2AE3, 0x2AE3, 0x2AE3, 0x2AE3, 0x2AE3, 
    0x2AE3, 0x2AE3, 0x2AE3, 0x2AE3, 0x2AE3, 0x2AE3, 0x2B03, 0x2B03, 0x2B03, 0x2AE3, 0x2AE3, 0x2AE3, 
    0x2AE3, 0x2AE3, 0x2AE3, 0x2AE3, 0x2AE3, 0x2AE3, 0x2AE3, 0x2AE3, 0x2AE3, 0x2AE3, 0x2AE3, 0x2AE3, 
    0x2AE3, 0x2AE3, 0x2AE3, 0x2AE3, 0x2AE3, 0x2AE3, 0x2AE3, 0x2AE3, 0x2B03, 0x2B03, 0x2B03, 0x3303, 
    0x3324, 0x3323, 0x3324, 0x3324, 0x3324, 0x3324, 0x3323, 0x3324, 0x3324, 0x3324, 0x3324, 0x3324, 
    0x3323, 0x3323, 0x3323, 0x3323, 0x3344, 0x3344, 0x3323, 0x3323, 0x3323, 0x3323, 0x3344, 0x3344, 
    0x3344, 0x3344, 0x3344, 0x3344, 0x3344, 0x3323, 0x3324, 0x3B44, 0x3B44, 0x3B44, 0x3344, 0x3B44, 
    0x3B44, 0x3343, 0x3323, 0x3323, 0x3344, 0x3344, 0x3343, 0x3323, 0x3323, 0x3323, 0x3323, 0x3323, 
    0x3323, 0x3323, 0x3323, 0x3343, 0x3343, 0x3343, 0x3343, 0x3324, 0x3324, 0x3324, 0x3B44, 0x3323, 
    0x3344, 0x3343, 0x3343, 0x3343, 0x3343, 0x3323, 0x3323, 0x3323, 0x3323, 0x3323, 0x3323, 0x3323, 
    0x3323, 0x3323, 0x3324, 0x3B44, 0x3B44, 0x3343, 0x3343, 0x3343, 0x3343, 0x3343, 0x3343, 0x3343, 
    0x3343, 0x3343, 0x3343, 0x3343, 0x3343, 0x3343, 0x3343, 0x3B43, 0x3B43, 0x3B44, 0x3343, 0x3343, 
    0x3343, 0x3343, 0x3343, 0x3343, 0x3343, 0x3343, 0x3B43, 0x3343, 0x3344, 0x3344, 0x3344, 0x3B44, 
    0x3B44, 0x3343, 0x3B43, 0x3B44, 0x3344, 0x3343, 0x3343, 0x3343, 0x3343, 0x3344, 0x3343, 0x3344, 
    0x3344, 0x3343, 0x3344, 0x3344, 0x3B44, 0x3B43, 0x3343, 0x3B44, 0x3343, 0x3343, 0x3343, 0x3B44, 
    0x3B43, 0x3343, 0x3343, 0x3343, 0x3323, 0x3343, 0x3343, 0x3323, 0x3323, 0x3343, 0x3343, 0x3343, 
    0x3343, 0x3343, 0x3B43, 0x3343, 0x3B44, 0x3B44, 0x3B43, 0x3B44, 0x3343, 0x3343, 0x3343, 0x3343, 
    0x3343, 0x3B44, 0x3B64, 0x3B44, 0x3B44, 0x3343, 0x3343, 0x3343, 0x3343, 0x3B43, 0x3B44, 0x3343, 
    0x3343, 0x3B43, 0x3323, 0x3323, 0x3B43, 0x3B43, 0x3B43, 0x3B64, 0x3344, 0x3344, 0x3343, 0x3343, 
    0x3343, 0x3343, 0x3343, 0x3343, 0x3344, 0x3B44, 0x3343, 0x3343, 0x3323, 0x3324, 0x3B44, 0x3B44, 
    0x3344, 0x3344, 0x3344, 0x3344, 0x3B44, 0x3B44, 0x3344, 0x3323, 0x3323, 0x3323, 0x3323, 0x3323, 
    0x3323, 0x3323, 0x3323, 0x3323, 0x3323, 0x3323, 0x3344, 0x3343, 0x3323, 0x3323, 0x3323, 0x3323, 
    0x3323, 0x3323, 0x3343, 0x3323, 0x3323, 0x3323, 0x3323, 0x3323, 0x3323, 0x3323, 0x3323, 0x3323, 
    0x3323, 0x3323, 0x3323, 0x3323, 0x3323, 0x3323, 0x3324, 0x3323, 0x3323, 0x3323, 0x3323, 0x3324, 
    0x3324, 0x3324, 0x3323, 0x3323, 0x3323, 0x3324, 0x3324, 0x3324, 0x3324, 0x3324, 0x3324, 0x3324, 
    0x2AE3, 0x2B03, 0x3303, 0x3303, 0x3303, 0x3303, 0x2B03, 0x2B03, 0x3303, 0x3303, 0x3303, 0x3303, 
    0x3303, 0x3303, 0x3303, 0x3303, 0x3303, 0x2AE3, 0x3303, 0x3303, 0x3303, 0x3303, 0x3303, 0x3303, 
    0x3303, 0x3303, 0x3303, 0x3303, 0x3303, 0x3303, 0x3303, 0x3303, 0x3303, 0x3303, 0x3303, 0x3303, 
    0x3303, 0x3303, 0x3303, 0x2B03, 0x3303, 0x3303, 0x3303, 0x3303, 0x3303, 0x3303, 0x3303, 0x3303, 
    0x3303, 0x3303, 0x3303, 0x3303, 0x3303, 0x3303, 0x3303, 0x3303, 0x3303, 0x3303, 0x3303, 0x3303, 
    0x3303, 0x3303, 0x3324, 0x3324, 0x32E3, 0x2A83, 0x2A83, 0x2A83, 0x2A83, 0x2A83, 0x2A83, 0x2A83, 
    0x2A83, 0x2A83, 0x2A83, 0x2A83, 0x2A83, 0x2A83, 0x2A83, 0x2A83, 0x2A83, 0x2A83, 0x2A83, 0x2A83, 
    0x2A83, 0x2A83, 0x2A83, 0x2A83, 0x2AA3, 0x2A83, 0x2A83, 0x2A83, 0x2A83, 0x2A83, 0x2A83, 0x2A83, 
    0x2A83, 0x2A83, 0x2A83, 0x2A83, 0x2A83, 0x2A83, 0x2A83, 0x2A83, 0x2A83, 0x2A83, 0x2A83, 0x2A83, 
    0x2A83, 0x2A83, 0x2A83, 0x2A83, 0x2A83, 0x2A83, 0x2A83, 0x2A83, 0x2A83, 0x2A83, 0x2A83, 0x2A83, 
    0x2A83, 0x2A62, 0x2A83, 0x2A63, 0x2A62, 0x2A83, 0x2A83, 0x2A83, 0x2A83, 0x2A83, 0x2A83, 0x2A83, 
    0x2A83, 0x2A83, 0x2A83, 0x2A83, 0x2A83, 0x2A83, 0x2A83, 0x2A83, 0x2A83, 0x2A83, 0x2A62, 0x2A83, 
    0x2A83, 0x2A83, 0x2A83, 0x2A83, 0x2A83, 0x2A63, 0x2A63, 0x2A83, 0x2A83, 0x2A83, 0x2A83, 0x2A83, 
    0x2A63, 0x2A83, 0x2A62, 0x2A62, 0x2A83, 0x2A83, 0x2A83, 0x2A83, 0x2A83, 0x2A83, 0x2A83, 0x2A83, 
    0x2263, 0x2262, 0x2262, 0x2A63, 0x2A63, 0x2A63, 0x2A63, 0x2AC3, 0x3303, 0x3303, 0x3303, 0x3323, 
    0x3303, 0x3303, 0x3303, 0x3303, 0x3303, 0x3304, 0x3303, 0x3303, 0x2AE3, 0x2AE3, 0x32E3, 0x2AE3, 
    0x2AE3, 0x3303, 0x3303, 0x3303, 0x3303, 0x3303, 0x3303, 0x3303, 0x3303, 0x3303, 0x2B03, 0x2AE3, 
    0x2AE3, 0x2B03, 0x3303, 0x3303, 0x2AE3, 0x3303, 0x3303, 0x2B03, 0x2B03, 0x2B03, 0x2B03, 0x32E3, 
    0x2AE3, 0x2AE3, 0x2AE3, 0x2B03, 0x2B03, 0x2B03, 0x3303, 0x2AE3, 0x2B03, 0x2B03, 0x2B03, 0x2AE3, 
    0x2AE3, 0x2AE3, 0x2AE3, 0x2AE3, 0x2AE3, 0x2AE3, 0x2AE3, 0x2AE3, 0x2AE3, 0x2AE3, 0x2AE3, 0x2AE3, 
    0x2AE3, 0x2AC3, 0x2AE3, 0x2AE3, 0x2AE3, 0x2AE3, 0x2AE3, 0x2AE3, 0x2AE3, 0x2AE3, 0x2AE3, 0x2AC3, 
    0x2AE3, 0x2AE3, 0x2AE3, 0x2AE3, 0x2AE3, 0x2AE3, 0x2AE3, 0x2AE3, 0x2AE3, 0x2AE3, 0x2AE3, 0x2AE3, 
    0x2AE3, 0x2AE3, 0x2AE3, 0x2AE3, 0x2AE3, 0x2AE3, 0x2AE3, 0x2AE3, 0x2AE3, 0x2AE3, 0x2AE3, 0x2AE3, 
    0x2AE3, 0x2AE3, 0x2AE3, 0x2AC3, 0x2AC3, 0x2AC3, 0x2AC3, 0x2AE3, 0x2AE3, 0x2AC3, 0x2AC3, 0x2AC3, 
    0x2AC3, 0x2AE3, 0x2AE3, 0x2AE3, 0x2AE3, 0x2AE3, 0x2AE3, 0x2AE3, 0x2AE3, 0x2AE3, 0x2AE3, 0x2AE3, 
    0x2AC3, 0x2AC3, 0x2AC3, 0x3303, 0x19C2, 0x0020, 0x0040, 0x0040, 0x0040, 0x0040, 0x0040, 0x0040, 
    0x0040, 0x0040, 0x0040, 0x0040, 0x0040, 0x0040, 0x0040, 0x0040, 0x0020, 0x0040, 0x0040, 0x0040, 
    0x0040, 0x0040, 0x0040, 0x0040, 0x0040, 0x0040, 0x0040, 0x0040, 0x0040, 0x0040, 0x0040, 0x0040, 
    0x0040, 0x0040, 0x0040, 0x0040, 0x0040, 0x0040, 0x0040, 0x0040, 0x0040, 0x0040, 0x0040, 0x0040, 
    0x0040, 0x0040, 0x0040, 0x0040, 0x0040, 0x0040, 0x0040, 0x0020, 0x0040, 0x0040, 0x0040, 0x0040, 
    0x0040, 0x0040, 0x0020, 0x0020, 0x0020, 0x0040, 0x0040, 0x0040, 0x0040, 0x0040, 0x0040, 0x0040, 
    0x0040, 0x0040, 0x0040, 0x0040, 0x0040, 0x0040, 0x0040, 0x0040, 0x0040, 0x0040, 0x0040, 0x0040, 
    0x0040, 0x0040, 0x0040, 0x0040, 0x0020, 0x0040, 0x0040, 0x0040, 0x0040, 0x0040, 0x0040, 0x0040, 
    0x0040, 0x0020, 0x0020, 0x0040, 0x0040, 0x0040, 0x0040, 0x0040, 0x0040, 0x0040, 0x0040, 0x0040, 
    0x0040, 0x0040, 0x0040, 0x0040, 0x0040, 0x0040, 0x0020, 0x19C2, 0x2B03, 0x2AE3, 0x2AE3, 0x2B03, 
    0x2B03, 0x2AE3, 0x2AE3, 0x2AE3, 0x2AE3, 0x2AE3, 0x2AE3, 0x2AE3, 0x2AE3, 0x2AE3, 0x2AE3, 0x2AE3, 
    0x2AC3, 0x2AE3, 0x2AE3, 0x2AE3, 0x2AE3, 0x2AE3, 0x2AE3, 0x2AE3, 0x2AE3, 0x2AE3, 0x2AC3, 0x2AC3, 
    0x2AC3, 0x2AC3, 0x2AC3, 0x2AC3, 0x2AE3, 0x2AE3, 0x2AE3, 0x2AE3, 0x2AE3, 0x2AE3, 0x2AE3, 0x2AE3, 
    0x2AE3, 0x2AE3, 0x2AC3, 0x2AE3, 0x2AE3, 0x2AE3, 0x2AE3, 0x2AE3, 0x2AE3, 0x2AE3, 0x2B03, 0x2B03, 
    0x3303, 0x3303, 0x3303, 0x2B03, 0x3303, 0x3303, 0x3303, 0x3303, 0x3303, 0x3304, 0x3303, 0x3303, 
    0x3344, 0x3323, 0x3323, 0x3324, 0x3324, 0x3323, 0x3344, 0x3323, 0x3323, 0x3323, 0x3323, 0x3323, 
    0x3323, 0x3323, 0x3323, 0x3323, 0x3323, 0x3344, 0x3344, 0x3323, 0x3323, 0x3343, 0x3343, 0x3323, 
    0x3323, 0x3343, 0x3343, 0x3323, 0x3323, 0x3323, 0x3323, 0x3323, 0x3323, 0x3343, 0x3343, 0x3343, 
    0x3343, 0x3343, 0x3323, 0x3323, 0x3323, 0x3323, 0x3343, 0x3344, 0x3323, 0x3323, 0x3323, 0x3323, 
    0x3323, 0x3323, 0x3323, 0x3323, 0x3323, 0x3323, 0x3323, 0x3323, 0x3323, 0x3323, 0x3323, 0x3323, 
    0x3323, 0x3323, 0x2222, 0x0080, 0x10E1, 0x83E6, 0x9CA8, 0x9CA8, 0x9C87, 0x9487, 0x9487, 0x9487, 
    0x9487, 0x9486, 0x9CA7, 0x9CA7, 0x9CA7, 0x9CA7, 0x9CA7, 0x9CA7, 0x9CA7, 0x9CA7, 0x9C87, 0x9CA7, 
    0x9CA7, 0x9CA7, 0x9CA7, 0x9CA7, 0x9C87, 0x9CA7, 0x9CA7, 0x9CA7, 0x9CA7, 0x9CA7, 0x9C87, 0x9C87, 
    0x9CA7, 0x9C87, 0x9CA7, 0x9CA7, 0x9CA7, 0x9C87, 0x9C87, 0x9C87, 0x9CA7, 0x9CA7, 0x9CA7, 0x9CA7, 
    0x9CA7, 0x9C87, 0x9C87, 0x9CA7, 0x9CA7, 0x9CA7, 0x9C87, 0x9C87, 0x9CA7, 0x9CA7, 0x9CA7, 0x9CA7, 
    0x9CA7, 0x9CA7, 0x9CA7, 0x9487, 0x9CA7, 0x9CC7, 0x9CA7, 0x9CA7, 0x9C86, 0x9486, 0x9486, 0x9486, 
    0x9CA6, 0x9CC7, 0x9CA6, 0x9C86, 0x9CA7, 0x9C87, 0x9CA6, 0x9CA6, 0x9CA7, 0x9CA7, 0x9CA7, 0x9CA7, 
    0x9CA7, 0x9CC7, 0x9CA7, 0x9CA7, 0x9487, 0x9487, 0x9487, 0x9C87, 0x9CA7, 0x9CA7, 0x9CA7, 0x9CA7, 
    0x9CA7, 0x9CA7, 0x9C87, 0x9C86, 0x9CA7, 0x9CA7, 0x9C87, 0x9CA7, 0x9CA6, 0x9C86, 0x9CA6, 0x9CA6, 
    0x9486, 0x9486, 0x9486, 0x9486, 0x9466, 0x9466, 0x8405, 0x2141, 0x0080, 0x2202, 0x3B44, 0x3324, 
    0x3344, 0x3323, 0x3324, 0x3323, 0x3323, 0x3323, 0x3323, 0x3323, 0x3323, 0x3323, 0x3323, 0x3323, 
    0x3323, 0x3323, 0x3324, 0x3323, 0x3323, 0x3323, 0x3323, 0x3323, 0x3323, 0x3323, 0x3323, 0x3323, 
    0x3323, 0x3323, 0x3323, 0x3323, 0x3323, 0x3323, 0x3323, 0x3323, 0x3323, 0x3B43, 0x3324, 0x3323, 
    0x3323, 0x3323, 0x3323, 0x3323, 0x3323, 0x3323, 0x3303, 0x3323, 0x3323, 0x3323, 0x3323, 0x3323, 
    0x3323, 0x3323, 0x3323, 0x3323, 0x3324, 0x3324, 0x3324, 0x3324, 0x3323, 0x3323, 0x3323, 0x3323, 
    0x3324, 0x3323, 0x3303, 0x3324, 0x3303, 0x3303, 0x3324, 0x3324, 0x3303, 0x3303, 0x3303, 0x3303, 
    0x3303, 0x3303, 0x3303, 0x3303, 0x3323, 0x3323, 0x3323, 0x3303, 0x3303, 0x3303, 0x3303, 0x3303, 
    0x3303, 0x3303, 0x3303, 0x3303, 0x3303, 0x3303, 0x3303, 0x3303, 0x3303, 0x3323, 0x3323, 0x3323, 
    0x3323, 0x3323, 0x3303, 0x3303, 0x3303, 0x3303, 0x3323, 0x3303, 0x3303, 0x3303, 0x3303, 0x3303, 
    0x3303, 0x3323, 0x3303, 0x3303, 0x3303, 0x3303, 0x3303, 0x3303, 0x3303, 0x3303, 0x3303, 0x3303, 
    0x3303, 0x19C2, 0x1901, 0x31A2, 0x4A23, 0x63A4, 0x5B64, 0x5B43, 0x5B43, 0x5B43, 0x5B43, 0x5B43, 
    0x5B43, 0x5B43, 0x5B43, 0x5B63, 0x5B63, 0x5B43, 0x5B23, 0x5B43, 0x5B43, 0x5B43, 0x5B43, 0x5343, 
    0x5B43, 0x5B43, 0x5B43, 0x5B23, 0x5323, 0x5323, 0x5B43, 0x5B43, 0x5323, 0x5323, 0x5323, 0x5323, 
    0x5303, 0x5303, 0x5323, 0x5323, 0x5323, 0x5323, 0x5303, 0x5323, 0x5323, 0x5323, 0x5323, 0x5323, 
    0x5323, 0x5323, 0x5323, 0x5B23, 0x5B43, 0x5323, 0x5303, 0x5303, 0x5323, 0x5323, 0x5B23, 0x5B23, 
    0x5B23, 0x5B43, 0x5323, 0x5303, 0x5343, 0x5B44, 0x5B43, 0x5323, 0x5323, 0x5323, 0x5323, 0x5323, 
    0x5323, 0x5B23, 0x5B23, 0x5323, 0x5303, 0x5303, 0x5303, 0x5323, 0x5323, 0x5323, 0x5323, 0x5323, 
    0x5323, 0x5323, 0x5B23, 0x5323, 0x5323, 0x5323, 0x5303, 0x5303, 0x5323, 0x5323, 0x5303, 0x5303, 
    0x5323, 0x5303, 0x5303, 0x5303, 0x5303, 0x5303, 0x5303, 0x5323, 0x5323, 0x5323, 0x5323, 0x5323, 
    0x5303, 0x5303, 0x5303, 0x5303, 0x5303, 0x5303, 0x5B63, 0x4A63, 0x2982, 0x1101, 0x19A2, 0x3324, 
    0x3303, 0x3323, 0x3303, 0x3303, 0x3303, 0x3303, 0x3303, 0x3303, 0x3303, 0x3323, 0x3303, 0x3303, 
    0x3303, 0x3303, 0x3303, 0x3303, 0x3303, 0x3303, 0x3303, 0x3303, 0x3303, 0x3303, 0x3303, 0x3303, 
    0x3303, 0x3303, 0x3303, 0x3303, 0x3303, 0x3303, 0x3303, 0x3303, 0x3303, 0x3323, 0x3303, 0x3303, 
    0x3303, 0x3303, 0x3303, 0x3303, 0x3303, 0x3303, 0x2AE3, 0x2AE3, 0x2AE3, 0x2AE3, 0x2AE3, 0x2B03, 
    0x3303, 0x3303, 0x2B03, 0x3303, 0x3303, 0x3303, 0x3303, 0x3303, 0x3303, 0x2B03, 0x2AE3, 0x2B03, 
    0x2AE3, 0x2AE3, 0x2AE3, 0x2AE3, 0x2AE3, 0x2AE3, 0x2AE3, 0x2AE3, 0x2AE3, 0x2AE3, 0x2AC3, 0x2AC3, 
    0x2AE3, 0x2AE3, 0x2AE3, 0x2AE3, 0x2AE3, 0x2AE3, 0x2AE3, 0x2AE3, 0x2AE3, 0x2AE3, 0x2AE3, 0x2AC3, 
    0x2AC3, 0x2AE3, 0x2AE3, 0x2AE3, 0x2AE3, 0x2AE3, 0x2AE3, 0x2AE3, 0x2AE3, 0x2AE3, 0x2AE3, 0x2AE3, 
    0x2AE3, 0x2AE3, 0x2AE3, 0x2AE3, 0x2AE3, 0x2AE3, 0x2AE3, 0x2AE3, 0x2AE3, 0x2AE3, 0x2AE3, 0x2AE3, 
    0x2AE3, 0x2AE3, 0x2B03, 0x2B03, 0x2AE3, 0x2AE3, 0x2AE3, 0x2AE3, 0x2AE3, 0x2AE3, 0x2AE3, 0x2B03, 
    0x1101, 0x0020, 0x4223, 0x9D27, 0x94C6, 0x3282, 0x0080, 0x0020, 0x0020, 0x0020, 0x0020, 0x0020, 
    0x0020, 0x0020, 0x0020, 0x0020, 0x0020, 0x0020, 0x0020, 0x0020, 0x0020, 0x0020, 0x0040, 0x0020, 
    0x0020, 0x0020, 0x0020, 0x0020, 0x0040, 0x0040, 0x0020, 0x0020, 0x0020, 0x0020, 0x0020, 0x0020, 
    0x0020, 0x0020, 0x0020, 0x0020, 0x0020, 0x0020, 0x0020, 0x0020, 0x0020, 0x0020, 0x0020, 0x0020, 
    0x0020, 0x0020, 0x0020, 0x0020, 0x0020, 0x0020, 0x0020, 0x0020, 0x0040, 0x0040, 0x0020, 0x0020, 
    0x0020, 0x0020, 0x0020, 0x0020, 0x0020, 0x0020, 0x0020, 0x0020, 0x0020, 0x0020, 0x0020, 0x0020, 
    0x0020, 0x0020, 0x0020, 0x0020, 0x0020, 0x0020, 0x0020, 0x0020, 0x0020, 0x0020, 0x0020, 0x0020, 
    0x0020, 0x0020, 0x0020, 0x0020, 0x0020, 0x0020, 0x0020, 0x0020, 0x0020, 0x0040, 0x0040, 0x0040, 
    0x0040, 0x0020, 0x0020, 0x0020, 0x0020, 0x0040, 0x0040, 0x0020, 0x0040, 0x0040, 0x0040, 0x0020, 
    0x0020, 0x0040, 0x0040, 0x0040, 0x0020, 0x0060, 0x2A22, 0x8CC6, 0x7C45, 0x31C2, 0x0040, 0x1162, 
    0x3303, 0x2AE3, 0x2AE3, 0x2AE3, 0x2AE3, 0x2AE3, 0x2AE3, 0x2AE3, 0x2AE3, 0x2AE3, 0x2AE3, 0x2AE3, 
    0x2AE3, 0x2AE3, 0x2AE3, 0x2AC3, 0x2AE3, 0x2AE3, 0x2AE3, 0x2AE3, 0x2AE3, 0x2AC3, 0x2AC3, 0x2AE3, 
    0x2AE3, 0x2AE3, 0x2AE3, 0x2AE3, 0x2AE3, 0x2AE3, 0x2AE3, 0x2AE3, 0x2AE3, 0x2AE3, 0x2AE3, 0x2AC3, 
    0x2AC3, 0x2AC3, 0x2AC3, 0x2AE3, 0x2AE3, 0x2AC3, 0x2AC3, 0x2AC3, 0x2AC3, 0x2AC3, 0x2AC3, 0x2AC3, 
    0x2AE3, 0x2AE3, 0x2AE3, 0x2AE3, 0x2AE3, 0x2AE3, 0x2AE3, 0x2AE3, 0x2AE3, 0x2AC3, 0x2AC3, 0x2AC3, 
    0x3344, 0x3344, 0x3324, 0x3323, 0x3324, 0x3324, 0x3324, 0x3324, 0x3324, 0x3323, 0x3323, 0x3323, 
    0x3323, 0x3323, 0x3324, 0x3324, 0x3323, 0x3323, 0x3323, 0x3323, 0x3323, 0x3324, 0x3323, 0x3323, 
    0x3323, 0x3323, 0x3323, 0x3323, 0x3323, 0x3323, 0x3323, 0x3323, 0x3323, 0x3323, 0x3323, 0x3323, 
    0x3323, 0x3323, 0x3323, 0x3324, 0x3344, 0x3324, 0x3324, 0x3B64, 0x1A02, 0x00A0, 0x00C0, 0x00C0, 
    0x00C0, 0x00C0, 0x00C0, 0x08E1, 0x32E3, 0x3344, 0x3323, 0x3323, 0x3303, 0x3303, 0x3303, 0x1141, 
    0x0060, 0x52A4, 0x8C26, 0x7C05, 0x3A82, 0x1101, 0x00A1, 0x00A1, 0x00C1, 0x00C1, 0x00C1, 0x00C1, 
    0x00A1, 0x00C1, 0x08C1, 0x08C1, 0x08C1, 0x08C1, 0x00C1, 0x00C1, 0x00A1, 0x00A1, 0x08C1, 0x08C1, 
    0x08C1, 0x08C1, 0x00C1, 0x00C1, 0x00C1, 0x08C1, 0x08C1, 0x08C1, 0x00C1, 0x00C1, 0x00C1, 0x00C1, 
    0x00A1, 0x00A1, 0x00C1, 0x00C1, 0x00C1, 0x00A1, 0x00C1, 0x00C1, 0x00A1, 0x00A1, 0x00A1, 0x00A1, 
    0x08C1, 0x08C1, 0x08C1, 0x00C1, 0x00C1, 0x00C1, 0x08C1, 0x08C1, 0x08C1, 0x08C1, 0x00C1, 0x00C1, 
    0x00C1, 0x00C1, 0x08C1, 0x08C1, 0x00C1, 0x08C1, 0x08C1, 0x08C1, 0x08C1, 0x08C1, 0x08C1, 0x08C1, 
    0x08C1, 0x08C1, 0x08C1, 0x08C1, 0x00C1, 0x00C1, 0x00C1, 0x00C1, 0x00A1, 0x00C1, 0x00C1, 0x00C1, 
    0x00C1, 0x00C1, 0x00C1, 0x08C1, 0x00C1, 0x00A1, 0x00C1, 0x00A1, 0x00A1, 0x00C1, 0x00C1, 0x00C1, 
    0x00C1, 0x00C1, 0x00C1, 0x00C1, 0x00C1, 0x00C1, 0x00C1, 0x08C1, 0x00C1, 0x08C1, 0x00C1, 0x00C1, 
    0x00C1, 0x00C1, 0x00C1, 0x00C1, 0x00C1, 0x08C1, 0x08C1, 0x3A42, 0x7405, 0x6BC4, 0x4242, 0x0080, 
    0x1141, 0x3324, 0x3324, 0x3324, 0x3324, 0x3324, 0x3344, 0x2222, 0x00C0, 0x00C0, 0x00C0, 0x00E0, 
    0x00C0, 0x00C0, 0x1141, 0x3324, 0x3324, 0x3344, 0x3324, 0x3323, 0x3323, 0x3323, 0x3323, 0x3323, 
    0x3324, 0x3323, 0x3323, 0x3343, 0x3343, 0x3343, 0x3323, 0x3343, 0x3323, 0x3323, 0x3323, 0x3323, 
    0x3323, 0x3303, 0x3303, 0x3303, 0x3303, 0x3303, 0x3303, 0x3303, 0x3303, 0x3323, 0x3323, 0x3323, 
    0x3323, 0x3323, 0x3323, 0x3323, 0x3323, 0x3323, 0x3324, 0x3324, 0x3323, 0x3303, 0x3303, 0x3303, 
    0x3303, 0x3303, 0x3303, 0x3303, 0x3303, 0x3303, 0x3303, 0x3303, 0x3303, 0x3303, 0x3303, 0x3303, 
    0x3303, 0x3303, 0x3303, 0x3303, 0x3303, 0x3303, 0x3303, 0x3323, 0x3323, 0x3323, 0x3323, 0x3303, 
    0x3323, 0x3303, 0x3303, 0x3323, 0x3323, 0x3323, 0x3323, 0x3323, 0x3323, 0x3303, 0x3303, 0x3303, 
    0x3323, 0x3324, 0x3324, 0x3324, 0x3324, 0x3324, 0x3303, 0x2222, 0x29A3, 0x5A87, 0x5A88, 0x5AA8, 
    0x5A88, 0x5A88, 0x5AA8, 0x39C5, 0x19C2, 0x2A83, 0x3323, 0x3323, 0x3323, 0x3323, 0x2AA3, 0x0040, 
    0x4243, 0x7C25, 0x7425, 0x3202, 0x0060, 0x0080, 0x08E1, 0x0901, 0x00E1, 0x00C1, 0x00C1, 0x00C1, 
    0x00C1, 0x00E1, 0x08E1, 0x0901, 0x0901, 0x08E1, 0x08E1, 0x08E1, 0x08E1, 0x00E1, 0x08E1, 0x08E1, 
    0x08E1, 0x08E1, 0x00E1, 0x00E1, 0x08E1, 0x0901, 0x0901, 0x0901, 0x0901, 0x0901, 0x0901, 0x0901, 
    0x08E1, 0x00E1, 0x08E1, 0x08E1, 0x00E1, 0x00E1, 0x08E1, 0x08E1, 0x08E1, 0x08E1, 0x00E1, 0x00E1, 
    0x00E1, 0x00E1, 0x00E1, 0x00E1, 0x08E1, 0x0901, 0x0901, 0x0901, 0x0901, 0x0901, 0x08E1, 0x00E1, 
    0x00E1, 0x00E1, 0x08E1, 0x0901, 0x0901, 0x0901, 0x0901, 0x0901, 0x0901, 0x0901, 0x0901, 0x0901, 
    0x0901, 0x08E1, 0x08E1, 0x08E1, 0x08E1, 0x00E1, 0x08E1, 0x08E1, 0x08E1, 0x08E1, 0x08E1, 0x08E1, 
    0x08E1, 0x08E1, 0x00E1, 0x08E1, 0x08E1, 0x08E1, 0x00E1, 0x00E1, 0x00E1, 0x08E1, 0x08E1, 0x08E1, 
    0x08E1, 0x00C1, 0x00C1, 0x00C1, 0x00C1, 0x00C1, 0x08E1, 0x08E1, 0x08E1, 0x08E1, 0x08E1, 0x00E1, 
    0x00E1, 0x00C1, 0x00E1, 0x00E1, 0x08E1, 0x00C1, 0x0060, 0x0060, 0x3A42, 0x6C04, 0x6BE4, 0x3A42, 
    0x0860, 0x2223, 0x32E3, 0x3324, 0x3324, 0x32E3, 0x2222, 0x21A3, 0x5267, 0x5A88, 0x5AA8, 0x5A88, 
    0x5A88, 0x5A88, 0x39A4, 0x19E2, 0x32C3, 0x3324, 0x3324, 0x3303, 0x3303, 0x3303, 0x3323, 0x3303, 
    0x3323, 0x3323, 0x3323, 0x3323, 0x3323, 0x3323, 0x3323, 0x3323, 0x3323, 0x3303, 0x3303, 0x3303, 
    0x3303, 0x3303, 0x3303, 0x3303, 0x32E3, 0x3303, 0x3303, 0x3303, 0x3303, 0x3303, 0x3303, 0x3303, 
    0x3303, 0x3303, 0x3303, 0x3303, 0x3303, 0x3303, 0x3303, 0x3303, 0x3303, 0x2AE3, 0x2AE3, 0x2AE3, 
    0x22C3, 0x2AC3, 0x2AC3, 0x2AC3, 0x2AC3, 0x2AE3, 0x2AC3, 0x2AE3, 0x2AE3, 0x2AE3, 0x2AE3, 0x2AE3, 
    0x2AE3, 0x2AC3, 0x2AC3, 0x2AC3, 0x2AC3, 0x2AE3, 0x2AE3, 0x2AE3, 0x2AE3, 0x2AE3, 0x2AC3, 0x2AC3, 
    0x2AC3, 0x2AC3, 0x2AC3, 0x2AE3, 0x2AE3, 0x2AE3, 0x2AE3, 0x2AC3, 0x2AE3, 0x2AE3, 0x2AE3, 0x2AE3, 
    0x2AE3, 0x3304, 0x2AE3, 0x2AE3, 0x2B03, 0x3303, 0x21A2, 0x1061, 0x5246, 0xD5B1, 0xE654, 0xE654, 
    0xDE13, 0xDE33, 0xDE13, 0x940C, 0x1081, 0x10A1, 0x2A63, 0x3323, 0x3303, 0x2263, 0x08A1, 0x0881, 
    0x9466, 0x6C04, 0x3262, 0x08A1, 0x0060, 0x08E1, 0x08E1, 0x08C1, 0x10C0, 0x18E0, 0x18E0, 0x18E0, 
    0x18E0, 0x18E0, 0x08A0, 0x08E1, 0x08C1, 0x0880, 0x10C0, 0x10C0, 0x10C0, 0x10C0, 0x10C0, 0x08A0, 
    0x0080, 0x08A0, 0x10C0, 0x10C0, 0x08A0, 0x00A0, 0x0901, 0x0901, 0x0901, 0x0901, 0x08E1, 0x0080, 
    0x10C0, 0x10C0, 0x10E0, 0x10E0, 0x10E0, 0x10E0, 0x08A0, 0x00A0, 0x08E1, 0x00A0, 0x10A0, 0x10C0, 
    0x10C0, 0x10C0, 0x10C0, 0x10C0, 0x0880, 0x08E1, 0x0901, 0x0901, 0x0901, 0x08E1, 0x0880, 0x10C0, 
    0x10C0, 0x10C0, 0x0880, 0x00C1, 0x0901, 0x0901, 0x0901, 0x0901, 0x0901, 0x0901, 0x0901, 0x08E1, 
    0x0080, 0x10A0, 0x10C0, 0x10C0, 0x10C0, 0x10C0, 0x10C0, 0x10C0, 0x08A0, 0x08E1, 0x08C1, 0x0080, 
    0x10C0, 0x10C0, 0x10C0, 0x0080, 0x00A1, 0x0080, 0x10E0, 0x10C0, 0x10C0, 0x0080, 0x08C1, 0x08E1, 
    0x0880, 0x10C0, 0x10C0, 0x10C0, 0x10C0, 0x10C0, 0x10A0, 0x00C1, 0x00C1, 0x0880, 0x10E0, 0x10C0, 
    0x10C0, 0x10C0, 0x10C0, 0x10C0, 0x10C0, 0x10C0, 0x0060, 0x0080, 0x08C1, 0x42A3, 0x6BE4, 0x5303, 
    0x0880, 0x0060, 0x2AA3, 0x3323, 0x3303, 0x1962, 0x1081, 0x39C5, 0xCD91, 0xDE13, 0xDE13, 0xD5F2, 
    0xD5B1, 0xD5F2, 0x7B6A, 0x1061, 0x10C1, 0x2A63, 0x2AE3, 0x2AE3, 0x2AE3, 0x2AC3, 0x2AE3, 0x2AE3, 
    0x2AE3, 0x2AE3, 0x2AE3, 0x2AE3, 0x2AE3, 0x2B03, 0x2AE3, 0x2AE3, 0x2AE3, 0x2AE3, 0x2AE3, 0x2AC3, 
    0x2AC3, 0x2AC3, 0x2AC3, 0x2AC3, 0x2AC3, 0x2AC3, 0x2AC3, 0x2AC3, 0x2AC3, 0x2AE3, 0x2AE3, 0x2AE3, 
    0x2AE3, 0x2AE3, 0x2AE3, 0x2AC3, 0x2AC3, 0x2AC3, 0x2AC3, 0x2AC3, 0x2AC3, 0x22A3, 0x22A3, 0x22A3, 
    0x3303, 0x3303, 0x3303, 0x3303, 0x3323, 0x3323, 0x3303, 0x3303, 0x3303, 0x3323, 0x3323, 0x3323, 
    0x3323, 0x3323, 0x3323, 0x3303, 0x3303, 0x3323, 0x3323, 0x3303, 0x3303, 0x3323, 0x3323, 0x3323, 
    0x3323, 0x3303, 0x3323, 0x3323, 0x3323, 0x3323, 0x3323, 0x3323, 0x3323, 0x3323, 0x3323, 0x3323, 
    0x3323, 0x3324, 0x3324, 0x3323, 0x3323, 0x1141, 0x31A4, 0xB50F, 0xCD91, 0xDE13, 0xDE34, 0xD5F3, 
    0xCDB1, 0xC591, 0xCDB2, 0xCD91, 0xBD2F, 0x9C2C, 0x0881, 0x21E2, 0x3324, 0x2202, 0x0880, 0x83E5, 
    0x8C86, 0x3202, 0x00A0, 0x0080, 0x08E1, 0x08E1, 0x00C1, 0x0060, 0xABE0, 0xCCA0, 0xCC80, 0xC480, 
    0xC480, 0xCCC0, 0x6260, 0x0040, 0x0081, 0x5200, 0xCC80, 0xC440, 0xBC20, 0xBC20, 0xBC20, 0x6A80, 
    0x0000, 0x7AE0, 0xC440, 0xC480, 0x6A80, 0x0040, 0x0901, 0x0901, 0x0901, 0x0901, 0x00C1, 0x18C0, 
    0xB400, 0xC440, 0xC440, 0xC460, 0xBC40, 0xBC40, 0x6A40, 0x0060, 0x0080, 0x0060, 0xABE0, 0xC460, 
    0xC460, 0xC440, 0xBC20, 0xC460, 0x4180, 0x0040, 0x0901, 0x0901, 0x0901, 0x0060, 0x51E0, 0xCC80, 
    0xC460, 0xC460, 0x3980, 0x0061, 0x0901, 0x0901, 0x0901, 0x0901, 0x0901, 0x0901, 0x0901, 0x00E1, 
    0x10A0, 0xAC00, 0xC460, 0xBC40, 0xBC60, 0xC440, 0xBC20, 0xC460, 0x5200, 0x0040, 0x00A1, 0x3980, 
    0xBC40, 0xBC20, 0xBC20, 0x2920, 0x0061, 0x3160, 0xC460, 0xBC20, 0xBC20, 0x2920, 0x00A1, 0x0040, 
    0x3980, 0xC440, 0xBC40, 0xBC40, 0xBC40, 0xC440, 0x8B20, 0x0040, 0x0060, 0x51E0, 0xC440, 0xBC40, 
    0xC440, 0xBC20, 0xBC20, 0xBC00, 0xBC00, 0xBC00, 0x3120, 0x00A1, 0x0081, 0x08C0, 0x4283, 0x8C85, 
    0x5B23, 0x08A1, 0x2222, 0x3303, 0x19A1, 0x3184, 0xBD30, 0xCD91, 0xDE34, 0xE654, 0xD5D2, 0xC591, 
    0xC571, 0xCD71, 0xBD2F, 0xACCE, 0x5AA7, 0x0080, 0x32C3, 0x3323, 0x3323, 0x3303, 0x3323, 0x3323, 
    0x3323, 0x3323, 0x3323, 0x3323, 0x3323, 0x3323, 0x3323, 0x3323, 0x3323, 0x3323, 0x3303, 0x3323, 
    0x3323, 0x3323, 0x3323, 0x3303, 0x2B03, 0x3303, 0x3303, 0x3303, 0x3303, 0x3303, 0x3303, 0x3303, 
    0x3323, 0x3323, 0x3323, 0x3303, 0x3303, 0x3303, 0x3303, 0x3303, 0x2AE3, 0x2AE3, 0x3303, 0x3303, 
    0x3323, 0x3323, 0x3303, 0x3323, 0x3323, 0x3323, 0x3323, 0x3323, 0x3323, 0x3323, 0x3323, 0x3323, 
    0x3323, 0x3323, 0x3323, 0x3303, 0x3323, 0x3323, 0x3323, 0x3303, 0x3323, 0x3323, 0x3323, 0x3323, 
    0x3323, 0x3323, 0x3323, 0x3323, 0x3323, 0x3323, 0x3323, 0x3323, 0x3323, 0x3323, 0x3323, 0x3323, 
    0x3323, 0x3324, 0x3344, 0x3B44, 0x2202, 0x41C5, 0xAC8D, 0xD5D2, 0xDE34, 0xE654, 0xDDF3, 0xCD71, 
    0xCD91, 0xC591, 0xC571, 0xC570, 0xCD91, 0xB50F, 0x8BCB, 0x2943, 0x19A2, 0x2222, 0x08A0, 0x9466, 
    0x7405, 0x1961, 0x0060, 0x08E1, 0x0901, 0x00C1, 0x10C0, 0x49C0, 0xBC20, 0xCC40, 0xC420, 0xC420, 
    0xC420, 0xCC40, 0xB3E0, 0x49C0, 0x0040, 0x5A20, 0xD460, 0xC420, 0xC420, 0xC420, 0xCC40, 0x7AC0, 
    0x0000, 0x8B20, 0xCC20, 0xCC60, 0x7280, 0x0040, 0x08E1, 0x0901, 0x08E1, 0x08E1, 0x00C1, 0x20E0, 
    0xC440, 0xC440, 0xC440, 0xC440, 0xC420, 0xCC40, 0x7280, 0x0020, 0x20C0, 0x7280, 0xCC60, 0xCC40, 
    0xCC20, 0xC400, 0xC400, 0xCC40, 0x9320, 0x49C0, 0x0060, 0x08E1, 0x00C1, 0x0880, 0x8300, 0xCC60, 
    0xC440, 0xCC60, 0x7280, 0x0880, 0x00C1, 0x0901, 0x0901, 0x0901, 0x0901, 0x0901, 0x0901, 0x00E1, 
    0x10A0, 0xBC20, 0xCC40, 0xCC40, 0xC440, 0xCC40, 0xC420, 0xCC40, 0xB3C0, 0x3960, 0x0880, 0x41C0, 
    0xCC60, 0xC420, 0xCC40, 0x3120, 0x0061, 0x3980, 0xCC60, 0xC420, 0xC440, 0x2920, 0x0060, 0x4180, 
    0x7AC0, 0xC420, 0xC420, 0xC420, 0xC420, 0xC400, 0xBBE0, 0x6A60, 0x0840, 0x5A00, 0xCC40, 0xC420, 
    0xCC40, 0xC420, 0xC400, 0xC400, 0xC400, 0xCC40, 0x3940, 0x00A1, 0x08E1, 0x0060, 0x31A2, 0x8485, 
    0x4B23, 0x08A1, 0x19C2, 0x1161, 0x39A4, 0x942C, 0xDE13, 0xE654, 0xDE13, 0xDE13, 0xD5D2, 0xCD91, 
    0xC570, 0xC550, 0xBD2F, 0xBD50, 0xA48D, 0x5246, 0x0901, 0x3323, 0x3323, 0x3323, 0x3323, 0x3323, 
    0x3323, 0x3323, 0x3343, 0x3323, 0x3323, 0x3323, 0x3323, 0x3323, 0x3323, 0x3323, 0x3323, 0x3323, 
    0x3323, 0x3324, 0x3324, 0x3323, 0x3303, 0x3303, 0x3323, 0x3303, 0x3303, 0x3303, 0x3323, 0x3323, 
    0x3323, 0x3323, 0x3323, 0x3323, 0x3323, 0x3303, 0x3323, 0x3303, 0x3303, 0x3303, 0x3303, 0x3303, 
    0x2AE3, 0x2AC3, 0x2AC3, 0x2AE3, 0x2AE3, 0x2AE3, 0x2AE3, 0x2AE3, 0x2AE3, 0x2AE3, 0x2AE3, 0x2AC3, 
    0x2AE3, 0x2AC3, 0x2AC3, 0x2AE3, 0x2AE3, 0x2AE3, 0x2AE3, 0x2AC3, 0x2AC3, 0x2AE3, 0x2AE3, 0x2AE3, 
    0x2AE3, 0x2AE3, 0x2AE3, 0x2AE3, 0x2AE3, 0x2AE3, 0x2AE3, 0x2AE3, 0x2AE3, 0x2AE3, 0x3303, 0x3303, 
    0x3303, 0x3303, 0x3303, 0x2AA3, 0x1121, 0x5A87, 0xCD90, 0xD5F3, 0xDE34, 0xD5D2, 0xCD91, 0xC570, 
    0xC571, 0xC571, 0xC550, 0xBD2F, 0xC570, 0xBD2F, 0xBD0E, 0x2923, 0x08A0, 0x1142, 0x08A1, 0x8C45, 
    0x6BE4, 0x1961, 0x0080, 0x0901, 0x0901, 0x00A1, 0x3960, 0xD4A0, 0xC420, 0xBC20, 0xC400, 0xBC00, 
    0xBBE0, 0xBC00, 0xCC40, 0xBBE0, 0x0060, 0x5A00, 0xCC40, 0xC420, 0xC420, 0xBC00, 0xCC40, 0x7AC0, 
    0x0020, 0x8B00, 0xC420, 0xC420, 0x7280, 0x0060, 0x08E1, 0x08E1, 0x08E1, 0x08E1, 0x00C1, 0x2100, 
    0xCC40, 0xBC00, 0xBC00, 0xC420, 0xC420, 0xCC40, 0x7AC0, 0x0020, 0x6A60, 0xC420, 0xBC00, 0xC420, 
    0xC400, 0xC400, 0xC420, 0xBC00, 0xCC60, 0x9B40, 0x0060, 0x08E1, 0x0060, 0x41A0, 0xCC60, 0xBC00, 
    0xC420, 0xC440, 0xCC40, 0x3120, 0x0040, 0x0901, 0x0901, 0x0901, 0x0901, 0x0901, 0x0901, 0x00E1, 
    0x10A0, 0xBC00, 0xC420, 0xC420, 0xC420, 0xC400, 0xC420, 0xC420, 0xC420, 0xCC40, 0x3960, 0x3980, 
    0xCC20, 0xC400, 0xC420, 0x3120, 0x0041, 0x3960, 0xC420, 0xC400, 0xC420, 0x2920, 0x0040, 0xABC0, 
    0xC420, 0xBBE0, 0xC440, 0xC400, 0xBBE0, 0xBC00, 0xC400, 0xC420, 0x18C0, 0x5A00, 0xCC40, 0xC420, 
    0xC400, 0xBC00, 0xBC00, 0xC400, 0xC400, 0xC420, 0x3120, 0x00A1, 0x0901, 0x0080, 0x31A2, 0x8485, 
    0x4323, 0x0880, 0x0901, 0x08C1, 0x5226, 0xBD0F, 0xDE13, 0xDE13, 0xD613, 0xD5F2, 0xC591, 0xC550, 
    0xC550, 0xC550, 0xBD30, 0xBD50, 0xBD0F, 0x6AE8, 0x0880, 0x2283, 0x2AE3, 0x2AE3, 0x2AE3, 0x2AE3, 
    0x2AE3, 0x2AE3, 0x2AE3, 0x2AE3, 0x2AE3, 0x2AE3, 0x2B03, 0x2AE3, 0x2AE3, 0x2AE3, 0x2AE3, 0x2AE3, 
    0x2AE3, 0x2AE3, 0x2AE3, 0x2AE3, 0x2AC3, 0x2AE3, 0x2AE3, 0x2AE3, 0x2AE3, 0x2AE3, 0x2AE3, 0x2AE3, 
    0x2AE3, 0x2AE3, 0x2AE3, 0x2AE3, 0x2AC3, 0x2AE3, 0x2AE3, 0x2AE3, 0x2AC3, 0x2AC3, 0x2AC3, 0x2AC3, 
    0x2AE3, 0x2AE3, 0x3303, 0x32E3, 0x3303, 0x2AE3, 0x2AE3, 0x2AE3, 0x2AE3, 0x2AE3, 0x2AE3, 0x2AE3, 
    0x3303, 0x32E3, 0x2AE3, 0x2AE3, 0x2AE3, 0x2AE3, 0x2AE3, 0x2AE3, 0x2AE3, 0x2B03, 0x3303, 0x32E3, 
    0x3303, 0x3303, 0x3303, 0x2AE3, 0x2AE3, 0x2B03, 0x2AE3, 0x2AE3, 0x2AE3, 0x3303, 0x3303, 0x3303, 
    0x3303, 0x3303, 0x3323, 0x1181, 0x3984, 0xACAD, 0xC570, 0xCD91, 0xC570, 0xBD50, 0xC550, 0xC550, 
    0xC550, 0xC550, 0xBD2F, 0xBD2F, 0xBD2F, 0xBD0F, 0xA48D, 0x7B69, 0x39A4, 0x0020, 0x08A1, 0x8C45, 
    0x6BE4, 0x1961, 0x0080, 0x0901, 0x0901, 0x00A1, 0x3980, 0xCC40, 0xBC00, 0xBC00, 0x7260, 0x59E0, 
    0x8AE0, 0xCC20, 0xC420, 0xABA0, 0x0860, 0x2900, 0x7280, 0xC420, 0xC420, 0xC420, 0x82C0, 0x3940, 
    0x0020, 0x8B00, 0xC420, 0xCC40, 0x7280, 0x0060, 0x08E1, 0x0901, 0x08E1, 0x08E1, 0x00C1, 0x10A0, 
    0x59E0, 0x9B20, 0xC420, 0xC420, 0xBC00, 0x7260, 0x3940, 0x0020, 0x7260, 0xC400, 0xBBE0, 0xB3A0, 
    0x5A00, 0x5A00, 0x9B40, 0xC400, 0xBBE0, 0x9300, 0x0080, 0x00C1, 0x20E0, 0xB3E0, 0xC400, 0xBC00, 
    0xC420, 0xC420, 0xC400, 0x9300, 0x1080, 0x00C1, 0x0901, 0x0901, 0x0901, 0x0901, 0x0901, 0x00E1, 
    0x10A0, 0xBBE0, 0xC420, 0xC420, 0x7AA0, 0x59E0, 0x7280, 0xC400, 0xBC00, 0xC440, 0x3960, 0x3960, 
    0xCC40, 0xC420, 0xC420, 0x2920, 0x0041, 0x3960, 0xCC20, 0xC400, 0xC420, 0x2920, 0x0040, 0xA380, 
    0xC400, 0xC420, 0x82E0, 0x59E0, 0x6A40, 0xBBE0, 0xC400, 0xBC20, 0x18C0, 0x20E0, 0x6200, 0x5A00, 
    0xABA0, 0xBC00, 0xC420, 0x9320, 0x6200, 0x59E0, 0x18A0, 0x00C1, 0x0901, 0x0060, 0x31A2, 0x8CA5, 
    0x4303, 0x08A0, 0x0020, 0x5A66, 0x9C0B, 0xBD2F, 0xCD91, 0xBD50, 0xC550, 0xC550, 0xBD0F, 0xBD2F, 
    0xBD2F, 0xBD2F, 0xBD50, 0xBD2F, 0xACAD, 0x940B, 0x5AA7, 0x00A0, 0x2AE3, 0x2B03, 0x2B03, 0x2B03, 
    0x2B03, 0x2B03, 0x2AE3, 0x2B03, 0x2B03, 0x2B03, 0x3303, 0x3303, 0x3303, 0x3303, 0x3303, 0x3303, 
    0x3303, 0x3303, 0x3303, 0x3303, 0x2AE3, 0x2AE3, 0x2B03, 0x2B03, 0x3303, 0x2B03, 0x2AE3, 0x2AE3, 
    0x2AE3, 0x2AE3, 0x2AE3, 0x2AE3, 0x2AE3, 0x2B03, 0x2AE3, 0x2AE3, 0x2AE3, 0x2AE3, 0x2AE3, 0x2AE3, 
    0x3324, 0x3343, 0x3323, 0x3323, 0x3323, 0x3323, 0x3323, 0x3323, 0x3323, 0x3323, 0x3323, 0x3323, 
    0x3323, 0x3323, 0x3323, 0x3323, 0x3323, 0x3323, 0x3323, 0x3343, 0x3343, 0x3323, 0x3323, 0x3323, 
    0x3323, 0x3323, 0x3323, 0x3323, 0x3323, 0x3323, 0x3323, 0x3323, 0x3324, 0x3323, 0x3324, 0x3324, 
    0x3344, 0x3343, 0x3343, 0x11A1, 0x41C5, 0xB4EE, 0xB4EE, 0xBD0F, 0xBD2F, 0xBD30, 0xC550, 0xBD50, 
    0xBD2F, 0xBD2F, 0xBD2F, 0xBD30, 0xBD0F, 0xACCE, 0x940B, 0x9C4C, 0x5226, 0x0000, 0x08A0, 0x8C45, 
    0x6BE4, 0x1941, 0x0080, 0x0901, 0x08E1, 0x00A1, 0x4180, 0xCC60, 0xC420, 0xBC00, 0x20E0, 0x0000, 
    0x3140, 0x9B20, 0x8AE0, 0x7A80, 0x0880, 0x0060, 0x18C0, 0xBBE0, 0xC420, 0xC440, 0x3940, 0x0020, 
    0x0040, 0x8B00, 0xC420, 0xCC40, 0x7280, 0x0060, 0x08E1, 0x08E1, 0x08E1, 0x08E1, 0x08E1, 0x0080, 
    0x0020, 0x7260, 0xCC40, 0xC420, 0xB3E0, 0x1080, 0x0040, 0x0020, 0x7280, 0xCC20, 0xC400, 0x9B60, 
    0x0040, 0x0000, 0x7240, 0xCC20, 0xC420, 0x9B40, 0x0040, 0x0060, 0x2900, 0xCC40, 0xC420, 0xB3C0, 
    0x9300, 0xBBE0, 0xC420, 0xC420, 0x18C0, 0x00C1, 0x0901, 0x0901, 0x0901, 0x08E1, 0x0901, 0x00E1, 
    0x10A0, 0xBBE0, 0xC420, 0xC440, 0x3120, 0x0000, 0x20E0, 0xC400, 0xBC20, 0xC460, 0x3960, 0x4180, 
    0xCC60, 0xC440, 0xC440, 0x2920, 0x0041, 0x3960, 0xCC40, 0xC420, 0xC440, 0x2920, 0x0020, 0xA380, 
    0xC420, 0xC420, 0x4180, 0x0000, 0x0860, 0x8AE0, 0x9300, 0x8B00, 0x10C0, 0x0060, 0x0060, 0x0040, 
    0x9B40, 0xC420, 0xC440, 0x5A00, 0x0000, 0x0040, 0x0060, 0x08E1, 0x0901, 0x0080, 0x31A2, 0x8CA5, 
    0x4303, 0x08A0, 0x0020, 0x6AE8, 0xA46C, 0xACAD, 0xB4EE, 0xBD0F, 0xBD2F, 0xBD50, 0xBD2F, 0xBD0F, 
    0xBD2F, 0xBD2F, 0xBD2F, 0xBD0F, 0x940B, 0x9C6C, 0x7308, 0x0080, 0x3303, 0x3323, 0x3323, 0x3323, 
    0x3323, 0x3323, 0x3323, 0x3323, 0x3323, 0x3323, 0x3323, 0x3343, 0x3344, 0x3323, 0x3323, 0x3324, 
    0x3B44, 0x3343, 0x3323, 0x3323, 0x3323, 0x3323, 0x3323, 0x3323, 0x3324, 0x3323, 0x3323, 0x3323, 
    0x3323, 0x3323, 0x3323, 0x3323, 0x3323, 0x3324, 0x3323, 0x3323, 0x3323, 0x3323, 0x3323, 0x3323, 
    0x2AE3, 0x2AE3, 0x2AE3, 0x2AE3, 0x2AE3, 0x2AE3, 0x2AE3, 0x2AC3, 0x2AE3, 0x2AE3, 0x2AE3, 0x3303, 
    0x2AE3, 0x2AE3, 0x2AE3, 0x2AE3, 0x2AE3, 0x2AE3, 0x2AE3, 0x2AE3, 0x2AE3, 0x2AE3, 0x2AE3, 0x2AE3, 
    0x2AE3, 0x2AE3, 0x2AE3, 0x2AE3, 0x2AE3, 0x2AE3, 0x2AE3, 0x2AE3, 0x2AE3, 0x2AE3, 0x2AE3, 0x2AE3, 
    0x2AE3, 0x2AE3, 0x3303, 0x1181, 0x41C5, 0xA48D, 0x940B, 0xBD2F, 0xBD2F, 0xB50F, 0xBD2F, 0xBD2F, 
    0xBD2F, 0xBD0F, 0xBD2F, 0xB50F, 0xB4EE, 0xB4EE, 0x7369, 0x8BCA, 0x5225, 0x0000, 0x0880, 0x8C66, 
    0x6BE4, 0x1941, 0x0080, 0x0901, 0x08E1, 0x00A1, 0x4180, 0xCC40, 0xC420, 0xC420, 0x51E0, 0x3120, 
    0x20E0, 0x0020, 0x0020, 0x0040, 0x0080, 0x00A1, 0x18E0, 0xBBE0, 0xC420, 0xCC40, 0x4160, 0x0081, 
    0x0060, 0x82E0, 0xC420, 0xCC40, 0x7280, 0x0060, 0x08E1, 0x08E1, 0x08E1, 0x08E1, 0x08E1, 0x08E1, 
    0x0080, 0x7280, 0xC420, 0xBC00, 0xB3E0, 0x18A0, 0x00A0, 0x0040, 0x7280, 0xCC20, 0xC420, 0xA380, 
    0x0880, 0x0060, 0x2900, 0x51A0, 0x51E0, 0x4180, 0x0060, 0x0040, 0x20E0, 0xC420, 0xCC40, 0x9B60, 
    0x20C0, 0xBC00, 0xC420, 0xBC00, 0x18C0, 0x0080, 0x08E1, 0x0901, 0x0901, 0x0901, 0x0901, 0x00C1, 
    0x10A0, 0xB3C0, 0xC400, 0xC420, 0x3140, 0x0040, 0x2920, 0xC400, 0xBC00, 0xC420, 0x3960, 0x3960, 
    0xCC60, 0xC420, 0xC440, 0x2920, 0x0041, 0x3960, 0xC420, 0xBC00, 0xC420, 0x2920, 0x0020, 0x9B60, 
    0xC420, 0xC420, 0x6A40, 0x3120, 0x2900, 0x0040, 0x0040, 0x0040, 0x0080, 0x08E1, 0x08E1, 0x0060, 
    0x9B60, 0xC420, 0xCC40, 0x6200, 0x0060, 0x0901, 0x0901, 0x0901, 0x0901, 0x0060, 0x31A2, 0x8CA5, 
    0x42E2, 0x0880, 0x0020, 0x62C8, 0x8BEA, 0x942B, 0xBD0E, 0xB4EE, 0xB4EE, 0xB50E, 0xBD0F, 0xBD0F, 
    0xBD0F, 0xB4CE, 0xACAD, 0xACCE, 0x8BEB, 0x83CA, 0x6AE8, 0x0060, 0x2AA3, 0x2AE3, 0x2AE3, 0x2AE3, 
    0x2AE3, 0x2AE3, 0x2AE3, 0x2AE3, 0x2AE3, 0x2AE3, 0x2AE3, 0x2AE3, 0x2B03, 0x2AE3, 0x3303, 0x3303, 
    0x3303, 0x3303, 0x2AE3, 0x2AE3, 0x2AE3, 0x2AE3, 0x2AE3, 0x2AE3, 0x2AE3, 0x2AE3, 0x2AE3, 0x2AE3, 
    0x2AE3, 0x2AE3, 0x3303, 0x3303, 0x2AE3, 0x2AE3, 0x2AE3, 0x2AE3, 0x2AE3, 0x2AE3, 0x2AC3, 0x2AC3, 
    0x2AE3, 0x2AE3, 0x2AE3, 0x2AE3, 0x2AC3, 0x2AC3, 0x2AC3, 0x2AC3, 0x2AE3, 0x2AE3, 0x2AE3, 0x2AE3, 
    0x2AE3, 0x2AE3, 0x2AE3, 0x2AE3, 0x2AE3, 0x2AE3, 0x2AE3, 0x2AE3, 0x2AE3, 0x2AE3, 0x2AE3, 0x2AE3, 
    0x2B03, 0x2AE3, 0x2AE3, 0x2AE3, 0x2AE3, 0x2AE3, 0x2AE3, 0x2AE3, 0x2AE3, 0x2AE3, 0x2AE3, 0x2AE3, 
    0x2AE3, 0x2AE3, 0x2B03, 0x1181, 0x3184, 0x83AA, 0xACCD, 0x7B69, 0x2143, 0x2963, 0x8BCA, 0xB4EE, 
    0xBD0F, 0xBD0F, 0xA48D, 0x3184, 0x2122, 0x7328, 0x9C6C, 0x7348, 0x41E5, 0x0020, 0x1080, 0x8C66, 
    0x6BE4, 0x1941, 0x0060, 0x08E1, 0x08E1, 0x00A1, 0x3980, 0xC420, 0xC400, 0xBBE0, 0xBC00, 0xC440, 
    0x8B00, 0x10A0, 0x0060, 0x00A1, 0x08E1, 0x00A1, 0x18E0, 0xB3E0, 0xC400, 0xC420, 0x3960, 0x0080, 
    0x0060, 0x8AE0, 0xC420, 0xC440, 0x7280, 0x0060, 0x08E1, 0x08E1, 0x08E1, 0x08E1, 0x08E1, 0x08E1, 
    0x0080, 0x7AA0, 0xC440, 0xBC00, 0xB3E0, 0x18A0, 0x00A0, 0x0040, 0x7280, 0xC420, 0xC400, 0xA360, 
    0x0860, 0x00A0, 0x0060, 0x0040, 0x0060, 0x0060, 0x0060, 0x3120, 0x9B60, 0xBC00, 0xC400, 0x82E0, 
    0x18A0, 0xA380, 0xC420, 0xC420, 0xA380, 0x20E0, 0x00C1, 0x0901, 0x0901, 0x0901, 0x08E1, 0x00E1, 
    0x10A0, 0xB3C0, 0xC400, 0xC420, 0x3140, 0x0040, 0x2920, 0xBC00, 0xBC00, 0xC420, 0x3940, 0x3960, 
    0xCC40, 0xC420, 0xC420, 0x2900, 0x0041, 0x3960, 0xC420, 0xBC00, 0xC420, 0x2920, 0x0020, 0x9B40, 
    0xC400, 0xBBE0, 0xBBE0, 0xBC00, 0x9B80, 0x18E0, 0x0880, 0x0081, 0x08E1, 0x08E1, 0x08E1, 0x0060, 
    0x9B40, 0xC420, 0xC420, 0x59E0, 0x0040, 0x08E1, 0x08E1, 0x0901, 0x0901, 0x0060, 0x31A2, 0x8CA5, 
    0x42E2, 0x0880, 0x0020, 0x4A26, 0x8BEA, 0xA4AD, 0x4205, 0x2122, 0x6B08, 0xB4CE, 0xB4EE, 0xB50F, 
    0xB4CE, 0x4205, 0x18C1, 0x41E5, 0x940B, 0x940B, 0x5286, 0x0080, 0x2AC3, 0x2AE3, 0x2AE3, 0x2AE3, 
    0x2AE3, 0x2AE3, 0x2AE3, 0x2AE3, 0x2AE3, 0x2AE3, 0x2AE3, 0x2AE3, 0x2AE3, 0x2AE3, 0x2AE3, 0x2B03, 
    0x3303, 0x32E3, 0x2AE3, 0x2AE3, 0x2AC3, 0x2AE3, 0x2AE3, 0x2AE3, 0x2AE3, 0x2AE3, 0x2AE3, 0x2AE3, 
    0x2AE3, 0x2AE3, 0x2AE3, 0x2AE3, 0x2AE3, 0x2AE3, 0x2AE3, 0x2AE3, 0x2AE3, 0x2AE3, 0x2AE3, 0x2AC3, 
    0x3323, 0x3323, 0x3323, 0x3323, 0x3323, 0x3323, 0x3323, 0x3323, 0x3323, 0x3323, 0x3323, 0x3323, 
    0x3344, 0x3323, 0x3344, 0x3344, 0x3343, 0x3343, 0x3323, 0x3323, 0x3323, 0x3323, 0x3343, 0x3323, 
    0x3323, 0x3323, 0x3323, 0x3323, 0x3323, 0x3323, 0x3323, 0x3323, 0x3303, 0x3303, 0x3323, 0x3323, 
    0x3323, 0x3323, 0x3344, 0x19C2, 0x2943, 0x838A, 0x9C6D, 0x10A1, 0x0060, 0x0060, 0x18C2, 0x9C4D, 
    0xBD0E, 0xA48D, 0x2103, 0x0060, 0x0060, 0x0881, 0x83AA, 0x7369, 0x3184, 0x0020, 0x08A0, 0x8C46, 
    0x6BC4, 0x1941, 0x0060, 0x08E1, 0x08E1, 0x00C1, 0x08A0, 0x3120, 0xB380, 0xBBE0, 0xBC00, 0xBC20, 
    0xBC00, 0xB400, 0x51E0, 0x0040, 0x00C1, 0x00C1, 0x1900, 0xBC00, 0xC400, 0xC420, 0x3960, 0x0080, 
    0x0060, 0x8B00, 0xC440, 0xCC40, 0x7280, 0x0060, 0x08E1, 0x08E1, 0x08E1, 0x08E1, 0x08E1, 0x08E1, 
    0x0080, 0x7AA0, 0xCC40, 0xC420, 0xB3E0, 0x18A0, 0x00A0, 0x0040, 0x7280, 0xC420, 0xBC00, 0xA360, 
    0x0860, 0x00C1, 0x08E1, 0x08E1, 0x08E1, 0x08E1, 0x0080, 0x49A0, 0xD440, 0xC400, 0xC400, 0x2920, 
    0x0000, 0x51E0, 0xCC20, 0xC420, 0xCC40, 0x2900, 0x00A1, 0x0901, 0x0901, 0x0901, 0x0901, 0x00E1, 
    0x10A0, 0xB3C0, 0xC420, 0xC440, 0x3940, 0x0040, 0x2900, 0xBC00, 0xBBE0, 0xC400, 0x3940, 0x4160, 
    0xCC40, 0xC420, 0xBC00, 0x2900, 0x0020, 0x3960, 0xC440, 0xC420, 0xC420, 0x2920, 0x0040, 0x18A0, 
    0x7240, 0xC400, 0xBBE0, 0xBC00, 0xC420, 0xBC00, 0x7A80, 0x0020, 0x00A1, 0x08E1, 0x08E1, 0x0060, 
    0x9B60, 0xC420, 0xCC20, 0x51C0, 0x0060, 0x08E1, 0x08E1, 0x0901, 0x0901, 0x0060, 0x3182, 0x8C85, 
    0x3AE3, 0x0880, 0x0020, 0x41E5, 0x942B, 0x39C5, 0x0040, 0x0040, 0x0861, 0x7309, 0xBD0E, 0xBD0E, 
    0x5266, 0x0040, 0x0060, 0x0081, 0x4A46, 0x942B, 0x4A25, 0x0080, 0x3303, 0x3323, 0x3323, 0x3323, 
    0x3323, 0x3323, 0x3323, 0x3323, 0x3323, 0x3323, 0x3323, 0x3323, 0x3323, 0x3323, 0x3323, 0x3323, 
    0x3323, 0x3323, 0x3323, 0x3323, 0x3323, 0x3323, 0x3324, 0x3323, 0x3343, 0x3323, 0x3323, 0x3323, 
    0x3323, 0x3323, 0x3323, 0x3323, 0x3323, 0x3323, 0x3323, 0x3323, 0x3323, 0x3323, 0x3323, 0x3323, 
    0x2AE3, 0x2AE3, 0x2AE3, 0x2B03, 0x2AE3, 0x2B03, 0x2B03, 0x2B03, 0x2B03, 0x2B03, 0x3303, 0x3303, 
    0x3303, 0x2B03, 0x3303, 0x2B03, 0x2B03, 0x2B03, 0x2B03, 0x3303, 0x3303, 0x3303, 0x3303, 0x2AE3, 
    0x3303, 0x2B03, 0x2AE3, 0x2B03, 0x3303, 0x3303, 0x2AE3, 0x2AE3, 0x2B03, 0x2B03, 0x2AE3, 0x2AE3, 
    0x3303, 0x3303, 0x3323, 0x19A2, 0x10A1, 0x62C7, 0x942C, 0x0061, 0x0881, 0x0861, 0x0040, 0x9C2C, 
    0xC54F, 0xA46D, 0x0881, 0x0081, 0x0881, 0x0040, 0x7B69, 0x6B07, 0x2943, 0x0020, 0x10A1, 0x9486, 
    0x6BC4, 0x1941, 0x0060, 0x08E1, 0x0901, 0x0901, 0x00C1, 0x0060, 0x4160, 0x4180, 0xA380, 0xC420, 
    0xBBE0, 0xBC00, 0xC420, 0x82E0, 0x08A0, 0x00A1, 0x1900, 0xBBE0, 0xBBE0, 0xC420, 0x4160, 0x0080, 
    0x0060, 0x8AE0, 0xC420, 0xC440, 0x7280, 0x0060, 0x08E1, 0x08E1, 0x0901, 0x0901, 0x08E1, 0x08E1, 
    0x0060, 0x7AA0, 0xCC60, 0xC420, 0xB3E0, 0x18A0, 0x0080, 0x0040, 0x7280, 0xC420, 0xBC00, 0xA360, 
    0x0060, 0x00C1, 0x08E1, 0x08E1, 0x08E1, 0x08E1, 0x0080, 0x4180, 0xC420, 0xBC00, 0xC420, 0x49C0, 
    0x28E0, 0x7280, 0xCC40, 0xC420, 0xC420, 0x2900, 0x00A1, 0x0901, 0x0901, 0x0901, 0x0901, 0x00E1, 
    0x10A0, 0xB3C0, 0xC420, 0xC440, 0x3940, 0x0040, 0x2900, 0xBBE0, 0xBBE0, 0xC400, 0x3940, 0x4180, 
    0xCC60, 0xC420, 0xC420, 0x2900, 0x0020, 0x3960, 0xC440, 0xC420, 0xC420, 0x3120, 0x0081, 0x0040, 
    0x20C0, 0x4980, 0x9B00, 0xC400, 0xBBC0, 0xB3C0, 0xBC00, 0x9340, 0x2920, 0x00A1, 0x08E1, 0x0060, 
    0xA360, 0xC420, 0xCC40, 0x51C0, 0x0060, 0x08E1, 0x08E1, 0x0901, 0x0901, 0x0080, 0x3182, 0x8485, 
    0x4303, 0x0880, 0x0020, 0x3163, 0x83CA, 0x2964, 0x0060, 0x08A1, 0x0020, 0x62E8, 0xBD0E, 0xB4EE, 
    0x39E5, 0x0040, 0x0881, 0x0040, 0x39C4, 0x83AA, 0x2122, 0x0080, 0x2AC3, 0x2AE3, 0x2AE3, 0x2B03, 
    0x2AE3, 0x2AE3, 0x2AE3, 0x2AE3, 0x2AE3, 0x2AE3, 0x2AE3, 0x2AE3, 0x2AE3, 0x2B03, 0x2AE3, 0x32E3, 
    0x2AE3, 0x3303, 0x2B03, 0x2AE3, 0x2AE3, 0x2AE3, 0x32E3, 0x3303, 0x3303, 0x3303, 0x2B03, 0x2AE3, 
    0x2AE3, 0x2AE3, 0x2AE3, 0x2AE3, 0x2AE3, 0x2B03, 0x2AE3, 0x2AE3, 0x2B03, 0x2AE3, 0x2AE3, 0x2AE3, 
    0x2AE3, 0x2AE3, 0x2AE3, 0x2AE3, 0x2AE3, 0x2B03, 0x2AE3, 0x32E3, 0x3303, 0x2B03, 0x2AE3, 0x2AE3, 
    0x2AE3, 0x2AC3, 0x2AE3, 0x2AE3, 0x2AE3, 0x2AE3, 0x2AE3, 0x2AE3, 0x2AE3, 0x2AE3, 0x2AE3, 0x2AE3, 
    0x3303, 0x2B03, 0x2AE3, 0x2AE3, 0x3303, 0x2AE3, 0x2AE3, 0x2AE3, 0x2B03, 0x2B03, 0x2AE3, 0x2AE3, 
    0x2AE3, 0x3303, 0x2B03, 0x0921, 0x2903, 0x9C6C, 0xB52F, 0x6B08, 0x0020, 0x0040, 0x7329, 0xACAD, 
    0x5A87, 0xACAD, 0x7B69, 0x0881, 0x0020, 0x6B08, 0xA48C, 0x83A9, 0x3183, 0x0000, 0x10C1, 0x9466, 
    0x63C4, 0x1941, 0x0060, 0x0901, 0x0901, 0x08E1, 0x00C1, 0x0081, 0x0020, 0x0020, 0x82C0, 0xABA0, 
    0xB3C0, 0xC400, 0xC400, 0xB3C0, 0x10A0, 0x0081, 0x18E0, 0xBBE0, 0xBBE0, 0xC400, 0x3960, 0x0080, 
    0x0060, 0x8AC0, 0xC420, 0xC440, 0x7280, 0x0060, 0x08E1, 0x08E1, 0x08E1, 0x08E1, 0x08E1, 0x08E1, 
    0x0080, 0x7A80, 0xCC40, 0xC420, 0xB3E0, 0x18A0, 0x00A0, 0x0040, 0x7280, 0xC400, 0xBC00, 0xA360, 
    0x0860, 0x00A1, 0x0080, 0x0060, 0x0080, 0x0081, 0x0061, 0x4980, 0xC420, 0xBC00, 0xBC00, 0xBBE0, 
    0xBC00, 0xC420, 0xC420, 0xC420, 0xC420, 0x2900, 0x00A1, 0x0901, 0x0901, 0x0901, 0x0901, 0x00E1, 
    0x10A0, 0xB3E0, 0xC420, 0xC440, 0x3940, 0x0041, 0x2920, 0xBBE0, 0xBC00, 0xC420, 0x3940, 0x4180, 
    0xCC40, 0xC420, 0xBC00, 0x2900, 0x0020, 0x3960, 0xC420, 0xC400, 0xC400, 0x3120, 0x0080, 0x0081, 
    0x0020, 0x0020, 0x6200, 0x9300, 0xA340, 0xBBE0, 0xBC00, 0xC420, 0x3960, 0x0081, 0x00E1, 0x0060, 
    0xA360, 0xC420, 0xCC40, 0x49A0, 0x0060, 0x0901, 0x0901, 0x0901, 0x0901, 0x0080, 0x3182, 0x8465, 
    0x4303, 0x08A0, 0x0000, 0x4A25, 0x942B, 0x942B, 0x3164, 0x0020, 0x5266, 0xACAD, 0x7B6A, 0x7B69, 
    0xA46C, 0x3184, 0x0000, 0x39C5, 0x9C4C, 0x8BEA, 0x3183, 0x0060, 0x2AC3, 0x2AE3, 0x2AE3, 0x2AE3, 
    0x2AE3, 0x2AE3, 0x2AE3, 0x2AE3, 0x2AE3, 0x2AE3, 0x2AE3, 0x2AC3, 0x2AE3, 0x2AE3, 0x2AE3, 0x2AE3, 
    0x2B03, 0x2AE3, 0x2AE3, 0x2AE3, 0x2AC3, 0x2AE3, 0x2AE3, 0x2AE3, 0x2AE3, 0x2B03, 0x2AE3, 0x2AE3, 
    0x2AE3, 0x2AE3, 0x2AE3, 0x2AE3, 0x2AE3, 0x2AE3, 0x2AE3, 0x2AE3, 0x2AE3, 0x2AE3, 0x2AE3, 0x2AE3, 
    0x3344, 0x3344, 0x3344, 0x3344, 0x3344, 0x3323, 0x3344, 0x3324, 0x3323, 0x3B44, 0x3323, 0x3323, 
    0x3323, 0x3323, 0x3323, 0x3323, 0x3B44, 0x3343, 0x3323, 0x3323, 0x3323, 0x3343, 0x3343, 0x3323, 
    0x3323, 0x3343, 0x3323, 0x3323, 0x3323, 0x3323, 0x3323, 0x3323, 0x3323, 0x3323, 0x3323, 0x3323, 
    0x3323, 0x3344, 0x3344, 0x2222, 0x1942, 0x39C5, 0xA48C, 0xB4EE, 0x83AA, 0x83AA, 0xB50E, 0x5287, 
    0x0020, 0x5246, 0xB4EE, 0x8BEB, 0x8BCB, 0xACCD, 0x942B, 0x4225, 0x10E1, 0x00A0, 0x10A1, 0x9466, 
    0x63C4, 0x1941, 0x0080, 0x0901, 0x0901, 0x00C1, 0x0880, 0x2920, 0x2920, 0x2900, 0x10A0, 0x0860, 
    0x51C0, 0xC3E0, 0xBBE0, 0xABC0, 0x0880, 0x0081, 0x18E0, 0xBBE0, 0xBC00, 0xC400, 0x3960, 0x0081, 
    0x0060, 0x82C0, 0xC440, 0xC440, 0x7280, 0x0060, 0x08E1, 0x08E1, 0x08E1, 0x08E1, 0x08E1, 0x0901, 
    0x0060, 0x7280, 0xCC40, 0xC420, 0xBBE0, 0x18C0, 0x00A1, 0x0020, 0x7260, 0xC400, 0xBC00, 0xA360, 
    0x0880, 0x0060, 0x2920, 0x5A00, 0x6220, 0x49A0, 0x0020, 0x49A0, 0xCC40, 0xBC00, 0xBC00, 0xC400, 
    0xC420, 0xBC00, 0xBC00, 0xC420, 0xC420, 0x2900, 0x00A1, 0x0901, 0x0901, 0x0901, 0x0901, 0x00E1, 
    0x10A0, 0xB3C0, 0xC400, 0xC420, 0x3140, 0x0040, 0x2920, 0xBC00, 0xBC00, 0xC420, 0x3940, 0x4180, 
    0xCC40, 0xC420, 0xC400, 0x2920, 0x0020, 0x3960, 0xC420, 0xC420, 0xC400, 0x3120, 0x0040, 0x2920, 
    0x2920, 0x2920, 0x10A0, 0x0860, 0x20C0, 0xB3A0, 0xBBE0, 0xC420, 0x3960, 0x0080, 0x00C1, 0x0060, 
    0xA380, 0xC420, 0xCC40, 0x49A0, 0x0060, 0x0901, 0x0901, 0x0901, 0x0901, 0x0080, 0x3182, 0x8465, 
    0x4303, 0x08A0, 0x0040, 0x10A1, 0x5266, 0xA4AD, 0x9C6C, 0x8BEB, 0xACAD, 0x944C, 0x1922, 0x1902, 
    0x9C6C, 0x942B, 0x83AA, 0xA48D, 0x9C8C, 0x4A45, 0x08C1, 0x19C2, 0x3303, 0x3323, 0x3323, 0x3323, 
    0x3323, 0x3323, 0x3323, 0x3323, 0x3323, 0x3323, 0x3323, 0x3323, 0x3323, 0x3303, 0x3303, 0x3323, 
    0x3323, 0x3323, 0x3323, 0x3323, 0x3323, 0x3303, 0x3303, 0x3303, 0x3323, 0x3323, 0x3323, 0x3323, 
    0x3323, 0x3323, 0x3323, 0x3323, 0x3323, 0x3323, 0x3324, 0x3324, 0x3324, 0x3323, 0x3323, 0x3324, 
    0x2B04, 0x2B04, 0x2B03, 0x3304, 0x3303, 0x3303, 0x3303, 0x3303, 0x3303, 0x3303, 0x2AE3, 0x2AE3, 
    0x2AE3, 0x2AE3, 0x2AE3, 0x3303, 0x3303, 0x3303, 0x3303, 0x2B03, 0x3303, 0x3303, 0x3303, 0x3303, 
    0x3303, 0x3303, 0x3303, 0x3303, 0x2B03, 0x2B03, 0x2B03, 0x3303, 0x3303, 0x2AE3, 0x3303, 0x2B03, 
    0x3303, 0x3324, 0x2AC3, 0x2AA3, 0x1182, 0x10C2, 0x7B89, 0xA4AD, 0x83CA, 0x9C6C, 0xA4AD, 0x10A1, 
    0x1081, 0x10A1, 0xACCE, 0x940B, 0x7328, 0x940B, 0x62E7, 0x0861, 0x00E1, 0x0941, 0x10A1, 0x9486, 
    0x63C4, 0x1941, 0x0080, 0x0901, 0x0901, 0x00A1, 0x3980, 0xCC40, 0xC400, 0xC400, 0x2920, 0x0000, 
    0x4180, 0xC3E0, 0xBBE0, 0xABA0, 0x0880, 0x0040, 0x18C0, 0xBBE0, 0xBBE0, 0xC420, 0x4160, 0x0040, 
    0x0040, 0x82C0, 0xC420, 0xCC40, 0x7260, 0x0000, 0x0040, 0x0020, 0x0020, 0x0020, 0x0080, 0x00A0, 
    0x0000, 0x7AA0, 0xCC60, 0xC420, 0xB3C0, 0x1080, 0x0040, 0x0020, 0x7280, 0xC420, 0xC400, 0x9B40, 
    0x0040, 0x0000, 0x6A40, 0xCC20, 0xCC40, 0xA360, 0x0020, 0x49A0, 0xCC60, 0xC420, 0xBC00, 0xC420, 
    0xC420, 0xC400, 0xBBE0, 0xC420, 0xCC40, 0x2900, 0x00A1, 0x0901, 0x0901, 0x0901, 0x0901, 0x00E1, 
    0x10A0, 0xB3C0, 0xC420, 0xC420, 0x3120, 0x0000, 0x2900, 0xC420, 0xC400, 0xC420, 0x3940, 0x4180, 
    0xCC40, 0xC420, 0xC400, 0x2900, 0x0000, 0x3960, 0xC420, 0xBC00, 0xBC00, 0x2900, 0x0860, 0xBC20, 
    0xC420, 0xBC00, 0x4160, 0x0000, 0x0860, 0xABA0, 0xBC00, 0xC420, 0x3960, 0x0060, 0x00E1, 0x0060, 
    0xA380, 0xC420, 0xCC40, 0x49A0, 0x0060, 0x0901, 0x0901, 0x0901, 0x0901, 0x0080, 0x2982, 0x7C65, 
    0x4303, 0x0880, 0x0941, 0x00A0, 0x2123, 0x7B69, 0x9C4C, 0x6B28, 0xA48C, 0x62E8, 0x0040, 0x0881, 
    0x6B29, 0xACCD, 0x6B28, 0x940B, 0x6B08, 0x0861, 0x00C1, 0x1A22, 0x2AA3, 0x2B03, 0x2B03, 0x3303, 
    0x3303, 0x3303, 0x3303, 0x2AE3, 0x3303, 0x2B03, 0x2AE3, 0x3303, 0x3303, 0x2AE3, 0x2AE3, 0x2AE3, 
    0x2AE3, 0x2AE3, 0x2AE3, 0x2B03, 0x2AE3, 0x2AE3, 0x2AE3, 0x2AE3, 0x2AE3, 0x2AE3, 0x2AE3, 0x2AE3, 
    0x2AE3, 0x2AE3, 0x2B03, 0x3303, 0x3303, 0x32E3, 0x2AE3, 0x2AE3, 0x3303, 0x3303, 0x2B03, 0x2B03, 
    0x2AE3, 0x2AE3, 0x2AE3, 0x2AE3, 0x2AE3, 0x2AE3, 0x2AE3, 0x2AE3, 0x2AE3, 0x2AE3, 0x2AC3, 0x2AE3, 
    0x2AE3, 0x2AE3, 0x2AE3, 0x3303, 0x2AE3, 0x2AE3, 0x2AE3, 0x2AE3, 0x2AE3, 0x2AE3, 0x2AE3, 0x2AE3, 
    0x2AE3, 0x2AE3, 0x2AE3, 0x2AE3, 0x2AE3, 0x2AE3, 0x2AE3, 0x2B03, 0x2AE3, 0x2AE3, 0x2AE3, 0x2AE3, 
    0x2AE3, 0x2AE3, 0x2AC3, 0x2263, 0x1202, 0x1182, 0x10A1, 0x2102, 0x3183, 0x8BEA, 0xACCD, 0x7329, 
    0xA48C, 0x7B8A, 0xACCD, 0x83AA, 0x2102, 0x1902, 0x18E2, 0x08A1, 0x0941, 0x0941, 0x10C1, 0x9465, 
    0x63A4, 0x1941, 0x0080, 0x0901, 0x0901, 0x00A1, 0x3960, 0xC420, 0xBBE0, 0xC400, 0x8B20, 0x72A0, 
    0x9320, 0xBC00, 0xBC00, 0xABA0, 0x0880, 0x2900, 0x8AE0, 0xBBE0, 0xBBE0, 0xC400, 0x9B40, 0x41A0, 
    0x0000, 0x82C0, 0xC400, 0xC400, 0xABA0, 0x82E0, 0x82E0, 0x7AA0, 0x7AC0, 0x6A60, 0x0060, 0x0880, 
    0x7AA0, 0xB3C0, 0xCC40, 0xBBE0, 0xB3A0, 0x7AA0, 0x4180, 0x0020, 0x7280, 0xC400, 0xBC00, 0xB3E0, 
    0x7AC0, 0x7AA0, 0xA380, 0xBBE0, 0xB3C0, 0x9300, 0x0020, 0x49A0, 0xCC40, 0xC400, 0xABA0, 0x4980, 
    0x4980, 0x59E0, 0xBBC0, 0xC400, 0xC420, 0x2900, 0x00A1, 0x0901, 0x0901, 0x0901, 0x0901, 0x00E1, 
    0x1080, 0xB3A0, 0xBC00, 0xC420, 0x9340, 0x7AA0, 0x8B00, 0xC420, 0xBC00, 0xBC00, 0x3960, 0x4180, 
    0xCC40, 0xBC00, 0xBBE0, 0x9320, 0x82C0, 0x9320, 0xBBE0, 0xBBE0, 0xBBE0, 0x2900, 0x0860, 0xB3E0, 
    0xBC20, 0xC420, 0x9320, 0x7AA0, 0x82E0, 0xBC00, 0xBBE0, 0xC400, 0x3960, 0x0080, 0x00E1, 0x0060, 
    0xA360, 0xC420, 0xC420, 0x49A0, 0x0060, 0x0901, 0x0901, 0x0901, 0x0901, 0x0080, 0x3182, 0x7C65, 
    0x4303, 0x08A1, 0x0941, 0x0941, 0x10E1, 0x2102, 0x2122, 0x39C4, 0xA46C, 0x8BEB, 0x83AA, 0x8BEB, 
    0x940B, 0xACCD, 0x4205, 0x18E2, 0x18E2, 0x08E1, 0x11E2, 0x1202, 0x2283, 0x2AE3, 0x2AE3, 0x2AE3, 
    0x2AE3, 0x2AE3, 0x2AE3, 0x2AE3, 0x2AE3, 0x2AE3, 0x2AE3, 0x2AE3, 0x2AE3, 0x2AE3, 0x2AE3, 0x2AE3, 
    0x2AE3, 0x2AC3, 0x2AE3, 0x2AE3, 0x2AE3, 0x2AE3, 0x2AE3, 0x2AE3, 0x2AE3, 0x2AE3, 0x2AE3, 0x2AE3, 
    0x2AE3, 0x2AE3, 0x2AE3, 0x2AE3, 0x2AE3, 0x2AE3, 0x2AE3, 0x2AE3, 0x3303, 0x3303, 0x3303, 0x3303, 
    0x3324, 0x3323, 0x3323, 0x3323, 0x3323, 0x3303, 0x3323, 0x3323, 0x3323, 0x3323, 0x3323, 0x3324, 
    0x3344, 0x3324, 0x3344, 0x3324, 0x3323, 0x3323, 0x3323, 0x3323, 0x3323, 0x3323, 0x3323, 0x3323, 
    0x3323, 0x3323, 0x3323, 0x3323, 0x3323, 0x3323, 0x3323, 0x3323, 0x3344, 0x3343, 0x3323, 0x3323, 
    0x3323, 0x3323, 0x3323, 0x2AE3, 0x22A3, 0x1A22, 0x0901, 0x0040, 0x62C7, 0xACAD, 0xACAD, 0xBD2E, 
    0xB50E, 0xB50E, 0x9C6C, 0xA48C, 0x4A46, 0x0060, 0x0101, 0x0981, 0x11E2, 0x0961, 0x0880, 0x9465, 
    0x63C4, 0x1921, 0x0060, 0x0901, 0x0901, 0x00A1, 0x3140, 0xBBC0, 0xC400, 0xBC00, 0xBC00, 0xBC00, 
    0xC400, 0xBBE0, 0xBBE0, 0x9B20, 0x0060, 0x51E0, 0xCC20, 0xBBC0, 0xBBE0, 0xBBE0, 0xCC20, 0x7280, 
    0x0000, 0x82C0, 0xBC00, 0xBBE0, 0xBC00, 0xC420, 0xBC00, 0xBBE0, 0xBC00, 0xABA0, 0x0080, 0x18C0, 
    0xC400, 0xC400, 0xBC00, 0xBC00, 0xB3E0, 0xC400, 0x7AE0, 0x0020, 0x6200, 0xB3A0, 0xBBC0, 0xBBE0, 
    0xBC00, 0xBC00, 0xC400, 0xBBC0, 0xBBC0, 0x82A0, 0x0000, 0x4180, 0xC400, 0xC400, 0xABA0, 0x0040, 
    0x0000, 0x18C0, 0xC3E0, 0xC420, 0xC400, 0x28E0, 0x00A1, 0x0901, 0x0901, 0x0901, 0x0901, 0x00E1, 
    0x1080, 0xABA0, 0xBC00, 0xBC00, 0xBC00, 0xBBE0, 0xBBE0, 0xBC00, 0xBC00, 0xB3A0, 0x3120, 0x3960, 
    0xC400, 0xBC00, 0xBBE0, 0xBC00, 0xC400, 0xBC00, 0xBBE0, 0xBC00, 0xAB60, 0x20E0, 0x0880, 0x9B40, 
    0xBBE0, 0xBBE0, 0xBBE0, 0xBBC0, 0xBBE0, 0xBBE0, 0xBBC0, 0xBBC0, 0x3140, 0x0081, 0x00E1, 0x0060, 
    0xA340, 0xC400, 0xC420, 0x49A0, 0x0060, 0x0901, 0x0901, 0x0901, 0x0901, 0x0060, 0x3182, 0x8465, 
    0x42E2, 0x08A1, 0x0941, 0x11C2, 0x0961, 0x00C1, 0x10A1, 0x7B89, 0x9C6B, 0xACCD, 0xACEE, 0xB4EE, 
    0xB4ED, 0xA46C, 0x8BEA, 0x0881, 0x00A0, 0x09A2, 0x1242, 0x2AA3, 0x3324, 0x3323, 0x3323, 0x3323, 
    0x3323, 0x3323, 0x3323, 0x3323, 0x3323, 0x3323, 0x3323, 0x3303, 0x3323, 0x3323, 0x3324, 0x3323, 
    0x3323, 0x3323, 0x3323, 0x3323, 0x3323, 0x3323, 0x3323, 0x3323, 0x3323, 0x3323, 0x3323, 0x3323, 
    0x3323, 0x3323, 0x3323, 0x3323, 0x3323, 0x3323, 0x3323, 0x3323, 0x3323, 0x3323, 0x3343, 0x3344, 
    0x3303, 0x3303, 0x3303, 0x3303, 0x3303, 0x3303, 0x3303, 0x3303, 0x3303, 0x3303, 0x3303, 0x3303, 
    0x3304, 0x3303, 0x3303, 0x3303, 0x3303, 0x3303, 0x3303, 0x3303, 0x3303, 0x3303, 0x3303, 0x3303, 
    0x3303, 0x3303, 0x3303, 0x3303, 0x3303, 0x3323, 0x3323, 0x3323, 0x3324, 0x3303, 0x3303, 0x3303, 
    0x3303, 0x3303, 0x3324, 0x3324, 0x2AE3, 0x1A62, 0x11E2, 0x0080, 0x7B69, 0x9C4B, 0x6B08, 0xACAD, 
    0x6B08, 0xACAD, 0x4A25, 0x9C4C, 0x6B28, 0x0080, 0x09C1, 0x11C1, 0x11E2, 0x0961, 0x0860, 0x5B23, 
    0x7425, 0x3A42, 0x08C1, 0x00A1, 0x0901, 0x00C1, 0x0060, 0x20E0, 0x9B20, 0xC400, 0xBC00, 0xBC00, 
    0xBC00, 0xC400, 0x9300, 0x18A0, 0x0020, 0x51E0, 0xCC20, 0xBC00, 0xBBE0, 0xBBE0, 0xCC20, 0x7280, 
    0x0000, 0x8AE0, 0xC420, 0xC420, 0xBC00, 0xBC00, 0xBBE0, 0xBC00, 0xC420, 0xAB80, 0x0060, 0x18A0, 
    0xBBE0, 0xBBE0, 0xBC00, 0xC400, 0xC420, 0xCC40, 0x7AC0, 0x0020, 0x0840, 0x4180, 0xAB80, 0xBBE0, 
    0xC400, 0xC400, 0xBBE0, 0xBBE0, 0x82A0, 0x18A0, 0x0020, 0x4180, 0xC420, 0xC400, 0xB3A0, 0x0880, 
    0x00A1, 0x20E0, 0xC400, 0xCC20, 0xC400, 0x2900, 0x00A1, 0x0901, 0x0901, 0x0901, 0x0901, 0x00E1, 
    0x1080, 0xB3A0, 0xC400, 0xBC00, 0xBBE0, 0xB3E0, 0xBBE0, 0xC420, 0x9B40, 0x20E0, 0x0040, 0x0060, 
    0x3140, 0xABA0, 0xC420, 0xBC00, 0xBBE0, 0xBC00, 0xC420, 0x9320, 0x18C0, 0x0081, 0x0081, 0x1080, 
    0x82C0, 0xC400, 0xBBE0, 0xBBE0, 0xBC00, 0xBBE0, 0xAB60, 0x3940, 0x0060, 0x00C1, 0x00E1, 0x0060, 
    0xA360, 0xC420, 0xCC20, 0x49A0, 0x0060, 0x0901, 0x08E1, 0x0901, 0x00A1, 0x10E1, 0x4AC3, 0x7424, 
    0x3282, 0x0080, 0x0962, 0x11E2, 0x11E2, 0x0961, 0x10A2, 0xA46C, 0x6B08, 0x83AA, 0x8BCA, 0x83AA, 
    0x940B, 0x5266, 0x9C6B, 0x18E2, 0x0921, 0x1202, 0x1A42, 0x3303, 0x3303, 0x3303, 0x3303, 0x3303, 
    0x3303, 0x3303, 0x3303, 0x3303, 0x3303, 0x3303, 0x3304, 0x3303, 0x3303, 0x3303, 0x3303, 0x3303, 
    0x3303, 0x3303, 0x3303, 0x3303, 0x2AE3, 0x2B03, 0x2B03, 0x2B03, 0x2B03, 0x2B03, 0x2B03, 0x2B03, 
    0x3303, 0x2AE3, 0x2B03, 0x2B03, 0x2B03, 0x2B03, 0x2AE3, 0x2B03, 0x2B03, 0x2B03, 0x2B03, 0x2AE3, 
    0x2AC3, 0x2AE3, 0x2AE3, 0x2AE3, 0x2AE3, 0x2AE3, 0x2AE3, 0x2AE3, 0x2AE3, 0x2AE3, 0x2AE3, 0x2AE3, 
    0x2AE3, 0x2AE3, 0x2AE3, 0x2AE3, 0x2AE3, 0x2AE3, 0x2AE3, 0x2AE3, 0x2AE3, 0x2AE3, 0x2AE3, 0x2AE3, 
    0x2AE3, 0x2AE3, 0x2AE3, 0x2AE3, 0x2AE3, 0x2AE3, 0x2AE3, 0x2B03, 0x2AE3, 0x2AE3, 0x2AE3, 0x2AC3, 
    0x2AC3, 0x2AE3, 0x2AE3, 0x2AE3, 0x2AE3, 0x22A3, 0x11E2, 0x00A1, 0x31A4, 0x5A86, 0x3163, 0x83A9, 
    0x18E2, 0x83A9, 0x2123, 0x62C7, 0x4204, 0x0060, 0x09A1, 0x1202, 0x1202, 0x1161, 0x0060, 0x21C1, 
    0x7404, 0x63A3, 0x29E2, 0x0080, 0x08E1, 0x08E1, 0x08E1, 0x0040, 0x2900, 0x9B40, 0x9B20, 0x9320, 
    0x9300, 0x9B20, 0x3120, 0x0060, 0x0081, 0x3960, 0x9B20, 0x9300, 0x92E0, 0x8AE0, 0x9300, 0x51E0, 
    0x0020, 0x6220, 0x9B20, 0x9320, 0x9300, 0x9300, 0x9320, 0x9320, 0x9300, 0x7A80, 0x0040, 0x10A0, 
    0x8AE0, 0x9300, 0x9300, 0x9320, 0x9320, 0x9B40, 0x59E0, 0x0040, 0x00A1, 0x0020, 0x6A40, 0x9B20, 
    0x9B40, 0x9B40, 0x9320, 0x9300, 0x20C0, 0x0060, 0x0081, 0x3120, 0x9B20, 0x9300, 0x7AA0, 0x0880, 
    0x00C1, 0x10C0, 0x8AC0, 0x9320, 0x9B20, 0x20E0, 0x00A1, 0x0901, 0x0901, 0x0901, 0x0901, 0x00E1, 
    0x0880, 0x8AC0, 0x9320, 0x9300, 0x9300, 0x9300, 0x9300, 0x9B20, 0x4160, 0x0040, 0x08C1, 0x00C1, 
    0x0040, 0x51C0, 0x9B20, 0x9300, 0x8B00, 0x9320, 0x9B40, 0x3120, 0x0060, 0x08E1, 0x08E1, 0x0080, 
    0x20E0, 0x92E0, 0x9300, 0x9300, 0x9300, 0x92E0, 0x61E0, 0x0040, 0x00C1, 0x08E1, 0x00E1, 0x0060, 
    0x7A80, 0x9300, 0x9300, 0x3940, 0x0080, 0x0901, 0x08E1, 0x08E1, 0x0080, 0x3A62, 0x7C64, 0x4B23, 
    0x19C2, 0x0060, 0x0962, 0x1A22, 0x1A02, 0x0981, 0x0881, 0x5AA7, 0x3163, 0x5A86, 0x4A25, 0x39C4, 
    0x62C7, 0x2943, 0x4A65, 0x0881, 0x0941, 0x1A22, 0x2262, 0x2AE3, 0x2AE3, 0x2AE3, 0x2AE3, 0x2AC3, 
    0x2AE3, 0x2AE3, 0x2AE3, 0x2AE3, 0x2AE3, 0x2AE3, 0x2AE3, 0x2AE3, 0x2AE3, 0x2AE3, 0x2AE3, 0x2AE3, 
    0x2AE3, 0x2AE3, 0x2AE3, 0x2AC3, 0x2AC3, 0x22C3, 0x2AE3, 0x2AE3, 0x2AE3, 0x2AC3, 0x2AE3, 0x2AC3, 
    0x2AC3, 0x2AC3, 0x2AC3, 0x2AE3, 0x2AE3, 0x2AE3, 0x2AE3, 0x2AC3, 0x2AE3, 0x2AE3, 0x2AE3, 0x2AE3, 
    0x3323, 0x3323, 0x3323, 0x3323, 0x3324, 0x3324, 0x3323, 0x3323, 0x3323, 0x3323, 0x3323, 0x3323, 
    0x3303, 0x3323, 0x3323, 0x3323, 0x3323, 0x3323, 0x3323, 0x3323, 0x3323, 0x3323, 0x3323, 0x3323, 
    0x3323, 0x3323, 0x3323, 0x3323, 0x3323, 0x3323, 0x3323, 0x3323, 0x3343, 0x3343, 0x3323, 0x3323, 
    0x3323, 0x3323, 0x3303, 0x3303, 0x3303, 0x32E3, 0x2AE3, 0x1A02, 0x08A1, 0x10A1, 0x0881, 0x2943, 
    0x0841, 0x2122, 0x0861, 0x2122, 0x10C1, 0x11A2, 0x11E2, 0x2262, 0x2AC3, 0x2243, 0x0941, 0x00A1, 
    0x3242, 0x7404, 0x73E4, 0x2182, 0x0020, 0x0901, 0x0901, 0x08C1, 0x0040, 0x0060, 0x0060, 0x0040, 
    0x0040, 0x0040, 0x0060, 0x08E1, 0x00C1, 0x0040, 0x0040, 0x0040, 0x0040, 0x0040, 0x0040, 0x0040, 
    0x0060, 0x0040, 0x0040, 0x0040, 0x0040, 0x0040, 0x0040, 0x0040, 0x0040, 0x0040, 0x0080, 0x0060, 
    0x0040, 0x0040, 0x0040, 0x0040, 0x0040, 0x0040, 0x0040, 0x0080, 0x08E1, 0x00A1, 0x0040, 0x0040, 
    0x0040, 0x0040, 0x0040, 0x0040, 0x0060, 0x08E1, 0x00C1, 0x0040, 0x0060, 0x0040, 0x0020, 0x0080, 
    0x08E1, 0x0060, 0x0020, 0x0040, 0x0040, 0x0060, 0x00C1, 0x0901, 0x0901, 0x0901, 0x0901, 0x08E1, 
    0x0060, 0x0040, 0x0040, 0x0040, 0x0040, 0x0040, 0x0040, 0x0040, 0x0060, 0x08E1, 0x0901, 0x08E1, 
    0x08C1, 0x0040, 0x0040, 0x0040, 0x0040, 0x0040, 0x0040, 0x0060, 0x08C1, 0x0901, 0x0901, 0x08E1, 
    0x0060, 0x0040, 0x0040, 0x0040, 0x0040, 0x0040, 0x0040, 0x00A1, 0x08E1, 0x08E1, 0x08E1, 0x0060, 
    0x0040, 0x0040, 0x0040, 0x0040, 0x08C1, 0x0901, 0x08E1, 0x0040, 0x3A22, 0x7C45, 0x7405, 0x21E2, 
    0x0040, 0x0921, 0x11C2, 0x2263, 0x2AA3, 0x2283, 0x11A2, 0x0881, 0x1081, 0x18E2, 0x18C2, 0x0881, 
    0x10C2, 0x0861, 0x0861, 0x0961, 0x1202, 0x22A3, 0x3303, 0x3323, 0x3323, 0x3323, 0x3323, 0x3323, 
    0x3323, 0x3323, 0x3323, 0x3323, 0x3323, 0x3323, 0x3323, 0x3323, 0x3324, 0x3324, 0x3323, 0x3323, 
    0x3323, 0x3323, 0x3323, 0x3323, 0x3323, 0x3323, 0x3303, 0x3303, 0x3323, 0x3323, 0x3323, 0x3323, 
    0x3303, 0x3323, 0x3323, 0x3323, 0x3323, 0x3323, 0x3303, 0x3323, 0x3323, 0x3323, 0x3323, 0x3323, 
    0x3303, 0x3303, 0x3303, 0x3303, 0x3304, 0x3304, 0x3304, 0x3303, 0x3303, 0x3303, 0x3303, 0x3303, 
    0x3303, 0x3303, 0x2B03, 0x3303, 0x3303, 0x3303, 0x3303, 0x3303, 0x3303, 0x3303, 0x3303, 0x3303, 
    0x3303, 0x3303, 0x3303, 0x3323, 0x3323, 0x3303, 0x3323, 0x3303, 0x3323, 0x3303, 0x3303, 0x2B03, 
    0x3303, 0x3303, 0x3303, 0x3303, 0x3303, 0x3303, 0x3303, 0x2283, 0x19E2, 0x0961, 0x0961, 0x0941, 
    0x0941, 0x0921, 0x0961, 0x0941, 0x0961, 0x1A42, 0x2262, 0x2AC3, 0x2AE3, 0x32E3, 0x1A22, 0x0040, 
    0x08A0, 0x3262, 0x63E4, 0x6BA4, 0x29C1, 0x0060, 0x08E1, 0x0901, 0x08E1, 0x08E1, 0x08C1, 0x08C1, 
    0x00C1, 0x00C1, 0x08E1, 0x0901, 0x08E1, 0x08E1, 0x08E1, 0x08E1, 0x08E1, 0x08E1, 0x08E1, 0x08E1, 
    0x08E1, 0x08E1, 0x08E1, 0x08C1, 0x00C1, 0x08E1, 0x00C1, 0x00C1, 0x08E1, 0x08E1, 0x08E1, 0x08E1, 
    0x08C1, 0x00C1, 0x00C1, 0x08C1, 0x00C1, 0x00C1, 0x00C1, 0x08E1, 0x0901, 0x08E1, 0x00C1, 0x00C1, 
    0x00C1, 0x08C1, 0x00C1, 0x08E1, 0x08E1, 0x0901, 0x08E1, 0x08E1, 0x08E1, 0x08E1, 0x08C1, 0x08E1, 
    0x0901, 0x08E1, 0x08E1, 0x08E1, 0x08E1, 0x08E1, 0x08E1, 0x0901, 0x0901, 0x0901, 0x0901, 0x0901, 
    0x08E1, 0x08E1, 0x08C1, 0x08C1, 0x08E1, 0x00E1, 0x00E1, 0x08E1, 0x08E1, 0x0901, 0x0901, 0x0901, 
    0x08E1, 0x08C1, 0x00C1, 0x00C1, 0x08E1, 0x00E1, 0x08C1, 0x08E1, 0x0901, 0x0901, 0x0901, 0x0901, 
    0x08E1, 0x08E1, 0x08C1, 0x08C1, 0x08E1, 0x00C1, 0x08C1, 0x08E1, 0x08E1, 0x08E1, 0x08E1, 0x08E1, 
    0x08E1, 0x08E1, 0x08E1, 0x08C1, 0x0901, 0x08E1, 0x0040, 0x3A02, 0x7C45, 0x5BA4, 0x3262, 0x08C1, 
    0x0080, 0x0981, 0x1A42, 0x2AC3, 0x2AE3, 0x2AE3, 0x1A63, 0x1181, 0x0941, 0x0941, 0x0941, 0x0941, 
    0x0941, 0x0981, 0x0961, 0x1A02, 0x2263, 0x2AE3, 0x3303, 0x3303, 0x3303, 0x3303, 0x3303, 0x3303, 
    0x3303, 0x3303, 0x3303, 0x3323, 0x3323, 0x3303, 0x3303, 0x3303, 0x3303, 0x3303, 0x3303, 0x3303, 
    0x3303, 0x3303, 0x3303, 0x3303, 0x3303, 0x3303, 0x2AE3, 0x2AE3, 0x3303, 0x3303, 0x3303, 0x3304, 
    0x3303, 0x3303, 0x2B03, 0x3303, 0x3303, 0x2B03, 0x2B03, 0x2B03, 0x2AE3, 0x2B03, 0x3303, 0x2AE3, 
    0x2AE3, 0x2AE3, 0x2AE3, 0x2AE3, 0x2AE3, 0x2AE3, 0x2AE3, 0x2AE3, 0x2AE3, 0x2AE3, 0x2AC3, 0x2AC3, 
    0x2AE3, 0x2AE3, 0x2AE3, 0x2AE3, 0x2AE3, 0x2AE3, 0x2B03, 0x2AE3, 0x2AE3, 0x2AE3, 0x2AE3, 0x2AE3, 
    0x2AE3, 0x2AE3, 0x2AE3, 0x2AE3, 0x2AE3, 0x2AE3, 0x2AE3, 0x2AE3, 0x2AE3, 0x2AC3, 0x2AE3, 0x2AE3, 
    0x2AE3, 0x2AE3, 0x2AE3, 0x2AE3, 0x2AE3, 0x2AE3, 0x2AE3, 0x3303, 0x22A3, 0x1A42, 0x1222, 0x1A22, 
    0x1A22, 0x1202, 0x1222, 0x1202, 0x1A22, 0x1A62, 0x2AC3, 0x2AE3, 0x2B03, 0x2B03, 0x2283, 0x0921, 
    0x0040, 0x08E1, 0x3242, 0x6BE4, 0x73E4, 0x29C2, 0x08C1, 0x00A0, 0x00A1, 0x00A1, 0x00A0, 0x00A0, 
    0x00A0, 0x00A0, 0x00A0, 0x00A0, 0x00A0, 0x00A0, 0x00A0, 0x00A0, 0x00A1, 0x00A0, 0x00A0, 0x00A0, 
    0x00A0, 0x00A0, 0x00A0, 0x00A0, 0x00A0, 0x00A0, 0x00A0, 0x00A0, 0x00A0, 0x00A0, 0x00A0, 0x00A0, 
    0x00A0, 0x00A0, 0x00A0, 0x00A0, 0x00A0, 0x00A0, 0x00A0, 0x00A0, 0x00A1, 0x00A1, 0x00A1, 0x00A0, 
    0x00A0, 0x00A0, 0x00A0, 0x00A0, 0x00A0, 0x00A0, 0x00A0, 0x00A0, 0x00A0, 0x00A0, 0x00A0, 0x00A0, 
    0x00A0, 0x00A0, 0x00A0, 0x00A0, 0x00A0, 0x00A0, 0x00A0, 0x00A0, 0x00A0, 0x00A0, 0x00A0, 0x00A0, 
    0x00A0, 0x00A0, 0x00A0, 0x00A0, 0x00A1, 0x00A0, 0x00A0, 0x00A0, 0x00A0, 0x00A0, 0x00A0, 0x00A0, 
    0x00A0, 0x00A0, 0x00A0, 0x00A0, 0x00A0, 0x00A0, 0x00A0, 0x00A0, 0x00A0, 0x00A0, 0x00A0, 0x00A0, 
    0x00A0, 0x00A1, 0x00A0, 0x00A0, 0x00A0, 0x00A0, 0x00A0, 0x00A1, 0x00A0, 0x00A0, 0x00A0, 0x00A0, 
    0x00A0, 0x00A0, 0x00A0, 0x00A0, 0x00A1, 0x0080, 0x4222, 0x6BA3, 0x5B84, 0x2A22, 0x08C1, 0x0081, 
    0x0941, 0x11E2, 0x2283, 0x2AC3, 0x2AE3, 0x2B03, 0x2AE3, 0x1A62, 0x1A22, 0x1222, 0x1222, 0x1222, 
    0x1222, 0x1222, 0x1A22, 0x1A62, 0x2AC3, 0x2B03, 0x2AE3, 0x2AE3, 0x2AE3, 0x2AE3, 0x2AE3, 0x2AE3, 
    0x2AE3, 0x2AE3, 0x2AE3, 0x3303, 0x3303, 0x3303, 0x3303, 0x2AE3, 0x2AE3, 0x2AE3, 0x2AE3, 0x2AE3, 
    0x2AE3, 0x2AE3, 0x2AE3, 0x2AE3, 0x2AE3, 0x2AE3, 0x2AE3, 0x2AC3, 0x2AE3, 0x2AE3, 0x2AE3, 0x2AE3, 
    0x2AE3, 0x2AE3, 0x2AE3, 0x2AE3, 0x2AE3, 0x2AE3, 0x2AE3, 0x2AE3, 0x2AC3, 0x2AE3, 0x2AC3, 0x2AC3, 
    0x3344, 0x3344, 0x3323, 0x3323, 0x3323, 0x3323, 0x3323, 0x3323, 0x3323, 0x3323, 0x3323, 0x3323, 
    0x3323, 0x3323, 0x3323, 0x3323, 0x3323, 0x3323, 0x3323, 0x3344, 0x3343, 0x3344, 0x3343, 0x3343, 
    0x3323, 0x3323, 0x3323, 0x3323, 0x3323, 0x3323, 0x3323, 0x3323, 0x3323, 0x3323, 0x3323, 0x3323, 
    0x3323, 0x3323, 0x3323, 0x3323, 0x3323, 0x3323, 0x3323, 0x3323, 0x3323, 0x3323, 0x2B03, 0x2AE3, 
    0x2AE3, 0x2AC3, 0x22A3, 0x2AC3, 0x2AE3, 0x3303, 0x3323, 0x3323, 0x3323, 0x3323, 0x3323, 0x2283, 
    0x1161, 0x0060, 0x08A1, 0x3A83, 0x7444, 0x5BA3, 0x2121, 0x1080, 0x10A1, 0x10A1, 0x10A1, 0x10A1, 
    0x10A1, 0x10A1, 0x10A1, 0x10A1, 0x10A1, 0x10A1, 0x10A1, 0x10A1, 0x10A1, 0x10A1, 0x10A1, 0x10A1, 
    0x10A1, 0x10A1, 0x10A1, 0x1081, 0x1081, 0x10A1, 0x10A1, 0x10A1, 0x10A1, 0x10A1, 0x10A1, 0x10A1, 
    0x10A1, 0x10A1, 0x10A1, 0x10A1, 0x10A1, 0x10A1, 0x10A1, 0x10A1, 0x10A1, 0x10A1, 0x10A1, 0x10A1, 
    0x10A1, 0x10A1, 0x10A1, 0x10A1, 0x10A1, 0x10A1, 0x1081, 0x10A1, 0x10A1, 0x10A1, 0x10A1, 0x10A1, 
    0x10A1, 0x10A1, 0x10A1, 0x10A1, 0x10A1, 0x10A1, 0x10A1, 0x10A1, 0x10A1, 0x10A1, 0x10A1, 0x10A1, 
    0x10A1, 0x10A1, 0x10A1, 0x10A1, 0x10A1, 0x10A1, 0x10A1, 0x10A1, 0x10A1, 0x10A1, 0x10A1, 0x10A1, 
    0x10A1, 0x10A1, 0x10A1, 0x10A1, 0x10A1, 0x10A1, 0x10A1, 0x10A1, 0x10A1, 0x10A1, 0x10A1, 0x10A1, 
    0x10A1, 0x10A1, 0x10A1, 0x10A1, 0x10A1, 0x10A1, 0x10A1, 0x10A1, 0x10A1, 0x10A1, 0x10A1, 0x10A0, 
    0x10A0, 0x10A1, 0x10A0, 0x10A1, 0x10A0, 0x1901, 0x7404, 0x63C3, 0x2202, 0x08C1, 0x0020, 0x1182, 
    0x11E2, 0x2AA3, 0x3303, 0x3324, 0x3323, 0x3323, 0x3323, 0x3324, 0x3323, 0x2AE3, 0x22A3, 0x22A3, 
    0x22A3, 0x22A3, 0x3303, 0x3323, 0x3323, 0x3323, 0x3323, 0x3343, 0x3323, 0x3323, 0x3323, 0x3323, 
    0x3323, 0x3323, 0x3343, 0x3344, 0x3B44, 0x3343, 0x3344, 0x3323, 0x3323, 0x3323, 0x3323, 0x3323, 
    0x3323, 0x3323, 0x3323, 0x3323, 0x3323, 0x3323, 0x3323, 0x3323, 0x3323, 0x3323, 0x3323, 0x3323, 
    0x3323, 0x3323, 0x3323, 0x3323, 0x3343, 0x3323, 0x3323, 0x3323, 0x3323, 0x3323, 0x3323, 0x3323, 
    0x3304, 0x3303, 0x3303, 0x3303, 0x3303, 0x3303, 0x3303, 0x3303, 0x3303, 0x3303, 0x3303, 0x3303, 
    0x2B03, 0x2B03, 0x2B03, 0x3303, 0x2B03, 0x2B03, 0x2B03, 0x3303, 0x3303, 0x3323, 0x3303, 0x3303, 
    0x3303, 0x3303, 0x3303, 0x3303, 0x3303, 0x3303, 0x3303, 0x2B03, 0x3303, 0x3303, 0x3303, 0x3323, 
    0x3323, 0x3303, 0x3303, 0x3303, 0x3303, 0x3303, 0x3303, 0x3303, 0x3303, 0x3303, 0x2B03, 0x2AE3, 
    0x2AE3, 0x2AE3, 0x2AE3, 0x2AE3, 0x2AE3, 0x3303, 0x2B03, 0x3303, 0x3303, 0x3303, 0x3303, 0x32E3, 
    0x2263, 0x0982, 0x00C1, 0x08C1, 0x21C2, 0x4B43, 0x7C05, 0x8C46, 0x8C66, 0x8C66, 0x8C87, 0x8C87, 
    0x8C66, 0x8C66, 0x9487, 0x9486, 0x8C86, 0x8C87, 0x8C86, 0x8C66, 0x8C87, 0x9487, 0x8C86, 0x8C86, 
    0x8C87, 0x8C87, 0x8C87, 0x8C87, 0x8C87, 0x8C87, 0x8C87, 0x94A7, 0x94A7, 0x9487, 0x9487, 0x9487, 
    0x94A7, 0x94A7, 0x94A7, 0x8C87, 0x9487, 0x9487, 0x9487, 0x8C87, 0x8C87, 0x8C66, 0x9487, 0x8C87, 
    0x9487, 0x8C87, 0x8C87, 0x8C87, 0x8C66, 0x8C66, 0x8C87, 0x8C87, 0x8C66, 0x8466, 0x8C66, 0x8C66, 
    0x8C67, 0x8C67, 0x8C67, 0x8C67, 0x8C67, 0x8C87, 0x8C87, 0x8C87, 0x8C87, 0x8C87, 0x8C67, 0x8C87, 
    0x8C87, 0x8C87, 0x8C87, 0x8C66, 0x8C66, 0x8C66, 0x8C67, 0x8C87, 0x8C67, 0x9487, 0x9487, 0x9487, 
    0x8C87, 0x8C87, 0x9487, 0x9487, 0x8C87, 0x8C87, 0x9487, 0x8C67, 0x8C66, 0x8C66, 0x8C67, 0x8C66, 
    0x8C66, 0x8446, 0x8C67, 0x8C66, 0x8446, 0x7C25, 0x7C05, 0x7405, 0x7405, 0x7425, 0x7C05, 0x73E4, 
    0x6C04, 0x6BE5, 0x6C05, 0x6C05, 0x6C05, 0x6BC4, 0x4B23, 0x19A1, 0x0080, 0x0060, 0x0941, 0x11E2, 
    0x2AC3, 0x2AE3, 0x2AE3, 0x3303, 0x3303, 0x3303, 0x3303, 0x3303, 0x3303, 0x2AE3, 0x2AE3, 0x2AE3, 
    0x2AE3, 0x2AE3, 0x2B03, 0x3303, 0x3303, 0x3303, 0x3303, 0x2B03, 0x2B03, 0x2B03, 0x3303, 0x3303, 
    0x3303, 0x3303, 0x3323, 0x3303, 0x3303, 0x3303, 0x3324, 0x3303, 0x3303, 0x2B03, 0x3303, 0x3303, 
    0x3303, 0x3303, 0x3303, 0x3303, 0x3303, 0x3303, 0x3303, 0x3303, 0x2B03, 0x2B03, 0x2AE3, 0x2AE3, 
    0x3303, 0x3303, 0x3303, 0x3303, 0x3303, 0x3303, 0x2B03, 0x2B03, 0x2B03, 0x3303, 0x3303, 0x3303, 
    0x2B03, 0x2AE3, 0x2AE3, 0x2AE3, 0x2AE3, 0x2AE3, 0x2AE3, 0x2AE3, 0x2AE3, 0x2AE3, 0x2AE3, 0x2AE3, 
    0x2AE3, 0x2AE3, 0x2AE3, 0x2AE3, 0x2AE3, 0x2AE3, 0x2AE3, 0x2AE3, 0x2B03, 0x2B03, 0x2B03, 0x2AE3, 
    0x2AE3, 0x2AE3, 0x2AE3, 0x2AE3, 0x2AE3, 0x2AE3, 0x2AE3, 0x2AE3, 0x2AE3, 0x2AE3, 0x2AE3, 0x2AE3, 
    0x2AE3, 0x2B03, 0x2AE3, 0x2AE3, 0x2AE3, 0x2AE3, 0x2B03, 0x2B03, 0x2B03, 0x2AE3, 0x2B03, 0x3303, 
    0x2AE3, 0x3303, 0x2AE3, 0x2AE3, 0x2AE3, 0x2AE3, 0x2AE3, 0x2AE3, 0x2AE3, 0x2AE3, 0x2AE3, 0x2AE3, 
    0x2263, 0x1A22, 0x11A2, 0x00A1, 0x0020, 0x1961, 0x21A1, 0x21C1, 0x21C2, 0x21C2, 0x21C1, 0x21C1, 
    0x21C1, 0x21C1, 0x21C1, 0x21C1, 0x21C1, 0x21C1, 0x21C1, 0x21C1, 0x21C1, 0x21C1, 0x21C1, 0x21E1, 
    0x21E1, 0x21C1, 0x21E2, 0x21E2, 0x21E2, 0x29E2, 0x21E2, 0x21E2, 0x29E2, 0x29E2, 0x21E2, 0x21E2, 
    0x21C2, 0x21C2, 0x21C2, 0x21C1, 0x21C1, 0x21C2, 0x21C1, 0x21C1, 0x21E2, 0x21C2, 0x21C2, 0x21C2, 
    0x29E2, 0x21C2, 0x21C2, 0x21E2, 0x21E2, 0x29E2, 0x29E2, 0x21E2, 0x21C1, 0x21C2, 0x21C2, 0x21E2, 
    0x21E2, 0x21C1, 0x21C1, 0x21C2, 0x21C2, 0x21C1, 0x21E2, 0x21E2, 0x21C1, 0x21C1, 0x21C2, 0x21C1, 
    0x21E2, 0x21C2, 0x21C2, 0x21C1, 0x21C1, 0x21C1, 0x21C1, 0x21C2, 0x21C2, 0x21C2, 0x21C1, 0x21C2, 
    0x21C2, 0x21C2, 0x21C2, 0x21C2, 0x21C2, 0x21C1, 0x21E1, 0x21C1, 0x21A1, 0x21C1, 0x21C1, 0x21A1, 
    0x21C1, 0x21C1, 0x21C2, 0x21C2, 0x21E2, 0x21E2, 0x21C1, 0x21C1, 0x21C1, 0x21C1, 0x21C1, 0x21C1, 
    0x21C1, 0x21C2, 0x21C2, 0x21C2, 0x21C2, 0x21A2, 0x1961, 0x0040, 0x0080, 0x0961, 0x1222, 0x1A42, 
    0x2AC3, 0x3303, 0x2AE3, 0x2AE3, 0x2AE3, 0x2B03, 0x2AE3, 0x2AE3, 0x2AE3, 0x2B03, 0x3303, 0x2B03, 
    0x3303, 0x3303, 0x2B03, 0x3303, 0x2B03, 0x2B03, 0x2B03, 0x2AE3, 0x2AE3, 0x2AE3, 0x2B03, 0x2B03, 
    0x2AE3, 0x2AE3, 0x2B03, 0x2AE3, 0x2AE3, 0x2AE3, 0x2AE3, 0x3303, 0x2AE3, 0x2AE3, 0x2AE3, 0x2AE3, 
    0x2AE3, 0x2AE3, 0x2AE3, 0x2AE3, 0x2AE3, 0x2AE3, 0x2AE3, 0x2AE3, 0x2AE3, 0x2AE3, 0x2AE3, 0x2AE3, 
    0x2AE3, 0x2AE3, 0x2AE3, 0x2AE3, 0x2AE3, 0x2AE3, 0x2AE3, 0x2AE3, 0x2AE3, 0x2AE3, 0x2AE3, 0x2AE3, 
    0x3324, 0x3324, 0x3323, 0x3344, 0x3344, 0x3343, 0x3323, 0x3323, 0x3323, 0x3323, 0x3323, 0x3323, 
    0x3323, 0x3343, 0x3343, 0x3343, 0x3343, 0x3323, 0x3323, 0x3344, 0x3B44, 0x3344, 0x3343, 0x3343, 
    0x3323, 0x3323, 0x3323, 0x3323, 0x3323, 0x3323, 0x3323, 0x3323, 0x3323, 0x3323, 0x3323, 0x3323, 
    0x3323, 0x3323, 0x3323, 0x3323, 0x3323, 0x3323, 0x3323, 0x3323, 0x3323, 0x3323, 0x3323, 0x3343, 
    0x3323, 0x3323, 0x3323, 0x3323, 0x3323, 0x3323, 0x3323, 0x3323, 0x3323, 0x3323, 0x3323, 0x3323, 
    0x3343, 0x3343, 0x2AE3, 0x1A02, 0x0901, 0x0020, 0x0040, 0x0020, 0x0020, 0x0020, 0x0020, 0x0020, 
    0x0020, 0x0040, 0x0040, 0x0040, 0x0020, 0x0020, 0x0020, 0x0020, 0x0040, 0x0040, 0x0040, 0x0040, 
    0x0040, 0x0020, 0x0040, 0x0040, 0x0040, 0x0040, 0x0020, 0x0020, 0x0020, 0x0020, 0x0020, 0x0020, 
    0x0020, 0x0020, 0x0020, 0x0020, 0x0020, 0x0040, 0x0040, 0x0040, 0x0040, 0x0040, 0x0040, 0x0020, 
    0x0020, 0x0020, 0x0020, 0x0020, 0x0040, 0x0040, 0x0020, 0x0020, 0x0020, 0x0020, 0x0020, 0x0020, 
    0x0020, 0x0020, 0x0020, 0x0040, 0x0040, 0x0040, 0x0040, 0x0040, 0x0040, 0x0040, 0x0040, 0x0040, 
    0x0040, 0x0020, 0x0020, 0x0020, 0x0020, 0x0020, 0x0040, 0x0040, 0x0040, 0x0040, 0x0040, 0x0020, 
    0x0020, 0x0020, 0x0020, 0x0020, 0x0040, 0x0040, 0x0020, 0x0020, 0x0040, 0x0020, 0x0020, 0x0020, 
    0x0020, 0x0040, 0x0040, 0x0040, 0x0040, 0x0020, 0x0040, 0x0040, 0x0040, 0x0040, 0x0020, 0x0020, 
    0x0020, 0x0020, 0x0020, 0x0040, 0x0040, 0x0040, 0x0020, 0x08E1, 0x11C2, 0x1202, 0x2AC3, 0x3343, 
    0x3344, 0x3343, 0x3323, 0x3323, 0x3323, 0x3323, 0x3323, 0x3323, 0x3323, 0x3343, 0x3343, 0x3343, 
    0x3343, 0x3343, 0x3323, 0x3323, 0x3343, 0x3323, 0x3323, 0x3323, 0x3323, 0x3323, 0x3323, 0x3323, 
    0x3323, 0x3323, 0x3323, 0x3323, 0x3323, 0x3323, 0x3343, 0x3343, 0x3323, 0x3323, 0x3323, 0x3323, 
    0x3323, 0x3323, 0x3323, 0x3323, 0x3323, 0x3323, 0x3323, 0x3323, 0x3323, 0x3323, 0x3323, 0x3323, 
    0x3343, 0x3323, 0x3323, 0x3324, 0x3323, 0x3323, 0x3323, 0x3323, 0x3323, 0x3323, 0x3323, 0x3323, 
    0x3303, 0x3303, 0x3303, 0x3303, 0x3303, 0x3303, 0x3303, 0x3303, 0x3303, 0x3303, 0x2B03, 0x2AE3, 
    0x3303, 0x3303, 0x3303, 0x3303, 0x3303, 0x3303, 0x3303, 0x3303, 0x3303, 0x3303, 0x3303, 0x3303, 
    0x2B03, 0x2B03, 0x3303, 0x3303, 0x3303, 0x3303, 0x3303, 0x3303, 0x3303, 0x3303, 0x3303, 0x3303, 
    0x3303, 0x3303, 0x3303, 0x3303, 0x3303, 0x3303, 0x3303, 0x3303, 0x3303, 0x2B03, 0x3303, 0x3303, 
    0x3303, 0x3303, 0x3303, 0x3303, 0x3303, 0x3303, 0x3303, 0x3303, 0x3303, 0x3303, 0x3303, 0x3323, 
    0x3323, 0x3323, 0x3303, 0x2AE3, 0x1A02, 0x11A2, 0x1182, 0x1182, 0x1182, 0x1181, 0x1181, 0x1181, 
    0x1182, 0x11A2, 0x11A2, 0x11A2, 0x11A2, 0x11A2, 0x11A2, 0x11A2, 0x11A2, 0x11A2, 0x11A2, 0x11A2, 
    0x11A2, 0x11A2, 0x11A2, 0x11A2, 0x11A2, 0x11A2, 0x11A2, 0x11A2, 0x11A2, 0x11A1, 0x11A1, 0x11A2, 
    0x11A2, 0x11A2, 0x11A2, 0x11A2, 0x11A2, 0x11A2, 0x11A2, 0x11A2, 0x11A2, 0x11A2, 0x11A2, 0x11A2, 
    0x11A2, 0x11A2, 0x11A2, 0x11C2, 0x11A2, 0x11A2, 0x11A2, 0x11A2, 0x11C2, 0x11C2, 0x11C2, 0x11A2, 
    0x11A2, 0x11C2, 0x11C2, 0x11C2, 0x11C2, 0x11C2, 0x11C2, 0x11C2, 0x11C2, 0x11C2, 0x11C2, 0x11C2, 
    0x11A2, 0x11A2, 0x11A2, 0x11A2, 0x11A2, 0x11A2, 0x11A2, 0x11A2, 0x11A2, 0x11C2, 0x11C2, 0x11A2, 
    0x11A2, 0x11A2, 0x11A2, 0x11A2, 0x11C2, 0x11A2, 0x11A2, 0x11A2, 0x11A2, 0x11A2, 0x11A1, 0x11A1, 
    0x11A1, 0x11A2, 0x11A2, 0x11A2, 0x11A2, 0x11A2, 0x11A2, 0x11A2, 0x11A2, 0x11A2, 0x11A2, 0x11A2, 
    0x11A2, 0x11A1, 0x11A2, 0x11A2, 0x11A2, 0x11A2, 0x11A2, 0x1202, 0x2283, 0x22A3, 0x2AE3, 0x3303, 
    0x3303, 0x3303, 0x3303, 0x3303, 0x3303, 0x3303, 0x3303, 0x3303, 0x3303, 0x3303, 0x3303, 0x3303, 
    0x3303, 0x3303, 0x3303, 0x3303, 0x3303, 0x2B03, 0x3303, 0x2B03, 0x3303, 0x3303, 0x3303, 0x3303, 
    0x3303, 0x2B03, 0x2B03, 0x3303, 0x2B03, 0x2B03, 0x3303, 0x3303, 0x3303, 0x3323, 0x3303, 0x3303, 
    0x3303, 0x3303, 0x3303, 0x3303, 0x2AE3, 0x2B03, 0x2B03, 0x2B03, 0x3303, 0x3303, 0x3303, 0x3303, 
    0x3303, 0x3303, 0x3303, 0x3303, 0x2AE3, 0x2B03, 0x2B03, 0x2B03, 0x2B03, 0x3303, 0x2B03, 0x2B03, 
    0x2AE3, 0x2AE3, 0x2AE3, 0x2AE3, 0x2AE3, 0x2AE3, 0x2AE3, 0x2AE3, 0x2AE3, 0x2AE3, 0x2AE3, 0x2AE3, 
    0x2AE3, 0x2AE3, 0x2AE3, 0x2AE3, 0x2AE3, 0x2AE3, 0x2AE3, 0x2AE3, 0x2AE3, 0x2AE3, 0x2AE3, 0x2AE3, 
    0x2AE3, 0x2AE3, 0x2AE3, 0x2AC3, 0x2AE3, 0x2AE3, 0x2AE3, 0x2AE3, 0x2AE3, 0x2AE3, 0x2AE3, 0x2AE3, 
    0x2AE3, 0x2AE3, 0x2AE3, 0x2AE3, 0x2AE3, 0x2AE3, 0x2AE3, 0x2AE3, 0x2AE3, 0x2AC3, 0x2AC3, 0x2AE3, 
    0x2AE3, 0x2AE3, 0x2AE3, 0x2AE3, 0x2AE3, 0x2AE3, 0x2AE3, 0x2AE3, 0x2AE3, 0x2AE3, 0x2AE3, 0x2AE3, 
    0x2AE3, 0x2AE3, 0x2AE3, 0x2AE3, 0x22A3, 0x1A22, 0x1A22, 0x1A02, 0x1202, 0x1202, 0x1202, 0x1202, 
    0x1202, 0x1A22, 0x1A22, 0x1A22, 0x1A22, 0x1A22, 0x1A22, 0x1A22, 0x1A22, 0x1A22, 0x1A22, 0x1202, 
    0x1A02, 0x1A02, 0x1A22, 0x1A22, 0x1A22, 0x1A22, 0x1A22, 0x1A22, 0x1A22, 0x1202, 0x1202, 0x1A22, 
    0x1A22, 0x1A22, 0x1A22, 0x1A22, 0x1A22, 0x1A22, 0x1A22, 0x1A22, 0x1A22, 0x1A22, 0x1A22, 0x1A22, 
    0x1A22, 0x1A22, 0x1A22, 0x1A42, 0x1A42, 0x1A22, 0x1A22, 0x1A22, 0x1A42, 0x1A42, 0x1A42, 0x1A22, 
    0x1A22, 0x1A22, 0x1A42, 0x1A22, 0x1A22, 0x1A42, 0x2262, 0x1A62, 0x1A22, 0x1A22, 0x1A22, 0x1202, 
    0x1A22, 0x1A22, 0x1A22, 0x1A22, 0x1A22, 0x1A22, 0x1A22, 0x1A22, 0x1A22, 0x1A22, 0x1A22, 0x1A22, 
    0x1A22, 0x1A22, 0x1A22, 0x1A22, 0x1A22, 0x1202, 0x1A02, 0x1A22, 0x1A22, 0x1202, 0x1202, 0x1202, 
    0x1202, 0x1A02, 0x1A22, 0x1A22, 0x1A22, 0x1A22, 0x1A02, 0x1A22, 0x1A22, 0x1202, 0x1202, 0x1202, 
    0x1202, 0x1202, 0x1202, 0x1202, 0x1A22, 0x1A22, 0x1A22, 0x1A42, 0x2AC3, 0x2B03, 0x2AE3, 0x2AE3, 
    0x2AE3, 0x2AE3, 0x2AE3, 0x2AE3, 0x2B03, 0x2B03, 0x2AE3, 0x2AE3, 0x2AE3, 0x2AE3, 0x2AE3, 0x2AE3, 
    0x2AE3, 0x2AE3, 0x2AE3, 0x2AE3, 0x2AE3, 0x2AE3, 0x2AE3, 0x2AE3, 0x2AE3, 0x2AE3, 0x2AE3, 0x2AE3, 
    0x2AE3, 0x2AE3, 0x2AE3, 0x2AE3, 0x2AE3, 0x2AE3, 0x2AE3, 0x2AE3, 0x2AE3, 0x2B03, 0x2AE3, 0x2AE3, 
    0x2AE3, 0x2AE3, 0x2AE3, 0x2AE3, 0x2AE3, 0x2AE3, 0x2AE3, 0x2AE3, 0x2AE3, 0x2AE3, 0x2AE3, 0x2AE3, 
    0x2AE3, 0x2AE3, 0x2AE3, 0x2AE3, 0x2AE3, 0x2AE3, 0x2AE3, 0x2AE3, 0x2AE3, 0x2B03, 0x2AE3, 0x2AE3, 
    0x3344, 0x3324, 0x3323, 0x3323, 0x3323, 0x3323, 0x3323, 0x3323, 0x3323, 0x3323, 0x3323, 0x3323, 
    0x3343, 0x3323, 0x3323, 0x3323, 0x3323, 0x3323, 0x3323, 0x3343, 0x3323, 0x3323, 0x3323, 0x3323, 
    0x3323, 0x3323, 0x3323, 0x3323, 0x3323, 0x3323, 0x3323, 0x3323, 0x3323, 0x3323, 0x3323, 0x3323, 
    0x3323, 0x3323, 0x3323, 0x3323, 0x3323, 0x3323, 0x3323, 0x3323, 0x3323, 0x3323, 0x3303, 0x3323, 
    0x3323, 0x3323, 0x3323, 0x3323, 0x3323, 0x3323, 0x3323, 0x3323, 0x3323, 0x3323, 0x3323, 0x3323, 
    0x3323, 0x3323, 0x3303, 0x3303, 0x3323, 0x3303, 0x3303, 0x3303, 0x3303, 0x2AE3, 0x2B03, 0x3303, 
    0x2B03, 0x2B03, 0x2AE3, 0x2AE3, 0x2AE3, 0x2AE3, 0x2AC3, 0x2AC3, 0x2AC3, 0x2AC3, 0x2AC3, 0x2AC3, 
    0x22A3, 0x2AC3, 0x2AE3, 0x2AE3, 0x2AE3, 0x2AE3, 0x2AE3, 0x2AE3, 0x2AE3, 0x2AE3, 0x2AE3, 0x2AE3, 
    0x2AE3, 0x2AE3, 0x2AE3, 0x2AE3, 0x2AC3, 0x2AC3, 0x2AC3, 0x2AE3, 0x2AE3, 0x2AC3, 0x2AC3, 0x2AC3, 
    0x2AE3, 0x2AC3, 0x2AC3, 0x2AC3, 0x2AA3, 0x2AA3, 0x2AE3, 0x3303, 0x2AE3, 0x3303, 0x3303, 0x3303, 
    0x3303, 0x2AE3, 0x2AE3, 0x32E3, 0x2AC3, 0x2AC3, 0x2AC3, 0x2AC3, 0x2AC3, 0x2AC3, 0x2AA3, 0x2AA3, 
    0x2AA3, 0x2AA3, 0x2AC3, 0x2AC3, 0x2AA3, 0x22A3, 0x2AC3, 0x2AC3, 0x2AC3, 0x2AC3, 0x2AC3, 0x2AC3, 
    0x2AC3, 0x2AC3, 0x2AC3, 0x2AC3, 0x2AC3, 0x2AC3, 0x2AC3, 0x2AC3, 0x22A3, 0x2AC3, 0x2AC3, 0x2AC3, 
    0x2AC3, 0x2AC3, 0x2AC3, 0x2AC3, 0x2AE3, 0x2AE3, 0x2AE3, 0x2AE3, 0x2B03, 0x2AE3, 0x2AE3, 0x2AE3, 
    0x2AE3, 0x2AE3, 0x2AE3, 0x2AE3, 0x2AE3, 0x3303, 0x3323, 0x3304, 0x3324, 0x3323, 0x3323, 0x3323, 
    0x3323, 0x3323, 0x3323, 0x3323, 0x3343, 0x3323, 0x3B44, 0x3323, 0x3323, 0x3323, 0x3323, 0x3323, 
    0x3323, 0x3323, 0x3323, 0x3323, 0x3323, 0x3323, 0x3323, 0x3323, 0x3323, 0x3323, 0x3323, 0x3323, 
    0x3323, 0x3323, 0x3323, 0x3323, 0x3323, 0x3323, 0x3323, 0x3323, 0x3323, 0x3323, 0x3323, 0x3323, 
    0x3323, 0x3323, 0x3323, 0x3323, 0x3323, 0x3323, 0x3323, 0x3323, 0x3323, 0x3323, 0x3323, 0x3323, 
    0x3323, 0x3323, 0x3323, 0x3323, 0x3323, 0x3323, 0x3323, 0x3323, 0x3323, 0x3343, 0x3323, 0x3323, 
    0x3303, 0x3303, 0x3303, 0x3303, 0x3303, 0x2B03, 0x2B03, 0x2AE3, 0x3303, 0x3303, 0x3303, 0x3303, 
    0x3303, 0x3303, 0x2B03, 0x2B03, 0x2B03, 0x3303, 0x3303, 0x3303, 0x3303, 0x3303, 0x2B03, 0x3303, 
    0x3303, 0x3303, 0x3303, 0x2AE3, 0x2B03, 0x3303, 0x3303, 0x3303, 0x3303, 0x3303, 0x3303, 0x3323, 
    0x3323, 0x3303, 0x3303, 0x3303, 0x3303, 0x3303, 0x3303, 0x3303, 0x3303, 0x3303, 0x3303, 0x2B03, 
    0x3303, 0x3303, 0x3303, 0x3303, 0x2B03, 0x3303, 0x3303, 0x2AE3, 0x3303, 0x3303, 0x3303, 0x3303, 
    0x3303, 0x3303, 0x3303, 0x3303, 0x3303, 0x3303, 0x3303, 0x3303, 0x3303, 0x3303, 0x3303, 0x3303, 
    0x3303, 0x3303, 0x3303, 0x3303, 0x3323, 0x3303, 0x3303, 0x3303, 0x3303, 0x3303, 0x3303, 0x3303, 
    0x3303, 0x3303, 0x3303, 0x3323, 0x3323, 0x3323, 0x3303, 0x3303, 0x3323, 0x3323, 0x3323, 0x3323, 
    0x3323, 0x3323, 0x3323, 0x3323, 0x3323, 0x3323, 0x3323, 0x3323, 0x3323, 0x3323, 0x3323, 0x3323, 
    0x3323, 0x3303, 0x3323, 0x3B23, 0x3B23, 0x3B43, 0x4364, 0x2242, 0x19E2, 0x19C2, 0x19E2, 0x19E2, 
    0x19E2, 0x19C2, 0x19C2, 0x2222, 0x3B64, 0x3B63, 0x3B23, 0x3B43, 0x3B43, 0x3323, 0x3323, 0x3323, 
    0x3303, 0x3323, 0x3303, 0x3323, 0x3303, 0x3303, 0x3323, 0x3323, 0x3303, 0x3303, 0x3303, 0x3303, 
    0x3323, 0x3323, 0x3323, 0x3323, 0x3323, 0x3323, 0x3303, 0x3303, 0x3323, 0x3323, 0x3323, 0x3323, 
    0x3323, 0x3323, 0x3323, 0x3323, 0x3323, 0x3324, 0x3324, 0x3323, 0x3323, 0x3323, 0x3303, 0x3303, 
    0x3303, 0x3323, 0x3323, 0x3323, 0x3303, 0x3323, 0x3323, 0x3323, 0x3303, 0x3303, 0x3303, 0x3303, 
    0x3303, 0x3303, 0x3303, 0x3303, 0x3323, 0x3323, 0x2B03, 0x3303, 0x3303, 0x3303, 0x3303, 0x3303, 
    0x3303, 0x2B03, 0x2B03, 0x2B03, 0x2B03, 0x3303, 0x3303, 0x3303, 0x3303, 0x3303, 0x2B03, 0x3303, 
    0x3303, 0x3303, 0x3303, 0x3303, 0x3303, 0x2B03, 0x3303, 0x2B03, 0x2B03, 0x2B03, 0x2B03, 0x3303, 
    0x3303, 0x3303, 0x3303, 0x3303, 0x3303, 0x3303, 0x2B03, 0x2B03, 0x2B03, 0x3303, 0x3303, 0x3303, 
    0x3303, 0x2B03, 0x2B03, 0x2B03, 0x3303, 0x3303, 0x2B03, 0x3303, 0x2B03, 0x3303, 0x2AE3, 0x2AE3, 
    0x2AE3, 0x2AE3, 0x2AE3, 0x2AE3, 0x2AE3, 0x2AE3, 0x2AE3, 0x2AE3, 0x2AE3, 0x2B03, 0x2AE3, 0x2AE3, 
    0x2AE3, 0x2AE3, 0x2AE3, 0x2AE3, 0x2AE3, 0x2AE3, 0x2AE3, 0x2AE3, 0x2AE3, 0x2AE3, 0x2AE3, 0x2AE3, 
    0x2AE3, 0x2AE3, 0x2AE3, 0x2AE3, 0x2AE3, 0x2B03, 0x2B03, 0x2AE3, 0x2AE3, 0x2AE3, 0x2AE3, 0x2AE3, 
    0x2AE3, 0x2B03, 0x2AE3, 0x2AE3, 0x2AE3, 0x2AE3, 0x2AE3, 0x2AE3, 0x2B03, 0x2AE3, 0x2AE3, 0x2AE3, 
    0x2AE3, 0x2AE3, 0x2AE3, 0x2AE3, 0x2AE3, 0x2AE3, 0x2AE3, 0x2AE3, 0x2AE3, 0x2AE3, 0x2AE3, 0x2AE3, 
    0x2AE3, 0x2AE3, 0x2B03, 0x2AE3, 0x2AE3, 0x2AE3, 0x2AE3, 0x2AE3, 0x2AE3, 0x2AE3, 0x2AE3, 0x2B03, 
    0x2AE3, 0x2AE3, 0x2AE3, 0x2AE3, 0x2AE3, 0x2AE3, 0x2AE3, 0x2AE3, 0x2AE3, 0x2AE3, 0x2AE3, 0x2AE3, 
    0x2AE3, 0x2AE3, 0x2AE3, 0x2AE3, 0x2AE3, 0x2AE3, 0x2AE3, 0x2AE3, 0x2AE3, 0x2AE3, 0x2AE3, 0x2B03, 
    0x2AE3, 0x2AE3, 0x2AE3, 0x2AE3, 0x2AE3, 0x2B03, 0x3303, 0x2AE3, 0x32E3, 0x3303, 0x3303, 0x3303, 
    0x3303, 0x3303, 0x3303, 0x4B63, 0x4343, 0x3303, 0x32C3, 0x10C1, 0x18C2, 0x20E3, 0x2103, 0x2103, 
    0x20E3, 0x18C2, 0x18A2, 0x08A1, 0x32C3, 0x3B63, 0x3B43, 0x4343, 0x3B23, 0x3303, 0x3B23, 0x3303, 
    0x3303, 0x3303, 0x2AE3, 0x2AE3, 0x2AE3, 0x2AE3, 0x2AE3, 0x2B03, 0x2AE3, 0x2AE3, 0x2AE3, 0x2AE3, 
    0x3303, 0x3303, 0x3303, 0x3303, 0x2AE3, 0x2AE3, 0x2AE3, 0x2AE3, 0x2AE3, 0x2AE3, 0x2AE3, 0x2AE3, 
    0x2AE3, 0x2AE3, 0x2AE3, 0x2AE3, 0x2AE3, 0x2B03, 0x2B03, 0x2AE3, 0x2AE3, 0x2AE3, 0x2AE3, 0x2AE3, 
    0x2AE3, 0x2AE3, 0x2B03, 0x2AE3, 0x2AE3, 0x2AE3, 0x3303, 0x3303, 0x3303, 0x2AE3, 0x2AE3, 0x2AE3, 
    0x2B03, 0x2B03, 0x2AE3, 0x2AE3, 0x2B03, 0x3304, 0x4345, 0x2AE3, 0x2AE3, 0x2AE3, 0x2AE3, 0x2AE3, 
    0x2AE3, 0x2AE3, 0x3304, 0x3B04, 0x32E3, 0x2AE3, 0x2B03, 0x2B03, 0x2AE3, 0x2AE3, 0x2AE3, 0x2AE3, 
    0x2AE3, 0x2AE3, 0x2AE3, 0x2B03, 0x2AE3, 0x2B03, 0x2B03, 0x2B03, 0x2AE3, 0x2AE3, 0x2AE3, 0x2B03, 
    0x2AE3, 0x2AE3, 0x2AE3, 0x2B03, 0x2AE3, 0x2AE3, 0x2AE3, 0x2AE3, 0x2AE3, 0x2AE3, 0x2AE3, 0x2AE3, 
    0x2AE3, 0x2AE3, 0x2AE3, 0x2AE3, 0x2AE3, 0x2AE3, 0x2AE3, 0x2B03, 0x2AE3, 0x2AE3, 0x2AE3, 0x2AC3, 
    0x3343, 0x3343, 0x3343, 0x3343, 0x3343, 0x3323, 0x3323, 0x3343, 0x3343, 0x3343, 0x3323, 0x3323, 
    0x3343, 0x3323, 0x3323, 0x3323, 0x3323, 0x3323, 0x3323, 0x3344, 0x3344, 0x3343, 0x3323, 0x3323, 
    0x3323, 0x3323, 0x3323, 0x3323, 0x3323, 0x3343, 0x3343, 0x3323, 0x3323, 0x3323, 0x3343, 0x3B44, 
    0x3B44, 0x3343, 0x3323, 0x3323, 0x3323, 0x3324, 0x3303, 0x3303, 0x2AE3, 0x3303, 0x3323, 0x3344, 
    0x3323, 0x3323, 0x3323, 0x3323, 0x3323, 0x3324, 0x3343, 0x3343, 0x3323, 0x3323, 0x3323, 0x3323, 
    0x3323, 0x3323, 0x3323, 0x3343, 0x3323, 0x3323, 0x3323, 0x3323, 0x3343, 0x3323, 0x3323, 0x3323, 
    0x3323, 0x3323, 0x3343, 0x3323, 0x3323, 0x3323, 0x3343, 0x3323, 0x3323, 0x3323, 0x3323, 0x3323, 
    0x3323, 0x3323, 0x3323, 0x3343, 0x3323, 0x3323, 0x3323, 0x3323, 0x3343, 0x3344, 0x3343, 0x3343, 
    0x3343, 0x3323, 0x3323, 0x3323, 0x3323, 0x3323, 0x3323, 0x3323, 0x3323, 0x3323, 0x3324, 0x3B43, 
    0x4363, 0x4343, 0x4343, 0x3B43, 0x3B63, 0x3282, 0x2122, 0x62C9, 0xC531, 0xCD92, 0xC572, 0xC551, 
    0xB4EF, 0xA48E, 0x83AC, 0x4A26, 0x18E2, 0x3262, 0x4B83, 0x4B83, 0x3B43, 0x4364, 0x4363, 0x3B43, 
    0x4363, 0x3B43, 0x3323, 0x3323, 0x3323, 0x3323, 0x3323, 0x3323, 0x3323, 0x3343, 0x3323, 0x3323, 
    0x3323, 0x3343, 0x3343, 0x3323, 0x3323, 0x3323, 0x3323, 0x3323, 0x3323, 0x3323, 0x3323, 0x3323, 
    0x3323, 0x3323, 0x3323, 0x3323, 0x3323, 0x3343, 0x3343, 0x3343, 0x3323, 0x3323, 0x3323, 0x3323, 
    0x3343, 0x3323, 0x3343, 0x3323, 0x3323, 0x3344, 0x3B44, 0x3B44, 0x3344, 0x3323, 0x3323, 0x3323, 
    0x3343, 0x3344, 0x3324, 0x3323, 0x3343, 0x5386, 0x944C, 0x3B24, 0x3343, 0x3343, 0x3343, 0x3344, 
    0x3344, 0x3B24, 0x9CAD, 0xACEE, 0x5366, 0x3323, 0x3324, 0x3323, 0x3323, 0x3323, 0x3323, 0x3323, 
    0x3323, 0x3323, 0x3323, 0x3323, 0x3343, 0x3323, 0x3323, 0x3323, 0x3323, 0x3323, 0x3323, 0x3323, 
    0x3323, 0x3323, 0x3323, 0x3323, 0x3323, 0x3323, 0x3323, 0x3323, 0x3323, 0x3323, 0x3323, 0x3323, 
    0x3323, 0x3343, 0x3343, 0x3323, 0x3323, 0x3323, 0x3323, 0x3323, 0x3323, 0x3323, 0x3323, 0x3323, 
    0x3323, 0x3323, 0x3323, 0x3323, 0x3323, 0x3303, 0x3303, 0x3303, 0x3323, 0x3303, 0x3323, 0x3303, 
    0x3323, 0x3323, 0x3323, 0x3323, 0x3323, 0x3303, 0x3303, 0x3323, 0x3324, 0x3323, 0x3303, 0x3303, 
    0x3303, 0x3303, 0x3303, 0x3323, 0x3303, 0x3303, 0x3323, 0x3323, 0x3323, 0x3323, 0x3323, 0x3323, 
    0x3324, 0x3323, 0x3323, 0x3303, 0x3303, 0x2AE3, 0x5346, 0x842B, 0x7BEA, 0x5346, 0x3303, 0x3323, 
    0x3323, 0x3303, 0x3303, 0x3323, 0x2B03, 0x3303, 0x3323, 0x3323, 0x3323, 0x3323, 0x3323, 0x3323, 
    0x3303, 0x3303, 0x2AE3, 0x2B03, 0x3323, 0x3323, 0x3323, 0x3323, 0x3303, 0x3323, 0x3323, 0x3323, 
    0x3323, 0x3323, 0x3323, 0x3303, 0x3303, 0x3303, 0x3323, 0x3323, 0x3303, 0x3323, 0x3303, 0x3303, 
    0x3303, 0x3323, 0x3323, 0x3323, 0x3323, 0x3323, 0x3323, 0x3323, 0x3324, 0x3324, 0x3323, 0x3323, 
    0x3323, 0x3323, 0x3323, 0x3323, 0x3323, 0x3303, 0x3303, 0x3323, 0x3323, 0x3B43, 0x3323, 0x4343, 
    0x4363, 0x4363, 0x5383, 0x3B43, 0x4384, 0x21A1, 0x3184, 0x8BCC, 0xA48E, 0xC592, 0xACF0, 0x9C4D, 
    0x8BEC, 0x7B6B, 0x5268, 0x5288, 0x3185, 0x0080, 0x4343, 0x4B63, 0x4B84, 0x4363, 0x3B63, 0x3B43, 
    0x3B23, 0x3B23, 0x3B43, 0x4343, 0x3323, 0x3323, 0x3323, 0x3B23, 0x3323, 0x3323, 0x3323, 0x3323, 
    0x3323, 0x3323, 0x3323, 0x3303, 0x3323, 0x3303, 0x3303, 0x3303, 0x3303, 0x3303, 0x3323, 0x3303, 
    0x3303, 0x3303, 0x3303, 0x3323, 0x3323, 0x3323, 0x3323, 0x3323, 0x3323, 0x3303, 0x3303, 0x3323, 
    0x3323, 0x3323, 0x3323, 0x3323, 0x3323, 0x3324, 0x3324, 0x3324, 0x3324, 0x3323, 0x3303, 0x3303, 
    0x2B03, 0x2B03, 0x3323, 0x3324, 0x3324, 0x32E4, 0x3A45, 0x2AC3, 0x3324, 0x3323, 0x3323, 0x3323, 
    0x3304, 0x7C0A, 0xBD4F, 0xACCD, 0x83EA, 0x4B26, 0x3303, 0x3303, 0x3303, 0x3303, 0x3303, 0x3303, 
    0x3303, 0x3323, 0x3323, 0x3323, 0x3323, 0x3303, 0x3303, 0x3323, 0x3323, 0x3303, 0x3303, 0x3303, 
    0x3303, 0x3303, 0x3303, 0x3303, 0x3303, 0x3303, 0x3303, 0x3303, 0x3303, 0x3303, 0x3303, 0x3303, 
    0x3303, 0x3303, 0x3303, 0x2B03, 0x3303, 0x3303, 0x3303, 0x3303, 0x3303, 0x3323, 0x3303, 0x3303, 
    0x2AE3, 0x2AE3, 0x2AE3, 0x2AE3, 0x2AE3, 0x2AE3, 0x2AE3, 0x2AC3, 0x2AC3, 0x2AE3, 0x2AE3, 0x2AE3, 
    0x2AE3, 0x2AE3, 0x2AE3, 0x2AE3, 0x2AE3, 0x2AE3, 0x2AE3, 0x2AC3, 0x2AE3, 0x2AE3, 0x2AE3, 0x2AE3, 
    0x2AE3, 0x2AE3, 0x2AE3, 0x2AE3, 0x2AE3, 0x2AE3, 0x2AE3, 0x2AE3, 0x2AE3, 0x2AE3, 0x32E4, 0x4B66, 
    0x3303, 0x2AE3, 0x2AE3, 0x2AE3, 0x2AC3, 0x42E5, 0x840B, 0xBD2F, 0xB4EE, 0x83EA, 0x4305, 0x2AE3, 
    0x2AE3, 0x2AE3, 0x2AE3, 0x3B45, 0x5B87, 0x32E3, 0x2AE3, 0x2AE3, 0x2AE3, 0x2AE3, 0x2AE3, 0x2B03, 
    0x2B03, 0x3AE5, 0x5326, 0x5347, 0x4305, 0x2AC3, 0x3303, 0x2B03, 0x2B03, 0x2AE3, 0x2AE3, 0x2AE3, 
    0x2AE3, 0x2AE3, 0x2AE3, 0x2AC3, 0x2AE3, 0x2AE3, 0x2AE3, 0x2AE3, 0x2AE3, 0x2AE3, 0x2AE3, 0x2AE3, 
    0x2AE3, 0x2AE3, 0x2AE3, 0x2AE3, 0x2AE3, 0x2AE3, 0x2B03, 0x2B03, 0x2AE3, 0x2AE3, 0x5387, 0x5366, 
    0x2AE3, 0x2AE3, 0x2AE3, 0x2AE3, 0x2AE3, 0x3303, 0x3303, 0x3303, 0x3323, 0x5383, 0x3303, 0x3B23, 
    0x3B23, 0x3B23, 0x4343, 0x4343, 0x4363, 0x19A1, 0x2124, 0x6B09, 0x8BEC, 0xB510, 0x942D, 0x8BCC, 
    0x7B6B, 0x6B09, 0x4A47, 0x39C6, 0x2123, 0x08A0, 0x3323, 0x4363, 0x4B63, 0x3323, 0x4B63, 0x4343, 
    0x2AE3, 0x3303, 0x3303, 0x4343, 0x3303, 0x2AE3, 0x2AE3, 0x3B23, 0x2AE3, 0x2AE3, 0x2AE3, 0x2AE3, 
    0x2AE3, 0x2AE3, 0x32E3, 0x2AE3, 0x2AE3, 0x2AE3, 0x2AE3, 0x2AE3, 0x2AE3, 0x2AE3, 0x2AE3, 0x2AE3, 
    0x2AE3, 0x2AE3, 0x2AE3, 0x2AE3, 0x2AE3, 0x2AE3, 0x2AE3, 0x2AE3, 0x2AE3, 0x2AE3, 0x2AE3, 0x2AE3, 
    0x2AE3, 0x2AE3, 0x2AE3, 0x2AE3, 0x2AE3, 0x2B03, 0x2B03, 0x2B03, 0x2B03, 0x2AE3, 0x2B03, 0x4324, 
    0x5347, 0x4B25, 0x3304, 0x2B03, 0x2AE3, 0x22A3, 0x1A02, 0x2AC3, 0x2B03, 0x2B03, 0x2B03, 0x2B03, 
    0x32A4, 0x83CA, 0x942B, 0x942B, 0x6B28, 0x3A65, 0x2AE3, 0x2B03, 0x2AE3, 0x2AE3, 0x2AE3, 0x2AE3, 
    0x2AE3, 0x2AE3, 0x2B03, 0x2AE3, 0x2AE3, 0x2AE3, 0x2AE3, 0x2AE3, 0x2AE3, 0x2AE3, 0x2AE3, 0x2AE3, 
    0x2AE3, 0x2AE3, 0x2B03, 0x2AE3, 0x2AE3, 0x2AE3, 0x2B03, 0x2AE3, 0x2AE3, 0x2AE3, 0x2AE3, 0x2AE3, 
    0x2AE3, 0x2AC3, 0x2AE3, 0x2AC3, 0x2AE3, 0x2AE3, 0x2AE3, 0x2AE3, 0x2AE3, 0x2AE3, 0x2AE3, 0x2AE3, 
    0x3323, 0x3324, 0x3323, 0x3323, 0x3323, 0x3323, 0x3323, 0x3323, 0x3323, 0x3323, 0x3323, 0x3323, 
    0x3323, 0x3323, 0x3323, 0x3323, 0x3323, 0x3323, 0x3323, 0x3303, 0x3303, 0x3323, 0x3323, 0x3323, 
    0x3323, 0x3323, 0x3324, 0x3324, 0x3323, 0x3323, 0x3323, 0x3303, 0x3323, 0x3303, 0x3B24, 0x6367, 
    0x3B24, 0x3323, 0x3323, 0x3323, 0x2AE3, 0x736A, 0xBD2F, 0xACCE, 0xACAE, 0x9C4C, 0x6B28, 0x2AC3, 
    0x3323, 0x3323, 0x3323, 0x63A7, 0x8C0B, 0x3B04, 0x3323, 0x3323, 0x3323, 0x3324, 0x3324, 0x3323, 
    0x32E4, 0x7BCA, 0xACCE, 0xB4CE, 0x7B8A, 0x3264, 0x3304, 0x3323, 0x3323, 0x3323, 0x3323, 0x3323, 
    0x3B24, 0x4344, 0x4324, 0x3323, 0x3323, 0x3323, 0x3323, 0x3323, 0x3323, 0x3323, 0x3323, 0x3323, 
    0x3323, 0x3323, 0x3323, 0x3323, 0x3323, 0x3323, 0x3344, 0x3343, 0x3324, 0x3B24, 0x946C, 0x83EA, 
    0x3B04, 0x3323, 0x3344, 0x3323, 0x3B23, 0x3B43, 0x53A4, 0x4343, 0x4343, 0x3B23, 0x4343, 0x4363, 
    0x5383, 0x5383, 0x4343, 0x5BA4, 0x4B84, 0x1961, 0x18E3, 0x5AA8, 0x7B6B, 0xACD0, 0xA46E, 0x93ED, 
    0x83AC, 0x6B0A, 0x4227, 0x2964, 0x1903, 0x00A0, 0x4B63, 0x53A3, 0x5BC3, 0x4B83, 0x4B63, 0x4343, 
    0x4363, 0x4B63, 0x4343, 0x3303, 0x3B23, 0x4343, 0x3B23, 0x4363, 0x3B23, 0x3323, 0x3B24, 0x4324, 
    0x3304, 0x3323, 0x3323, 0x3323, 0x3323, 0x3323, 0x3323, 0x3324, 0x3323, 0x3323, 0x3323, 0x3323, 
    0x3323, 0x3323, 0x3323, 0x3323, 0x3323, 0x3323, 0x3323, 0x3323, 0x3323, 0x3323, 0x3323, 0x3323, 
    0x3323, 0x3323, 0x3323, 0x3323, 0x3324, 0x3324, 0x3323, 0x3323, 0x3323, 0x3323, 0x3B44, 0x8429, 
    0xBD70, 0x8C0B, 0x4325, 0x3343, 0x3344, 0x3323, 0x3323, 0x3323, 0x3324, 0x3324, 0x3324, 0x3324, 
    0x32E4, 0x4245, 0x7369, 0x62C7, 0x3A05, 0x2A23, 0x2B03, 0x3344, 0x3343, 0x3323, 0x3323, 0x3323, 
    0x3323, 0x3323, 0x3324, 0x3324, 0x3324, 0x3323, 0x3323, 0x3324, 0x3324, 0x3323, 0x3323, 0x3323, 
    0x3323, 0x3323, 0x3323, 0x3323, 0x3323, 0x3323, 0x3323, 0x3323, 0x3323, 0x3303, 0x3323, 0x3323, 
    0x3323, 0x3303, 0x3303, 0x3303, 0x3303, 0x3323, 0x3323, 0x3323, 0x3323, 0x3323, 0x3323, 0x3323, 
    0x3323, 0x3303, 0x3303, 0x3323, 0x3323, 0x3323, 0x3303, 0x2B03, 0x3303, 0x3303, 0x3303, 0x3303, 
    0x3303, 0x3303, 0x3303, 0x3303, 0x3303, 0x3303, 0x3303, 0x3303, 0x3303, 0x3303, 0x3303, 0x3303, 
    0x3303, 0x3323, 0x3323, 0x3303, 0x3303, 0x3303, 0x3303, 0x3303, 0x3303, 0x3303, 0x2AA3, 0x1983, 
    0x2AC3, 0x3323, 0x3323, 0x3323, 0x2AC3, 0x5AC7, 0x8BEB, 0xA46D, 0x7B8A, 0x62E8, 0x4225, 0x1A42, 
    0x3323, 0x3323, 0x3323, 0x3AA4, 0x3A25, 0x2243, 0x3323, 0x3323, 0x3323, 0x3323, 0x3303, 0x2263, 
    0x7B89, 0xB4EF, 0xC571, 0xBD30, 0xA48D, 0x7B69, 0x2A03, 0x3303, 0x3323, 0x3323, 0x3303, 0x3323, 
    0x5387, 0xA4AD, 0x840B, 0x3B04, 0x3323, 0x3323, 0x3323, 0x3323, 0x3323, 0x3323, 0x3323, 0x3323, 
    0x3324, 0x3323, 0x2B03, 0x2B03, 0x3303, 0x3323, 0x3324, 0x3324, 0x3324, 0x3304, 0x4265, 0x4245, 
    0x2A83, 0x3B44, 0x3B43, 0x3323, 0x3B43, 0x4363, 0x3B43, 0x3B23, 0x3B43, 0x3303, 0x5B83, 0x4B63, 
    0x53A3, 0x5BA3, 0x5BA4, 0x53A4, 0x63C3, 0x3A82, 0x0880, 0x1903, 0x2123, 0x1903, 0x1903, 0x2144, 
    0x2144, 0x1903, 0x10C2, 0x0881, 0x0880, 0x2A22, 0x5383, 0x5BC3, 0x5BC3, 0x5383, 0x4B83, 0x53A3, 
    0x5BA3, 0x5363, 0x3B23, 0x4343, 0x4B83, 0x4343, 0x3323, 0x3B43, 0x3324, 0x3303, 0x6BE9, 0xA48D, 
    0x5326, 0x3303, 0x3323, 0x3323, 0x3323, 0x3323, 0x3323, 0x3323, 0x3323, 0x3323, 0x3303, 0x3323, 
    0x3323, 0x3323, 0x3303, 0x3303, 0x3303, 0x2B03, 0x3303, 0x3323, 0x3323, 0x3323, 0x3324, 0x3323, 
    0x3323, 0x3323, 0x3323, 0x3324, 0x3323, 0x3323, 0x3303, 0x3303, 0x3303, 0x2B23, 0x4B46, 0xA4AD, 
    0xA4AE, 0x83EA, 0x5AE7, 0x2AC3, 0x3323, 0x3323, 0x3323, 0x2B03, 0x3303, 0x3303, 0x3303, 0x3303, 
    0x3304, 0x2A83, 0x29C4, 0x29A3, 0x19A2, 0x22A3, 0x3324, 0x3324, 0x3323, 0x3323, 0x3323, 0x3323, 
    0x3303, 0x3303, 0x3304, 0x3324, 0x2B03, 0x2B03, 0x3303, 0x3303, 0x3324, 0x3323, 0x3303, 0x3303, 
    0x3303, 0x3303, 0x3323, 0x3323, 0x3303, 0x3303, 0x3303, 0x3303, 0x3303, 0x3303, 0x3303, 0x3303, 
    0x3303, 0x3303, 0x2B03, 0x2AE3, 0x2AE3, 0x3303, 0x3303, 0x3303, 0x2B03, 0x3303, 0x2B03, 0x2B03, 
    0x2AE3, 0x2AE3, 0x2AE3, 0x2AE3, 0x2AE3, 0x2AE3, 0x2AE3, 0x2AE3, 0x2AC3, 0x2AC3, 0x2AC3, 0x2AC3, 
    0x2AC3, 0x2AC3, 0x2AC3, 0x2AC3, 0x2AE3, 0x2AE3, 0x2AE3, 0x2AE3, 0x2AE3, 0x2AE3, 0x2AE3, 0x2AE3, 
    0x2B03, 0x2AE3, 0x3284, 0x5B47, 0x5B47, 0x2A43, 0x2AE3, 0x2AE3, 0x2AE3, 0x2AE3, 0x2AC3, 0x2243, 
    0x2AC3, 0x2AC3, 0x2AE3, 0x2AE3, 0x2AA3, 0x29C4, 0x5286, 0x7B8A, 0x62E8, 0x4A46, 0x2183, 0x1A02, 
    0x2AE3, 0x2B03, 0x2AE3, 0x22A3, 0x1A43, 0x2283, 0x2AC3, 0x2AE3, 0x2AE3, 0x2AE3, 0x3284, 0x6328, 
    0xACCE, 0xC550, 0xBD2F, 0xA48D, 0xA46D, 0x8BCB, 0x62E7, 0x2A23, 0x2AE3, 0x2AE3, 0x2AE3, 0x2AE3, 
    0x32A4, 0x62E7, 0x5AA6, 0x2A63, 0x2AE3, 0x2AE3, 0x2AE3, 0x2AE3, 0x2AE3, 0x2AE3, 0x2AE3, 0x2AE3, 
    0x2B03, 0x2B03, 0x6BC9, 0x7BEA, 0x73C9, 0x32A4, 0x2AE3, 0x2AE3, 0x2AE3, 0x2B04, 0x2283, 0x1A43, 
    0x2AC3, 0x2B03, 0x3B03, 0x3303, 0x3323, 0x3B43, 0x4B63, 0x4343, 0x4B63, 0x4B83, 0x4B63, 0x3B43, 
    0x4B63, 0x53A4, 0x4B84, 0x4B83, 0x5BA4, 0x42A2, 0x0881, 0x2924, 0x5A88, 0x734A, 0x7B6B, 0x732A, 
    0x5A88, 0x41E6, 0x31A5, 0x2144, 0x0881, 0x3282, 0x53A3, 0x53A3, 0x63C3, 0x4B83, 0x5383, 0x4B63, 
    0x5383, 0x3B23, 0x4343, 0x5B83, 0x4B63, 0x3B23, 0x4343, 0x4344, 0x4323, 0x3303, 0x4AE6, 0x5AC7, 
    0x3A44, 0x2AE3, 0x2B03, 0x2B03, 0x3303, 0x32E3, 0x2B03, 0x2AE3, 0x2AE3, 0x2AE3, 0x2AE3, 0x2AE3, 
    0x2AE3, 0x2AE3, 0x2AE3, 0x2AE3, 0x3B24, 0x7C4A, 0x4B45, 0x2B03, 0x2B03, 0x2AE3, 0x2AE3, 0x2AE3, 
    0x2AE3, 0x2AE3, 0x2AE3, 0x2AE3, 0x2AE3, 0x2AE3, 0x2AE3, 0x2AE3, 0x2AE3, 0x2AE3, 0x3AC4, 0x5AC7, 
    0x6B08, 0x4A66, 0x29E3, 0x22A3, 0x2AE3, 0x2AE3, 0x3304, 0x7C4B, 0x6BA8, 0x3AE4, 0x2AC3, 0x2AC3, 
    0x2AC3, 0x2AE3, 0x2263, 0x1A43, 0x2283, 0x2AE3, 0x2AE3, 0x2AE3, 0x2AE3, 0x2AE3, 0x2AE3, 0x2B03, 
    0x2AE3, 0x2AE3, 0x2B03, 0x2AC3, 0x6BA9, 0x73E9, 0x73C9, 0x5347, 0x2AC3, 0x2AE3, 0x2AE3, 0x2AE3, 
    0x2AE3, 0x2AE3, 0x2B03, 0x2AE3, 0x2AE3, 0x2AE3, 0x2AE3, 0x2AE3, 0x2AE3, 0x2AE3, 0x2AE3, 0x2AE3, 
    0x2AE3, 0x2AC3, 0x2AC3, 0x2AC3, 0x2AC3, 0x2AC3, 0x2AE3, 0x2AE3, 0x2AE3, 0x2AE3, 0x2AC3, 0x2AC3, 
    0x3324, 0x3303, 0x3323, 0x3324, 0x3323, 0x3323, 0x3323, 0x3303, 0x3303, 0x3303, 0x3303, 0x3303, 
    0x3303, 0x3303, 0x3323, 0x3323, 0x3323, 0x3323, 0x3323, 0x3323, 0x3323, 0x3323, 0x3324, 0x3323, 
    0x3344, 0x2A83, 0x7369, 0xACAE, 0xA46C, 0x52A6, 0x3284, 0x32E3, 0x3344, 0x3343, 0x3323, 0x3323, 
    0x3303, 0x3303, 0x3303, 0x3303, 0x3323, 0x2AA3, 0x21C3, 0x4A45, 0x4225, 0x29C4, 0x11C2, 0x2283, 
    0x3303, 0x3323, 0x3323, 0x3323, 0x2B03, 0x3303, 0x3303, 0x3303, 0x3303, 0x3303, 0x3A84, 0x9C4C, 
    0xBD0F, 0xBD0F, 0xACAE, 0xA46C, 0x942C, 0x8BEB, 0x7B69, 0x3224, 0x3323, 0x3323, 0x3303, 0x3303, 
    0x2AE3, 0x2263, 0x2202, 0x2262, 0x3303, 0x3323, 0x3B24, 0x4B85, 0x3B44, 0x3324, 0x3323, 0x3323, 
    0x3B44, 0x63A8, 0xB4EE, 0xBD50, 0xACAD, 0x5B07, 0x3B04, 0x3323, 0x3B44, 0x3B44, 0x3323, 0x3323, 
    0x3B63, 0x4343, 0x4343, 0x4363, 0x4363, 0x4363, 0x5BA3, 0x5383, 0x5BA3, 0x63C4, 0x5383, 0x4B83, 
    0x5BC4, 0x6BE4, 0x53A4, 0x4B84, 0x6404, 0x29E2, 0x2944, 0x6B2A, 0x940C, 0xC551, 0xBD31, 0xACCF, 
    0x940D, 0x7329, 0x5A88, 0x4A47, 0x2103, 0x21C1, 0x6404, 0x6BE4, 0x6BE4, 0x5BC4, 0x6BE4, 0x5BA3, 
    0x4B63, 0x5383, 0x5BA3, 0x63A3, 0x5363, 0x4B63, 0x53A3, 0x4B63, 0x4B83, 0x4343, 0x32A3, 0x2223, 
    0x2A83, 0x3323, 0x3303, 0x3B24, 0x3B44, 0x3B43, 0x3B24, 0x5366, 0x5B87, 0x5346, 0x3B04, 0x3323, 
    0x3323, 0x3323, 0x3323, 0x3323, 0x4B66, 0x940C, 0x5305, 0x2AE3, 0x3344, 0x3323, 0x3323, 0x3323, 
    0x3323, 0x3323, 0x3303, 0x3323, 0x3B44, 0x3343, 0x3323, 0x3323, 0x3323, 0x3323, 0x2AC3, 0x2223, 
    0x3204, 0x19A2, 0x2243, 0x3323, 0x3323, 0x2B23, 0x4345, 0xA4AE, 0x8BCB, 0x42C5, 0x3303, 0x3323, 
    0x3323, 0x3323, 0x3324, 0x3303, 0x3324, 0x3344, 0x3324, 0x3303, 0x3B04, 0x5BC8, 0x4345, 0x3323, 
    0x3304, 0x3324, 0x3B24, 0x6388, 0xACEE, 0xB4EE, 0xA4AD, 0x8C0B, 0x42E5, 0x2AE3, 0x3323, 0x3323, 
    0x3323, 0x3323, 0x3323, 0x3343, 0x3323, 0x3323, 0x3323, 0x3323, 0x3323, 0x3323, 0x3303, 0x3303, 
    0x3303, 0x3303, 0x3303, 0x3303, 0x3303, 0x3303, 0x3323, 0x3323, 0x3323, 0x3323, 0x3323, 0x3323, 
    0x3324, 0x3323, 0x3323, 0x3323, 0x3323, 0x3323, 0x3323, 0x3323, 0x3323, 0x3323, 0x3323, 0x3303, 
    0x3303, 0x3323, 0x3323, 0x3323, 0x3323, 0x3323, 0x3323, 0x3323, 0x3323, 0x3324, 0x3B44, 0x3323, 
    0x3B04, 0x4AA6, 0xACCF, 0xBD30, 0xA48D, 0x940B, 0x5287, 0x3264, 0x3B24, 0x3344, 0x3343, 0x3323, 
    0x3303, 0x3303, 0x3323, 0x3323, 0x3323, 0x3303, 0x2262, 0x11A1, 0x09A1, 0x11E2, 0x2283, 0x3323, 
    0x3323, 0x4324, 0x3324, 0x3323, 0x3323, 0x3323, 0x3B44, 0x3B24, 0x3324, 0x3324, 0x3A64, 0x9C4C, 
    0x942B, 0x940B, 0x9C4C, 0x9C2C, 0x7B69, 0x6B48, 0x7328, 0x3A25, 0x3323, 0x3B44, 0x3324, 0x3344, 
    0x3B44, 0x3344, 0x2AE3, 0x3303, 0x3323, 0x3343, 0x4344, 0x6BA7, 0x3B24, 0x3B44, 0x3324, 0x3323, 
    0x4325, 0xA48D, 0xB4CE, 0xB50F, 0x9C6C, 0x93EB, 0x4285, 0x3323, 0x3B64, 0x3B44, 0x4343, 0x4363, 
    0x4383, 0x4B83, 0x4B63, 0x4B83, 0x5383, 0x63C4, 0x5BA3, 0x5BC3, 0x63C4, 0x6C04, 0x7C45, 0x6C04, 
    0x5BC4, 0x6404, 0x7C25, 0x7426, 0x6C45, 0x3223, 0x2144, 0x5AA8, 0x7B6A, 0xACCF, 0xB4F0, 0x9C6E, 
    0x7B6B, 0x5AA8, 0x4226, 0x39E6, 0x2103, 0x21C1, 0x6405, 0x7426, 0x7426, 0x7425, 0x6BE4, 0x6BE4, 
    0x63C4, 0x7404, 0x6BC4, 0x4B84, 0x53A4, 0x63C4, 0x63C4, 0x4B63, 0x5383, 0x4B84, 0x53A3, 0x4B83, 
    0x3B63, 0x3B43, 0x3303, 0x3323, 0x3344, 0x3323, 0x5367, 0xB50F, 0xC550, 0x9C6D, 0x5306, 0x3303, 
    0x3323, 0x3323, 0x3324, 0x3324, 0x32E4, 0x31E4, 0x21E3, 0x2AE3, 0x3B44, 0x3324, 0x3323, 0x3323, 
    0x3AE4, 0x42E5, 0x42E5, 0x3AC5, 0x3B24, 0x3B44, 0x3323, 0x3323, 0x3323, 0x3323, 0x3323, 0x2B03, 
    0x1A83, 0x1A43, 0x32E3, 0x3B44, 0x3344, 0x3343, 0x3AE4, 0x5AA7, 0x4A66, 0x3224, 0x3323, 0x3323, 
    0x3323, 0x3343, 0x3344, 0x3B44, 0x3B44, 0x3B64, 0x3344, 0x3323, 0x4325, 0x9C8D, 0x4B46, 0x3303, 
    0x3303, 0x3304, 0x4B05, 0xACEF, 0xBD50, 0xACEE, 0xA4AD, 0x9C6C, 0x7349, 0x3264, 0x3303, 0x3323, 
    0x3323, 0x3323, 0x3323, 0x3323, 0x3323, 0x3323, 0x3323, 0x3323, 0x3323, 0x3323, 0x3323, 0x3323, 
    0x3323, 0x3323, 0x3303, 0x3303, 0x3303, 0x3303, 0x3323, 0x3323, 0x3323, 0x3323, 0x3323, 0x3323, 
    0x2AE3, 0x2AE3, 0x2AE3, 0x2AE3, 0x2AE3, 0x2AE3, 0x2AE3, 0x2AE3, 0x2AC3, 0x2AC3, 0x2AC3, 0x2AC3, 
    0x2AE3, 0x2AE3, 0x2AE3, 0x2AE3, 0x2AE3, 0x2AE3, 0x2AE3, 0x2AE3, 0x2AE3, 0x2AE3, 0x2B03, 0x2AA3, 
    0x3A24, 0xACCE, 0xBD30, 0xACCE, 0xACAE, 0xA46D, 0x942C, 0x5AC8, 0x2A43, 0x3323, 0x2B03, 0x2AE3, 
    0x2AE3, 0x2AC3, 0x2AC3, 0x2AE3, 0x2AE3, 0x2AE3, 0x2AC3, 0x2283, 0x2283, 0x22A3, 0x2AC3, 0x2AE3, 
    0x2AC3, 0x4AA6, 0x2A83, 0x2AE3, 0x2AE3, 0x3324, 0x4B46, 0x3B04, 0x2B03, 0x2AE3, 0x21A3, 0x5286, 
    0x83AA, 0x8C0B, 0x83AA, 0x7349, 0x8389, 0x6B08, 0x5266, 0x2183, 0x2AC3, 0x2AE3, 0x2AE3, 0x2B03, 
    0x2AE3, 0x2AE3, 0x2AE3, 0x2AE3, 0x2B03, 0x2B03, 0x2AE3, 0x3A84, 0x2A03, 0x2AE3, 0x2AE3, 0x2AE3, 
    0x3AC4, 0x7349, 0xA46D, 0x942C, 0x7369, 0x62E8, 0x31E4, 0x2AA3, 0x3303, 0x3303, 0x32E3, 0x3B23, 
    0x4B63, 0x3B43, 0x4363, 0x5383, 0x63E4, 0x6C04, 0x7C65, 0x7C65, 0x7C46, 0x7C66, 0x7C66, 0x7C46, 
    0x7426, 0x6BE5, 0x6405, 0x7C66, 0x7C66, 0x3202, 0x18E3, 0x5AA8, 0x7B6A, 0xBD31, 0xB4F0, 0x9C2D, 
    0x7B6A, 0x62C9, 0x5267, 0x39E6, 0x10C2, 0x1981, 0x63C5, 0x7425, 0x7445, 0x6C05, 0x6BE5, 0x7405, 
    0x7426, 0x7C46, 0x7C46, 0x7C66, 0x7C66, 0x7445, 0x6C04, 0x6BE4, 0x63E4, 0x4384, 0x4383, 0x4B63, 
    0x5383, 0x3303, 0x3304, 0x3303, 0x2B03, 0x32A4, 0x8BEB, 0xBD30, 0xACCE, 0x942C, 0x7369, 0x2A23, 
    0x2AE3, 0x2AE3, 0x2B03, 0x2AE3, 0x2AC3, 0x1A22, 0x2283, 0x2B03, 0x2B03, 0x2AE3, 0x2B03, 0x2A83, 
    0x7BCA, 0xB50F, 0xB52F, 0x83CB, 0x42E5, 0x2AC3, 0x32E3, 0x2AE3, 0x2AE3, 0x2AE3, 0x2AC3, 0x2AE3, 
    0x2B03, 0x2AE3, 0x2AC3, 0x2AE3, 0x2B03, 0x2AE3, 0x2AC3, 0x1A43, 0x1A02, 0x2283, 0x2B03, 0x2AE3, 
    0x2AE3, 0x2B03, 0x3303, 0x3303, 0x3303, 0x3303, 0x2AE3, 0x2AE3, 0x32C4, 0x4265, 0x21E3, 0x2263, 
    0x2AE3, 0x2AA3, 0x83AA, 0xACCE, 0xA4AD, 0xACEE, 0xA48D, 0x83AA, 0x7329, 0x39E5, 0x2263, 0x2AE3, 
    0x2AE3, 0x2AE3, 0x2AE3, 0x2AE3, 0x2AE3, 0x2AE3, 0x2AC3, 0x2AE3, 0x2AE3, 0x2AE3, 0x2AE3, 0x2AE3, 
    0x2AE3, 0x2AC3, 0x2AC3, 0x2AC3, 0x2AC3, 0x2AE3, 0x2AE3, 0x2AE3, 0x2AE3, 0x2AE3, 0x2AE3, 0x2AC3, 
    0x3304, 0x3303, 0x3303, 0x3303, 0x3303, 0x3303, 0x3303, 0x3303, 0x3303, 0x3303, 0x3303, 0x3303, 
    0x3303, 0x3303, 0x3303, 0x3303, 0x3303, 0x3303, 0x3303, 0x3303, 0x3303, 0x3323, 0x3324, 0x3204, 
    0x7B6A, 0xA46D, 0xACAE, 0xA48D, 0xA46D, 0x8BEB, 0x7B89, 0x6B28, 0x3204, 0x2AE3, 0x3303, 0x3303, 
    0x3303, 0x8449, 0x5386, 0x2B03, 0x3323, 0x3323, 0x3323, 0x3303, 0x3303, 0x3303, 0x3323, 0x3323, 
    0x3303, 0x2262, 0x5B87, 0x73E8, 0x4B45, 0x2A83, 0x32C3, 0x3323, 0x3323, 0x3323, 0x2AA3, 0x21A3, 
    0x5287, 0x7349, 0x7349, 0x6B08, 0x62E8, 0x5266, 0x31C4, 0x1982, 0x2AE3, 0x3303, 0x3323, 0x3323, 
    0x3323, 0x3323, 0x2B03, 0x3303, 0x3323, 0x3323, 0x3303, 0x2AC3, 0x2AA3, 0x3303, 0x3323, 0x3323, 
    0x32E4, 0x3A85, 0x7349, 0x6B28, 0x5AC7, 0x3A04, 0x19E2, 0x3B23, 0x4343, 0x3B43, 0x3B43, 0x4B63, 
    0x5383, 0x5B83, 0x63A3, 0x6C05, 0x7C65, 0x8486, 0x8CC7, 0x8CC7, 0x84C7, 0x84A7, 0x84A6, 0x8486, 
    0x7446, 0x7426, 0x7426, 0x7C66, 0x7466, 0x63A5, 0x10C1, 0x18C2, 0x39C6, 0x4A27, 0x4207, 0x39A5, 
    0x3185, 0x2964, 0x2144, 0x10C2, 0x10E1, 0x4B23, 0x63E5, 0x7446, 0x7446, 0x7446, 0x7426, 0x7C46, 
    0x8486, 0x84A7, 0x7C86, 0x8487, 0x84A7, 0x84A6, 0x7C45, 0x7445, 0x7445, 0x63E4, 0x5BA3, 0x4B63, 
    0x4343, 0x3B23, 0x3303, 0x3B43, 0x3B43, 0x32A4, 0x6B28, 0x8BEB, 0x83CA, 0x62E7, 0x5286, 0x2203, 
    0x3323, 0x3323, 0x3323, 0x3323, 0x3303, 0x3303, 0x3303, 0x3323, 0x3343, 0x3343, 0x3304, 0x73A9, 
    0xB50F, 0xBD50, 0xB4EE, 0xACAD, 0x8BEB, 0x52C6, 0x32E3, 0x3303, 0x3303, 0x32E3, 0x3303, 0x3303, 
    0x3324, 0x3324, 0x5386, 0x4B65, 0x3323, 0x3324, 0x3323, 0x3323, 0x2AE3, 0x2B03, 0x3343, 0x3324, 
    0x2A83, 0x29A3, 0x29C3, 0x21A3, 0x21C3, 0x32A3, 0x3344, 0x3324, 0x3303, 0x1A23, 0x2223, 0x32C3, 
    0x3303, 0x32A3, 0x62C7, 0x838A, 0x8BCA, 0x8C0B, 0x83EA, 0x6B28, 0x5287, 0x29A4, 0x2263, 0x3323, 
    0x3303, 0x3303, 0x3303, 0x3303, 0x3303, 0x3303, 0x3303, 0x3303, 0x3303, 0x3303, 0x3303, 0x3303, 
    0x3303, 0x3303, 0x3303, 0x3303, 0x2B03, 0x3303, 0x3303, 0x3303, 0x3303, 0x3303, 0x2B03, 0x3303, 
    0x3324, 0x3323, 0x3323, 0x3323, 0x3343, 0x3343, 0x3343, 0x3323, 0x3323, 0x3343, 0x3343, 0x3343, 
    0x3323, 0x3323, 0x3B43, 0x3343, 0x3343, 0x3343, 0x3343, 0x3343, 0x3343, 0x3B44, 0x3B44, 0x31E4, 
    0x7B6A, 0x7B89, 0x7B89, 0x93EB, 0x944C, 0x7B89, 0x6B08, 0x6B08, 0x31A4, 0x2AC3, 0x3323, 0x3323, 
    0x3343, 0x8429, 0x5B26, 0x32C3, 0x3323, 0x3343, 0x3343, 0x3B44, 0x3B43, 0x3323, 0x3343, 0x3343, 
    0x3343, 0x2B03, 0x5B67, 0x5326, 0x3AC4, 0x2243, 0x3303, 0x3323, 0x3323, 0x3343, 0x3343, 0x2A83, 
    0x29C4, 0x5266, 0x62C7, 0x5AA7, 0x4A26, 0x2984, 0x19A3, 0x1A42, 0x3303, 0x3323, 0x3343, 0x3323, 
    0x3343, 0x3B64, 0x7429, 0x5B87, 0x3323, 0x3B63, 0x3343, 0x3B43, 0x3B43, 0x3B23, 0x3B43, 0x3323, 
    0x3B64, 0x32C4, 0x4A46, 0x4205, 0x39E5, 0x29E3, 0x2282, 0x4363, 0x4B83, 0x4B83, 0x53A3, 0x5BA3, 
    0x63C4, 0x7425, 0x7C65, 0x7C86, 0x7C66, 0x4AA4, 0x4284, 0x4284, 0x4A84, 0x4AA4, 0x4283, 0x5B24, 
    0x7C66, 0x7C66, 0x7C66, 0x7446, 0x7446, 0x5324, 0x18C2, 0x39A5, 0x6B2A, 0x7BAC, 0x7B8B, 0x6B2A, 
    0x5AA8, 0x5267, 0x39C6, 0x2123, 0x1902, 0x4303, 0x7426, 0x7446, 0x7426, 0x7466, 0x7CA7, 0x7C66, 
    0x4AA4, 0x4263, 0x3A43, 0x3A63, 0x4283, 0x4283, 0x6365, 0x84C7, 0x8486, 0x7425, 0x6BE4, 0x63E4, 
    0x53A3, 0x53A3, 0x4B63, 0x4B63, 0x4363, 0x32E4, 0x4A86, 0x6B08, 0x62E8, 0x5266, 0x31E4, 0x2263, 
    0x3B43, 0x3B43, 0x3343, 0x3323, 0x3323, 0x3B44, 0x3B44, 0x3343, 0x3343, 0x3B04, 0x6B69, 0xB4EE, 
    0xBD0F, 0xBD0F, 0xA46D, 0x9C4C, 0xA46D, 0x83AA, 0x4245, 0x32A3, 0x3B44, 0x3324, 0x3344, 0x3344, 
    0x3324, 0x32E4, 0x6388, 0x5346, 0x3323, 0x3B44, 0x3343, 0x3323, 0x3323, 0x32A3, 0x2A64, 0x2A44, 
    0x3204, 0x5A67, 0x7329, 0x6AE9, 0x4A46, 0x2A04, 0x2A84, 0x3B64, 0x3344, 0x3324, 0x3324, 0x3B44, 
    0x3344, 0x32E4, 0x4265, 0x5266, 0x7B69, 0x7369, 0x6B48, 0x5AC7, 0x31C4, 0x21C3, 0x2AC3, 0x3323, 
    0x3323, 0x3323, 0x3323, 0x3323, 0x3323, 0x3323, 0x3323, 0x3323, 0x3323, 0x3323, 0x3323, 0x3343, 
    0x3323, 0x3323, 0x3323, 0x3323, 0x3323, 0x3323, 0x3323, 0x3323, 0x3323, 0x3323, 0x3323, 0x3323, 
    0x2AE3, 0x2B03, 0x2B03, 0x3303, 0x3303, 0x3303, 0x3303, 0x2AE3, 0x2B03, 0x2B03, 0x2AE3, 0x2AE3, 
    0x2AE3, 0x2AE3, 0x2AE3, 0x2B03, 0x2B03, 0x2B03, 0x3303, 0x3303, 0x3303, 0x3303, 0x2AE3, 0x21C3, 
    0x4245, 0x6B08, 0x83AA, 0x7B89, 0x7349, 0x6B08, 0x5AA7, 0x3A05, 0x1983, 0x2AC3, 0x2AE3, 0x32E3, 
    0x32E3, 0x3284, 0x29E3, 0x2203, 0x2AE3, 0x2AE3, 0x3303, 0x3303, 0x2B03, 0x2AE3, 0x2B03, 0x2B03, 
    0x2B03, 0x3323, 0x2AC3, 0x1A22, 0x1A02, 0x2AE3, 0x2AE3, 0x2AE3, 0x2AE3, 0x2B03, 0x3303, 0x3323, 
    0x1A02, 0x1142, 0x1943, 0x1943, 0x1902, 0x1182, 0x1222, 0x2282, 0x2AE3, 0x2B03, 0x2B03, 0x2B03, 
    0x3303, 0x63A7, 0xB4EE, 0x8C0B, 0x42C5, 0x3303, 0x3323, 0x3323, 0x3303, 0x32E3, 0x3303, 0x3303, 
    0x3303, 0x2AC3, 0x21C3, 0x1962, 0x1962, 0x2202, 0x2B02, 0x53A3, 0x4363, 0x4B83, 0x5BC4, 0x6C04, 
    0x7425, 0x7C86, 0x63A5, 0x63A5, 0x4AC4, 0x0840, 0x1881, 0x2082, 0x20A2, 0x1881, 0x1040, 0x1901, 
    0x6BA6, 0x8487, 0x7C86, 0x7446, 0x7446, 0x29C2, 0x20E3, 0x6B2A, 0x9C4E, 0xD5D3, 0xB510, 0xAC8F, 
    0x9C2D, 0x7B8B, 0x5AA8, 0x39E6, 0x18C3, 0x29C2, 0x7466, 0x7446, 0x7446, 0x7446, 0x6BC5, 0x29A2, 
    0x1061, 0x1861, 0x2081, 0x20A2, 0x20A2, 0x1061, 0x2982, 0x6BE6, 0x63A5, 0x7426, 0x7425, 0x6C04, 
    0x63C3, 0x4B83, 0x53A3, 0x4343, 0x3B23, 0x3B43, 0x2AA3, 0x21A3, 0x2183, 0x2183, 0x1A02, 0x22C3, 
    0x3323, 0x3303, 0x32E3, 0x6BC8, 0x5B87, 0x3303, 0x3303, 0x3323, 0x2AC3, 0x52C7, 0xAC8D, 0xBD0F, 
    0xAC8D, 0xB4EE, 0xA46D, 0x940B, 0x9C4C, 0x93EB, 0x7B49, 0x3A24, 0x32E3, 0x3323, 0x3324, 0x3324, 
    0x3304, 0x2AA3, 0x3264, 0x2A63, 0x2AE3, 0x3303, 0x3303, 0x2AE3, 0x2A83, 0x31E4, 0x5246, 0x62C8, 
    0x62C8, 0x8BAA, 0xBD2F, 0xB4AE, 0x8BAA, 0x5A87, 0x3A05, 0x29E3, 0x2AA3, 0x3303, 0x3303, 0x3303, 
    0x3304, 0x2B03, 0x2AC3, 0x1142, 0x5286, 0x5286, 0x4A46, 0x39E5, 0x1142, 0x11E2, 0x2AC3, 0x2AE3, 
    0x2AE3, 0x2AE3, 0x2AE3, 0x2B03, 0x2AE3, 0x2AE3, 0x2AE3, 0x2AE3, 0x2AE3, 0x2AE3, 0x2AE3, 0x2AE3, 
    0x2AE3, 0x2AE3, 0x2AE3, 0x2B03, 0x2AE3, 0x2AE3, 0x2AE3, 0x2AE3, 0x2AE3, 0x2AE3, 0x2AE3, 0x2AE3, 
    0x2AE3, 0x2B03, 0x3303, 0x3303, 0x2B03, 0x3303, 0x3303, 0x2B03, 0x3303, 0x2B03, 0x2AE3, 0x2AE3, 
    0x2AE3, 0x2AE3, 0x2AE3, 0x2AE3, 0x3303, 0x2B03, 0x3303, 0x3303, 0x2B03, 0x2AE3, 0x2AE3, 0x2AE3, 
    0x19A2, 0x4225, 0x5AA7, 0x62E8, 0x6B29, 0x5266, 0x41E5, 0x1142, 0x1A62, 0x3323, 0x3304, 0x2AE3, 
    0x2AE3, 0x2283, 0x1A42, 0x2AC3, 0x2AE3, 0x2AE3, 0x2AE3, 0x3303, 0x3303, 0x32E3, 0x3303, 0x2AE3, 
    0x2AE3, 0x2B03, 0x2B03, 0x2AE3, 0x2AE3, 0x3303, 0x3303, 0x2B03, 0x2B03, 0x2B03, 0x2AE3, 0x2AE3, 
    0x2AC3, 0x1A42, 0x11E1, 0x11E1, 0x11E2, 0x1222, 0x2283, 0x2B03, 0x2AE3, 0x2AE3, 0x2AE3, 0x2AE3, 
    0x32A4, 0x7389, 0x8BEA, 0x6B28, 0x3204, 0x2263, 0x3303, 0x2B03, 0x2AE3, 0x32E4, 0x32E3, 0x3323, 
    0x3303, 0x2B03, 0x2AC3, 0x2262, 0x2AC3, 0x3B23, 0x3B23, 0x4363, 0x5BA3, 0x5BA3, 0x6C25, 0x84A6, 
    0x7C86, 0x7C46, 0x10C1, 0x0840, 0x1061, 0x3923, 0x8246, 0x9AC8, 0x8A87, 0x7A26, 0x59A4, 0x0860, 
    0x10A1, 0x7406, 0x7C46, 0x7426, 0x7426, 0x29C2, 0x2924, 0x6AE9, 0x7B8B, 0x9C4D, 0x942D, 0x8BCC, 
    0x734A, 0x5AA8, 0x4227, 0x39E6, 0x18C2, 0x21A1, 0x7446, 0x7C87, 0x7C66, 0x73C5, 0x0860, 0x0820, 
    0x5164, 0x8267, 0x92A8, 0x92A8, 0x7A46, 0x5984, 0x0861, 0x0840, 0x0840, 0x6365, 0x84A7, 0x7445, 
    0x63C3, 0x63C3, 0x53A3, 0x3B43, 0x4B63, 0x4B63, 0x32E3, 0x2283, 0x1A22, 0x1A02, 0x22C3, 0x3323, 
    0x2B03, 0x2AE3, 0x4324, 0x5306, 0x3A85, 0x2AE3, 0x3303, 0x3303, 0x2A83, 0x83AA, 0xB4CE, 0xB4EF, 
    0xBD0F, 0xACAD, 0x9C4C, 0xACCE, 0x8BCA, 0x940B, 0x83AA, 0x3A05, 0x2243, 0x3304, 0x2B03, 0x2AE3, 
    0x32E4, 0x3304, 0x2AA3, 0x2AA3, 0x32E3, 0x2AE3, 0x2B03, 0x32C4, 0x29A4, 0x62A7, 0x9C2C, 0xB4EE, 
    0xC530, 0xACAE, 0xB4CE, 0x9C2C, 0x9C0C, 0x9C4C, 0x8BAB, 0x3184, 0x1942, 0x2AA3, 0x2B03, 0x3303, 
    0x2B03, 0x2AE3, 0x2AC3, 0x2223, 0x2183, 0x2163, 0x2143, 0x1122, 0x19E2, 0x2AC3, 0x2AE3, 0x2B03, 
    0x2AE3, 0x2AE3, 0x2B03, 0x3303, 0x2AE3, 0x2AE3, 0x2AE3, 0x2AE3, 0x2AE3, 0x2AE3, 0x2AE3, 0x2AE3, 
    0x2AE3, 0x2AE3, 0x2AE3, 0x2AE3, 0x2AE3, 0x2AE3, 0x2AE3, 0x2B03, 0x2AE3, 0x2B03, 0x2AE3, 0x2AE3, 
    0x3323, 0x3323, 0x3B43, 0x3343, 0x3343, 0x3343, 0x3323, 0x3343, 0x3343, 0x3323, 0x3323, 0x3323, 
    0x3343, 0x3323, 0x3323, 0x3323, 0x3323, 0x3343, 0x3B44, 0x3B44, 0x3344, 0x4364, 0x3B44, 0x3344, 
    0x3324, 0x21E3, 0x2183, 0x5287, 0x4225, 0x1923, 0x1162, 0x1A42, 0x3323, 0x43A5, 0x8C8A, 0x3B44, 
    0x3324, 0x3303, 0x3303, 0x3B24, 0x3343, 0x3323, 0x3323, 0x3B64, 0x1982, 0x0080, 0x1121, 0x3B23, 
    0x3323, 0x3343, 0x3343, 0x3343, 0x3343, 0x3B44, 0x3B43, 0x4365, 0x4B85, 0x3B44, 0x3324, 0x3324, 
    0x3323, 0x3323, 0x32E3, 0x2AE3, 0x3303, 0x3303, 0x3323, 0x3343, 0x3323, 0x3323, 0x3323, 0x3323, 
    0x3303, 0x3264, 0x4A66, 0x3A05, 0x21C2, 0x2AA3, 0x3344, 0x3B44, 0x3B44, 0x8C4A, 0x5B86, 0x4344, 
    0x4364, 0x3B44, 0x4364, 0x4363, 0x3B23, 0x4363, 0x5383, 0x5383, 0x6C04, 0x7C66, 0x84A7, 0x7C66, 
    0x1921, 0x10C1, 0x30E2, 0x69C5, 0x8A88, 0xB36A, 0x92A8, 0xB36A, 0xA329, 0x9AE9, 0x69E5, 0x69C5, 
    0x3902, 0x10C1, 0x6BC6, 0x7426, 0x7466, 0x31E2, 0x2944, 0x732A, 0x7B6B, 0xACAF, 0xBD31, 0xA48F, 
    0x83AB, 0x62E9, 0x4A27, 0x4A47, 0x18E3, 0x29A2, 0x7C66, 0x7C67, 0x7C47, 0x1101, 0x20A1, 0x69C5, 
    0x9B09, 0xAB8B, 0xB38B, 0xA309, 0x8267, 0x71E6, 0x7226, 0x5984, 0x28E2, 0x08A1, 0x29A2, 0x84C6, 
    0x84A6, 0x7C66, 0x63E4, 0x5BA3, 0x5BC3, 0x5383, 0x4B43, 0x3B23, 0x4343, 0x3B43, 0x3B24, 0x3B44, 
    0x3B44, 0x4B65, 0x3B64, 0x2A83, 0x2243, 0x3323, 0x3324, 0x3324, 0x2A83, 0x7B69, 0x8BCA, 0x9C4D, 
    0x940B, 0x8BCB, 0x9C2C, 0xA44C, 0x83AA, 0x6B07, 0x6B08, 0x31C4, 0x2A63, 0x3B64, 0x3B44, 0x3B64, 
    0x842A, 0x5306, 0x32E3, 0x3343, 0x3323, 0x3323, 0x3303, 0x29E4, 0x7329, 0xACAE, 0xB4EF, 0xACAE, 
    0xBD0F, 0xA48E, 0xB4EF, 0xB4CE, 0xAC8D, 0x9C2C, 0x8BCB, 0x7B69, 0x4205, 0x21A3, 0x3304, 0x3344, 
    0x3324, 0x4324, 0x3B24, 0x3303, 0x2263, 0x1A02, 0x1A02, 0x1A22, 0x2AC3, 0x3323, 0x3323, 0x3B23, 
    0x3323, 0x3324, 0x3324, 0x3324, 0x3323, 0x3323, 0x3324, 0x3323, 0x3323, 0x3324, 0x3324, 0x3323, 
    0x3323, 0x3323, 0x3323, 0x3323, 0x3323, 0x3344, 0x3323, 0x3323, 0x3323, 0x3343, 0x3343, 0x3323, 
    0x2AE3, 0x2AE3, 0x3303, 0x3303, 0x3303, 0x3303, 0x3303, 0x3303, 0x3303, 0x3303, 0x2AE3, 0x2AE3, 
    0x2AE3, 0x2AE3, 0x2AE3, 0x3303, 0x3303, 0x3303, 0x3303, 0x3303, 0x3B44, 0x6367, 0x32E3, 0x2B03, 
    0x2B03, 0x2263, 0x19C2, 0x2183, 0x2183, 0x1162, 0x1A02, 0x2AC3, 0x3303, 0x3B24, 0x5B27, 0x2A63, 
    0x2AE3, 0x32E3, 0x32E3, 0x3303, 0x3323, 0x32E3, 0x1121, 0x0901, 0x2964, 0x8BEC, 0x62E8, 0x08E0, 
    0x2A83, 0x3323, 0x2B03, 0x2B03, 0x3303, 0x2B03, 0x4B45, 0xA4CD, 0x840A, 0x42E4, 0x32E3, 0x3303, 
    0x3303, 0x3303, 0x3303, 0x3303, 0x3323, 0x3303, 0x2B03, 0x3B44, 0x73E9, 0x4B05, 0x32A3, 0x2AE3, 
    0x2B03, 0x22A3, 0x1A22, 0x1A22, 0x22A3, 0x2AC3, 0x3303, 0x3323, 0x3303, 0x4AE5, 0x3264, 0x2A63, 
    0x3B24, 0x3B43, 0x3B63, 0x53A3, 0x5383, 0x5383, 0x5BA3, 0x63E4, 0x7425, 0x8CC7, 0x5324, 0x2982, 
    0x4123, 0x5164, 0x7206, 0x9AE9, 0xB38B, 0xA309, 0xB3CC, 0xA329, 0x9B29, 0xA309, 0x9B09, 0x71E5, 
    0x4963, 0x0020, 0x2962, 0x63A5, 0x7C86, 0x63A4, 0x1922, 0x2103, 0x3185, 0x4206, 0x4A27, 0x4A27, 
    0x39C5, 0x2964, 0x2124, 0x1903, 0x2142, 0x5BA4, 0x7446, 0x7426, 0x3A23, 0x0861, 0x5164, 0x8A67, 
    0x8AA8, 0x92C8, 0xAB4A, 0xB3AB, 0xA32A, 0x8A67, 0x9287, 0x8A87, 0x61C5, 0x4943, 0x18C1, 0x2982, 
    0x52C4, 0x84A6, 0x7445, 0x6C04, 0x63E3, 0x4B83, 0x4B83, 0x4B63, 0x4B63, 0x3B44, 0x3324, 0x3303, 
    0x3B04, 0x5B86, 0x3324, 0x3303, 0x3303, 0x3323, 0x3303, 0x32E3, 0x2A83, 0x3A25, 0x5AA7, 0x7B69, 
    0x93EB, 0x8BCA, 0x7B69, 0x7328, 0x6B08, 0x6B08, 0x41E5, 0x21A3, 0x2AA3, 0x3303, 0x3303, 0x3324, 
    0x4B66, 0x32A4, 0x32E3, 0x3303, 0x3303, 0x32E3, 0x2A04, 0x5AA7, 0xA48D, 0xAC8D, 0xB4CE, 0xBD0F, 
    0xACAE, 0xB4EF, 0xB4CE, 0xB4CE, 0x9C4D, 0x9C4C, 0x8BCB, 0x7B69, 0x6AE8, 0x31C5, 0x21A3, 0x2AC3, 
    0x3303, 0x4324, 0x3303, 0x2AE3, 0x2AE3, 0x2AC3, 0x2AC3, 0x2AE3, 0x2AE3, 0x3304, 0x3303, 0x3303, 
    0x3303, 0x3303, 0x3303, 0x2B03, 0x2AE3, 0x3303, 0x3303, 0x2B03, 0x3303, 0x32E3, 0x3303, 0x3303, 
    0x3303, 0x2B03, 0x2B03, 0x3303, 0x2B03, 0x2B03, 0x2B03, 0x3303, 0x3303, 0x3303, 0x2AE3, 0x2B03, 
    0x2AC3, 0x2AC3, 0x2AE3, 0x2AE3, 0x2AE3, 0x2B03, 0x2B03, 0x2AE3, 0x2AE3, 0x2AE3, 0x2AE3, 0x2AE3, 
    0x2AE3, 0x2AE3, 0x2AE3, 0x2AE3, 0x3303, 0x2AE3, 0x2AE3, 0x2AE3, 0x2AE3, 0x3244, 0x2A83, 0x2AE3, 
    0x2AC3, 0x22A3, 0x1A62, 0x1A22, 0x1A02, 0x1A22, 0x1A62, 0x2AE3, 0x32E3, 0x2AC3, 0x2223, 0x2223, 
    0x2AE3, 0x2AE3, 0x2AE3, 0x2AE3, 0x2242, 0x08C1, 0x2943, 0x6AE9, 0xACAF, 0xC571, 0x942D, 0x3144, 
    0x1181, 0x2AC3, 0x2AE3, 0x2AE3, 0x2AE3, 0x2AE3, 0x6367, 0x8BEB, 0x7349, 0x3A24, 0x2AC3, 0x3303, 
    0x3303, 0x2AE3, 0x2AC3, 0x2B03, 0x2B03, 0x2AE3, 0x2AE3, 0x3304, 0x4325, 0x2A23, 0x2243, 0x2AE3, 
    0x2AE3, 0x2AC3, 0x22C3, 0x22C3, 0x2B03, 0x3303, 0x2B03, 0x3303, 0x3303, 0x2203, 0x2203, 0x2AA3, 
    0x3B23, 0x4B63, 0x3B43, 0x53A3, 0x5BC3, 0x53A3, 0x63C4, 0x7425, 0x7C65, 0x4AC4, 0x2122, 0x2081, 
    0x61C5, 0x7A06, 0x92C8, 0xA32A, 0xAB6A, 0xAB6A, 0xC44D, 0xAB8A, 0xA34A, 0x9AE9, 0x92A8, 0x71E6, 
    0x5984, 0x28C1, 0x0020, 0x5B65, 0x7CA6, 0x5B64, 0x1902, 0x3165, 0x5A88, 0x62C9, 0x5AA8, 0x5A88, 
    0x5267, 0x4206, 0x3185, 0x18E3, 0x1922, 0x6BE5, 0x7C86, 0x6BE6, 0x10A1, 0x1881, 0x69A5, 0x8A67, 
    0x92C8, 0xB3CC, 0xA34A, 0xAB4A, 0xB3CC, 0xB3AB, 0x92A8, 0xA32A, 0x8247, 0x69C5, 0x38E2, 0x1861, 
    0x2121, 0x63A5, 0x84C7, 0x7C86, 0x6C04, 0x5383, 0x4B63, 0x4B63, 0x5383, 0x3303, 0x3303, 0x3B03, 
    0x4323, 0x2AE3, 0x2B03, 0x3303, 0x3324, 0x3303, 0x2AE3, 0x2AE3, 0x3303, 0x2A63, 0x3A05, 0x6B08, 
    0x7328, 0x7B49, 0x7B89, 0x6B08, 0x62E8, 0x5266, 0x1923, 0x19E2, 0x22A3, 0x2AE3, 0x2AE3, 0x2AE3, 
    0x2AC3, 0x2AC3, 0x32E3, 0x2AE3, 0x3303, 0x32E3, 0x2984, 0x7329, 0xB4CE, 0xA44D, 0xB4CE, 0xBD30, 
    0xBD0F, 0xB4EF, 0xAC8D, 0xACAE, 0x9C4C, 0xA44C, 0x8BCB, 0x7B69, 0x7349, 0x4A66, 0x2143, 0x2283, 
    0x2AE3, 0x2AE3, 0x2B03, 0x2B03, 0x2B03, 0x2B03, 0x3303, 0x3303, 0x3303, 0x2AE3, 0x3303, 0x3303, 
    0x2B03, 0x32E3, 0x3B05, 0x3B05, 0x3B04, 0x2AE3, 0x2AE3, 0x2AE3, 0x2AE3, 0x2AE3, 0x2AE3, 0x2AE3, 
    0x3303, 0x2AE3, 0x2AE3, 0x2B03, 0x2AE3, 0x2AE3, 0x2AE3, 0x2AE3, 0x2AE3, 0x2AE3, 0x2AE3, 0x2AE3, 
    0x3344, 0x3323, 0x3323, 0x3323, 0x3323, 0x3343, 0x3343, 0x3323, 0x3343, 0x3323, 0x3323, 0x3323, 
    0x3323, 0x3323, 0x3323, 0x3343, 0x3323, 0x3323, 0x3B23, 0x3B24, 0x3323, 0x3303, 0x3323, 0x3323, 
    0x3323, 0x3303, 0x3324, 0x3323, 0x3323, 0x3323, 0x3323, 0x3303, 0x3B24, 0x3B44, 0x3344, 0x3B64, 
    0x3344, 0x3B44, 0x3B64, 0x32C3, 0x10C1, 0x5227, 0xBD10, 0xC551, 0xB4EF, 0x940C, 0x9C4D, 0xB4CF, 
    0x2944, 0x1942, 0x2A83, 0x3B24, 0x3323, 0x3324, 0x32C4, 0x3A44, 0x3224, 0x2AC3, 0x3323, 0x3324, 
    0x3323, 0x5386, 0x73C9, 0x5346, 0x3323, 0x3324, 0x3324, 0x3323, 0x3323, 0x2282, 0x5386, 0x73E9, 
    0x3323, 0x3323, 0x3324, 0x3B64, 0x3363, 0x3323, 0x3343, 0x3B64, 0x3B44, 0x3323, 0x3B43, 0x3B63, 
    0x4363, 0x5BA3, 0x53A4, 0x53A4, 0x53A3, 0x63E4, 0x7C45, 0x84A6, 0x5B85, 0x18E1, 0x28A2, 0x7A06, 
    0x92E8, 0x92E8, 0x9AE9, 0xA34A, 0xA34A, 0xBBEC, 0xB3CB, 0xA34A, 0xA329, 0xAB2A, 0x8247, 0x71E5, 
    0x61A5, 0x4123, 0x0860, 0x63A5, 0x84C6, 0x31E2, 0x2103, 0x732A, 0xA48E, 0xCD92, 0xBD30, 0xB4CF, 
    0x9C2D, 0x7B8B, 0x5288, 0x39E6, 0x10A2, 0x3A63, 0x8CE7, 0x4AA4, 0x0820, 0x4963, 0x7A06, 0x8A67, 
    0xA34A, 0xB3EC, 0xCC6E, 0xB3AB, 0xAB6A, 0xB38B, 0x92C8, 0x92C8, 0x8A87, 0x8A87, 0x7A26, 0x61A5, 
    0x1061, 0x0880, 0x6BE6, 0x8487, 0x7446, 0x6C05, 0x5BA4, 0x4B63, 0x5383, 0x4B63, 0x4343, 0x4343, 
    0x4343, 0x3303, 0x2AE3, 0x6BC8, 0x7C09, 0x3B44, 0x3324, 0x3324, 0x3B44, 0x3324, 0x2A83, 0x2163, 
    0x4A26, 0x62C8, 0x5A87, 0x4A26, 0x39C5, 0x1963, 0x1A02, 0x1A82, 0x2AE3, 0x3B24, 0x4364, 0x4B45, 
    0x3303, 0x3324, 0x3343, 0x3323, 0x3343, 0x3B44, 0x31C4, 0x93EB, 0x9C2C, 0xACAE, 0xB4CE, 0xB4EF, 
    0xBD30, 0xA46D, 0xA46D, 0xB4CE, 0xA48D, 0x93EB, 0x8369, 0x83AA, 0x6B09, 0x62C8, 0x2963, 0x2223, 
    0x2243, 0x2A23, 0x2A63, 0x3324, 0x3364, 0x3343, 0x3323, 0x3343, 0x63A7, 0x6387, 0x3B24, 0x3344, 
    0x3324, 0x4B46, 0xA4CE, 0xB52F, 0x9C6C, 0x4305, 0x3324, 0x3323, 0x3323, 0x3344, 0x3B43, 0x3343, 
    0x3323, 0x3323, 0x3323, 0x3323, 0x3323, 0x3323, 0x3323, 0x3323, 0x3323, 0x3323, 0x3323, 0x3323, 
    0x32E3, 0x3303, 0x3303, 0x32E3, 0x3303, 0x3303, 0x3303, 0x3303, 0x3303, 0x3303, 0x3303, 0x3303, 
    0x3303, 0x3303, 0x3303, 0x3303, 0x3303, 0x3303, 0x3303, 0x3304, 0x3304, 0x3303, 0x3303, 0x5345, 
    0x4B65, 0x3304, 0x2B03, 0x3303, 0x3303, 0x3323, 0x3323, 0x3303, 0x3304, 0x3303, 0x3303, 0x3323, 
    0x3323, 0x2263, 0x2222, 0x1181, 0x2923, 0x9C4D, 0xC551, 0x940C, 0x8BEC, 0x8BEC, 0x8BEC, 0xA4AE, 
    0xBD30, 0x18A2, 0x10E1, 0x2242, 0x32E3, 0x3303, 0x2AE3, 0x2243, 0x2263, 0x3323, 0x3303, 0x2B03, 
    0x3B04, 0x9C8C, 0xB4EF, 0x7BAA, 0x3AE4, 0x3323, 0x3303, 0x3303, 0x3303, 0x3303, 0x4325, 0x4AA5, 
    0x2AC3, 0x3303, 0x3303, 0x2AE3, 0x63C8, 0x7C4A, 0x5BA7, 0x3344, 0x3344, 0x3344, 0x3B44, 0x4363, 
    0x4363, 0x4343, 0x5383, 0x5BA3, 0x6C04, 0x7C86, 0x8486, 0x52A4, 0x0860, 0x4123, 0x7A26, 0x8247, 
    0xA34A, 0xB38B, 0x92C8, 0xAB8B, 0xB3AB, 0x92C8, 0x92C8, 0xBC0C, 0xA34A, 0x9AC8, 0x8A88, 0x69A5, 
    0x61A5, 0x4943, 0x0881, 0x5344, 0x7CA6, 0x31E2, 0x18E3, 0x5AA8, 0x8BAB, 0xACAF, 0x9C4D, 0x8BEC, 
    0x734A, 0x62A8, 0x4A47, 0x4207, 0x18C2, 0x3203, 0x7C86, 0x4AA3, 0x0820, 0x4963, 0x69E5, 0x69E5, 
    0xA36A, 0xA34A, 0xC44E, 0xCC6E, 0xAB4A, 0x8A87, 0xAB6A, 0x8AA8, 0x92C8, 0x92C8, 0x7A46, 0x71E6, 
    0x5184, 0x28C2, 0x0840, 0x7406, 0x84C6, 0x7425, 0x63C4, 0x4B63, 0x5383, 0x5383, 0x4B83, 0x4B43, 
    0x3303, 0x32E3, 0x2AC3, 0x42E5, 0x4285, 0x3303, 0x3303, 0x3303, 0x3303, 0x3304, 0x2B03, 0x1982, 
    0x2984, 0x31C4, 0x39C5, 0x31A4, 0x2163, 0x1182, 0x2262, 0x22C3, 0x2AE3, 0x2AE3, 0x5366, 0x7BEA, 
    0x2AA3, 0x2AE3, 0x3323, 0x3303, 0x2AC3, 0x32A4, 0x2984, 0x5A87, 0x8BAA, 0xACAE, 0xA46D, 0x9C0C, 
    0xA46D, 0xB4EF, 0xA44C, 0x9C2C, 0x93EB, 0x93EB, 0x8BCA, 0x7B6A, 0x7B6A, 0x6B08, 0x31A4, 0x2163, 
    0x5246, 0x5A87, 0x5267, 0x29C3, 0x2A63, 0x3303, 0x3303, 0x2AE3, 0x5B46, 0x4AA6, 0x2AC3, 0x3304, 
    0x2B03, 0x73E9, 0xACCE, 0xACCE, 0x940B, 0x7B89, 0x3264, 0x2AE3, 0x3303, 0x3303, 0x3303, 0x3303, 
    0x3303, 0x3303, 0x3303, 0x3303, 0x3303, 0x3303, 0x3303, 0x3303, 0x32E3, 0x2AE3, 0x2AE3, 0x32E3, 
    0x2AC3, 0x2AC3, 0x2AC3, 0x2AE3, 0x2AE3, 0x2AE3, 0x2AE3, 0x2AE3, 0x2AE3, 0x2AE3, 0x2AE3, 0x2AE3, 
    0x3303, 0x2AE3, 0x2AE3, 0x32E4, 0x32E4, 0x32E4, 0x32E3, 0x2B03, 0x3303, 0x2AE3, 0x32E3, 0x42C5, 
    0x5306, 0x32C3, 0x2AC3, 0x2AE3, 0x2AE3, 0x2AE3, 0x2AE3, 0x2B03, 0x3303, 0x3303, 0x2AC3, 0x2A83, 
    0x1141, 0x18E2, 0x18E2, 0x10A1, 0x10A2, 0x5288, 0x940C, 0x8BCB, 0x8BCB, 0x8BCB, 0x940C, 0x942D, 
    0xA48E, 0x9C4D, 0x18E2, 0x08E1, 0x2AA3, 0x3303, 0x2AE3, 0x2AE3, 0x2AC3, 0x2AE3, 0x2AE3, 0x2AE3, 
    0x3AE5, 0x8BCB, 0x8BEB, 0x6B08, 0x3A44, 0x2AE3, 0x2AE3, 0x2AC3, 0x2AC3, 0x2AE3, 0x2AE3, 0x2243, 
    0x22A3, 0x3303, 0x2AE3, 0x22A3, 0x842B, 0xACCE, 0x7389, 0x2AA3, 0x3323, 0x3343, 0x3344, 0x4B84, 
    0x5383, 0x4363, 0x5BA3, 0x63E3, 0x7445, 0x8486, 0x6BA5, 0x0840, 0x3902, 0x61A5, 0x8247, 0x9AC8, 
    0xB3AB, 0x92A8, 0xBBEC, 0xB3AB, 0xA329, 0xAB4A, 0xCC4D, 0xAB6A, 0x9AE8, 0x9AE9, 0x92C8, 0x7A26, 
    0x5984, 0x4943, 0x0861, 0x2182, 0x7466, 0x3202, 0x18C2, 0x5247, 0x7B4A, 0xACAF, 0xACD0, 0x940D, 
    0x732A, 0x5267, 0x4A27, 0x4207, 0x18C2, 0x3222, 0x7445, 0x3A42, 0x1861, 0x5984, 0x7206, 0x7206, 
    0xAB6A, 0xB3AB, 0xD4CF, 0xBBEC, 0xA34A, 0x8AA8, 0xAB2A, 0x92C8, 0x9AE9, 0x9287, 0x8A67, 0x7A06, 
    0x61A5, 0x59A5, 0x1061, 0x29A2, 0x5B65, 0x7446, 0x6BE4, 0x63E4, 0x5BA3, 0x4343, 0x4363, 0x4B63, 
    0x32E3, 0x32E3, 0x32E3, 0x2263, 0x2203, 0x2B03, 0x2AE3, 0x2AE3, 0x2AE3, 0x2AE3, 0x2AC3, 0x2242, 
    0x11C2, 0x11C2, 0x11E2, 0x11E2, 0x11C2, 0x1A22, 0x2AC3, 0x3303, 0x2B03, 0x2B03, 0x3AC4, 0x4265, 
    0x2263, 0x2AC3, 0x2B03, 0x2AE3, 0x2A03, 0x2984, 0x5287, 0x7328, 0x7308, 0x8BEB, 0xAC8D, 0xB4CE, 
    0x9C2C, 0xA44D, 0xBCEF, 0x940C, 0x9C0C, 0x93EB, 0x7B69, 0x93EB, 0x7329, 0x62A7, 0x4A26, 0x4A26, 
    0x8BAA, 0x8BEB, 0x7B49, 0x5267, 0x2984, 0x21E3, 0x2AC3, 0x2AC3, 0x2243, 0x19E3, 0x2AC3, 0x2B03, 
    0x2AE3, 0x6368, 0x940B, 0x8BCA, 0x7349, 0x6B08, 0x2A04, 0x2AE3, 0x2AE3, 0x2AE3, 0x2AE3, 0x2AE3, 
    0x2AE3, 0x2AE3, 0x2AE3, 0x2AE3, 0x2AE3, 0x2AE3, 0x2AE3, 0x2AE3, 0x2AC3, 0x2AC3, 0x2AC3, 0x2AE3, 
    0x3324, 0x3323, 0x3323, 0x3323, 0x3323, 0x3323, 0x3323, 0x3323, 0x3323, 0x3323, 0x3323, 0x3344, 
    0x3B44, 0x3344, 0x2AE3, 0x7C09, 0xACCE, 0x8C2C, 0x4AE6, 0x3324, 0x3324, 0x3323, 0x3B24, 0x3324, 
    0x2263, 0x2263, 0x3B24, 0x3B24, 0x3323, 0x3323, 0x3324, 0x3B44, 0x3B64, 0x32E3, 0x08C1, 0x0020, 
    0x2923, 0x9C2D, 0xBD10, 0xACAE, 0x4A47, 0x10A2, 0x4206, 0x8BEC, 0x8BAB, 0x8BCB, 0x942D, 0x942C, 
    0x93EC, 0xACAF, 0xBD10, 0x39A5, 0x0080, 0x32E3, 0x3344, 0x3324, 0x3323, 0x3323, 0x3323, 0x3344, 
    0x3303, 0x4245, 0x5287, 0x3204, 0x1A22, 0x3303, 0x3343, 0x3323, 0x3323, 0x3323, 0x3323, 0x3344, 
    0x3344, 0x3343, 0x3323, 0x3303, 0x5B06, 0x7B8A, 0x6B08, 0x29E3, 0x3303, 0x4B83, 0x53A4, 0x4384, 
    0x4B63, 0x63A3, 0x63C3, 0x7C46, 0x84A6, 0x5B64, 0x1060, 0x5163, 0x71E5, 0x8246, 0x9AE8, 0xB3AB, 
    0xBBEC, 0xAB6A, 0xB38B, 0x7A67, 0xAB8B, 0xBBEC, 0xAB6A, 0x8246, 0x9B09, 0xB38B, 0x8AA8, 0x69E5, 
    0x61A4, 0x5164, 0x30E2, 0x1061, 0x4263, 0x7C65, 0x1901, 0x10A2, 0x3185, 0x39C6, 0x39E6, 0x39C6, 
    0x2985, 0x2123, 0x1903, 0x10A2, 0x2141, 0x6C45, 0x5B84, 0x1081, 0x3903, 0x61C5, 0x69E5, 0x92C8, 
    0xA329, 0xC40C, 0xA34A, 0xAB6A, 0xBBEC, 0xB3AB, 0x8A87, 0xAB4A, 0x92C8, 0x9B09, 0x9AE9, 0x8A67, 
    0x7A26, 0x7206, 0x4943, 0x0000, 0x29C2, 0x84C7, 0x7C66, 0x7425, 0x63E4, 0x5BA3, 0x4B63, 0x3B43, 
    0x3B23, 0x3B23, 0x3B23, 0x3B23, 0x3B23, 0x3B44, 0x3344, 0x3324, 0x3343, 0x3323, 0x3303, 0x3303, 
    0x3303, 0x2AC3, 0x2AC3, 0x2AC3, 0x2AE3, 0x3303, 0x3303, 0x3323, 0x3344, 0x3B64, 0x3303, 0x2A83, 
    0x3303, 0x3323, 0x3344, 0x2A63, 0x4226, 0x83AB, 0xB4EF, 0x9C2C, 0x940B, 0xAC8D, 0xACCE, 0xACAE, 
    0xAC8E, 0xB4EE, 0xACAE, 0xA44D, 0x940B, 0x8BCB, 0x9C2C, 0x7B69, 0x83AA, 0x62A7, 0x7329, 0x940C, 
    0xA44D, 0xB4CE, 0x8BCB, 0x9C2C, 0x7329, 0x39E5, 0x21E3, 0x3324, 0x3323, 0x3323, 0x3324, 0x3324, 
    0x3303, 0x3224, 0x62C7, 0x7B69, 0x5A87, 0x39E4, 0x21E3, 0x3323, 0x3343, 0x3323, 0x3323, 0x3323, 
    0x3323, 0x3323, 0x3323, 0x3323, 0x3323, 0x3323, 0x3323, 0x3323, 0x3323, 0x3303, 0x3323, 0x3324, 
    0x3324, 0x3304, 0x3303, 0x3303, 0x3303, 0x3303, 0x3303, 0x3303, 0x3303, 0x3303, 0x3303, 0x3303, 
    0x3324, 0x3323, 0x6387, 0xA4CE, 0xBD50, 0x9C6D, 0x7369, 0x2A63, 0x3324, 0x3304, 0x3304, 0x3324, 
    0x2AC3, 0x2AC3, 0x3303, 0x3304, 0x3303, 0x3323, 0x3323, 0x2A83, 0x1161, 0x08E1, 0x4A06, 0x9C4D, 
    0xBD0F, 0xBD10, 0x9C4D, 0xA48E, 0xB4EF, 0x41E6, 0x18E2, 0x9C4D, 0x942D, 0x8BEC, 0x8BEC, 0x8BEC, 
    0x940C, 0x9C2D, 0xB510, 0xB4F0, 0x6B09, 0x10C1, 0x2A63, 0x3303, 0x3323, 0x3303, 0x3303, 0x3324, 
    0x3323, 0x2223, 0x1982, 0x19E2, 0x2AE3, 0x3303, 0x3303, 0x3303, 0x3303, 0x3303, 0x3323, 0x3323, 
    0x3323, 0x3303, 0x3303, 0x3303, 0x2A63, 0x2A04, 0x21E3, 0x2283, 0x3303, 0x5363, 0x63A3, 0x53A4, 
    0x4384, 0x5BA3, 0x7405, 0x84A6, 0x5B44, 0x2121, 0x20A1, 0x69E5, 0x8247, 0x9B09, 0xAB6A, 0xB38A, 
    0x92A8, 0xBBAB, 0x9B09, 0xA34A, 0xD48E, 0xC40D, 0xAB8B, 0x9AE9, 0x9AE9, 0xA309, 0x8A87, 0x8247, 
    0x5984, 0x3903, 0x30E2, 0x1041, 0x4283, 0x5324, 0x1902, 0x5267, 0x8BEC, 0x9C8F, 0x9C4E, 0x83AC, 
    0x734B, 0x62E9, 0x4A27, 0x2964, 0x18E2, 0x5324, 0x63C5, 0x1081, 0x4123, 0x5984, 0x5984, 0x8267, 
    0x8A88, 0xA36A, 0xB3AB, 0xBBEC, 0xAB8B, 0xAB6A, 0xA34A, 0xB38B, 0x92C8, 0x9B09, 0xA309, 0x8A87, 
    0x8247, 0x69C5, 0x61C5, 0x4143, 0x20E1, 0x3A23, 0x8486, 0x7C66, 0x63E4, 0x63C3, 0x4343, 0x3B23, 
    0x5383, 0x3323, 0x3B43, 0x3B23, 0x3303, 0x2AE3, 0x4B45, 0x5366, 0x4325, 0x3323, 0x3303, 0x3303, 
    0x3303, 0x32E3, 0x2AC3, 0x2AC3, 0x3323, 0x3324, 0x3324, 0x3324, 0x7409, 0x53A7, 0x3303, 0x32E3, 
    0x3304, 0x3344, 0x2223, 0x52C7, 0x93EB, 0xB4CE, 0xB4CE, 0xB4CE, 0xBD0F, 0xB4AE, 0x9C4C, 0xA46D, 
    0xA48D, 0xB4CE, 0x9C4C, 0x9C2C, 0x940C, 0xA46D, 0x940C, 0x836A, 0x7328, 0x93EB, 0x940B, 0xA48D, 
    0xB4EE, 0xB4CE, 0x8BEB, 0x9C2C, 0x7349, 0x5A87, 0x3A05, 0x2A43, 0x3344, 0x3323, 0x3303, 0x3303, 
    0x3303, 0x2263, 0x29E4, 0x39C5, 0x31A4, 0x1182, 0x2263, 0x3324, 0x3323, 0x3303, 0x3303, 0x3303, 
    0x3303, 0x3303, 0x3304, 0x3303, 0x3303, 0x3303, 0x3303, 0x3303, 0x3303, 0x3303, 0x3303, 0x3303, 
    0x2AE4, 0x2AE3, 0x2AE3, 0x2AE3, 0x2AE3, 0x2AE3, 0x2AE3, 0x2AE3, 0x2AE3, 0x2AE3, 0x2AE3, 0x2B03, 
    0x3303, 0x2AE3, 0x6B68, 0x944C, 0x9C6C, 0x83CB, 0x62C7, 0x2203, 0x3304, 0x2AE3, 0x2AE3, 0x2AE3, 
    0x2AE3, 0x32E3, 0x3303, 0x3303, 0x3303, 0x2243, 0x19A2, 0x0020, 0x3164, 0x7B6B, 0xC550, 0xC551, 
    0xACAE, 0x8BEC, 0x83CB, 0x8BEC, 0xA46E, 0x4A26, 0x39A5, 0x9C6D, 0x9C2D, 0x8BEC, 0x8BCB, 0x8BEC, 
    0x940C, 0x942D, 0x940D, 0xACCF, 0xB4F0, 0x7329, 0x0060, 0x2AC3, 0x2B03, 0x2AE3, 0x2AE3, 0x3303, 
    0x2AE3, 0x2AC3, 0x2283, 0x22A3, 0x2B03, 0x2AE3, 0x2AE3, 0x2B03, 0x2B03, 0x2222, 0x19E2, 0x2A83, 
    0x32E3, 0x32E3, 0x3303, 0x3303, 0x2AE3, 0x1A22, 0x2262, 0x3323, 0x3B43, 0x4343, 0x4B63, 0x4B63, 
    0x53C4, 0x6C25, 0x7C86, 0x6BC5, 0x31C2, 0x2081, 0x69C5, 0x8247, 0x8247, 0x9B09, 0xAB6A, 0xAB4A, 
    0xB3AB, 0xCC6E, 0x6A06, 0x7A87, 0xC3EC, 0x9B09, 0x9B09, 0xAB6A, 0xAB6A, 0xA2E9, 0x8267, 0x7A06, 
    0x5164, 0x3102, 0x28E2, 0x1881, 0x42A3, 0x3202, 0x18C3, 0x6B0A, 0x942D, 0xBD51, 0xBD10, 0xA46E, 
    0x940D, 0x7B8B, 0x5288, 0x39C5, 0x1082, 0x3A43, 0x6C05, 0x18A1, 0x4923, 0x4123, 0x59A4, 0x8246, 
    0x8A87, 0xB3AB, 0xB3CB, 0xBBCC, 0x9AE9, 0x92E9, 0xBBCC, 0x92C8, 0x6A05, 0x9AE9, 0x9AE9, 0x8A87, 
    0x92A8, 0x7A26, 0x7A26, 0x61C5, 0x28C2, 0x18C1, 0x5B24, 0x84A6, 0x7445, 0x63C4, 0x5363, 0x4343, 
    0x4343, 0x4363, 0x3323, 0x3303, 0x2AE3, 0x4325, 0x946B, 0xACEE, 0x73A9, 0x32C4, 0x3303, 0x2B03, 
    0x2AE3, 0x2AE3, 0x3AE4, 0x4B25, 0x2AE3, 0x2B03, 0x2B03, 0x3304, 0x6368, 0x4AE5, 0x2B03, 0x3303, 
    0x2AE3, 0x2A64, 0x39E4, 0x7B49, 0xACCE, 0xC550, 0xACCE, 0xC550, 0xB4EF, 0xB4EF, 0xA46D, 0xA46D, 
    0xB4CE, 0xA46D, 0x9C2C, 0xA44C, 0xA46D, 0x9C4C, 0x9C2C, 0x8BAA, 0x838A, 0xA46D, 0xA46D, 0xB4EF, 
    0xB4EE, 0x9C2C, 0xA44C, 0x93EB, 0x7B69, 0x7329, 0x5287, 0x29A3, 0x2AA3, 0x2B03, 0x2AE3, 0x4324, 
    0x32E3, 0x2AE3, 0x2A83, 0x19E3, 0x11A2, 0x1A02, 0x22A3, 0x2AE3, 0x2AE3, 0x2AE3, 0x2AE3, 0x2AE3, 
    0x2AE3, 0x2AC3, 0x2AE3, 0x2AE3, 0x2AE3, 0x2AE3, 0x2AE3, 0x2AE3, 0x2AE3, 0x2AE3, 0x2AE3, 0x2AC3, 
    0x3324, 0x3324, 0x3323, 0x3323, 0x3323, 0x3323, 0x3324, 0x3323, 0x3323, 0x3323, 0x3B23, 0x3B43, 
    0x3B43, 0x3323, 0x4245, 0x6B49, 0x7349, 0x5287, 0x29C3, 0x1A02, 0x3323, 0x3323, 0x3B23, 0x3B24, 
    0x3324, 0x3B44, 0x3B44, 0x32E3, 0x2AA3, 0x0080, 0x0861, 0x41E5, 0xACAE, 0xCDB2, 0xACCF, 0x940C, 
    0x8BCB, 0x8BCB, 0x8BCB, 0x8BEC, 0x8BEC, 0x39A5, 0x7B4A, 0x9C4D, 0x942C, 0x940C, 0x93EC, 0x93EC, 
    0x940C, 0x942D, 0x940C, 0x9C2D, 0x9C2D, 0x4A06, 0x0040, 0x3303, 0x3343, 0x3B44, 0x3B44, 0x3B44, 
    0x3323, 0x3323, 0x3323, 0x3323, 0x3323, 0x3B43, 0x3B43, 0x3323, 0x32E3, 0x18C1, 0x1060, 0x21A2, 
    0x3303, 0x3323, 0x3343, 0x3343, 0x3324, 0x3303, 0x3B43, 0x4383, 0x53A4, 0x4343, 0x4343, 0x5383, 
    0x7404, 0x8486, 0x8CE7, 0x31E3, 0x1061, 0x4943, 0x8246, 0x8267, 0x9AC8, 0xB38B, 0xB38B, 0x9B09, 
    0xB3CB, 0xC40D, 0x59C5, 0x59C5, 0xAB6A, 0xA34A, 0xAB6A, 0xB3AB, 0xB38B, 0x9AE9, 0x8A87, 0x61A4, 
    0x4143, 0x3903, 0x3902, 0x1861, 0x42A3, 0x3222, 0x18E3, 0x5AA8, 0x732A, 0x940D, 0x940D, 0x8BCC, 
    0x7B6A, 0x5AA8, 0x4206, 0x31A5, 0x10A2, 0x3A63, 0x6C05, 0x1081, 0x4123, 0x30E2, 0x59A4, 0x8A88, 
    0x9AE9, 0xBBEC, 0xAB8B, 0xB3CC, 0x9B29, 0xA34A, 0xB38B, 0xA309, 0x28E2, 0x8AC8, 0x9B09, 0xA329, 
    0x9AC8, 0x9AC8, 0x69E5, 0x69E5, 0x5984, 0x20A1, 0x10E1, 0x7426, 0x7C66, 0x63C4, 0x63C3, 0x53A3, 
    0x3B43, 0x5BC3, 0x4363, 0x3B43, 0x3B43, 0x73E9, 0xBD0F, 0xACCE, 0x8BEA, 0x52E6, 0x3B44, 0x3B44, 
    0x3B43, 0x3324, 0x4325, 0x5305, 0x32E3, 0x3343, 0x3B44, 0x3304, 0x2203, 0x2223, 0x3B64, 0x3324, 
    0x32E3, 0x29A4, 0x72E8, 0xA44C, 0xB4CE, 0xA48D, 0xA46D, 0xBD0F, 0xA48E, 0xA46D, 0xACAE, 0xB4AE, 
    0xB4CE, 0xA46D, 0x940C, 0xA46D, 0xACAE, 0x9C4C, 0xA44C, 0x93EB, 0xA46D, 0x940B, 0xA46D, 0x940C, 
    0xA46D, 0xA46D, 0xAC8D, 0x838A, 0x7B69, 0x6B08, 0x5AC7, 0x3184, 0x2223, 0x3B44, 0x3B24, 0x5B66, 
    0x3B04, 0x3303, 0x3344, 0x3343, 0x22C3, 0x2B03, 0x3B24, 0x3B24, 0x3323, 0x3344, 0x3343, 0x3323, 
    0x3323, 0x3323, 0x3323, 0x3323, 0x3323, 0x3303, 0x3323, 0x3323, 0x3323, 0x3323, 0x3323, 0x3323, 
    0x3304, 0x3323, 0x3303, 0x3303, 0x3303, 0x3303, 0x3323, 0x3323, 0x3303, 0x3303, 0x3303, 0x3323, 
    0x3303, 0x3303, 0x2263, 0x31E4, 0x31A4, 0x21A3, 0x11E2, 0x1A62, 0x3303, 0x3303, 0x3303, 0x3303, 
    0x3323, 0x3323, 0x2A63, 0x0060, 0x0881, 0x6B09, 0xA48E, 0xC571, 0xACCF, 0x8BCC, 0x8BEC, 0x940C, 
    0x8BCB, 0x8BEC, 0x8BCB, 0x940C, 0x6B09, 0x41E6, 0xA48E, 0x8BCB, 0x8BEC, 0x7B8A, 0x6B09, 0x8BEC, 
    0x942C, 0x940C, 0xB4CF, 0x83AB, 0x2944, 0x18E2, 0x0080, 0x2AC3, 0x3303, 0x4345, 0x73C8, 0x3B24, 
    0x3303, 0x3303, 0x3303, 0x3303, 0x3303, 0x3323, 0x3343, 0x2A62, 0x1080, 0x61E3, 0x7244, 0x20A1, 
    0x1982, 0x3B64, 0x3B44, 0x3324, 0x4B45, 0x4304, 0x3B23, 0x5363, 0x3B23, 0x5383, 0x4B63, 0x63E4, 
    0x7C45, 0x7C86, 0x7C66, 0x10C1, 0x30E2, 0x7A06, 0x9287, 0x7A46, 0xBBCC, 0xA309, 0xAB6A, 0xB38A, 
    0x92E8, 0xA32A, 0x69E5, 0x61A4, 0x8287, 0xC42D, 0xAB6A, 0xAB6A, 0xA309, 0x8A88, 0x8A88, 0x7A26, 
    0x5984, 0x30E2, 0x28C1, 0x1040, 0x4283, 0x3242, 0x10C2, 0x5A88, 0x838B, 0xACAF, 0xACD0, 0x9C6E, 
    0x7B8B, 0x5AA8, 0x5247, 0x39E6, 0x18E3, 0x3A63, 0x63C4, 0x1081, 0x4123, 0x28E2, 0x5164, 0x7A47, 
    0xA32A, 0xB3CC, 0xB3CC, 0xABAB, 0xB38B, 0xA329, 0x8A87, 0xB36A, 0x4164, 0x4964, 0x9B09, 0xB38B, 
    0x8AA7, 0xA309, 0x8A87, 0x7A26, 0x5164, 0x4143, 0x0860, 0x2121, 0x7C66, 0x7C46, 0x6C05, 0x53A4, 
    0x4363, 0x4323, 0x3B23, 0x3B23, 0x3B43, 0x5326, 0x7B8A, 0x83AA, 0x6B28, 0x3224, 0x3324, 0x3323, 
    0x3B03, 0x3304, 0x3304, 0x3303, 0x3324, 0x3324, 0x3324, 0x32E3, 0x2243, 0x2AA3, 0x3B44, 0x3B24, 
    0x3304, 0x29A4, 0x8BAA, 0x9C2C, 0x8BCB, 0x9C2C, 0xACAE, 0xB4EF, 0xB4EF, 0xA48D, 0xA46D, 0xA46D, 
    0x9C4C, 0xA46D, 0xA44C, 0x93EB, 0x9C2C, 0xA46D, 0xA44C, 0xACCE, 0xA46D, 0x942C, 0xAC8D, 0xAC8D, 
    0x940B, 0x8BCB, 0x8BEB, 0x940C, 0x7349, 0x5A87, 0x5AA7, 0x2944, 0x2203, 0x3343, 0x3324, 0x3324, 
    0x3303, 0x3323, 0x3323, 0x3303, 0x3303, 0x3323, 0x73A8, 0x42E5, 0x3303, 0x3323, 0x3323, 0x3323, 
    0x3303, 0x3303, 0x3303, 0x3303, 0x3303, 0x3303, 0x3303, 0x3303, 0x3303, 0x3303, 0x3303, 0x2B03, 
    0x2AE4, 0x2AE3, 0x2AE3, 0x2AE3, 0x2AE3, 0x2AE3, 0x2AE3, 0x2AE3, 0x2AE3, 0x2AE3, 0x2AE3, 0x2AE3, 
    0x2AC3, 0x2AC3, 0x2AE3, 0x1A22, 0x1202, 0x1202, 0x1A62, 0x2AC3, 0x2AE3, 0x2AE3, 0x2B03, 0x3303, 
    0x19E2, 0x0901, 0x0060, 0x41E6, 0xACAF, 0xC551, 0xB510, 0x940D, 0x7B6A, 0x83AB, 0x8BCB, 0x8BCB, 
    0x8BCB, 0x940C, 0x93EC, 0x838A, 0x6B09, 0x7B6A, 0x9C4D, 0x8BEC, 0x8BCB, 0x8BAB, 0x83AB, 0x838A, 
    0x83AB, 0x62C8, 0x4206, 0x2964, 0x18E2, 0x0040, 0x1A22, 0x2AE3, 0x2AE3, 0x32C3, 0x3A84, 0x1A02, 
    0x22A3, 0x2AE3, 0x2AE3, 0x2AE3, 0x2AE3, 0x3323, 0x19E2, 0x1080, 0x6A04, 0x9B47, 0x4142, 0x1881, 
    0x1141, 0x3323, 0x3303, 0x2AE3, 0x3AE4, 0x32C4, 0x32E3, 0x3B03, 0x5383, 0x4B83, 0x5BC4, 0x6C04, 
    0x7C66, 0x7C66, 0x1921, 0x4123, 0x69C5, 0x8A67, 0xA329, 0x9B09, 0x8A87, 0xB3AB, 0xB38B, 0x9AE8, 
    0xC40D, 0xBBAB, 0x5184, 0x6226, 0xBC0C, 0xBBEC, 0xB36A, 0xA309, 0x92C8, 0x92A8, 0x9288, 0x8226, 
    0x4964, 0x30E2, 0x28E2, 0x1040, 0x1941, 0x5BE4, 0x0860, 0x10A2, 0x3185, 0x5267, 0x4A47, 0x39E6, 
    0x3185, 0x2944, 0x2144, 0x1903, 0x10E1, 0x5BC4, 0x3A83, 0x1061, 0x30E2, 0x30E2, 0x7A06, 0x8A87, 
    0x8A87, 0x92E8, 0xC40D, 0xA36A, 0xB3AB, 0xB3AB, 0xAB6A, 0xB38B, 0xA34A, 0x3103, 0x8AC8, 0xB38B, 
    0x92C8, 0x92A8, 0x9287, 0x69E5, 0x69C5, 0x69E5, 0x3902, 0x0020, 0x4AA4, 0x8CC7, 0x7445, 0x63E4, 
    0x5383, 0x5363, 0x4323, 0x3303, 0x3303, 0x2242, 0x4225, 0x5266, 0x31E4, 0x1A02, 0x2AE3, 0x2AE3, 
    0x2AE3, 0x2AE3, 0x2AE3, 0x22E3, 0x2B03, 0x2AE3, 0x2AE3, 0x2B03, 0x2AC3, 0x2AC3, 0x2AC3, 0x2AE3, 
    0x2AE3, 0x2184, 0x6B08, 0x7B49, 0x838A, 0x9C2B, 0xA46D, 0x8BCB, 0xA46D, 0xACAD, 0xA46D, 0x9C2C, 
    0x940C, 0xAC6D, 0x8BCB, 0x9C4C, 0xA46D, 0xAC8D, 0xBCEF, 0xB4CE, 0xBD2F, 0x9C2C, 0x93EB, 0x93EB, 
    0x940B, 0xA44C, 0x940B, 0x838A, 0x7329, 0x5266, 0x4205, 0x2123, 0x21C2, 0x2AA3, 0x2A83, 0x2A83, 
    0x2AE3, 0x3303, 0x2B03, 0x2AE3, 0x2AC3, 0x2AE3, 0x3224, 0x2222, 0x2B03, 0x2AE3, 0x22C3, 0x2AC3, 
    0x2AE3, 0x2AE3, 0x2AE3, 0x2AE3, 0x2AE3, 0x2AE3, 0x2AE3, 0x2AC3, 0x2AC3, 0x2AC3, 0x2AE3, 0x2AE3, 
    0x3324, 0x3303, 0x3303, 0x3303, 0x3323, 0x3323, 0x3323, 0x3323, 0x3323, 0x3323, 0x3323, 0x3303, 
    0x3323, 0x3303, 0x3303, 0x2AE3, 0x2AC3, 0x2AC3, 0x2B03, 0x3304, 0x3304, 0x3343, 0x2243, 0x19A2, 
    0x2122, 0x5247, 0x83AB, 0xBD31, 0xCD92, 0x9C6E, 0x83CB, 0x83CB, 0x838B, 0x8BCB, 0x838B, 0x8BCB, 
    0x940C, 0x8BCB, 0x83AB, 0x7B6A, 0x62A8, 0x93EC, 0x8BEC, 0x940C, 0x8BCB, 0x838B, 0x8BEC, 0x940C, 
    0x940C, 0x4206, 0x18E3, 0x18E2, 0x1081, 0x0060, 0x2AC3, 0x3323, 0x3323, 0x32E3, 0x2262, 0x22A3, 
    0x2AE3, 0x3303, 0x3303, 0x3324, 0x3343, 0x1A02, 0x2962, 0x6204, 0x8AA5, 0x4982, 0x20A1, 0x10C1, 
    0x19E2, 0x3323, 0x3323, 0x3B23, 0x3303, 0x3B23, 0x4B63, 0x4B43, 0x5BA3, 0x5BA3, 0x6C05, 0x8486, 
    0x7426, 0x4243, 0x20A1, 0x69C5, 0x8A87, 0xA309, 0xA309, 0xC40C, 0xAB6A, 0xB38B, 0xAB6A, 0xB3AB, 
    0xB36A, 0x9B09, 0x20A1, 0x5A06, 0xC40C, 0xA329, 0xAB4A, 0xA2E9, 0x92A8, 0x9AA8, 0x8246, 0x59A4, 
    0x4143, 0x20C2, 0x30E2, 0x20A1, 0x10E1, 0x3242, 0x18E2, 0x39C5, 0x734A, 0x8BED, 0x83CC, 0x6B09, 
    0x5A88, 0x4A27, 0x39C6, 0x2985, 0x0861, 0x3A62, 0x18C1, 0x20A1, 0x28E2, 0x20C2, 0x71E5, 0x92C8, 
    0xA32A, 0x8AA8, 0xAB6A, 0xA329, 0xAB6A, 0xB38B, 0xB38B, 0xA34A, 0xB36A, 0x3923, 0x6A26, 0x9AE8, 
    0x9AE9, 0x9AE8, 0x9AA8, 0x8226, 0x7205, 0x59A5, 0x5984, 0x20A2, 0x1901, 0x73E6, 0x8486, 0x6C05, 
    0x5363, 0x5363, 0x4343, 0x4B63, 0x4363, 0x2AE3, 0x2202, 0x19E2, 0x2243, 0x2AE3, 0x3303, 0x3303, 
    0x3323, 0x3303, 0x3B24, 0x73E9, 0x73E9, 0x4305, 0x3323, 0x3323, 0x3323, 0x3303, 0x3323, 0x3323, 
    0x3323, 0x2A43, 0x3A05, 0x6B08, 0x838A, 0x7B49, 0x93EB, 0xA44C, 0x940B, 0xACAE, 0xA46D, 0x940C, 
    0x940C, 0x940C, 0x940B, 0x9C4D, 0xACAE, 0xACAD, 0xAC8D, 0x9C4C, 0xB4CE, 0x9C2C, 0xA46D, 0x8BCB, 
    0x8BAA, 0x8BCB, 0x7B69, 0x7B49, 0x62A7, 0x4A46, 0x39C5, 0x2123, 0x2163, 0x31C5, 0x3184, 0x2964, 
    0x29E4, 0x2A84, 0x32E3, 0x3303, 0x3303, 0x3303, 0x2AA3, 0x2AE3, 0x3323, 0x3B45, 0x73E9, 0x6BE9, 
    0x3B24, 0x3323, 0x3323, 0x3323, 0x3323, 0x3323, 0x3323, 0x3323, 0x3303, 0x3323, 0x3323, 0x3323, 
    0x3324, 0x3303, 0x3323, 0x3303, 0x3323, 0x3323, 0x3323, 0x3323, 0x3323, 0x3323, 0x3323, 0x3323, 
    0x3323, 0x3323, 0x3323, 0x3323, 0x3324, 0x3324, 0x3324, 0x3324, 0x32E3, 0x1141, 0x0060, 0x2903, 
    0x83AB, 0xCD91, 0xBD30, 0xA4AE, 0x8C0C, 0x8BCB, 0x83AB, 0x736A, 0x8BCC, 0x8BCB, 0x838B, 0x8BCB, 
    0x8BCB, 0x734A, 0x83AB, 0x83AB, 0x838B, 0x940C, 0x83AB, 0x8BEC, 0x93EC, 0x8BCB, 0x8BEB, 0x9C4D, 
    0x942D, 0x2123, 0x1081, 0x20E2, 0x10A1, 0x00C0, 0x32E3, 0x3323, 0x3303, 0x3303, 0x3B44, 0x3B44, 
    0x3323, 0x3324, 0x3304, 0x32E3, 0x2202, 0x10C1, 0x59C3, 0x8AC5, 0x4962, 0x28E1, 0x10A1, 0x1182, 
    0x22C3, 0x3343, 0x3323, 0x4343, 0x3323, 0x4363, 0x5384, 0x4323, 0x5383, 0x63C4, 0x7425, 0x84C6, 
    0x6365, 0x0000, 0x4943, 0x7A26, 0x9AE9, 0xAB4A, 0x92C8, 0x9B09, 0xC42D, 0xA34A, 0xA329, 0xBBCB, 
    0xA329, 0x4164, 0x20C2, 0x7287, 0xC3EC, 0xAB4A, 0x9B09, 0xA329, 0x8A87, 0x7A26, 0x69E5, 0x5984, 
    0x4943, 0x1061, 0x28C2, 0x3902, 0x1081, 0x0020, 0x2123, 0x62E9, 0xA46E, 0xC572, 0xB4F0, 0x9C2D, 
    0x8BCC, 0x736A, 0x5288, 0x4206, 0x10C2, 0x0020, 0x1881, 0x30E2, 0x28C2, 0x18A1, 0x69E5, 0x8A87, 
    0xA329, 0x8AC8, 0xAB6A, 0xAB6A, 0x9AC8, 0xA329, 0xAB4A, 0x92C8, 0xA329, 0x5184, 0x3102, 0x7226, 
    0xB36A, 0xB36B, 0x8A87, 0x7206, 0x59A4, 0x59A5, 0x59A4, 0x4143, 0x0820, 0x4AA4, 0x7C26, 0x6C05, 
    0x5BA4, 0x63C3, 0x4B63, 0x4B83, 0x4363, 0x3B43, 0x3303, 0x32E3, 0x3324, 0x3B44, 0x3323, 0x3324, 
    0x3323, 0x3324, 0x6BC8, 0xC550, 0xA48D, 0x6348, 0x3AE4, 0x3324, 0x3324, 0x3324, 0x3323, 0x32E4, 
    0x32A4, 0x2A63, 0x2163, 0x5267, 0x6B08, 0x7B49, 0x93EB, 0x940B, 0x7B49, 0x940C, 0x940C, 0x8BCB, 
    0x7B49, 0x8BCB, 0x9C2C, 0x8BEB, 0xACAD, 0xB4EE, 0xA44C, 0x940B, 0xA44C, 0xA46D, 0xA44D, 0x93EB, 
    0x8BCB, 0x6AE8, 0x6AE8, 0x7308, 0x4A26, 0x4205, 0x39C5, 0x3A05, 0x62E8, 0x940B, 0x8BEB, 0x7329, 
    0x5A87, 0x39C5, 0x29E3, 0x32C3, 0x3323, 0x3323, 0x3323, 0x3324, 0x3323, 0x4325, 0xACCE, 0x942C, 
    0x4B05, 0x3303, 0x3323, 0x3323, 0x3323, 0x3323, 0x3323, 0x3323, 0x3323, 0x3303, 0x3323, 0x3323, 
    0x2AC3, 0x2AC3, 0x2AC3, 0x2AE3, 0x2AE3, 0x2AE3, 0x2AE3, 0x2AE3, 0x2AE3, 0x2AE3, 0x2AE3, 0x2AE3, 
    0x2AE3, 0x2AE3, 0x2AE3, 0x2AE3, 0x2AE3, 0x2AE3, 0x2AE3, 0x2AE3, 0x19C2, 0x10A1, 0x7309, 0xCD92, 
    0xC571, 0x9C4D, 0x8BCB, 0x83CB, 0x83AB, 0x8BCB, 0x8BCB, 0x83AB, 0x8BEC, 0x8BEC, 0x93EC, 0x83AB, 
    0x838A, 0x83AB, 0x8BCC, 0x8BCB, 0x8BEC, 0x940C, 0x83AB, 0x93EC, 0x8BEC, 0x8BCB, 0xA46D, 0xA48E, 
    0x2944, 0x0861, 0x20E1, 0x3942, 0x3142, 0x08C1, 0x2AA3, 0x2AC3, 0x2AC3, 0x2AE3, 0x3303, 0x3303, 
    0x2B03, 0x2AE3, 0x2B03, 0x2202, 0x0000, 0x61E4, 0x9AE6, 0x4121, 0x20A0, 0x0020, 0x19C2, 0x22C3, 
    0x2AE3, 0x2B03, 0x3303, 0x2AE3, 0x3B23, 0x3B43, 0x4343, 0x5B84, 0x5363, 0x6C05, 0x7C66, 0x8CE7, 
    0x31C2, 0x0840, 0x69A5, 0x69E5, 0x92C8, 0x9AE9, 0xBBCC, 0xA329, 0xA329, 0x9B09, 0xB3AB, 0xC42D, 
    0xAB6A, 0x18A1, 0x7267, 0xC3EC, 0xBBEC, 0xB3AB, 0xB38B, 0x92A8, 0x7A46, 0x4943, 0x59A4, 0x69C5, 
    0x61A4, 0x1061, 0x18A1, 0x3102, 0x20C1, 0x0040, 0x2144, 0x62C9, 0x8BCC, 0xB4F0, 0xA48E, 0x9C2D, 
    0x940D, 0x6B0A, 0x5288, 0x39E6, 0x0881, 0x0060, 0x20C2, 0x3902, 0x20C1, 0x18A2, 0x8226, 0x7A26, 
    0x7A47, 0xC3EC, 0xBBAC, 0xBBAB, 0x9B09, 0xA329, 0xBBCC, 0xB3AB, 0xA34A, 0x92A8, 0x28C2, 0x4164, 
    0xA309, 0x8287, 0x28E2, 0x1061, 0x4964, 0x8A67, 0x5164, 0x5164, 0x28E2, 0x0040, 0x6365, 0x7C66, 
    0x7445, 0x5BC4, 0x5BC4, 0x4343, 0x4343, 0x3B23, 0x2AE3, 0x32E3, 0x2AE3, 0x2AE3, 0x2AE3, 0x2B03, 
    0x2B03, 0x3B05, 0x942C, 0xACAE, 0x8BEB, 0x7328, 0x3224, 0x2AA3, 0x2AE3, 0x2AE3, 0x2A64, 0x2984, 
    0x2143, 0x2123, 0x2123, 0x39C5, 0x5AA7, 0x838A, 0x93EB, 0x838A, 0x838A, 0x838A, 0x8BCB, 0x838A, 
    0x6B08, 0x7B49, 0x9C2C, 0xB4EE, 0xB4CE, 0xACAD, 0xB4CE, 0xAC8D, 0xA46D, 0xA48D, 0xA46D, 0x9C0C, 
    0x838A, 0x5A87, 0x5A87, 0x5267, 0x4A46, 0x4226, 0x62C8, 0x8BCB, 0xA46D, 0xA46D, 0x9C2C, 0xA46D, 
    0x93EB, 0x838A, 0x4A26, 0x1983, 0x3303, 0x2B03, 0x2AE3, 0x2AE3, 0x2AE3, 0x32C4, 0x6B28, 0x62C7, 
    0x39E5, 0x2243, 0x2AE3, 0x2AC3, 0x2AC3, 0x2AE3, 0x2AE3, 0x2AE3, 0x2AE3, 0x2AE3, 0x2AC3, 0x2AC3, 
    0x3303, 0x3303, 0x3323, 0x3323, 0x3323, 0x3303, 0x3303, 0x3303, 0x3303, 0x3303, 0x3303, 0x3303, 
    0x3303, 0x3303, 0x3303, 0x3323, 0x3323, 0x3324, 0x2B03, 0x1A22, 0x0040, 0x6AE9, 0xC571, 0xB4F0, 
    0x8BCC, 0x83AB, 0x8BCB, 0x8BEC, 0x8BCB, 0x7B6A, 0x838A, 0x83AB, 0x8BCB, 0x83AB, 0x83AB, 0x8BCB, 
    0x8BAB, 0x8BCB, 0x83AB, 0x93EC, 0x8BEC, 0x8BEC, 0x83AB, 0x8BEC, 0x940C, 0x9C2C, 0x8BCB, 0x41C5, 
    0x1081, 0x18A1, 0x28C1, 0x2902, 0x2922, 0x0880, 0x2A83, 0x3303, 0x3323, 0x3323, 0x3324, 0x3324, 
    0x3324, 0x3344, 0x2242, 0x0880, 0x61E4, 0x7244, 0x4942, 0x28C1, 0x0840, 0x2202, 0x2AA3, 0x2AE3, 
    0x3323, 0x3323, 0x3323, 0x3B23, 0x4343, 0x4B84, 0x4B63, 0x4323, 0x6BE4, 0x7425, 0x84A6, 0x5304, 
    0x18A1, 0x5164, 0x61A5, 0x4143, 0x51A4, 0x7A47, 0xAB4A, 0xC3EC, 0xB38A, 0xB38B, 0xB38B, 0xABAB, 
    0x4964, 0x20A1, 0x7AC8, 0xBBEC, 0xA349, 0xAB2A, 0xAB4A, 0x59A5, 0x20C2, 0x4143, 0x9287, 0x7206, 
    0x61A4, 0x0861, 0x18A1, 0x28E2, 0x1881, 0x0020, 0x31A5, 0x83AB, 0x838B, 0x734A, 0x62E9, 0x6AE9, 
    0x732A, 0x4A27, 0x31C5, 0x31A5, 0x0881, 0x0040, 0x18A1, 0x30E2, 0x20A1, 0x1081, 0x69E5, 0x9AC8, 
    0x8A87, 0x59C5, 0x8A88, 0xB38B, 0xAB4A, 0x9AE8, 0xAB6A, 0xB3AB, 0xAB4A, 0x9B09, 0x3923, 0x1881, 
    0x3122, 0x20A1, 0x1060, 0x6A06, 0x92A8, 0x7206, 0x61A5, 0x5984, 0x5184, 0x1061, 0x2162, 0x7C46, 
    0x7C66, 0x6C04, 0x63C4, 0x4B43, 0x4B63, 0x4B43, 0x3B23, 0x3303, 0x4B45, 0x63C8, 0x3304, 0x3323, 
    0x3323, 0x2AA3, 0x4245, 0x6AE8, 0x62C8, 0x31E4, 0x2223, 0x2B03, 0x3303, 0x2203, 0x3A05, 0x7B69, 
    0x93EC, 0x838A, 0x6B08, 0x4205, 0x39C4, 0x5246, 0x6AE8, 0x8BCA, 0x838A, 0x93EB, 0x838A, 0x6AE8, 
    0x7308, 0x93EB, 0xACAE, 0xACAD, 0xB4EF, 0xB4EF, 0xA46D, 0x9C4C, 0xACAE, 0xA46D, 0x9C2C, 0x8BAA, 
    0x93EB, 0x7B69, 0x39E5, 0x4205, 0x41E5, 0x62A7, 0x8BAA, 0xA44C, 0xACAE, 0x9C2C, 0xB4EE, 0xACAD, 
    0x8BCB, 0x7B49, 0x7328, 0x5266, 0x21A3, 0x3304, 0x3323, 0x3323, 0x3303, 0x2AC3, 0x2203, 0x21C3, 
    0x19E2, 0x2AC3, 0x3323, 0x3303, 0x3303, 0x3303, 0x3303, 0x3303, 0x3303, 0x3323, 0x3303, 0x3303, 
    0x3323, 0x3323, 0x3323, 0x3344, 0x3B24, 0x3324, 0x3323, 0x3323, 0x3323, 0x3323, 0x3323, 0x3323, 
    0x3323, 0x3B24, 0x4324, 0x3B24, 0x3343, 0x3344, 0x2AC3, 0x1121, 0x2964, 0x39C5, 0x6AE9, 0x9C6D, 
    0x7B6A, 0x734A, 0x83AB, 0x942D, 0x734A, 0x7B6A, 0x8BEB, 0x83AB, 0x83AB, 0x8BEB, 0x8BCB, 0x83AB, 
    0x7B8A, 0x83AB, 0x8BEC, 0x7B8A, 0x83CB, 0x8BEC, 0x8BCB, 0x8BCC, 0x9C4D, 0x838B, 0x5287, 0x18C2, 
    0x1061, 0x5182, 0x3101, 0x18C1, 0x0861, 0x0000, 0x1121, 0x2263, 0x3323, 0x3343, 0x3B44, 0x3324, 
    0x3324, 0x19A2, 0x18C1, 0x4983, 0x7A44, 0x59A3, 0x28C1, 0x0860, 0x1121, 0x2AE3, 0x3323, 0x3323, 
    0x3344, 0x3B64, 0x3344, 0x4B83, 0x4343, 0x4B64, 0x5BA4, 0x63C4, 0x7425, 0x7C66, 0x7C46, 0x31C3, 
    0x2081, 0x79E5, 0xA309, 0x8267, 0x3903, 0x3923, 0x6A06, 0xAB6B, 0xB38B, 0xBBAB, 0xAB6A, 0x9B29, 
    0x28E2, 0x3922, 0x7247, 0xB38B, 0xA309, 0x9AE9, 0x8A87, 0x3123, 0x51A4, 0x92A8, 0x8A67, 0x7A06, 
    0x5984, 0x0861, 0x1081, 0x20A1, 0x1881, 0x0020, 0x39A5, 0x83CC, 0xA46E, 0x83AB, 0x942D, 0x7B6B, 
    0x7B8B, 0x7B4A, 0x5267, 0x4206, 0x39C5, 0x0861, 0x1061, 0x20C1, 0x1881, 0x1061, 0x5984, 0x9AE9, 
    0x92A8, 0x7246, 0x7A46, 0xA329, 0xB38B, 0xAB4A, 0x92A8, 0x9AE9, 0x92C8, 0x8AA8, 0x3943, 0x0840, 
    0x3103, 0x7A87, 0x82A8, 0x92A8, 0x92A8, 0x7206, 0x7206, 0x69E5, 0x4944, 0x28C2, 0x1081, 0x6365, 
    0x8CA7, 0x7C45, 0x5B83, 0x63A3, 0x4B63, 0x4343, 0x4B63, 0x3303, 0x5B86, 0x6B68, 0x3304, 0x3B43, 
    0x3323, 0x3323, 0x32A3, 0x3204, 0x29E4, 0x19A2, 0x22C3, 0x3343, 0x2A63, 0x39E5, 0x62A7, 0x9C0C, 
    0xBD2F, 0x9C4D, 0x9C4C, 0x8BCB, 0x5AA7, 0x5246, 0x6B08, 0x7B49, 0x5A87, 0x838A, 0x7328, 0x6B08, 
    0x838A, 0xB4EF, 0xB4EF, 0xBD30, 0xBCEF, 0xB4CE, 0xB4CE, 0xBD0F, 0xACAE, 0x9C2C, 0xA46D, 0xA42C, 
    0x940B, 0x838A, 0x62E8, 0x4A26, 0x4205, 0x7B49, 0x9C4C, 0xB4CE, 0xB4EE, 0xA48D, 0xBD10, 0xACAE, 
    0x9C4C, 0x93EB, 0x8BCB, 0x5A66, 0x2963, 0x2A23, 0x3344, 0x3324, 0x3303, 0x3303, 0x2AC3, 0x2283, 
    0x2AE3, 0x3323, 0x3323, 0x3323, 0x3323, 0x3323, 0x3323, 0x3323, 0x3323, 0x3323, 0x3323, 0x3323, 
    0x2AC3, 0x2AC3, 0x2AE3, 0x2AE3, 0x2AE3, 0x2AE3, 0x2AE3, 0x2AE3, 0x2AE3, 0x2AE3, 0x2AE3, 0x2AE3, 
    0x3304, 0x9CAD, 0xACCE, 0x5B47, 0x3303, 0x2AE3, 0x2222, 0x18C2, 0x7349, 0x7329, 0x3184, 0x5AA7, 
    0x7B6A, 0x734A, 0x83AB, 0x8BEC, 0x83AB, 0x8BEC, 0x838B, 0x83AB, 0x83AB, 0x8BCB, 0x83AB, 0x83AB, 
    0x8BEC, 0x83CB, 0x8BCB, 0x838A, 0x83AB, 0x8BEC, 0x8BEC, 0x940C, 0xACAE, 0x62E9, 0x10E2, 0x10A1, 
    0x4962, 0x59C3, 0x1060, 0x0881, 0x2943, 0x41E5, 0x0060, 0x0081, 0x19A2, 0x3303, 0x3303, 0x3323, 
    0x2222, 0x0860, 0x3902, 0x8244, 0x4142, 0x30E1, 0x1081, 0x00C1, 0x2AE3, 0x2AC3, 0x2AE3, 0x2AE3, 
    0x2AE3, 0x2B03, 0x2AE3, 0x3303, 0x2B03, 0x3B23, 0x4B63, 0x6BE4, 0x7445, 0x84A6, 0x3A23, 0x1061, 
    0x5164, 0x8246, 0x92C8, 0xAB4A, 0xA329, 0x6206, 0x0820, 0x20C2, 0x7A67, 0x8A87, 0x8AA7, 0x7246, 
    0x1081, 0x6266, 0x7246, 0xAB2A, 0xA34A, 0x9B09, 0x3923, 0x1060, 0x6A26, 0xAB2A, 0x69E5, 0x61A5, 
    0x5164, 0x20C2, 0x0840, 0x18A1, 0x0840, 0x18E2, 0x8BCC, 0xAC8F, 0x6B09, 0x5AA8, 0x7B6B, 0x734A, 
    0x6B09, 0x5AA8, 0x4226, 0x6B09, 0x5267, 0x08A1, 0x0860, 0x1081, 0x0040, 0x1881, 0x71E5, 0x7A26, 
    0x9B09, 0xAB49, 0x4143, 0x5984, 0x9B09, 0xAB4A, 0x92C8, 0x9AE8, 0x92A8, 0x6246, 0x3984, 0x28E2, 
    0x92A8, 0xBBAC, 0xB38B, 0xAB4A, 0x92A8, 0x8246, 0x9AA8, 0x7206, 0x59A4, 0x4143, 0x18A1, 0x2162, 
    0x8CC7, 0x7C66, 0x63E4, 0x5363, 0x53A3, 0x4343, 0x3303, 0x2AC3, 0x2A83, 0x21E3, 0x2263, 0x2AC3, 
    0x2AE3, 0x2AE3, 0x2B03, 0x2AE3, 0x22A3, 0x22A3, 0x2AC3, 0x32C3, 0x29E4, 0x7349, 0xAC8D, 0xB4CE, 
    0xACAE, 0xBCEF, 0xACAE, 0xACAE, 0x93EB, 0x836A, 0x5AA7, 0x5266, 0x62A7, 0x62C7, 0x5A86, 0x62C7, 
    0x93EB, 0xB4EE, 0xACAE, 0xBD0F, 0xB4EF, 0xACAE, 0xB4CE, 0xACCE, 0xA48D, 0xA44C, 0x9C0B, 0x9C0B, 
    0x9C2C, 0x9C2C, 0x93EB, 0x62C7, 0x5A66, 0x8BAA, 0x9C4C, 0x9C2C, 0xAC8D, 0xB4EF, 0xB4EF, 0x9C2C, 
    0x93EB, 0x93CB, 0x8369, 0x6AC8, 0x5A87, 0x2143, 0x2AA3, 0x2AE3, 0x2AC3, 0x2AE3, 0x2AE3, 0x2AE3, 
    0x2AE3, 0x2AE3, 0x2AC3, 0x2AE3, 0x2AE3, 0x2AE3, 0x2AE3, 0x2AE3, 0x2AE3, 0x2AE3, 0x2AC3, 0x2AC3, 
    0x3323, 0x3303, 0x3303, 0x3303, 0x3303, 0x3323, 0x3303, 0x3303, 0x3303, 0x3303, 0x3303, 0x3323, 
    0x4345, 0x944C, 0x942C, 0x7348, 0x3AA5, 0x2AE3, 0x2202, 0x1081, 0x62A8, 0x5287, 0x41E5, 0x5247, 
    0xA48E, 0xA48E, 0x734A, 0x83AB, 0x83AB, 0x83AB, 0x8BCB, 0x83AB, 0x6B29, 0x83AB, 0x8BCB, 0x83AB, 
    0x8BCB, 0x93EC, 0x8BCB, 0x8BAB, 0x83AB, 0x83AB, 0x940C, 0x9C0C, 0x5267, 0x2143, 0x10C2, 0x3122, 
    0x61C2, 0x1881, 0x3163, 0x7329, 0x942C, 0xBD10, 0x9C4D, 0x31A4, 0x0040, 0x1101, 0x3303, 0x2A83, 
    0x0060, 0x51C3, 0x7A44, 0x3901, 0x20A1, 0x0840, 0x1141, 0x2AC3, 0x3323, 0x2B03, 0x2B03, 0x2AE3, 
    0x3303, 0x3303, 0x4323, 0x4323, 0x4343, 0x4B63, 0x5BA3, 0x6C04, 0x7C86, 0x6BC5, 0x18E1, 0x3903, 
    0x7205, 0x8A67, 0x9AE8, 0xB36A, 0xA34A, 0x9309, 0x8AC8, 0x7226, 0x1881, 0x1881, 0x1881, 0x0840, 
    0x0840, 0x836B, 0x6A47, 0x7A47, 0xB36B, 0xAB4A, 0x20A2, 0x51A5, 0x8AA8, 0xA2E9, 0x7206, 0x4943, 
    0x5984, 0x30C2, 0x0860, 0x0881, 0x0040, 0x5267, 0xA46D, 0xC530, 0x940D, 0x6B09, 0x5267, 0x6AE9, 
    0x732A, 0x5288, 0x62E9, 0x9C4D, 0x62C8, 0x5267, 0x10C2, 0x0040, 0x0860, 0x3903, 0x8A47, 0x8A47, 
    0x8A87, 0xA329, 0x4984, 0x20A1, 0x6A06, 0xB34A, 0xB38A, 0x9AC8, 0x59A4, 0x838A, 0x3184, 0x5184, 
    0xAB6A, 0xAB6A, 0xB38B, 0xAB4A, 0xAB2A, 0x8267, 0x61C5, 0x61C5, 0x69C5, 0x4964, 0x3903, 0x2102, 
    0x4A83, 0x7C46, 0x6C04, 0x5383, 0x5BA3, 0x4363, 0x3B43, 0x3B23, 0x32E3, 0x2AE3, 0x2AC3, 0x2AE3, 
    0x32E3, 0x3303, 0x3323, 0x3323, 0x3323, 0x32E3, 0x21E3, 0x2163, 0x4A25, 0x940B, 0xACCE, 0xBD30, 
    0xACCE, 0xA44C, 0x940B, 0xAC8D, 0xA46D, 0x940B, 0x83AA, 0x4A26, 0x5AA7, 0x4A26, 0x6AE8, 0x9C4C, 
    0xB4EF, 0x9C4D, 0xB4CE, 0xB4CE, 0xB4CE, 0xACAE, 0xB4CE, 0xACAE, 0x9C2C, 0x9C2C, 0x940B, 0xA44C, 
    0x836A, 0x6B08, 0x7B69, 0x4A46, 0x7B69, 0x7B69, 0x8BCB, 0xBCEF, 0xAC8D, 0xAC8D, 0x93EB, 0x93EB, 
    0x93CB, 0x83AA, 0x62C8, 0x62C7, 0x62C7, 0x2143, 0x2A83, 0x3303, 0x3303, 0x3B44, 0x5385, 0x3303, 
    0x2B03, 0x3303, 0x3303, 0x3303, 0x3303, 0x3303, 0x3303, 0x3303, 0x3303, 0x3303, 0x3303, 0x3303, 
    0x3344, 0x3344, 0x3344, 0x3343, 0x3323, 0x3323, 0x3323, 0x3323, 0x3343, 0x3323, 0x3B43, 0x3343, 
    0x3324, 0x5AC7, 0x62E7, 0x3A25, 0x2A64, 0x3323, 0x2222, 0x0861, 0x5267, 0x5246, 0x5267, 0x31A5, 
    0x4206, 0x942D, 0xB510, 0x8BCB, 0x83CB, 0x8BEC, 0x83AB, 0x83AB, 0x7B8A, 0x838A, 0x83AB, 0x8BCB, 
    0x838B, 0x83AB, 0x8BCB, 0x7B8A, 0x838A, 0x940C, 0x9C4D, 0x41E5, 0x1903, 0x0881, 0x1881, 0x5183, 
    0x6A03, 0x0860, 0x6AE8, 0xA46D, 0x8BEB, 0x83AB, 0x8BEC, 0x83AB, 0x7B6A, 0x18C2, 0x08C0, 0x08C1, 
    0x28E1, 0x61C3, 0x59A2, 0x20A1, 0x0820, 0x1121, 0x2AA3, 0x3344, 0x3343, 0x3323, 0x63E7, 0x6BC7, 
    0x3323, 0x3B43, 0x4343, 0x5363, 0x5BA3, 0x5BA3, 0x6BE4, 0x7C46, 0x84A6, 0x5B04, 0x0840, 0x59A4, 
    0x8A47, 0x92C8, 0xA309, 0x9AE9, 0x92C8, 0xAB4A, 0xAB4A, 0x51A4, 0x5A06, 0x6A67, 0x51A5, 0x1060, 
    0x0000, 0x732A, 0x6287, 0x4144, 0x8A87, 0x7226, 0x1061, 0x8A88, 0x8A87, 0x7206, 0x7206, 0x61A4, 
    0x4963, 0x30C2, 0x1060, 0x0020, 0x4206, 0xAC8E, 0x940C, 0x83AB, 0x93EC, 0x4A47, 0x4A47, 0x4A47, 
    0x4A47, 0x4226, 0x8BCC, 0x83CC, 0x8BEC, 0x732A, 0x39E5, 0x0881, 0x0860, 0x3923, 0x69E5, 0x7206, 
    0x8A67, 0xA32A, 0x9B09, 0x3103, 0x30E2, 0x7A46, 0xB36A, 0x8A67, 0x6288, 0x734A, 0x18E2, 0x59A5, 
    0xAB4A, 0x92C8, 0x9B09, 0x9AE9, 0x8A87, 0x6A05, 0x8246, 0x8247, 0x61C5, 0x5184, 0x59A4, 0x30E2, 
    0x0860, 0x7C46, 0x7C66, 0x7425, 0x63C4, 0x5383, 0x4B63, 0x4363, 0x4344, 0x3323, 0x3303, 0x7409, 
    0x4B45, 0x3343, 0x3343, 0x3343, 0x3304, 0x2A44, 0x39C5, 0x7309, 0x93CB, 0xACAD, 0xAC8D, 0xB4EF, 
    0xB4EF, 0xB4CE, 0x9C4C, 0x9C2C, 0x93EB, 0x9C2C, 0xA44D, 0x7B49, 0x5266, 0x4A46, 0x7329, 0x9C0B, 
    0xAC8D, 0xB4EF, 0xB4CE, 0xBD0F, 0xB4CE, 0xACAE, 0x9C2C, 0xB4CE, 0xA44C, 0xAC8D, 0x9C2C, 0xA46D, 
    0x9C0C, 0x838A, 0x62C8, 0x7B69, 0x6AE8, 0x7B49, 0x9C2C, 0xACAE, 0xB4CE, 0x940B, 0xA46D, 0xA46D, 
    0x8BCB, 0x7329, 0x7328, 0x5AA7, 0x4A46, 0x2143, 0x2A83, 0x3323, 0x3B44, 0x5386, 0x6B67, 0x3303, 
    0x3323, 0x3323, 0x3323, 0x3324, 0x3323, 0x3324, 0x3324, 0x3323, 0x3323, 0x3323, 0x3324, 0x3323, 
    0x2AE3, 0x2AE3, 0x2B03, 0x2B03, 0x2AE3, 0x2AE3, 0x2AE3, 0x2AE3, 0x2AE3, 0x2AE3, 0x2AE3, 0x2AE3, 
    0x2AC3, 0x2A43, 0x19C3, 0x19C2, 0x2283, 0x2AE3, 0x1A02, 0x0861, 0x4A46, 0x4206, 0x5287, 0x5267, 
    0x3184, 0x4A26, 0x838B, 0xBD30, 0x83AB, 0x8BCB, 0x7B8B, 0x7B6A, 0x8BCB, 0x83AB, 0x8BCB, 0x83AB, 
    0x83AB, 0x8BCB, 0x7B8A, 0x83AB, 0x8BCB, 0x7329, 0x4226, 0x3184, 0x62C8, 0x4A26, 0x2902, 0x28E1, 
    0x4142, 0x10A1, 0x7B6A, 0x9C4D, 0x7B6A, 0x7B6A, 0x7B6A, 0x8BEC, 0xB4CF, 0x83AB, 0x6B09, 0x0861, 
    0x1860, 0x28E1, 0x3101, 0x18A1, 0x1141, 0x2AC3, 0x2AE3, 0x2AE3, 0x2AE3, 0x22A3, 0x5306, 0x4A86, 
    0x2243, 0x2AE3, 0x32E3, 0x32E3, 0x4B43, 0x53A3, 0x63E4, 0x7C66, 0x7425, 0x1921, 0x30E2, 0x69E5, 
    0x8A67, 0xA309, 0x8A87, 0x9AE8, 0xAB6A, 0xB3AB, 0xAB8A, 0x9B29, 0xBC0C, 0xBBCC, 0x92E9, 0x7247, 
    0x59A5, 0x5226, 0x7349, 0x5246, 0x4964, 0x6A26, 0x20A1, 0x8A87, 0x92A7, 0x7A06, 0x69C5, 0x4943, 
    0x3922, 0x28E2, 0x0861, 0x41C5, 0x8BCC, 0xA46E, 0x9C2D, 0x5AC8, 0x732A, 0x4A27, 0x31A5, 0x3185, 
    0x39E6, 0x5AA8, 0x83AB, 0x8BCC, 0xACAF, 0x838B, 0x7B6A, 0x4A06, 0x0840, 0x1040, 0x4963, 0x69E5, 
    0x8247, 0x9AC9, 0x9AC9, 0x7206, 0x3102, 0x4984, 0x8A87, 0x3923, 0x9C2D, 0x4A26, 0x28E2, 0x69E5, 
    0xA329, 0xAB4A, 0xAB2A, 0x8A88, 0x8A87, 0x9AE9, 0x9AC8, 0x7A26, 0x7206, 0x61C5, 0x61C5, 0x4964, 
    0x18A1, 0x2982, 0x7406, 0x7C45, 0x63A4, 0x4323, 0x3B03, 0x4343, 0x3303, 0x3B24, 0x6B88, 0x8C0B, 
    0x3AA5, 0x2AE3, 0x2AE3, 0x2AE3, 0x2A63, 0x31A4, 0x7B6A, 0xACAE, 0xACAE, 0xB4CE, 0xACAE, 0xA46D, 
    0xB4CF, 0xB4CE, 0xA46D, 0x9C4C, 0x8BCB, 0x9C2C, 0x9C2C, 0x7B49, 0x7349, 0x5246, 0x62E8, 0x8BCB, 
    0x9C2C, 0xB4CE, 0x9C2C, 0xB4CE, 0xACAE, 0xA48D, 0xAC8D, 0xA46D, 0xA44C, 0xA44C, 0xA46D, 0x9C0C, 
    0x940C, 0x838A, 0x62C8, 0x838A, 0x8BCB, 0x940B, 0xA46D, 0xB4EF, 0xACAE, 0x93EB, 0xA46D, 0x8BAB, 
    0x838A, 0x7B49, 0x7328, 0x5AA7, 0x2963, 0x1942, 0x2AA3, 0x3303, 0x2AE3, 0x32C4, 0x29E4, 0x2263, 
    0x2AE3, 0x2AC3, 0x2AC3, 0x2AE3, 0x2AE3, 0x2AE3, 0x2AE3, 0x2AE3, 0x2AE3, 0x2B03, 0x2AE3, 0x2AE3, 
    0x3323, 0x3303, 0x3303, 0x3303, 0x3323, 0x3323, 0x3303, 0x3303, 0x3303, 0x3303, 0x3323, 0x3303, 
    0x3303, 0x2AE3, 0x1A62, 0x2283, 0x2AC3, 0x2B03, 0x2222, 0x0881, 0x5A87, 0x4226, 0x5287, 0x5267, 
    0x4A26, 0x3184, 0x4206, 0xA48E, 0xACCF, 0x93EC, 0x7B8A, 0x7329, 0x8BCB, 0x83AB, 0x838B, 0x7B8A, 
    0x83AA, 0x8BAB, 0x7B6A, 0x8BCB, 0x734A, 0x5287, 0x83AB, 0x83AB, 0xA46D, 0xA46D, 0x7329, 0x18C1, 
    0x20C1, 0x3984, 0x83AB, 0x940C, 0x838A, 0x83AB, 0x7B8A, 0x83AB, 0x8BCB, 0xA46D, 0xB4CF, 0x5267, 
    0x41E6, 0x18E2, 0x0060, 0x08E1, 0x2AE3, 0x3323, 0x3304, 0x3303, 0x2B03, 0x2AE3, 0x2243, 0x2223, 
    0x2A83, 0x3303, 0x3B23, 0x3B23, 0x5383, 0x63C4, 0x7404, 0x7425, 0x6BE5, 0x0880, 0x5164, 0x7206, 
    0x92A8, 0x9AC8, 0x8A67, 0xAB6A, 0x9B09, 0xA34A, 0xBBCB, 0xBBCC, 0xB3AB, 0xAB6A, 0xA34A, 0xB38B, 
    0x9AC8, 0x3103, 0x7B4A, 0x7B6A, 0x41A4, 0x6226, 0x30E2, 0x7A26, 0x8246, 0x61A5, 0x4944, 0x3102, 
    0x20A1, 0x0820, 0x2123, 0x838B, 0xB4CF, 0x9C2D, 0x7329, 0x62E9, 0x4A47, 0x4206, 0x31A5, 0x2944, 
    0x39C6, 0x5288, 0x6B09, 0x8BCC, 0x838B, 0xACAE, 0xA46E, 0x734A, 0x39C5, 0x2923, 0x28E2, 0x4943, 
    0x5184, 0x8267, 0x8246, 0x7A26, 0x3102, 0x3123, 0x6205, 0x6288, 0x8BAB, 0x18E2, 0x20A1, 0x69E5, 
    0x9AE8, 0xA309, 0x92A8, 0x61E5, 0x8267, 0xBBAB, 0x92A8, 0x7A26, 0x8A47, 0x7A06, 0x61C5, 0x5984, 
    0x30E2, 0x0060, 0x7406, 0x7C66, 0x6BE4, 0x4B43, 0x4343, 0x4343, 0x2AE3, 0x32E3, 0x5326, 0x3A45, 
    0x2203, 0x2AE3, 0x3304, 0x32E3, 0x3204, 0x5A67, 0x9C2C, 0xACAE, 0xA46D, 0xACAE, 0xBD30, 0xB4CE, 
    0xB4AE, 0xAC8D, 0xACAE, 0xAC8D, 0xA44C, 0x9C2C, 0x8BCA, 0x7349, 0x8389, 0x5266, 0x5AC7, 0x838A, 
    0x8BCB, 0x9C0C, 0x9C2C, 0xA46D, 0x9C4D, 0xAC8D, 0xAC8D, 0x93EB, 0xAC8E, 0xA44C, 0x9C0C, 0x9C2C, 
    0x7B6A, 0x62C8, 0x7B49, 0x7328, 0x940B, 0xA46D, 0xA44C, 0x9C2C, 0x9C2C, 0x9C4C, 0x9C2C, 0x7B49, 
    0x7B49, 0x7B69, 0x5A87, 0x4A25, 0x2963, 0x2163, 0x2223, 0x2AC3, 0x3303, 0x2AE3, 0x2263, 0x2AC3, 
    0x2B03, 0x4B66, 0x63A7, 0x4B25, 0x3303, 0x3303, 0x3303, 0x3303, 0x3303, 0x3303, 0x3303, 0x3303, 
    0x3B24, 0x3B44, 0x3324, 0x3344, 0x3344, 0x3344, 0x3323, 0x3323, 0x3323, 0x3343, 0x3323, 0x3323, 
    0x3323, 0x3343, 0x3343, 0x3323, 0x3323, 0x3323, 0x2242, 0x10A2, 0x5AA8, 0x4206, 0x4A46, 0x4A26, 
    0x5267, 0x5266, 0x3184, 0x3185, 0xACCF, 0xACCF, 0x9C2D, 0x7B8A, 0x8BCB, 0x8BEC, 0x7B8A, 0x83AB, 
    0x8BCB, 0x838A, 0x7329, 0x8BEC, 0x83AB, 0x7B8A, 0x8BCB, 0x93EC, 0x8BEC, 0x8BEC, 0x7329, 0x39A4, 
    0x0881, 0x8BAB, 0x940C, 0x8BCB, 0x83AB, 0x83CB, 0x83AB, 0x838A, 0x838A, 0x7B6A, 0x8BEC, 0xB4EF, 
    0xC550, 0x8BCC, 0x1902, 0x10C1, 0x21E2, 0x3304, 0x3324, 0x3323, 0x3323, 0x3323, 0x3303, 0x3323, 
    0x3323, 0x4343, 0x53C4, 0x53A3, 0x63C4, 0x7404, 0x7445, 0x7425, 0x4A83, 0x1881, 0x7A26, 0x8247, 
    0x92A8, 0x9AE8, 0x92A8, 0xA32A, 0xB3AB, 0xAB8B, 0x92E8, 0xBBEC, 0xA36A, 0xAB6A, 0xAB8B, 0xA34A, 
    0x92A8, 0x3903, 0x4A06, 0x9C2D, 0xA46E, 0x2923, 0x30E2, 0x4943, 0x61A4, 0x61A5, 0x5164, 0x28C2, 
    0x0020, 0x41C5, 0x940C, 0xC571, 0x942D, 0x83AB, 0x4A47, 0x4A26, 0x2964, 0x3185, 0x10A2, 0x0882, 
    0x2123, 0x39C6, 0x4A27, 0x5288, 0x732A, 0x8BCB, 0xB4F0, 0xA46E, 0xB4CF, 0x62E9, 0x0861, 0x1061, 
    0x3923, 0x59A4, 0x69E5, 0x4943, 0x1061, 0x41E5, 0x734A, 0xA46D, 0x41E6, 0x3984, 0x7308, 0x6246, 
    0x5984, 0x8A87, 0x8A87, 0x92C8, 0x92A8, 0x92A8, 0x92A8, 0x9287, 0x7205, 0x8246, 0x61E5, 0x59A5, 
    0x61A5, 0x0880, 0x6385, 0x7C46, 0x7445, 0x63C4, 0x5BA3, 0x4B83, 0x4343, 0x3303, 0x3323, 0x22A3, 
    0x2AE3, 0x3324, 0x3323, 0x32A3, 0x31A4, 0x7B69, 0x93EB, 0x93EB, 0xA48D, 0xB50F, 0xB4CF, 0x9C2C, 
    0xA44C, 0xAC8D, 0x9C2C, 0xACAE, 0xACAE, 0x9C2C, 0x93EB, 0x7308, 0x6B08, 0x5A87, 0x4225, 0x62C7, 
    0x83AA, 0xA44D, 0x9C0C, 0x93EB, 0xA46D, 0x9C4C, 0x9C2C, 0xAC6D, 0x93EB, 0x9C2C, 0x8BCB, 0x93EB, 
    0x7B69, 0x6AE8, 0x8BCB, 0x9C2C, 0x8BEB, 0xA46D, 0x93EB, 0x8BCA, 0xAC8D, 0xA46D, 0x838A, 0x6B08, 
    0x7349, 0x62A7, 0x5266, 0x4A46, 0x7B69, 0x6B08, 0x31A4, 0x2183, 0x2AC3, 0x3303, 0x3343, 0x3323, 
    0x2B03, 0x73E9, 0xA46D, 0x6347, 0x3303, 0x3323, 0x3323, 0x3323, 0x3323, 0x3323, 0x3323, 0x3323, 
    0x2AE3, 0x2AE3, 0x2AE3, 0x2AE3, 0x2AE3, 0x2AE3, 0x2AE3, 0x2AE3, 0x2AE3, 0x2AE3, 0x2AE3, 0x2AE3, 
    0x3303, 0x2B03, 0x4325, 0x32E4, 0x2AE3, 0x2AE3, 0x2222, 0x10C2, 0x5A87, 0x4A26, 0x4A26, 0x4A26, 
    0x5267, 0x5266, 0x4A26, 0x3184, 0x3184, 0x9C6E, 0xBD10, 0x8BEC, 0x838B, 0x83AB, 0x8BEC, 0x8BCB, 
    0x8BCB, 0x838A, 0x7B8A, 0x8BEC, 0x8BCB, 0x8BEC, 0x93EC, 0x83AB, 0x8BCB, 0x9C4D, 0x7B49, 0x28E2, 
    0x0881, 0x93EC, 0x9C2C, 0x83AB, 0x83AB, 0x7B6A, 0x7B8A, 0x838A, 0x7B6A, 0x7B8A, 0x8BCB, 0x8BEC, 
    0x83AB, 0xB4EF, 0xBD30, 0x62C8, 0x0020, 0x19C2, 0x3303, 0x2AE3, 0x2AE3, 0x2AE3, 0x3303, 0x3303, 
    0x3303, 0x3B23, 0x3344, 0x5BA3, 0x5BA3, 0x6C25, 0x84A6, 0x6BE5, 0x0840, 0x4944, 0x8247, 0x92A8, 
    0xA309, 0xA32A, 0x9B09, 0x7A46, 0x92C8, 0xB3AB, 0xBBEC, 0xB38B, 0xB3AB, 0xBBCB, 0xB38B, 0xA34A, 
    0x8A87, 0x5184, 0x3984, 0x62E9, 0xACAF, 0x6B09, 0x1061, 0x20A1, 0x5143, 0x5143, 0x20C2, 0x18A2, 
    0x4A26, 0x9C2D, 0x9C2D, 0x9C2D, 0x7B8B, 0x62C9, 0x4A47, 0x31A5, 0x2944, 0x0061, 0x1982, 0x19A1, 
    0x08A1, 0x1082, 0x2964, 0x4227, 0x6AE9, 0x8BEC, 0x940C, 0x8BCB, 0xB4CF, 0xB4EF, 0x8BCC, 0x2923, 
    0x20A2, 0x20A1, 0x1881, 0x0840, 0x3143, 0x8BEC, 0xC550, 0x734A, 0x31A5, 0x3164, 0x41C5, 0x2923, 
    0x2081, 0x28E2, 0x9B29, 0xB38B, 0xAB4A, 0xA309, 0x8A88, 0x9AC8, 0x61E5, 0x7A26, 0x71E6, 0x7206, 
    0x61C5, 0x30E2, 0x1081, 0x5B24, 0x7C86, 0x63E4, 0x5BA3, 0x4343, 0x3B23, 0x3323, 0x3303, 0x2AE3, 
    0x32E3, 0x2AE3, 0x3303, 0x2203, 0x31A5, 0x7B6A, 0x940C, 0xA46D, 0x9C4C, 0xA46D, 0xACAE, 0xAC6D, 
    0xA46D, 0xB4CE, 0xAC8D, 0xA46C, 0x940B, 0x8BEB, 0x838A, 0x5A87, 0x5AA7, 0x5AA7, 0x6B08, 0x8369, 
    0x8BAA, 0xA48D, 0xA46D, 0xAC8D, 0xB4AE, 0xA46D, 0xA44C, 0x8BAA, 0x9C2C, 0x9C2C, 0x9C2C, 0x8BAA, 
    0x7349, 0x6B08, 0x7329, 0x9C2C, 0x8BCB, 0x8BCB, 0xA46D, 0xA46D, 0x940B, 0x8BCB, 0x83AA, 0x7329, 
    0x62A7, 0x5266, 0x6AE8, 0x838A, 0x838A, 0x8BAA, 0x62A7, 0x2964, 0x19A2, 0x2AC3, 0x2AE3, 0x2B03, 
    0x2AE3, 0x4285, 0x4A46, 0x3204, 0x2283, 0x2AE3, 0x2AE3, 0x2AE3, 0x2AC3, 0x2AE3, 0x2AE3, 0x2AE3, 
    0x3324, 0x3324, 0x3323, 0x3303, 0x3303, 0x3303, 0x3303, 0x3303, 0x3303, 0x3303, 0x3303, 0x3303, 
    0x3303, 0x3303, 0x3AC4, 0x2AA3, 0x3303, 0x3B43, 0x2A63, 0x0881, 0x4206, 0x4A26, 0x5287, 0x5247, 
    0x4A26, 0x4A26, 0x4A26, 0x4A46, 0x31A4, 0x5287, 0x940D, 0xC571, 0x940C, 0x7B6A, 0x83CB, 0x8BEC, 
    0x838B, 0x7B6A, 0x8BEB, 0x7B6A, 0x7B6A, 0x8BEC, 0x8BCB, 0x83AB, 0x9C2C, 0x7B6A, 0x41E5, 0x0840, 
    0x1081, 0x7B49, 0x83AB, 0x83AB, 0x838A, 0x8BAB, 0x838A, 0x7B8A, 0x8BEC, 0x8BEC, 0x838A, 0x83AB, 
    0x9C2D, 0xACAE, 0x83AB, 0x3184, 0x0081, 0x19C2, 0x3324, 0x3303, 0x2AE3, 0x2283, 0x2AA3, 0x3B64, 
    0x3343, 0x3B23, 0x4B63, 0x4B83, 0x5BA4, 0x6C05, 0x7C66, 0x6C05, 0x0861, 0x59A4, 0x8A87, 0xA2E9, 
    0xA309, 0x92E8, 0xAB4A, 0xAB6A, 0x6A26, 0x6A26, 0xBBAB, 0xB38B, 0xB38B, 0x9AE8, 0x92C8, 0xAB4A, 
    0xA329, 0x9AC8, 0x4943, 0x2103, 0x7B4A, 0xACAE, 0x6AE8, 0x18A2, 0x1060, 0x0820, 0x1081, 0x5A87, 
    0xA48E, 0xCD92, 0xA48E, 0x6B29, 0x5267, 0x4206, 0x4206, 0x2944, 0x0861, 0x0880, 0x4BA3, 0x5C04, 
    0x3AE3, 0x0020, 0x1082, 0x39C6, 0x5268, 0x5AA8, 0x62C8, 0x940C, 0xAC8E, 0xA46E, 0xB4EF, 0xA46E, 
    0x6AE8, 0x3184, 0x6AE9, 0x7309, 0xA46D, 0xA46D, 0x62E9, 0x31C5, 0x10A2, 0x30E2, 0x5984, 0x8287, 
    0x8287, 0x6206, 0x28E2, 0x4143, 0x7A67, 0xAB2A, 0x92A8, 0x9AC8, 0x7A47, 0x71E6, 0x7A26, 0x7206, 
    0x5184, 0x5163, 0x0840, 0x5304, 0x84A6, 0x6C04, 0x5B83, 0x4343, 0x4343, 0x5383, 0x3B23, 0x3303, 
    0x4303, 0x3323, 0x2A63, 0x31E4, 0x6AE8, 0xAC8D, 0xB4EE, 0xA48D, 0xA46D, 0x9C2C, 0x9C0B, 0xAC8D, 
    0xA46D, 0xA46D, 0x9C4C, 0x93EB, 0x7B69, 0x62E8, 0x62C8, 0x62C7, 0x6B08, 0x940C, 0xA46D, 0xA46D, 
    0x9C2C, 0x9C4D, 0xACAE, 0x9C4C, 0xA48D, 0xA48D, 0xAC8D, 0x8BCB, 0x8BCB, 0x93EB, 0x93EB, 0x7B69, 
    0x6B08, 0x7B69, 0x7B69, 0x7B49, 0x838A, 0x8BCA, 0x93EB, 0x9C0C, 0x7B69, 0x93EB, 0x7B49, 0x62C8, 
    0x62C7, 0x7329, 0x7B49, 0x838A, 0x5AA7, 0x62E8, 0x62E8, 0x4A46, 0x2183, 0x2B03, 0x3303, 0x3303, 
    0x3303, 0x2283, 0x1A02, 0x1A23, 0x2AC3, 0x3303, 0x3303, 0x3303, 0x3303, 0x3303, 0x3303, 0x3303, 
    0x3B44, 0x3B44, 0x3B43, 0x3323, 0x3323, 0x3323, 0x3323, 0x3323, 0x3323, 0x3323, 0x3323, 0x3323, 
    0x3323, 0x3303, 0x2AA3, 0x2AC3, 0x3344, 0x3B64, 0x2A83, 0x10A1, 0x31A4, 0x4206, 0x4A26, 0x5267, 
    0x4A26, 0x4206, 0x4206, 0x5AA8, 0x5267, 0x2964, 0x5AC9, 0xB510, 0xBD10, 0x942D, 0x7B6A, 0x838B, 
    0x838B, 0x93EC, 0x83AB, 0x8BCB, 0x83AB, 0x8BCB, 0x8BCC, 0x9C4D, 0x83AB, 0x4206, 0x10C2, 0x2923, 
    0x18C1, 0x7349, 0x838B, 0x8BCB, 0x838A, 0x83AB, 0x83AB, 0x838A, 0x83AB, 0x83AB, 0x8BEB, 0x8BEC, 
    0xA48E, 0x5267, 0x18E2, 0x2123, 0x0881, 0x19C2, 0x3324, 0x3344, 0x19A2, 0x20C1, 0x1081, 0x2AA3, 
    0x3343, 0x4323, 0x5363, 0x5383, 0x63E4, 0x7425, 0x73E5, 0x3A23, 0x20A2, 0x69E5, 0x8246, 0x9AC8, 
    0xAB4A, 0xBB8B, 0x92E8, 0xBBCC, 0x61E6, 0x30E2, 0x6A26, 0xB3AB, 0x9AE8, 0x7A46, 0x92C8, 0x92A8, 
    0x7A26, 0x8A67, 0x69E5, 0x28A2, 0x20E2, 0x734A, 0xACAE, 0x9C2D, 0x6AE9, 0x5A88, 0x8BCB, 0xB4EF, 
    0xACAF, 0x83AC, 0x8BCC, 0x5AA8, 0x39C5, 0x2144, 0x18E3, 0x0061, 0x21A2, 0x4B03, 0x5384, 0x53A4, 
    0x4B63, 0x3AA3, 0x08A1, 0x08C2, 0x2144, 0x39E6, 0x5AA8, 0x7B6A, 0x838B, 0x83CC, 0xC571, 0x8BCB, 
    0x93EC, 0xAC8E, 0xD592, 0xB4EF, 0x8BCC, 0x5288, 0x2964, 0x0861, 0x3902, 0x61A4, 0x8A67, 0xAB4A, 
    0xAB6A, 0xAB6A, 0x9309, 0x8AC8, 0x6A26, 0x61E5, 0x9AE8, 0x8A67, 0x92A8, 0x7A26, 0x7A26, 0x71E5, 
    0x5184, 0x59A4, 0x0861, 0x4AA3, 0x8486, 0x6C24, 0x5BC3, 0x4B83, 0x4343, 0x4B43, 0x3323, 0x3B23, 
    0x3B24, 0x3324, 0x2203, 0x41C5, 0x7B69, 0x9C0B, 0x8BCB, 0xA44C, 0xAC8D, 0x9C0C, 0x8BAA, 0x8BCA, 
    0x93EB, 0x93EB, 0x93EB, 0x7B69, 0x5A87, 0x6B08, 0x9C4D, 0x8BEB, 0x9C4C, 0xBCEF, 0xC530, 0xC550, 
    0xB4EF, 0x9C2C, 0xACAE, 0xA46D, 0x9C2C, 0x93EB, 0xA46D, 0x93EB, 0x8BCA, 0x8BAA, 0x8369, 0x7329, 
    0x7329, 0x62E8, 0x6B08, 0x62C7, 0x7328, 0x7B69, 0x83AA, 0x93EB, 0x838A, 0x838A, 0x62C7, 0x62E8, 
    0x6AE8, 0x7B6A, 0x7B69, 0x838A, 0x62C7, 0x5266, 0x62A7, 0x5267, 0x21A3, 0x2B03, 0x3324, 0x3B04, 
    0x3303, 0x3323, 0x2B03, 0x3303, 0x3303, 0x3303, 0x3303, 0x3303, 0x3303, 0x3303, 0x3323, 0x3323, 
    0x3304, 0x2AE3, 0x2AE3, 0x2AE3, 0x2AE3, 0x2AE3, 0x2AE3, 0x2AE3, 0x2AE3, 0x2AE3, 0x2AE3, 0x2AE3, 
    0x2AC3, 0x2AC3, 0x2AE3, 0x3303, 0x3303, 0x2B03, 0x2B03, 0x2263, 0x0861, 0x4A06, 0x39A5, 0x4206, 
    0x5247, 0x4A46, 0x4A47, 0x5267, 0x5AA7, 0x4A26, 0x31A5, 0x39E5, 0x9C6D, 0xCD91, 0x8C0C, 0x83CB, 
    0x7B8A, 0x8BCC, 0x8BEC, 0x8BCB, 0x8BAB, 0x83AB, 0x8BEB, 0x940C, 0x3184, 0x2103, 0x7329, 0xB50F, 
    0x18E2, 0x3164, 0x7B8B, 0x9C2D, 0x8BEC, 0x8BEC, 0x83AB, 0x83AB, 0x8BCB, 0x9C4D, 0xAC8E, 0x31A5, 
    0x2123, 0x2143, 0x2944, 0x0881, 0x0901, 0x2282, 0x2AC3, 0x1982, 0x10C1, 0x9305, 0x3922, 0x10E1, 
    0x3323, 0x4343, 0x4343, 0x5BC4, 0x6C25, 0x7C86, 0x5B24, 0x0020, 0x5184, 0x9AC8, 0x92A8, 0x8A87, 
    0x8287, 0xB3AB, 0xBBAB, 0xAB4A, 0xA329, 0x6205, 0x1881, 0x7205, 0xB36A, 0xAB4A, 0x9AE8, 0x8A87, 
    0x6A05, 0x59A5, 0x3903, 0x18A1, 0x3184, 0x6B09, 0x8BEC, 0xB4EF, 0xC571, 0xC571, 0xB4CF, 0x93EC, 
    0x940C, 0x62C9, 0x5268, 0x4A47, 0x31A5, 0x10A1, 0x0020, 0x0040, 0x3A82, 0x5BE4, 0x5BA4, 0x63A4, 
    0x63C4, 0x63E4, 0x0901, 0x10A1, 0x0860, 0x10A2, 0x39E6, 0x62C8, 0x6B09, 0x9C0D, 0x836A, 0x734A, 
    0x9C2D, 0x8BCC, 0x732A, 0x5288, 0x31A5, 0x18E2, 0x18A1, 0x3902, 0x5984, 0x8246, 0x9B09, 0xAB4A, 
    0xAB6A, 0xB3CC, 0xAB2A, 0xAB29, 0x9B29, 0x8288, 0x8246, 0x7226, 0xA309, 0x8267, 0x8226, 0x7206, 
    0x4964, 0x59A5, 0x3102, 0x0860, 0x5B24, 0x7446, 0x6C04, 0x5BC3, 0x4363, 0x3303, 0x3B23, 0x4343, 
    0x3B23, 0x3303, 0x21E3, 0x4A26, 0x8BCB, 0x9C0B, 0x93EB, 0x83AA, 0x93EB, 0x8BCB, 0x9C2C, 0x8BEB, 
    0x7B49, 0x940B, 0x7B49, 0x6B08, 0x7349, 0x8BCB, 0x9C2C, 0xBD0F, 0xB4EF, 0xBCEF, 0xB4CE, 0xACCE, 
    0xBD0F, 0xAC8D, 0xBD0F, 0xA48E, 0x8BEB, 0x940B, 0x8BCB, 0x9C2C, 0x8BCA, 0x7B49, 0x7B49, 0x7B49, 
    0x6AE8, 0x5266, 0x62C8, 0x6B08, 0x6B08, 0x7329, 0x7B49, 0x7B69, 0x7349, 0x7B69, 0x7328, 0x5AA7, 
    0x838A, 0x83AA, 0x6B28, 0x6AE8, 0x62C8, 0x5267, 0x5267, 0x4A26, 0x1942, 0x22C3, 0x3324, 0x842A, 
    0x4B45, 0x2AE3, 0x3303, 0x3323, 0x3303, 0x3303, 0x3324, 0x3323, 0x3323, 0x3323, 0x3323, 0x3323, 
    0x3304, 0x3303, 0x3303, 0x3303, 0x3303, 0x3303, 0x3303, 0x3303, 0x3303, 0x3303, 0x3303, 0x3B04, 
    0x740A, 0x6BC8, 0x32E4, 0x3303, 0x3303, 0x3303, 0x3323, 0x2AE3, 0x08A1, 0x3184, 0x10A1, 0x10A1, 
    0x39C5, 0x5267, 0x5267, 0x4A26, 0x5247, 0x5AA7, 0x5287, 0x31A5, 0x2964, 0x8BEC, 0xACCF, 0x83CB, 
    0x8BCB, 0x83AB, 0x83AB, 0x83CB, 0x8BEC, 0x8BAB, 0x8BCB, 0x41C5, 0x5267, 0x838B, 0x9C4D, 0x9C2D, 
    0x6B09, 0x1902, 0x39C5, 0x7B6A, 0x9C4D, 0x940C, 0x838A, 0x9C4D, 0xA46E, 0x7B4A, 0x41E6, 0x1903, 
    0x1902, 0x2964, 0x2944, 0x0881, 0x1A42, 0x2B03, 0x11A2, 0x18A1, 0x7244, 0x4962, 0x1881, 0x1161, 
    0x3B63, 0x4343, 0x5363, 0x5BA3, 0x7445, 0x84A6, 0x5324, 0x1040, 0x5984, 0x7206, 0x9AE9, 0x9AE8, 
    0x92C8, 0xA329, 0xB38B, 0xAB6A, 0xB3AB, 0xA34A, 0x6206, 0x20A1, 0x61E5, 0x92A8, 0x92A8, 0x69E5, 
    0x28C2, 0x3143, 0x4A06, 0x7B6A, 0xACCF, 0xBD10, 0xB4EF, 0xA46E, 0xA44D, 0x83AB, 0x7329, 0x8BAB, 
    0x7B4A, 0x5267, 0x39C5, 0x2144, 0x10C2, 0x0881, 0x1081, 0x1040, 0x3A62, 0x6424, 0x6C05, 0x6BC5, 
    0x63E4, 0x6C04, 0x10E1, 0x28C2, 0x28C2, 0x1081, 0x18C2, 0x2123, 0x4A27, 0x6B09, 0x734A, 0xA48E, 
    0xACAF, 0x83CC, 0x4A47, 0x2103, 0x1061, 0x20A1, 0x4143, 0x61C5, 0x8246, 0xA329, 0xA309, 0xAB4A, 
    0x8AA8, 0x9AE8, 0xB38B, 0xA329, 0xA329, 0xA309, 0x8246, 0x8A87, 0x8A87, 0x8A67, 0x8A47, 0x71C5, 
    0x61A4, 0x4123, 0x4943, 0x1061, 0x5304, 0x7C86, 0x7424, 0x63E3, 0x5BA3, 0x4343, 0x3B03, 0x4343, 
    0x3B23, 0x3B23, 0x29E3, 0x4206, 0x7B69, 0x6AE8, 0x7B69, 0x940B, 0x940B, 0x838A, 0x83AA, 0x8BAA, 
    0x83AA, 0x8BAA, 0x5A66, 0x7349, 0x8BEB, 0x9C4C, 0xA48D, 0xB50F, 0xBD30, 0xBD30, 0xACAE, 0xAC8D, 
    0xA44D, 0xB4CE, 0x9C2C, 0xA48D, 0x9C2C, 0x838A, 0x7328, 0x7329, 0x6B08, 0x62C7, 0x7328, 0x7328, 
    0x5266, 0x39C5, 0x5266, 0x62C7, 0x6AE8, 0x62C7, 0x62C7, 0x6B08, 0x7B69, 0x836A, 0x62C7, 0x6AE8, 
    0x7329, 0x6AE8, 0x62C7, 0x6B08, 0x62A7, 0x4A66, 0x4206, 0x2964, 0x1922, 0x2AC3, 0x3324, 0x6B68, 
    0x52C6, 0x2263, 0x2AE3, 0x32E3, 0x2AE3, 0x3303, 0x3303, 0x3303, 0x32E3, 0x2AE3, 0x2AE3, 0x2AE3, 
    0x3B44, 0x3323, 0x3323, 0x3323, 0x3323, 0x3B43, 0x3323, 0x3B23, 0x3B23, 0x3B44, 0x3B24, 0x5B87, 
    0xB52F, 0x942B, 0x4AE5, 0x3304, 0x3323, 0x3323, 0x3324, 0x2AE3, 0x0060, 0x0041, 0x20A1, 0x20A1, 
    0x2123, 0x4A46, 0x5267, 0x41E5, 0x5267, 0x62C8, 0x5287, 0x4226, 0x31A5, 0x31A5, 0xA48E, 0xBD30, 
    0x942D, 0x83AB, 0x83AB, 0x83AB, 0x8BEC, 0x8BEC, 0x734A, 0x3164, 0x942D, 0xA48E, 0x83CC, 0x83AB, 
    0xA46D, 0x8BCC, 0x3184, 0x2964, 0x7309, 0x942C, 0xB4EF, 0x9C4D, 0x62E9, 0x10C2, 0x10A2, 0x2123, 
    0x2964, 0x2943, 0x18E2, 0x00C1, 0x2B03, 0x0962, 0x20C1, 0x69E3, 0x4942, 0x1060, 0x08A1, 0x2263, 
    0x3B63, 0x4B83, 0x63A4, 0x5B83, 0x7C45, 0x7405, 0x3A43, 0x1881, 0x69C5, 0x69C5, 0x92A8, 0x9AC8, 
    0xAB4A, 0x92C8, 0xAB4A, 0xA329, 0xB3AB, 0xAB6B, 0x92C8, 0x51A4, 0x1060, 0x28E2, 0x28C2, 0x18A2, 
    0x62A8, 0xAC8E, 0xB510, 0xA48E, 0x838B, 0x5AA8, 0x5267, 0x5247, 0x4A47, 0x5288, 0x83AB, 0x8BCB, 
    0x4A47, 0x4206, 0x2944, 0x0881, 0x0020, 0x18A1, 0x20A1, 0x0840, 0x3A42, 0x6C25, 0x7425, 0x6C05, 
    0x6C25, 0x6BE4, 0x10A1, 0x28C2, 0x28E2, 0x28E2, 0x0840, 0x0040, 0x2944, 0x5247, 0x83AB, 0xA48E, 
    0x9C6E, 0x9C4D, 0x5267, 0x0861, 0x1061, 0x30E2, 0x4943, 0x7205, 0x7206, 0x92C8, 0x92A8, 0x8267, 
    0x8266, 0x9B09, 0xB38B, 0x92C8, 0x8267, 0x92C8, 0xA329, 0xA309, 0x7206, 0x8A87, 0x7206, 0x69C5, 
    0x61A5, 0x3923, 0x5164, 0x1061, 0x3A23, 0x7C86, 0x7C85, 0x63E4, 0x5B83, 0x4343, 0x4363, 0x3B43, 
    0x4364, 0x4B83, 0x2A23, 0x39A5, 0x62A7, 0x5AA7, 0x62C7, 0x7B69, 0x93EB, 0x7B69, 0x7B49, 0x838A, 
    0x8BEB, 0x6B08, 0x5AA7, 0x83AA, 0x9C4C, 0xACAE, 0xB4CE, 0xACAE, 0xBD0F, 0xA48D, 0xB4CF, 0xB4EF, 
    0x93EB, 0xAC8D, 0xA44C, 0x9C4C, 0x940B, 0x7B69, 0x7308, 0x62E8, 0x62C7, 0x7B8A, 0x940B, 0xA46D, 
    0x7B8A, 0x4A46, 0x4205, 0x4A46, 0x5267, 0x5A87, 0x5AA7, 0x62C7, 0x7B6A, 0x62E8, 0x62C7, 0x838A, 
    0x7308, 0x62A7, 0x5AA7, 0x5266, 0x5266, 0x5267, 0x31A4, 0x1902, 0x1982, 0x2AE3, 0x3323, 0x2A43, 
    0x19C2, 0x2243, 0x2AC3, 0x2AC3, 0x2AE3, 0x2AE3, 0x2AE3, 0x2AE3, 0x2AE3, 0x2AE3, 0x2AE3, 0x2B03, 
    0x32E3, 0x32E3, 0x32E3, 0x2AE3, 0x2B03, 0x32E3, 0x2AE3, 0x2AE3, 0x3303, 0x3303, 0x32C4, 0x6B28, 
    0x7B6A, 0x5AA7, 0x4A65, 0x2AA4, 0x2B03, 0x2AE3, 0x2AC3, 0x2243, 0x0020, 0x2901, 0x6A03, 0x4142, 
    0x1081, 0x31A5, 0x5267, 0x4A26, 0x4A46, 0x5267, 0x5A87, 0x5AA8, 0x4206, 0x2984, 0x4206, 0xBD30, 
    0xBD30, 0x8BCC, 0x8BCB, 0x83AB, 0x940C, 0x83AB, 0x2964, 0x9C2C, 0x9C4D, 0x940C, 0x8BEC, 0x8BCB, 
    0x8BEC, 0xA46D, 0x39A5, 0x0020, 0x18C2, 0x41E5, 0x732A, 0x2964, 0x10C2, 0x1903, 0x2123, 0x2123, 
    0x3184, 0x2123, 0x18E2, 0x00E0, 0x11A1, 0x3122, 0x59C3, 0x4962, 0x20C0, 0x0040, 0x2A63, 0x3B64, 
    0x4343, 0x5BC3, 0x53C4, 0x7405, 0x7C66, 0x4284, 0x0040, 0x3103, 0x7A26, 0x5184, 0x7206, 0x9AE8, 
    0xAB4A, 0xB38B, 0x9B09, 0xAB4A, 0xAB6A, 0x92C8, 0x7A26, 0x4123, 0x18C2, 0x18E2, 0x4A06, 0x940C, 
    0xBD10, 0x9C2D, 0x62E9, 0x39C5, 0x18E2, 0x10A2, 0x0840, 0x0861, 0x2143, 0x6B09, 0xA48E, 0x7309, 
    0x4227, 0x1903, 0x0040, 0x1081, 0x18A1, 0x28C2, 0x28C2, 0x1061, 0x3202, 0x63C4, 0x6C05, 0x7445, 
    0x7465, 0x63C4, 0x0880, 0x30E2, 0x3102, 0x28E2, 0x20A1, 0x20A1, 0x0040, 0x2984, 0x62E9, 0x83CB, 
    0x93EC, 0xB4F0, 0x8BCC, 0x4206, 0x0861, 0x18A1, 0x30E2, 0x3923, 0x71E5, 0x69E5, 0x8247, 0x8267, 
    0x9AC8, 0xAB4A, 0x7246, 0xA329, 0x9AE9, 0x9AE8, 0xAB4A, 0x92C8, 0x92A8, 0x8A67, 0x59A5, 0x3923, 
    0x4143, 0x7A26, 0x59A4, 0x20A1, 0x0000, 0x6BE6, 0x84A6, 0x63E4, 0x4B63, 0x4B63, 0x4B63, 0x4363, 
    0x4343, 0x3323, 0x2A83, 0x1923, 0x4205, 0x7B69, 0x6B08, 0x5AA7, 0x6B08, 0x9C0B, 0x93EB, 0x7B49, 
    0x62C8, 0x5266, 0x8369, 0x93EB, 0xB4CE, 0xACAE, 0xB4CF, 0xBD30, 0x9C2C, 0xA44C, 0xACAE, 0xB4CE, 
    0xACAE, 0xACAE, 0xA46D, 0x838A, 0x8BCB, 0x8BAB, 0x7329, 0x6B08, 0x93EB, 0xB4EF, 0xBCEF, 0xAC8D, 
    0xAC8D, 0x9C2C, 0x5266, 0x31C4, 0x41E5, 0x4A46, 0x62A7, 0x5A87, 0x5266, 0x62C7, 0x6AE8, 0x7329, 
    0x5A86, 0x4225, 0x5A87, 0x5AA7, 0x4A46, 0x39C5, 0x2143, 0x1162, 0x2242, 0x3303, 0x3303, 0x2AC3, 
    0x2AE3, 0x2AE3, 0x3303, 0x3323, 0x3303, 0x3303, 0x3303, 0x3303, 0x2B03, 0x2B03, 0x3303, 0x3303, 
    0x2AE3, 0x3303, 0x3303, 0x2AE3, 0x2AE3, 0x2AE3, 0x2AE3, 0x3303, 0x3303, 0x3303, 0x2AE3, 0x2A04, 
    0x4206, 0x39C5, 0x1182, 0x2AC3, 0x3323, 0x3323, 0x2263, 0x0040, 0x1881, 0x8284, 0x3922, 0x20C1, 
    0x0860, 0x2964, 0x41E5, 0x4A47, 0x4A46, 0x4A26, 0x4A26, 0x6AE8, 0x4A46, 0x5267, 0x4206, 0x39E6, 
    0xB50F, 0xB510, 0x9C4D, 0x8BCB, 0x7B4A, 0x39C5, 0x734A, 0xA46D, 0x83AB, 0x8BCB, 0x8BCB, 0x940C, 
    0x93EC, 0x940C, 0x39C5, 0x0020, 0x18A1, 0x10C2, 0x18E2, 0x08A1, 0x2102, 0x2964, 0x3184, 0x1903, 
    0x2964, 0x1903, 0x0081, 0x0060, 0x0040, 0x5182, 0x61C2, 0x1060, 0x0020, 0x2243, 0x3303, 0x3B43, 
    0x3B43, 0x4343, 0x63E4, 0x6C25, 0x7445, 0x3A43, 0x1061, 0x5984, 0x5984, 0x20A2, 0x0840, 0x5184, 
    0x9AE8, 0xB36A, 0xAB29, 0x8A87, 0x69E5, 0x3923, 0x20A1, 0x39A4, 0x838B, 0x7B4A, 0x8BCB, 0xB4CF, 
    0x5AA8, 0x39A5, 0x10C2, 0x1081, 0x28E2, 0x3102, 0x28C2, 0x0820, 0x3184, 0x83AB, 0x940C, 0x4A47, 
    0x31A5, 0x0861, 0x1081, 0x20C1, 0x28C2, 0x20A1, 0x28E2, 0x1061, 0x3222, 0x5BC4, 0x7425, 0x6C24, 
    0x7445, 0x6BE4, 0x10A1, 0x20C2, 0x3923, 0x28C2, 0x28E2, 0x28E2, 0x20A2, 0x08A2, 0x2985, 0x7B6B, 
    0x838B, 0x83AB, 0xACAF, 0x734A, 0x39C5, 0x18C2, 0x1061, 0x28C2, 0x3903, 0x5984, 0x61C5, 0x7A26, 
    0xA2E9, 0x69E5, 0x6A06, 0xA309, 0xA309, 0x9B09, 0x8A67, 0x8A67, 0xA2E8, 0x7A26, 0x30E2, 0x18A1, 
    0x5184, 0x8A47, 0x69C5, 0x4143, 0x0861, 0x6BC6, 0x84A6, 0x7425, 0x5BA3, 0x5363, 0x3323, 0x3B43, 
    0x3323, 0x2B03, 0x2AE3, 0x2223, 0x2984, 0x5266, 0x5A87, 0x62C8, 0x838A, 0x838A, 0x6B08, 0x62C7, 
    0x7308, 0x39E5, 0x838A, 0xA46D, 0xACAE, 0xA44D, 0xACAE, 0xBD0F, 0x9C4C, 0xB4CE, 0xA46D, 0x93EB, 
    0xACAE, 0x942C, 0x9C4C, 0x9C2C, 0x838A, 0x838A, 0x940B, 0x9C4C, 0xBD0F, 0xBD10, 0xBD0F, 0xA44C, 
    0x8BCA, 0x838A, 0x9C2C, 0x8BAA, 0x39C5, 0x3184, 0x4A46, 0x5266, 0x5AA7, 0x5246, 0x6B08, 0x62C7, 
    0x5A87, 0x5AA7, 0x5266, 0x31C5, 0x4205, 0x2143, 0x1963, 0x1A02, 0x2283, 0x2AC3, 0x2AA3, 0x2AE3, 
    0x2B03, 0x2B03, 0x2AE3, 0x2AE3, 0x2AE3, 0x2AE3, 0x2AE3, 0x2AE3, 0x2AE3, 0x2AE3, 0x2AE3, 0x2AE3, 
    0x3344, 0x3B44, 0x3343, 0x3343, 0x3343, 0x3323, 0x3323, 0x3323, 0x3323, 0x3323, 0x3B43, 0x32E3, 
    0x2243, 0x19C2, 0x2AA3, 0x3344, 0x3B64, 0x2AA3, 0x1101, 0x3102, 0x82C5, 0x4962, 0x20E1, 0x0860, 
    0x0040, 0x3184, 0x4206, 0x4A26, 0x5247, 0x5246, 0x4A26, 0x5AA7, 0x62A8, 0x5A87, 0x4A46, 0x31A5, 
    0x4A47, 0xBD31, 0xB4CF, 0x83AB, 0x838A, 0x7B6A, 0x9C4D, 0x83CB, 0x83AB, 0x7B6A, 0x8BCB, 0x8BCB, 
    0x83CB, 0xBD10, 0x4A26, 0x0040, 0x10A1, 0x0860, 0x1081, 0x2102, 0x2103, 0x3184, 0x39C5, 0x2964, 
    0x2123, 0x18C2, 0x0020, 0x1060, 0x4122, 0x4162, 0x18A0, 0x0880, 0x19E2, 0x32E3, 0x3B23, 0x4364, 
    0x4363, 0x4B63, 0x6BC4, 0x6C25, 0x7C86, 0x29C2, 0x28A2, 0x69C5, 0x8A87, 0x8A87, 0x59A4, 0x3902, 
    0x3102, 0x4964, 0x5164, 0x3903, 0x18A1, 0x1881, 0x20C2, 0x3963, 0x3143, 0x3164, 0x7B8B, 0x5288, 
    0x18C2, 0x1061, 0x20A1, 0x4143, 0x69C5, 0x4143, 0x4143, 0x0860, 0x62A8, 0x9C2D, 0x6B09, 0x3185, 
    0x10A2, 0x18A1, 0x20C1, 0x20C2, 0x3902, 0x28C2, 0x20C2, 0x20A1, 0x1941, 0x6C25, 0x7C45, 0x6C25, 
    0x7425, 0x6C05, 0x4AC3, 0x0861, 0x4123, 0x3102, 0x3923, 0x4143, 0x4123, 0x20C2, 0x0881, 0x5247, 
    0x7309, 0x7B4A, 0x7B6A, 0x9C6E, 0x732A, 0x5A67, 0x2943, 0x0820, 0x1061, 0x30E2, 0x4123, 0x69E5, 
    0x8246, 0x28E2, 0x92C8, 0x8267, 0x92A8, 0xA2E9, 0x92A8, 0x8A87, 0x69E5, 0x3102, 0x20C2, 0x4964, 
    0x7A06, 0x61C5, 0x61C5, 0x5184, 0x18C1, 0x1922, 0x6BA5, 0x7C65, 0x6C04, 0x63A3, 0x4343, 0x3B23, 
    0x3303, 0x3323, 0x3344, 0x2A83, 0x2164, 0x4205, 0x5AA7, 0x6B08, 0x62C7, 0x5AA7, 0x62E8, 0x6AC8, 
    0x5A87, 0x39E5, 0x838A, 0x93EB, 0x9C2C, 0xA46D, 0x93EB, 0xA44C, 0xACAE, 0xA46D, 0xA46D, 0xAC8D, 
    0xA46D, 0xAC8D, 0x940C, 0x940B, 0x940B, 0x9C2C, 0x9C2C, 0xB4CE, 0xA48D, 0xACAE, 0xB4EE, 0xB4CE, 
    0x9C2C, 0x83AA, 0x940B, 0x7B49, 0x6B08, 0x4A46, 0x39E5, 0x4226, 0x4A46, 0x4A26, 0x5266, 0x62C7, 
    0x5267, 0x4A26, 0x4A26, 0x2964, 0x3184, 0x10E2, 0x19C2, 0x2262, 0x2282, 0x22A3, 0x2282, 0x2AC3, 
    0x3B25, 0x4345, 0x3B24, 0x3324, 0x3324, 0x3324, 0x3323, 0x3323, 0x3324, 0x3324, 0x3323, 0x3323, 
    0x2B04, 0x2B03, 0x3303, 0x3303, 0x3303, 0x2B03, 0x2AE3, 0x2AE3, 0x2AE3, 0x3303, 0x2AE3, 0x2AE3, 
    0x2AC3, 0x2283, 0x2AC3, 0x3303, 0x3303, 0x1182, 0x28E2, 0x8B06, 0x5182, 0x18C1, 0x0860, 0x08A1, 
    0x18E2, 0x31A4, 0x41E6, 0x4A46, 0x4A26, 0x4A26, 0x5267, 0x5287, 0x5AA7, 0x5287, 0x5267, 0x5A87, 
    0x31A5, 0x4A47, 0xACAE, 0xACAE, 0x83CB, 0x8BAB, 0x8BAB, 0x734A, 0x8BEC, 0x83AB, 0x83AB, 0x8BEC, 
    0xAC8E, 0x6AE9, 0x2103, 0x0840, 0x3122, 0x2902, 0x1081, 0x2102, 0x39C5, 0x5A87, 0x39A5, 0x39C5, 
    0x2143, 0x0881, 0x0020, 0x59A2, 0x4141, 0x1860, 0x0880, 0x11A2, 0x3323, 0x22C3, 0x2AA2, 0x32E3, 
    0x4B63, 0x63C4, 0x63E4, 0x7445, 0x5B64, 0x3182, 0x4103, 0x7A26, 0x7A46, 0x9B09, 0x9B09, 0x8AA8, 
    0x59C5, 0x0020, 0x0840, 0x0840, 0x3123, 0x7A67, 0xA2E8, 0x8A46, 0x4923, 0x5A67, 0x7B6A, 0x18C2, 
    0x1881, 0x4123, 0x61C5, 0x69E5, 0x69C5, 0x61A4, 0x4963, 0x3143, 0x8BCC, 0x940C, 0x4206, 0x18E3, 
    0x0840, 0x20A1, 0x30E2, 0x28E2, 0x4123, 0x3902, 0x28E2, 0x20A1, 0x1101, 0x6C45, 0x7C65, 0x63E4, 
    0x6C05, 0x7445, 0x5B84, 0x0840, 0x30E2, 0x3902, 0x69C5, 0x61A5, 0x4123, 0x3902, 0x1061, 0x10A2, 
    0x5A87, 0x83AB, 0x5287, 0x8BEC, 0x9C4E, 0x8BEC, 0x6AE9, 0x4A05, 0x1081, 0x1081, 0x10A1, 0x1881, 
    0x1881, 0x3923, 0x59A4, 0x7A47, 0x8247, 0x8A67, 0x71E5, 0x5184, 0x1881, 0x0840, 0x69E5, 0xA2E8, 
    0x8267, 0x7A26, 0x5184, 0x5164, 0x4143, 0x0020, 0x5B44, 0x7425, 0x63C4, 0x5383, 0x5384, 0x3303, 
    0x63A7, 0x5366, 0x2B03, 0x2AC3, 0x2203, 0x2143, 0x5266, 0x5AA7, 0x6AE8, 0x62C7, 0x5A87, 0x4A26, 
    0x4205, 0x31A4, 0x62A7, 0x8369, 0x9C2C, 0xAC8E, 0x8BCA, 0xA42C, 0xA44C, 0x9C2C, 0x940B, 0x9C2C, 
    0x93EB, 0x9C4C, 0x93EB, 0x8BAA, 0xA48D, 0xBD0F, 0xACAE, 0xBD0F, 0xAC8D, 0xACAE, 0xACAD, 0xA46D, 
    0x9C4C, 0x93EB, 0x93CB, 0x62C8, 0x838A, 0x6AE8, 0x39C5, 0x39C5, 0x41E5, 0x4A46, 0x5266, 0x5A87, 
    0x4205, 0x39E5, 0x41E5, 0x2123, 0x1923, 0x1182, 0x2262, 0x2A82, 0x2263, 0x2AC3, 0x22A3, 0x32E4, 
    0x9C8C, 0xA48D, 0x5347, 0x2AE3, 0x3303, 0x2AE3, 0x2AE3, 0x2AE3, 0x3303, 0x3303, 0x3303, 0x3303, 
    0x2AE3, 0x2AE3, 0x2B03, 0x2B03, 0x2AE3, 0x2AE3, 0x2AE3, 0x2AE3, 0x2AE3, 0x2AE3, 0x2AE3, 0x2AE3, 
    0x2AE3, 0x2AE3, 0x2AE3, 0x2AE3, 0x19C2, 0x1881, 0x51A3, 0x7A64, 0x3101, 0x0881, 0x0061, 0x3184, 
    0x31A4, 0x3184, 0x31A5, 0x4206, 0x4206, 0x4A46, 0x4A46, 0x5267, 0x4A26, 0x5A87, 0x5267, 0x5287, 
    0x5A87, 0x2964, 0x5287, 0x9C4D, 0xACAE, 0x83CB, 0x7B6A, 0x8BCB, 0x8BCB, 0x9C2C, 0xACAE, 0xACCF, 
    0x5AA8, 0x1902, 0x0840, 0x1081, 0x3942, 0x4983, 0x1081, 0x20E2, 0x3184, 0x41E5, 0x2964, 0x2123, 
    0x18E2, 0x1081, 0x20A1, 0x4141, 0x28C1, 0x0860, 0x0921, 0x2AE3, 0x4304, 0x32E3, 0x4B44, 0x3B23, 
    0x4363, 0x53A3, 0x6C04, 0x6C25, 0x1921, 0x30E2, 0x5984, 0x61C5, 0x7A26, 0x9B29, 0xB36A, 0xB34A, 
    0x8267, 0x1081, 0x51A4, 0x7A87, 0x9B09, 0xB36A, 0xAB4A, 0x7A26, 0x3944, 0x7B6A, 0x4205, 0x1881, 
    0x5984, 0x8A88, 0x92A8, 0x9288, 0x8246, 0x6184, 0x1881, 0x6AC8, 0xACAF, 0x7B8B, 0x31A5, 0x0040, 
    0x1881, 0x20C1, 0x28E2, 0x3102, 0x3923, 0x4123, 0x3902, 0x1881, 0x1101, 0x6C25, 0x7C45, 0x6BE4, 
    0x7425, 0x7465, 0x6384, 0x0840, 0x28E2, 0x61A4, 0x71E5, 0x5984, 0x5164, 0x28C2, 0x28C2, 0x0020, 
    0x4A47, 0x9C4E, 0x5267, 0x5287, 0x9C2D, 0x9C2D, 0x6B09, 0x8BEC, 0x83AB, 0x5A67, 0x4A06, 0x41C5, 
    0x28E2, 0x1040, 0x18A1, 0x3923, 0x3923, 0x3903, 0x3902, 0x1881, 0x18A1, 0x59C5, 0x8A87, 0x9287, 
    0x7A26, 0x61C5, 0x61A5, 0x5164, 0x4963, 0x0840, 0x5B64, 0x7424, 0x5B83, 0x5363, 0x3B63, 0x4363, 
    0x5B06, 0x4265, 0x2A83, 0x2B03, 0x2243, 0x1903, 0x39C5, 0x4A26, 0x5246, 0x4A26, 0x4205, 0x5266, 
    0x5266, 0x31C4, 0x4A46, 0x6AE8, 0x7B69, 0x838A, 0x9C2C, 0x8369, 0x7B69, 0x9C2C, 0xA44C, 0xA46D, 
    0xA46D, 0x93EB, 0xAC8D, 0x8BEB, 0xAC8D, 0xB4CE, 0xACCE, 0xBD0F, 0xACAE, 0x9C4C, 0x93EB, 0x9C2C, 
    0x9C0C, 0x93EB, 0x7329, 0x7329, 0x6B08, 0x5AA7, 0x5A87, 0x4A26, 0x3184, 0x5266, 0x5A87, 0x39C5, 
    0x39C5, 0x39C5, 0x2123, 0x2143, 0x0922, 0x11C1, 0x11E2, 0x1A02, 0x2262, 0x2AE3, 0x2AC3, 0x6B68, 
    0x9C6C, 0x83AA, 0x6307, 0x2A83, 0x2AE3, 0x2AE3, 0x2AE3, 0x2AE3, 0x2AE3, 0x2AE3, 0x2AE3, 0x2AE3, 
    0x3323, 0x3323, 0x3324, 0x3323, 0x3323, 0x3323, 0x3323, 0x3323, 0x3323, 0x3B44, 0x3323, 0x3323, 
    0x3343, 0x3B43, 0x3324, 0x3B44, 0x1981, 0x4122, 0x8264, 0x28C1, 0x1081, 0x08A1, 0x10E2, 0x4226, 
    0x4206, 0x39C5, 0x31A4, 0x4206, 0x39C5, 0x4A26, 0x4A46, 0x5246, 0x4206, 0x5A87, 0x5267, 0x4A47, 
    0x5A87, 0x5266, 0x3184, 0x5287, 0x9C4D, 0xACAF, 0x83AB, 0x838B, 0xA46D, 0xA46D, 0x83CC, 0x6309, 
    0x2143, 0x0061, 0x10A1, 0x28E1, 0x3101, 0x20C1, 0x0860, 0x0881, 0x10A1, 0x10C2, 0x2143, 0x0881, 
    0x0860, 0x28E1, 0x3921, 0x18A0, 0x0020, 0x1181, 0x3303, 0x3B24, 0x32C3, 0x2AC3, 0x32E3, 0x4B64, 
    0x5BA3, 0x5BA3, 0x6BC4, 0x7425, 0x2141, 0x30E2, 0x7A06, 0x7A26, 0x8246, 0xA2E8, 0x8267, 0x5184, 
    0x4143, 0x6206, 0xAB6A, 0xB38A, 0xAB4A, 0xA34A, 0xA309, 0x7A26, 0x5A47, 0x7309, 0x20E2, 0x4123, 
    0x92A7, 0x92E9, 0x9AE9, 0x9287, 0x92A7, 0x4123, 0x18A2, 0x9C2D, 0x9C6E, 0x6309, 0x2964, 0x0840, 
    0x20C1, 0x30E2, 0x4123, 0x28E2, 0x4143, 0x4123, 0x3903, 0x28C2, 0x1101, 0x63E4, 0x7405, 0x6BE4, 
    0x7445, 0x7465, 0x3A83, 0x0040, 0x3102, 0x69C5, 0x61A4, 0x71E5, 0x61A4, 0x4123, 0x3902, 0x0860, 
    0x4A27, 0xACCF, 0x5287, 0x2103, 0x4A26, 0x8BCB, 0x940C, 0x5A87, 0x7B6B, 0x9C2D, 0x8BCC, 0x836A, 
    0x6267, 0x3143, 0x3984, 0x49C4, 0x18A1, 0x20C2, 0x3123, 0x4164, 0x7A67, 0x92A8, 0x8247, 0x7A26, 
    0x8A67, 0x7A26, 0x7A06, 0x4964, 0x4943, 0x0861, 0x5344, 0x7425, 0x6BC4, 0x5B83, 0x4363, 0x3B43, 
    0x32A4, 0x2A23, 0x32C3, 0x4343, 0x2AA3, 0x19A3, 0x2143, 0x39C4, 0x5267, 0x4A46, 0x4A46, 0x5AA7, 
    0x5A67, 0x39C5, 0x2143, 0x4A25, 0x62C7, 0x7328, 0x8BAA, 0x83AA, 0x9C4C, 0x8BCB, 0x9C2C, 0xACAE, 
    0xA48D, 0x9C2C, 0x838A, 0x8BEB, 0xA48D, 0xAC8D, 0xAC8D, 0xA44C, 0xA46D, 0xA44D, 0x940B, 0x9C2C, 
    0x838A, 0x6AE8, 0x7B69, 0x7B49, 0x6AE8, 0x5A87, 0x5A87, 0x5267, 0x2964, 0x39E5, 0x4A26, 0x39C5, 
    0x31A4, 0x3184, 0x2964, 0x1903, 0x1122, 0x1122, 0x1142, 0x19C2, 0x2283, 0x3344, 0x2B03, 0x4285, 
    0x6B08, 0x5266, 0x31C4, 0x2223, 0x3323, 0x3323, 0x3323, 0x3323, 0x3323, 0x3323, 0x3323, 0x3323, 
    0x3303, 0x3303, 0x3303, 0x3303, 0x3303, 0x2B03, 0x2AE3, 0x2AE3, 0x2AE3, 0x2AE3, 0x3B24, 0x5366, 
    0x3303, 0x3323, 0x2B03, 0x32E3, 0x1181, 0x28E1, 0x5982, 0x1860, 0x08C1, 0x0941, 0x08A1, 0x39E5, 
    0x39C5, 0x3184, 0x31A5, 0x4206, 0x4226, 0x4A46, 0x4A26, 0x4A26, 0x5267, 0x5267, 0x5AA7, 0x5287, 
    0x5A87, 0x62A8, 0x5267, 0x39E5, 0x5A87, 0xA4AE, 0xB4EF, 0x9C4D, 0x9C4D, 0x6AE9, 0x2964, 0x18E2, 
    0x1902, 0x10A1, 0x3102, 0x3922, 0x20E1, 0x18A1, 0x0040, 0x39A5, 0x41C5, 0x10A2, 0x0881, 0x0040, 
    0x1880, 0x3101, 0x3101, 0x0880, 0x19C2, 0x2AA3, 0x32E3, 0x4B05, 0x42C4, 0x22A2, 0x3B23, 0x4B63, 
    0x5B83, 0x63A4, 0x6C05, 0x7C46, 0x2141, 0x3903, 0x7A26, 0x8A47, 0x8A67, 0x9AC8, 0x59A5, 0x4144, 
    0x6A06, 0xAB29, 0xB3AB, 0xAB6A, 0xB38B, 0xA32A, 0x9AE9, 0x7206, 0x41E5, 0x5226, 0x4123, 0x61C5, 
    0xB36A, 0x7205, 0x92A8, 0x8A67, 0x59A4, 0x18A1, 0x5227, 0xBD30, 0x8C0D, 0x4A47, 0x10A2, 0x1061, 
    0x30E2, 0x3902, 0x4123, 0x5984, 0x5164, 0x3902, 0x3102, 0x28C2, 0x1101, 0x63C4, 0x7405, 0x7405, 
    0x7425, 0x7425, 0x3222, 0x1081, 0x4123, 0x61A5, 0x61C5, 0x71E5, 0x61C5, 0x61A4, 0x4943, 0x20A1, 
    0x5247, 0xB4CF, 0x4A26, 0x0020, 0x18E2, 0x5AA8, 0x9C4E, 0x83AB, 0x2103, 0x2103, 0x4A06, 0x6AE8, 
    0x7309, 0x7B29, 0x5205, 0x3123, 0x0840, 0x3164, 0x8329, 0x7246, 0xB36A, 0x9AC8, 0x92A8, 0x8A67, 
    0x8A67, 0x7A26, 0x61A5, 0x5164, 0x5184, 0x0840, 0x4AC3, 0x7426, 0x7425, 0x63C3, 0x53A3, 0x3B43, 
    0x32E3, 0x32E3, 0x32E3, 0x3303, 0x2AC3, 0x2A83, 0x19C2, 0x1943, 0x39E5, 0x39C4, 0x41E5, 0x5246, 
    0x39C5, 0x4205, 0x4A26, 0x6AE8, 0x7329, 0x6B08, 0x7B49, 0x93EB, 0xA44C, 0x83AA, 0x9C2C, 0xA44D, 
    0x9C0B, 0xA44D, 0x93EB, 0xBD0F, 0xBD0F, 0xACAE, 0x940B, 0xAC8D, 0x9C2C, 0x93EB, 0x93EB, 0x7B69, 
    0x7B49, 0x62E8, 0x7B69, 0x5AA7, 0x5A87, 0x5246, 0x5AA7, 0x5AA7, 0x2963, 0x31A4, 0x39A4, 0x4205, 
    0x39C4, 0x2984, 0x31A4, 0x31A4, 0x5267, 0x4A26, 0x4A06, 0x29C4, 0x2203, 0x2AC3, 0x2B03, 0x2AA3, 
    0x2203, 0x1983, 0x19A2, 0x2283, 0x2B03, 0x2B03, 0x2AE3, 0x2AE3, 0x2AE3, 0x2AE3, 0x2AE3, 0x2AE3, 
    0x2AE3, 0x2AE3, 0x2AE3, 0x2AE3, 0x2AE3, 0x2AE3, 0x2AE3, 0x2AC3, 0x2AC3, 0x2AE3, 0x4B25, 0x6327, 
    0x2AA3, 0x2AE3, 0x2B03, 0x19C2, 0x18E1, 0x4142, 0x5142, 0x1080, 0x19C1, 0x11E1, 0x0060, 0x2123, 
    0x39C5, 0x39E5, 0x39C5, 0x39C5, 0x39C5, 0x41E5, 0x3A05, 0x4206, 0x5267, 0x4206, 0x5A87, 0x5267, 
    0x5AA7, 0x5AA7, 0x5A87, 0x5267, 0x2964, 0x5267, 0xACF0, 0xA48E, 0x5247, 0x1903, 0x1903, 0x2123, 
    0x0040, 0x18C1, 0x3102, 0x3102, 0x1081, 0x10A2, 0x3184, 0xACAF, 0xBD30, 0x5A67, 0x2103, 0x10A1, 
    0x18A0, 0x28E1, 0x1081, 0x0080, 0x1A02, 0x32A3, 0x2AA3, 0x2A63, 0x2A23, 0x1A42, 0x3303, 0x3B23, 
    0x4343, 0x63E4, 0x7445, 0x7C66, 0x2141, 0x28A2, 0x5184, 0x8226, 0xA2C8, 0x7A47, 0x30C2, 0x6A26, 
    0xBBCB, 0xA34A, 0xB38B, 0xAB6A, 0xBBCC, 0xB3AB, 0x8AA8, 0x4143, 0x3143, 0x6A05, 0x8A67, 0x8288, 
    0xAB4A, 0x7A26, 0x8A67, 0x71E5, 0x30E2, 0x20E2, 0x9C2D, 0xACAF, 0x734A, 0x39E6, 0x0840, 0x20A1, 
    0x4102, 0x5964, 0x5164, 0x4943, 0x4123, 0x4123, 0x3102, 0x2081, 0x10C1, 0x6404, 0x7C45, 0x6BE4, 
    0x6C04, 0x7425, 0x3A42, 0x1881, 0x4943, 0x5984, 0x7A06, 0x8A47, 0x8A67, 0x61A4, 0x5984, 0x20A1, 
    0x5247, 0x9C2D, 0x39C5, 0x1081, 0x0881, 0x31A5, 0x6B09, 0xA48E, 0x41E5, 0x0040, 0x2902, 0x20E2, 
    0x0000, 0x0040, 0x10A1, 0x1081, 0x18C1, 0x20C1, 0x18A1, 0x4984, 0xA329, 0x9B09, 0x92C8, 0x7A46, 
    0x8246, 0x59A5, 0x7205, 0x4964, 0x5984, 0x30E2, 0x1081, 0x4AC4, 0x7445, 0x5BA3, 0x5383, 0x4363, 
    0x3303, 0x2AE3, 0x3B04, 0x3AE4, 0x2AC3, 0x2A83, 0x2AA3, 0x19C2, 0x1182, 0x1962, 0x2984, 0x39E5, 
    0x4A25, 0x6AE8, 0xA48D, 0xB4AE, 0x9C0C, 0x7349, 0x8BAA, 0xB4AE, 0x93EB, 0x6AE7, 0x83AA, 0xAC8D, 
    0xA44C, 0xA44C, 0x93EB, 0xAC8D, 0xA46D, 0x940C, 0x9C2C, 0xAC6D, 0x8BAA, 0x93EB, 0x93EB, 0x7308, 
    0x7328, 0x6B08, 0x62C7, 0x6AE8, 0x5266, 0x5246, 0x5287, 0x39E5, 0x3184, 0x31A4, 0x4A26, 0x4A25, 
    0x41E5, 0x3184, 0x4205, 0x7B49, 0xACAD, 0x9C2C, 0x8BCB, 0x5A87, 0x31A4, 0x2183, 0x2A63, 0x2AA3, 
    0x2283, 0x1A62, 0x2283, 0x2AE3, 0x2AE3, 0x2AE3, 0x2AE3, 0x2AE3, 0x2AC3, 0x2AC3, 0x2AC3, 0x2AC3, 
    0x3323, 0x3323, 0x3323, 0x3323, 0x3323, 0x3323, 0x3323, 0x3323, 0x3323, 0x3B43, 0x32E3, 0x21C2, 
    0x32C3, 0x3303, 0x3B44, 0x1182, 0x4982, 0x6A03, 0x30E1, 0x0880, 0x2222, 0x1A01, 0x1181, 0x0060, 
    0x2143, 0x39C5, 0x39E5, 0x2984, 0x2964, 0x39C5, 0x4A26, 0x4226, 0x5267, 0x4A46, 0x5287, 0x5267, 
    0x5AA8, 0x5AA7, 0x5267, 0x5246, 0x5246, 0x31A4, 0x5247, 0x31A5, 0x10C2, 0x2103, 0x2123, 0x1081, 
    0x18A1, 0x18A1, 0x20C1, 0x1060, 0x0841, 0x83AB, 0xBD30, 0x8BEC, 0x83AB, 0xA48E, 0xBD0F, 0x5AA8, 
    0x1081, 0x0881, 0x0040, 0x1161, 0x2242, 0x2A62, 0x2AA3, 0x1A42, 0x2283, 0x3303, 0x4B63, 0x4B83, 
    0x53A4, 0x6C24, 0x7C65, 0x5B65, 0x18E1, 0x3903, 0x8246, 0x7A26, 0x9288, 0x69E6, 0x61E5, 0x9B09, 
    0xAB4A, 0x9B29, 0x8267, 0x6A05, 0xA329, 0x9309, 0x4143, 0x7267, 0x9B29, 0x61E5, 0x8267, 0xB34A, 
    0xA2E9, 0x9287, 0x7A06, 0x4123, 0x1081, 0x6AA8, 0xACAE, 0x7B4A, 0x6B09, 0x31A5, 0x1081, 0x3902, 
    0x4943, 0x69C5, 0x69C5, 0x5184, 0x5164, 0x3923, 0x20A1, 0x10C1, 0x3242, 0x6C24, 0x7445, 0x63E4, 
    0x6C04, 0x7445, 0x3A62, 0x28A2, 0x5164, 0x61A5, 0x7A06, 0x7A26, 0x8246, 0x71E5, 0x6184, 0x1060, 
    0x5247, 0xA44D, 0x2964, 0x20A1, 0x30E2, 0x18A2, 0x2944, 0x8BEC, 0x7B6A, 0x2103, 0x0840, 0x0840, 
    0x1060, 0x0081, 0x0881, 0x1881, 0x30E2, 0x28C1, 0x1061, 0x0840, 0x3122, 0x9B09, 0x9B09, 0x8A87, 
    0x7A06, 0x59A4, 0x7A06, 0x69E5, 0x4964, 0x4943, 0x0841, 0x4283, 0x7445, 0x63C4, 0x5384, 0x4383, 
    0x3B63, 0x3B43, 0x6BC8, 0x5B47, 0x3B03, 0x2AE3, 0x22A3, 0x22A2, 0x1A22, 0x19A2, 0x2163, 0x39C5, 
    0x940B, 0xACCE, 0xC571, 0xB4CE, 0xAC8D, 0xB4EE, 0xAC8D, 0x93CB, 0x7B69, 0x838A, 0x9C2C, 0xACAE, 
    0x940C, 0xAC8D, 0xA46D, 0x9C4C, 0x9C0C, 0xA44C, 0xA46D, 0x940B, 0x8BCB, 0x7B6A, 0x62E8, 0x838A, 
    0x7308, 0x62C7, 0x4205, 0x4A25, 0x39C4, 0x4A46, 0x4A05, 0x1923, 0x31A4, 0x39E5, 0x5246, 0x4205, 
    0x3184, 0x4205, 0x7B6A, 0xAC8D, 0xA48D, 0xA46D, 0xA46D, 0x9C4C, 0x7B69, 0x4A26, 0x1923, 0x2A83, 
    0x3323, 0x3343, 0x3323, 0x3323, 0x3B24, 0x3324, 0x3323, 0x3323, 0x3303, 0x3303, 0x3303, 0x3303, 
    0x3323, 0x3323, 0x3303, 0x3303, 0x3303, 0x3303, 0x3303, 0x3303, 0x3323, 0x3303, 0x3303, 0x2AE3, 
    0x32E3, 0x32E3, 0x3343, 0x11A2, 0x4982, 0x61C3, 0x20C1, 0x0080, 0x2262, 0x2262, 0x1A02, 0x09C1, 
    0x08E1, 0x18E3, 0x39C5, 0x41E5, 0x31A4, 0x31A5, 0x39E5, 0x4226, 0x5A87, 0x5267, 0x5246, 0x5266, 
    0x5AA7, 0x5246, 0x4A46, 0x4A46, 0x5A87, 0x6B08, 0x7329, 0x2964, 0x2943, 0x1903, 0x0881, 0x0860, 
    0x3922, 0x4142, 0x3102, 0x0020, 0x6B0A, 0xBD10, 0x8BEC, 0x7B8A, 0x7B8A, 0x7B8B, 0x940C, 0xACCF, 
    0xBD10, 0x5247, 0x0000, 0x0000, 0x1141, 0x1A82, 0x22A2, 0x32C3, 0x3B23, 0x4BA4, 0x5BA3, 0x5BA3, 
    0x5BC4, 0x6404, 0x7C65, 0x10C1, 0x30C2, 0x5984, 0x69C5, 0x8A87, 0x92C8, 0x8267, 0xA329, 0xAB6A, 
    0x9B09, 0xBBAB, 0xAB6A, 0xA34A, 0x59C4, 0x3102, 0x3923, 0x8267, 0xAB6A, 0x8287, 0x8267, 0x9AE9, 
    0x9AC8, 0x71E5, 0x3902, 0x18A1, 0x7B6B, 0xB4CF, 0x7B4A, 0x5267, 0x734A, 0x3184, 0x1061, 0x5163, 
    0x61A4, 0x69C5, 0x71E5, 0x5184, 0x5164, 0x4123, 0x28C2, 0x1121, 0x4BA3, 0x63C4, 0x7405, 0x63E4, 
    0x6C24, 0x7465, 0x3A62, 0x2081, 0x6184, 0x69C5, 0x8247, 0x92A7, 0x8A47, 0x69C5, 0x4123, 0x1081, 
    0x8BAB, 0x9C4D, 0x2964, 0x28E2, 0x4123, 0x30E2, 0x18A2, 0x5267, 0x9C4D, 0x39A4, 0x0840, 0x0860, 
    0x1081, 0x10A1, 0x0840, 0x0840, 0x0860, 0x18A1, 0x28E2, 0x20E2, 0x1081, 0x28E2, 0x7246, 0x8A67, 
    0x8226, 0x69E5, 0x5984, 0x69C5, 0x69C5, 0x5184, 0x1041, 0x4283, 0x7445, 0x6BE4, 0x4364, 0x53A3, 
    0x4B64, 0x4B64, 0x4B04, 0x3263, 0x3B03, 0x4B24, 0x3AE3, 0x2AC3, 0x21A3, 0x2963, 0x41E5, 0x62C8, 
    0xAC8D, 0xBD0F, 0xACAE, 0xB4EF, 0xB4CE, 0xA44D, 0xB4CE, 0xA46D, 0x9C2C, 0xA46D, 0xA46D, 0xA46D, 
    0xB4CE, 0xA44D, 0xAC8D, 0x83AA, 0x9C2C, 0x9C0C, 0x838A, 0xA44C, 0x7329, 0x6B08, 0x838A, 0x5A87, 
    0x5AA7, 0x62A7, 0x5AA7, 0x4205, 0x4A46, 0x39C5, 0x2123, 0x10C2, 0x2943, 0x4205, 0x41E5, 0x4225, 
    0x7B69, 0x9C2C, 0x9C2C, 0xACAD, 0xA46D, 0x93EB, 0x9C2C, 0x838A, 0x6AE8, 0x7B69, 0x4225, 0x1943, 
    0x2AC3, 0x3303, 0x2B03, 0x4B65, 0x8C0B, 0x4324, 0x3303, 0x3303, 0x3303, 0x3303, 0x2B03, 0x2B03, 
    0x2AE3, 0x2AE3, 0x2AE3, 0x2AE3, 0x2AE3, 0x2AE3, 0x2AE3, 0x2AE3, 0x2AE3, 0x2AE3, 0x2AE3, 0x2AC3, 
    0x2AC3, 0x2AE3, 0x19E2, 0x0080, 0x3942, 0x4962, 0x18A1, 0x00C1, 0x22A2, 0x1A22, 0x08E0, 0x0080, 
    0x0060, 0x0020, 0x10A1, 0x31A4, 0x4206, 0x39C5, 0x31A5, 0x39C5, 0x4A26, 0x5A87, 0x4A46, 0x5267, 
    0x5267, 0x5267, 0x4A26, 0x4A46, 0x62E8, 0x7B49, 0x6AE8, 0x2143, 0x2143, 0x2143, 0x0881, 0x18A1, 
    0x28E1, 0x3102, 0x10A1, 0x1081, 0x8BCB, 0x8BEC, 0x83AB, 0x838B, 0x7B6A, 0x7B8A, 0x83CB, 0x83AB, 
    0x9C4D, 0x93EC, 0x838B, 0x7B6A, 0x10C1, 0x00C0, 0x1161, 0x2262, 0x2AA3, 0x4323, 0x4343, 0x4B63, 
    0x5BA4, 0x6C04, 0x7C65, 0x10C1, 0x4103, 0x69C5, 0x71E5, 0x7A26, 0x92A8, 0x8267, 0xA329, 0x92E9, 
    0x7A67, 0xA329, 0x9B09, 0xAB8A, 0xA38B, 0x82A8, 0x4943, 0x3903, 0x8A67, 0x9AE9, 0x92C8, 0x7A26, 
    0x61A5, 0x20A1, 0x3164, 0x7B6A, 0xA48E, 0x732A, 0x31A4, 0x62A8, 0x93EC, 0x39A5, 0x0820, 0x4123, 
    0x61A4, 0x71E5, 0x61C5, 0x71E5, 0x4123, 0x30E2, 0x28C2, 0x1961, 0x4B83, 0x63A4, 0x6BE4, 0x6BE4, 
    0x63E4, 0x7445, 0x3A83, 0x18A1, 0x5984, 0x59A4, 0x8247, 0x7A26, 0x8247, 0x4923, 0x1881, 0x6AE8, 
    0x9C0C, 0x940D, 0x5247, 0x20A1, 0x5164, 0x4123, 0x20A2, 0x18C2, 0x8BCB, 0x62C8, 0x18E2, 0x1081, 
    0x1081, 0x1081, 0x28E2, 0x18A1, 0x0860, 0x0860, 0x18A1, 0x3102, 0x20A1, 0x0840, 0x2902, 0x3102, 
    0x30E2, 0x4963, 0x7A06, 0x69C5, 0x5184, 0x5164, 0x1061, 0x4263, 0x7465, 0x7424, 0x5BC4, 0x4B63, 
    0x3303, 0x2B03, 0x2AC3, 0x2AA3, 0x32E3, 0x3AE3, 0x2A83, 0x21A3, 0x62C8, 0x838A, 0x838A, 0x9C2C, 
    0xACAE, 0xAC8D, 0xA46D, 0xAC6D, 0xA46D, 0xA44D, 0x940B, 0xB4CE, 0xA46D, 0x8BCB, 0x942C, 0x940C, 
    0x93EB, 0x9C2C, 0x8BCB, 0x9C0B, 0x83AA, 0x83AA, 0x8BCA, 0x7B49, 0x7B49, 0x62E8, 0x62C8, 0x5266, 
    0x62E8, 0x5A87, 0x39E5, 0x4205, 0x39E5, 0x4A26, 0x62E8, 0x7B49, 0x7309, 0x4A26, 0x4205, 0x4A26, 
    0x62E8, 0x8389, 0x9C2B, 0xA46D, 0x8BCB, 0x8BCA, 0x83AA, 0x8BAA, 0x7B49, 0x7308, 0x5A87, 0x2143, 
    0x2283, 0x2AA3, 0x22C3, 0x3AE4, 0x5286, 0x2223, 0x2AA3, 0x2AE3, 0x2AC3, 0x2AE3, 0x2AE3, 0x2AC3, 
    0x3303, 0x3323, 0x3323, 0x3323, 0x3323, 0x3323, 0x3323, 0x3303, 0x3303, 0x3323, 0x3323, 0x3323, 
    0x3323, 0x3324, 0x1121, 0x28C1, 0x4962, 0x3921, 0x1080, 0x0080, 0x11A1, 0x0921, 0x0840, 0x41E5, 
    0x5267, 0x5267, 0x1081, 0x10C2, 0x31A4, 0x31C5, 0x39C5, 0x39E5, 0x4226, 0x4A46, 0x4A46, 0x5267, 
    0x5267, 0x5267, 0x4A26, 0x4A46, 0x62C8, 0x7B69, 0x62A8, 0x18E3, 0x2143, 0x2964, 0x1081, 0x1081, 
    0x3922, 0x20E1, 0x0860, 0x1903, 0x7329, 0x942C, 0x7B6A, 0x83AB, 0x83AB, 0x838A, 0x7B8B, 0x83AB, 
    0x83AB, 0x940C, 0xB4CF, 0xACAE, 0x6B09, 0x5A87, 0x10A1, 0x0961, 0x2AC3, 0x3B23, 0x3B03, 0x5383, 
    0x63C4, 0x7404, 0x7C66, 0x10C1, 0x4123, 0x71E5, 0x8226, 0x69E5, 0x92A8, 0x8267, 0x9AE8, 0x92E9, 
    0x8AA8, 0xAB29, 0x82A7, 0xB3AB, 0xBBCC, 0xAB6A, 0x7A67, 0x1040, 0x4964, 0x7A06, 0x7A26, 0x4944, 
    0x1881, 0x20E2, 0x7329, 0x9C4D, 0x6AE9, 0x2984, 0x1902, 0x734A, 0x93EC, 0x5247, 0x20E2, 0x28C2, 
    0x69C5, 0x7A26, 0x61C5, 0x69C5, 0x4143, 0x28E2, 0x1881, 0x1121, 0x4B83, 0x63C4, 0x7424, 0x63E4, 
    0x5BC4, 0x6C25, 0x3AA3, 0x10A1, 0x5164, 0x5984, 0x7A26, 0x8A87, 0x7A46, 0x30E2, 0x4A26, 0xA46D, 
    0x5A87, 0x83AC, 0x7B4B, 0x18A1, 0x5164, 0x5964, 0x3902, 0x0840, 0x7B6A, 0x83CB, 0x3984, 0x1081, 
    0x1081, 0x0840, 0x3102, 0x28E2, 0x1061, 0x0060, 0x1081, 0x1081, 0x4143, 0x1081, 0x3984, 0x49A4, 
    0x4163, 0x4963, 0x5984, 0x59A4, 0x59A5, 0x5984, 0x1881, 0x29A2, 0x5344, 0x7444, 0x5BA3, 0x5363, 
    0x4343, 0x3303, 0x3303, 0x3B23, 0x3323, 0x32E3, 0x3204, 0x5267, 0x940C, 0xB4CE, 0xA46D, 0xB4EF, 
    0xB4CE, 0xA46D, 0xAC8D, 0xAC8E, 0xACAE, 0xACAE, 0x940C, 0xACAE, 0xAC8D, 0x940B, 0x9C4C, 0x9C2C, 
    0x8BCB, 0x9C4C, 0x940C, 0x8BAA, 0x83AA, 0x7B69, 0x7B49, 0x7328, 0x6B08, 0x62E8, 0x5A87, 0x5A87, 
    0x62C7, 0x5246, 0x31A4, 0x39C5, 0x5267, 0x7B49, 0xA44C, 0xACAE, 0xAC8D, 0x838A, 0x7B49, 0x62C7, 
    0x5A87, 0x7308, 0x940B, 0xACAD, 0x838A, 0xA46C, 0x7B69, 0x7328, 0x6AE8, 0x5A87, 0x4A26, 0x1903, 
    0x2243, 0x2AC3, 0x2AE3, 0x2AE3, 0x2243, 0x2242, 0x2AC3, 0x3323, 0x3303, 0x3323, 0x3323, 0x3303, 
    0x3303, 0x3303, 0x3303, 0x3323, 0x3323, 0x3323, 0x3303, 0x3303, 0x3303, 0x3303, 0x3303, 0x3303, 
    0x3323, 0x3343, 0x1121, 0x3922, 0x3921, 0x1080, 0x0000, 0x2123, 0x31A5, 0x31A5, 0x7B4A, 0x8BEC, 
    0xA46D, 0x9C4D, 0x4A06, 0x2103, 0x18E2, 0x2964, 0x39C5, 0x39E5, 0x4206, 0x31A4, 0x4A26, 0x4206, 
    0x4A46, 0x4A46, 0x4A46, 0x4A26, 0x5AA8, 0x7B6A, 0x5A87, 0x1903, 0x2964, 0x2943, 0x10A1, 0x0840, 
    0x18C1, 0x1081, 0x1081, 0x39A5, 0x5267, 0x8BEB, 0x8BCB, 0x8BCB, 0x83CB, 0x83CB, 0x83AB, 0x838B, 
    0x838B, 0x83AB, 0x83AB, 0x8BEC, 0xB510, 0xB4EF, 0x41E6, 0x2944, 0x08C1, 0x2A22, 0x4303, 0x5363, 
    0x63E4, 0x6C25, 0x7465, 0x10E1, 0x4923, 0x7A26, 0x8246, 0x61C5, 0x92A8, 0x8AA8, 0x8AA7, 0x9B09, 
    0xB38B, 0x9AE8, 0xA329, 0xAB4A, 0x92C8, 0x92C8, 0xA329, 0x7A87, 0x18A1, 0x28E2, 0x28C2, 0x0861, 
    0x3164, 0xACAF, 0x9C4D, 0x62C8, 0x2123, 0x0020, 0x0040, 0x838B, 0x732A, 0x7B8B, 0x7309, 0x20E2, 
    0x59A4, 0x71E6, 0x5984, 0x5184, 0x4143, 0x28C2, 0x1081, 0x21C2, 0x53C4, 0x6BE4, 0x7425, 0x5BE4, 
    0x63C4, 0x6C04, 0x4282, 0x0840, 0x3903, 0x4964, 0x7A06, 0x8A67, 0x69C5, 0x3143, 0x93EC, 0x62A8, 
    0x1061, 0x4A27, 0xA46E, 0x2923, 0x4943, 0x69C4, 0x5984, 0x18A1, 0x5267, 0x8BEC, 0x5226, 0x1081, 
    0x0840, 0x0840, 0x1081, 0x1081, 0x1081, 0x1061, 0x20C1, 0x28E2, 0x4183, 0x20E2, 0x9329, 0x92E9, 
    0x7226, 0x7A46, 0x4963, 0x5184, 0x5184, 0x5184, 0x3923, 0x1081, 0x2162, 0x7444, 0x5BA3, 0x5363, 
    0x4323, 0x3B23, 0x3B23, 0x4B44, 0x3B43, 0x32E3, 0x2984, 0x8BCB, 0xAC8D, 0xACCE, 0xB4EF, 0xB4EF, 
    0xB4CE, 0xB4AE, 0xA46D, 0xB4CE, 0xBCEF, 0xA48D, 0xA46D, 0xACAE, 0xACAE, 0xA46D, 0xAC8D, 0x9C2C, 
    0xA44C, 0x9C2C, 0x8BCB, 0x7B49, 0x7B6A, 0x7349, 0x5A87, 0x62E8, 0x5266, 0x5AA7, 0x5A87, 0x4205, 
    0x41E5, 0x39C5, 0x41E5, 0x5266, 0x8BCB, 0xA48D, 0xB4EE, 0xB4EE, 0xB4CE, 0xAC8D, 0xAC8D, 0x940B, 
    0x7329, 0x838A, 0x8BCB, 0x9C0C, 0xA44C, 0x8BAA, 0x8BAA, 0x7328, 0x5266, 0x4A46, 0x39E5, 0x2123, 
    0x2963, 0x2A24, 0x2AC3, 0x3323, 0x3323, 0x3323, 0x4B65, 0x3323, 0x3303, 0x3303, 0x3303, 0x2AE3, 
    0x2AC3, 0x2AE3, 0x2AE3, 0x2AE3, 0x2AE3, 0x2AE3, 0x2AE3, 0x2AE3, 0x2AE3, 0x2AC3, 0x2AC3, 0x2AC3, 
    0x2AA3, 0x22A3, 0x0921, 0x1081, 0x1081, 0x1081, 0x10A1, 0x93EC, 0xB4EF, 0xACCF, 0xA46D, 0x83AB, 
    0x7B4A, 0x7B4A, 0xA46E, 0x8BCC, 0x0881, 0x10A2, 0x2944, 0x31A5, 0x41E5, 0x39C5, 0x4205, 0x5246, 
    0x4A46, 0x5267, 0x5267, 0x4A46, 0x62C8, 0x7B49, 0x5267, 0x1903, 0x2943, 0x18E2, 0x10A1, 0x18A1, 
    0x0040, 0x0881, 0x39A4, 0x7B6A, 0x8BEB, 0x4206, 0x8BCB, 0x8BCB, 0x8BEC, 0x8BCB, 0x838A, 0x83AB, 
    0x7B6A, 0x7B8A, 0x8BEC, 0x8BCB, 0x838A, 0x940C, 0xBCEF, 0xB4CF, 0x2923, 0x0861, 0x3282, 0x5BC3, 
    0x6C04, 0x7445, 0x6BE4, 0x10A1, 0x4123, 0x61A4, 0x8246, 0x9AC8, 0x8A88, 0xA329, 0xB36A, 0xA329, 
    0xA329, 0xB38B, 0x7A26, 0x8AA8, 0xA309, 0xA309, 0x9AE8, 0x7A67, 0x3123, 0x2943, 0x41C5, 0x6AE9, 
    0xC551, 0x9C6D, 0x5A87, 0x2964, 0x0840, 0x28C2, 0x0840, 0x8BEC, 0x5AC8, 0x4A27, 0x83CC, 0x8BCC, 
    0x20C2, 0x4943, 0x4943, 0x5984, 0x30E2, 0x18A1, 0x1101, 0x4B83, 0x5BE4, 0x5BC4, 0x6BE4, 0x6BE4, 
    0x6BE4, 0x6C04, 0x4283, 0x0840, 0x20A1, 0x4943, 0x7A06, 0x7A26, 0x5184, 0x72C8, 0x7309, 0x28E2, 
    0x28A1, 0x20C2, 0x8BCB, 0x5AA8, 0x4163, 0x61A4, 0x69E5, 0x30E2, 0x18A1, 0x8BCC, 0x732A, 0x2923, 
    0x0840, 0x20C1, 0x28E2, 0x18A1, 0x1881, 0x3943, 0x3102, 0x18A1, 0x20C1, 0x1081, 0x8287, 0x9AE8, 
    0x7A46, 0x7A46, 0x8247, 0x4943, 0x3102, 0x4964, 0x4123, 0x1881, 0x2161, 0x6C04, 0x63C4, 0x5363, 
    0x4303, 0x3B03, 0x4343, 0x3B03, 0x2AE3, 0x2A83, 0x2964, 0x7B49, 0x8BCB, 0xAC8D, 0xB4EE, 0xAC8D, 
    0x9C2C, 0xA44C, 0xAC8D, 0xA44D, 0x940B, 0xA44C, 0xBCEE, 0xAC8E, 0xB4AE, 0x940B, 0xAC8D, 0x9C0C, 
    0x9C0C, 0x9C0C, 0x8BCB, 0x838A, 0x8369, 0x62E8, 0x62A7, 0x4A26, 0x62C8, 0x6AE8, 0x4A26, 0x41E5, 
    0x39C5, 0x31A4, 0x5A87, 0xA44C, 0xB4EF, 0xA48D, 0xA46D, 0xA46D, 0xACAE, 0xA46D, 0x940C, 0xA46D, 
    0xA44C, 0x93EB, 0x838A, 0x7329, 0x93EB, 0x62C8, 0x8BCA, 0x62C8, 0x5A87, 0x62E7, 0x5266, 0x7308, 
    0x5AA7, 0x2984, 0x21C3, 0x2AC3, 0x2AE3, 0x3B04, 0x6367, 0x2AA3, 0x2AC3, 0x2AC3, 0x2AC3, 0x2AC3, 
    0x3323, 0x3323, 0x3323, 0x3303, 0x3323, 0x3323, 0x3323, 0x3323, 0x3323, 0x3323, 0x3303, 0x2222, 
    0x0881, 0x0861, 0x10C1, 0x732A, 0xACAE, 0xACAE, 0xA48E, 0xA46D, 0x83AB, 0x7349, 0x7B6A, 0x7B8A, 
    0x7329, 0x734A, 0x83AB, 0x940C, 0xA44D, 0x2103, 0x0861, 0x2143, 0x31A4, 0x4A26, 0x39C5, 0x4A46, 
    0x5246, 0x5267, 0x4A26, 0x4A26, 0x5AA7, 0x7329, 0x4A26, 0x2143, 0x2944, 0x18E2, 0x0881, 0x10A2, 
    0x5287, 0x9C4D, 0x942D, 0x8BEC, 0x838A, 0x7B6A, 0x7B6A, 0x83CB, 0x8BCB, 0x8BAB, 0x838A, 0x83AB, 
    0x838B, 0x7B8A, 0x83AB, 0x8BCB, 0x83AB, 0x838B, 0x7B6A, 0x9C2D, 0xB4EF, 0x4A06, 0x2242, 0x53A3, 
    0x6C04, 0x6BA4, 0x10A1, 0x28C2, 0x5164, 0x5984, 0x7206, 0x9AC8, 0x7205, 0x92C8, 0xAB4A, 0xAB4A, 
    0xA309, 0x6A06, 0x1881, 0x3102, 0x92E9, 0x9B09, 0x3102, 0x1061, 0xA44E, 0xAC8F, 0xAC8E, 0xA46E, 
    0x9C4D, 0x5A87, 0x2102, 0x1061, 0x3902, 0x3922, 0x10A1, 0x9C6E, 0x41E6, 0x0881, 0x39C5, 0x838A, 
    0x62C8, 0x18A1, 0x69E5, 0x5164, 0x4123, 0x20A1, 0x0901, 0x4B63, 0x6C24, 0x6C04, 0x6C04, 0x5BC4, 
    0x63C4, 0x6C04, 0x6BE5, 0x4263, 0x0020, 0x3923, 0x71E5, 0x5184, 0x3943, 0x7AE8, 0x2943, 0x5984, 
    0x5984, 0x28C2, 0x5A87, 0x8BEC, 0x3164, 0x59A4, 0x7206, 0x4964, 0x18A1, 0x62C9, 0xA48E, 0x734A, 
    0x0861, 0x18A1, 0x3122, 0x2902, 0x18A1, 0x3102, 0x20A1, 0x0861, 0x3122, 0x0860, 0x20C1, 0x6A26, 
    0xA308, 0x7206, 0x7205, 0x7206, 0x5984, 0x61A5, 0x5984, 0x20C2, 0x2161, 0x7C65, 0x6C24, 0x5B83, 
    0x4323, 0x3B03, 0x3303, 0x3303, 0x2A83, 0x2183, 0x2984, 0x6AE8, 0x8BEB, 0x940B, 0xA44C, 0xB4AE, 
    0xB4CE, 0xAC8D, 0xAC8D, 0xAC8D, 0xA44D, 0x9C2C, 0xA44D, 0xAC8D, 0x9C2C, 0xA44C, 0x9C2C, 0x8BAA, 
    0x9C0C, 0x93EB, 0x7329, 0x7B69, 0x6B08, 0x5AA7, 0x62C8, 0x6AE8, 0x5A87, 0x41E5, 0x4A26, 0x31A4, 
    0x31A4, 0x62A7, 0x8BAA, 0x93EB, 0x93EB, 0xACAE, 0xB4EF, 0x9C4D, 0xB4EF, 0xACAE, 0xA46D, 0x93EB, 
    0xA44C, 0x940B, 0x838A, 0x83AA, 0x62E8, 0x62C7, 0x7308, 0x5266, 0x4A26, 0x7328, 0x62E8, 0x6AE8, 
    0x5AA7, 0x5AA7, 0x2963, 0x21C3, 0x3304, 0x3303, 0x2243, 0x2AA3, 0x3303, 0x3303, 0x3303, 0x3303, 
    0x3303, 0x3303, 0x3303, 0x3303, 0x3303, 0x3303, 0x3323, 0x3323, 0x3323, 0x3323, 0x08E1, 0x18C2, 
    0x9C2D, 0x9C4E, 0xB4CF, 0xA4AE, 0x942D, 0x8BCB, 0x8BCB, 0x83AB, 0x7B6A, 0x7B6A, 0x83AB, 0x83AB, 
    0x736A, 0x83AB, 0x83AB, 0x838A, 0x83AB, 0x9C2C, 0x4A26, 0x0000, 0x10C2, 0x39C5, 0x4206, 0x4206, 
    0x5267, 0x5287, 0x5267, 0x4226, 0x5A87, 0x7329, 0x4A46, 0x2143, 0x2103, 0x0040, 0x3985, 0xA46E, 
    0xB510, 0x942D, 0x83AB, 0x8BCB, 0x8BCB, 0x83AB, 0x83AB, 0x83AB, 0x838B, 0x838A, 0x7B6A, 0x7B6A, 
    0x6B29, 0x7B8A, 0x93EC, 0x838A, 0x838B, 0x8BEC, 0xA48E, 0xA48E, 0x4226, 0x18E2, 0x2222, 0x4B63, 
    0x63C4, 0x6BC4, 0x0881, 0x4163, 0x69E5, 0x7206, 0x69C5, 0x9AE8, 0x9AC8, 0x7206, 0x7205, 0x92A7, 
    0x9AE8, 0x3923, 0x5A26, 0x3943, 0x3943, 0x3943, 0x1081, 0x3143, 0x4A26, 0x4A26, 0x39A5, 0x62C8, 
    0x8BCC, 0x31A5, 0x1061, 0x30E2, 0x4943, 0x5984, 0x18A2, 0x9C6E, 0x39A5, 0x20A1, 0x18A1, 0x2943, 
    0x7329, 0x20E2, 0x5184, 0x5984, 0x5163, 0x28A1, 0x08E1, 0x4B43, 0x63C4, 0x7424, 0x6C24, 0x63C4, 
    0x63C4, 0x6BE4, 0x6C05, 0x4AE3, 0x0040, 0x3102, 0x61A4, 0x5984, 0x7A47, 0x59C5, 0x4964, 0x8247, 
    0x8226, 0x5184, 0x2903, 0x6AE9, 0x5A87, 0x30E2, 0x8247, 0x61A4, 0x20A1, 0x5267, 0x7329, 0x8BAB, 
    0x6287, 0x18C2, 0x0881, 0x3122, 0x3102, 0x1061, 0x0840, 0x1881, 0x1081, 0x3923, 0x18A1, 0x28E2, 
    0x61E5, 0x7A06, 0x5984, 0x8246, 0x69E5, 0x4964, 0x5184, 0x20A2, 0x2161, 0x7425, 0x6C04, 0x5363, 
    0x4363, 0x4B64, 0x3B23, 0x32C3, 0x29A4, 0x62A7, 0x9C4D, 0x9C2C, 0x8BAA, 0x9C2C, 0xACAE, 0xA48D, 
    0xA44D, 0xB4CF, 0xA44D, 0x940C, 0x9C2C, 0xAC8D, 0xACAD, 0xB4AE, 0xA46D, 0x93EB, 0x940C, 0x9C2C, 
    0x8BCB, 0x7349, 0x7B69, 0x5AA7, 0x62C8, 0x5287, 0x39E5, 0x4205, 0x39E5, 0x4225, 0x4205, 0x39C5, 
    0x5267, 0x9C2C, 0xACAE, 0xAC8D, 0xB4CE, 0xB4CE, 0xACAE, 0xBCEF, 0xAC8E, 0x9C2C, 0xA44C, 0x83AA, 
    0x9C0B, 0x8BCA, 0x7B49, 0x93CA, 0x6B08, 0x5AA7, 0x5246, 0x4A46, 0x5266, 0x6B08, 0x83AA, 0x6B08, 
    0x5AA7, 0x6B08, 0x41E5, 0x2984, 0x2AA3, 0x3303, 0x2AE3, 0x32E3, 0x3303, 0x3303, 0x3303, 0x3303, 
    0x2AE3, 0x2AC3, 0x2AC3, 0x2AE3, 0x2AC3, 0x2AE3, 0x2AE3, 0x2AC3, 0x2B03, 0x19A1, 0x3985, 0x940C, 
    0xB4EF, 0xA46D, 0x942D, 0x8BEC, 0x83AB, 0x7B6A, 0x7B6A, 0x838A, 0x7B6A, 0x7B6A, 0x8BCB, 0x83CB, 
    0x838B, 0x8BCB, 0x8BCB, 0x838A, 0x7B6A, 0x9C4D, 0x93EC, 0x5AA8, 0x0040, 0x10A2, 0x2984, 0x41E5, 
    0x4206, 0x5267, 0x4A26, 0x4206, 0x62C8, 0x7309, 0x4206, 0x2144, 0x10C2, 0x18E2, 0x62E9, 0xC550, 
    0x942C, 0x83AB, 0x838A, 0x83AB, 0x83AB, 0x83AB, 0x83AB, 0x838B, 0x7B6A, 0x838A, 0x83AB, 0x838A, 
    0x83AB, 0x6B09, 0x4205, 0x3184, 0x2102, 0x62C8, 0x732A, 0x3184, 0x2144, 0x10A2, 0x2202, 0x5363, 
    0x7424, 0x63C4, 0x0881, 0x61A4, 0x61A4, 0x69E5, 0x8247, 0x8247, 0x9AC8, 0x92C8, 0x61C5, 0x5164, 
    0x4964, 0x1081, 0x4184, 0x20C2, 0x0861, 0x0081, 0x0861, 0x20A1, 0x0860, 0x0000, 0x3164, 0x940C, 
    0x62A8, 0x18E2, 0x28C2, 0x4963, 0x61A4, 0x3902, 0x39A5, 0xA48E, 0x3164, 0x3102, 0x4943, 0x3103, 
    0x41A4, 0x4164, 0x5184, 0x69A5, 0x4143, 0x0861, 0x10E1, 0x3AE3, 0x4B63, 0x6C04, 0x5BC4, 0x6BE4, 
    0x63E4, 0x63C4, 0x6C04, 0x42C3, 0x0840, 0x1081, 0x4123, 0x5984, 0x7A26, 0x7A47, 0x8247, 0x92A8, 
    0x8267, 0x7A46, 0x5184, 0x3964, 0x6AC7, 0x59E5, 0x7206, 0x5164, 0x1881, 0x6AE9, 0x4A26, 0x5246, 
    0x7B29, 0x5267, 0x2102, 0x0840, 0x18A1, 0x49A4, 0x3943, 0x51A4, 0x1081, 0x3943, 0x20C2, 0x20C2, 
    0x20A1, 0x20A2, 0x30E2, 0x5164, 0x69E5, 0x5164, 0x4143, 0x1881, 0x2141, 0x6C05, 0x6BE4, 0x5BA3, 
    0x4363, 0x3323, 0x3323, 0x2A23, 0x4205, 0x940B, 0xB4CE, 0xACAE, 0xAC8D, 0x940B, 0x9C2C, 0xA48E, 
    0xA46D, 0xBCEF, 0xB4AE, 0x93EB, 0x8BCB, 0xA46D, 0xBCEF, 0x9C0C, 0x940B, 0x940C, 0x940C, 0x8BCB, 
    0x7329, 0x83AA, 0x7328, 0x8BCB, 0x9C2C, 0x9C0C, 0x93EB, 0x838A, 0x4A46, 0x31A4, 0x31A4, 0x5266, 
    0x7308, 0x940B, 0x9C4C, 0xA46D, 0xBD0F, 0xBD0F, 0xAC8D, 0xA44C, 0xA44C, 0x9C4C, 0x9C0C, 0x838A, 
    0x838A, 0x93EB, 0x7B49, 0x5A87, 0x6AE8, 0x6AE8, 0x6AE8, 0x6AE8, 0x62C8, 0x5266, 0x62C8, 0x6AE8, 
    0x6AE8, 0x5267, 0x4A46, 0x2964, 0x2263, 0x2AC3, 0x2AC3, 0x2AC3, 0x2AC3, 0x2AE3, 0x2AE3, 0x2AC3, 
    0x3324, 0x3303, 0x3303, 0x3303, 0x3323, 0x3323, 0x3303, 0x3323, 0x2222, 0x10E2, 0x62C8, 0xCD71, 
    0xA48E, 0x83CB, 0x7B6A, 0x83AB, 0x838B, 0x838A, 0x838A, 0x7B6A, 0x838A, 0x838A, 0x838A, 0x7B6A, 
    0x7B6A, 0x7B6A, 0x83AA, 0x7B6A, 0x7B8A, 0x838A, 0x8BCB, 0x9C4D, 0x62A8, 0x10C2, 0x10A1, 0x31A5, 
    0x31C5, 0x4A46, 0x4205, 0x41E5, 0x5267, 0x6B09, 0x39C5, 0x1903, 0x0881, 0x1902, 0x62E9, 0xC530, 
    0xA48E, 0x8BCB, 0x838A, 0x838A, 0x838A, 0x8BCB, 0x8BCB, 0x7B6A, 0x7B8A, 0x83AB, 0x83AB, 0x8BCB, 
    0x8BCC, 0x62E9, 0x5A88, 0x5A87, 0x39C5, 0x18E2, 0x2103, 0x2103, 0x3184, 0x08A1, 0x2A42, 0x5383, 
    0x7424, 0x6384, 0x0040, 0x61A4, 0x5984, 0x61C5, 0x8226, 0x59A4, 0x9AE8, 0x92C8, 0x6A06, 0x3123, 
    0x18A1, 0x4163, 0x20C1, 0x0020, 0x0840, 0x0881, 0x0881, 0x18A1, 0x20A1, 0x0840, 0x4A06, 0xA46E, 
    0x3184, 0x1881, 0x3923, 0x61A4, 0x71C5, 0x28C2, 0x6B09, 0x8BCC, 0x3164, 0x4943, 0x69E5, 0x5984, 
    0x4164, 0x4143, 0x5984, 0x5984, 0x30E2, 0x1081, 0x0861, 0x1941, 0x53A4, 0x63E4, 0x5BA3, 0x5BC4, 
    0x5BC4, 0x63C4, 0x63A3, 0x29A1, 0x18A1, 0x1061, 0x20A1, 0x4963, 0x7205, 0x8A87, 0xAB09, 0x92A8, 
    0xA309, 0x9AE9, 0x69E6, 0x4964, 0x6A06, 0x59C5, 0x7206, 0x28C2, 0x18A1, 0x7B4A, 0x41E5, 0x2923, 
    0x6287, 0xB4EF, 0x8BCB, 0x41C5, 0x20E2, 0x3102, 0x2902, 0x3122, 0x1881, 0x2902, 0x3943, 0x4143, 
    0x61E5, 0x3923, 0x30E2, 0x3902, 0x61A4, 0x4943, 0x3923, 0x18A1, 0x1941, 0x7425, 0x6C04, 0x63C4, 
    0x5B83, 0x4363, 0x32A3, 0x29C4, 0x5AA7, 0x9C4C, 0xA48D, 0xA46D, 0xB4CE, 0x940B, 0x9C2C, 0xA46D, 
    0xA48D, 0xA44D, 0xACAD, 0xA46D, 0x8BCB, 0x940B, 0x9C0C, 0x8BAA, 0x8BEB, 0x9C0C, 0x8BAB, 0x7349, 
    0x838A, 0x93EB, 0x940B, 0xB4CE, 0xB4CE, 0xAC8D, 0xA44C, 0xA46D, 0x7329, 0x4A26, 0x31C4, 0x6AE8, 
    0x8BCB, 0xA46D, 0x9C0C, 0xA46D, 0xACAE, 0xAC8D, 0x93EB, 0x9C2C, 0xACAD, 0x93EB, 0xA44C, 0x838A, 
    0x7349, 0x7329, 0x62C7, 0x5266, 0x5286, 0x62C7, 0x5A87, 0x62C7, 0x62A7, 0x5246, 0x62C7, 0x5266, 
    0x62C7, 0x4A66, 0x4A46, 0x2164, 0x2A83, 0x3323, 0x3303, 0x3303, 0x3303, 0x3303, 0x3323, 0x3303, 
    0x3304, 0x3303, 0x3303, 0x3323, 0x3323, 0x3303, 0x3303, 0x3303, 0x0901, 0x2103, 0x4A46, 0x734A, 
    0xBD30, 0xA46E, 0x838A, 0x83AB, 0x7B6A, 0x7B6A, 0x838B, 0x83AB, 0x838A, 0x838A, 0x7B6A, 0x6B09, 
    0x6B09, 0x6B09, 0x838A, 0x7B6A, 0x83AB, 0x7B6A, 0x7349, 0x7B6A, 0xACCE, 0x7B4A, 0x20E2, 0x18E2, 
    0x31A4, 0x4A26, 0x41E5, 0x4206, 0x5AA7, 0x6AE8, 0x3184, 0x10A2, 0x0861, 0x2964, 0x4A46, 0x62E9, 
    0xCD91, 0xA48E, 0x8C0C, 0x838A, 0x838B, 0x838B, 0x8BCB, 0x838A, 0x7B6A, 0x838A, 0x83CB, 0x8BCB, 
    0x7B6A, 0x940C, 0x9C2D, 0x9C2D, 0xA46D, 0x4A26, 0x10C2, 0x2964, 0x39C5, 0x0061, 0x2A62, 0x53A3, 
    0x5B63, 0x3A22, 0x1061, 0x5984, 0x69C5, 0x59A5, 0x59A5, 0x69C5, 0x7A26, 0x4963, 0x6226, 0x59E5, 
    0x4163, 0x30E2, 0x0060, 0x1061, 0x1881, 0x1881, 0x18A1, 0x0060, 0x1061, 0x0840, 0x4206, 0x83AB, 
    0x0840, 0x1881, 0x5184, 0x71E5, 0x61C5, 0x20C2, 0x9C6E, 0x62C8, 0x3143, 0x4123, 0x71E6, 0x7206, 
    0x7205, 0x61C5, 0x5984, 0x4964, 0x20C2, 0x1061, 0x1061, 0x1941, 0x53C4, 0x63C4, 0x5B84, 0x63C4, 
    0x5BC4, 0x6404, 0x5343, 0x0861, 0x28E2, 0x1881, 0x1061, 0x4943, 0x69C5, 0x8267, 0xA2E9, 0x8A67, 
    0x9AE8, 0xA2E9, 0x8A87, 0x7206, 0x4923, 0x61A5, 0x7A46, 0x0841, 0x4A06, 0x7B6A, 0x39A5, 0x0040, 
    0x2103, 0x5AA8, 0x9C4D, 0x93EC, 0x6287, 0x3163, 0x1060, 0x1881, 0x1081, 0x49C5, 0x49A4, 0x82C8, 
    0x8A87, 0x7A26, 0x8A67, 0x4943, 0x3902, 0x4123, 0x4123, 0x28C2, 0x18C1, 0x3A42, 0x6C24, 0x5BA3, 
    0x4B43, 0x4343, 0x3264, 0x31A5, 0x7B49, 0x93CA, 0x93EB, 0xA44C, 0x9C2C, 0xA44D, 0xA44D, 0x9C4C, 
    0xAC8D, 0x8BCB, 0xA48D, 0xA46D, 0x9C0C, 0x9C2C, 0x8BAA, 0x9C0C, 0x9C2C, 0x8BCB, 0x7329, 0x7329, 
    0xA44C, 0x93EB, 0xBD2F, 0xBCEF, 0xB4CE, 0xACAD, 0x9C4C, 0xA46D, 0x9C2C, 0x6B08, 0x41E5, 0x7349, 
    0xAC8D, 0xACAE, 0x9C4C, 0xACAE, 0xACAE, 0xACAE, 0xA46D, 0x9C2C, 0x940B, 0x8BAA, 0x9C2C, 0x7B6A, 
    0x7349, 0x7329, 0x6B08, 0x7328, 0x6AE8, 0x62C7, 0x5267, 0x5287, 0x5267, 0x5246, 0x5AA7, 0x4A26, 
    0x5266, 0x4A46, 0x39E5, 0x2123, 0x2283, 0x2AE3, 0x2AE3, 0x3303, 0x3303, 0x2AE3, 0x2AE3, 0x2AE3, 
    0x2AC3, 0x2AE3, 0x2AE3, 0x2AE3, 0x2AE3, 0x2AC3, 0x2AC3, 0x2AC3, 0x0901, 0x3184, 0x4A46, 0x39E5, 
    0x7B8B, 0xBD30, 0xA46D, 0x83AB, 0x7B8A, 0x7B6A, 0x838A, 0x83AB, 0x838A, 0x8BCB, 0x4A26, 0x7B8A, 
    0x83AB, 0x838A, 0x83AB, 0x838A, 0x83AB, 0x8BCB, 0x7B6A, 0x7B49, 0x940C, 0xBD2F, 0x6B09, 0x0861, 
    0x18E2, 0x31C4, 0x4206, 0x4226, 0x4A26, 0x62C8, 0x3184, 0x0061, 0x1902, 0x5267, 0x5267, 0x31A4, 
    0x6B09, 0xB4CF, 0xB4EF, 0x9C2D, 0x83AB, 0x83AB, 0x7B8A, 0x7B8A, 0x838A, 0x838A, 0x838A, 0x8BCB, 
    0x838A, 0x7B6A, 0x83AB, 0x9C4D, 0xA48E, 0x4A06, 0x1903, 0x31A4, 0x2123, 0x1121, 0x32A2, 0x5383, 
    0x4262, 0x0820, 0x4943, 0x61A5, 0x8226, 0x7206, 0x5184, 0x4123, 0x30E2, 0x28E2, 0x3102, 0x3943, 
    0x49A4, 0x0860, 0x0060, 0x18A1, 0x0860, 0x0840, 0x1081, 0x0860, 0x0040, 0x0860, 0x49E5, 0x6AE8, 
    0x0860, 0x3902, 0x7205, 0x9288, 0x7246, 0x3943, 0xA48D, 0x3163, 0x28E2, 0x4964, 0x7226, 0x8267, 
    0x7A26, 0x69E5, 0x5184, 0x4143, 0x1081, 0x20A1, 0x1881, 0x1141, 0x4BA3, 0x6C04, 0x5BA4, 0x4B63, 
    0x63E4, 0x7445, 0x5323, 0x0860, 0x3102, 0x28C2, 0x1081, 0x28E2, 0x5984, 0x71E5, 0x8267, 0x8A67, 
    0x8A87, 0x9AE8, 0x9AE8, 0x9AC8, 0x8A67, 0x7A26, 0x5164, 0x1081, 0x9C0C, 0x4A26, 0x18C2, 0x0020, 
    0x0060, 0x0881, 0x4A06, 0x7B6A, 0xA4AF, 0x83AC, 0x4A06, 0x62C8, 0x2923, 0x5205, 0x2902, 0x6A26, 
    0x7A26, 0x8246, 0x8246, 0x69E5, 0x5184, 0x5164, 0x4143, 0x4143, 0x30E2, 0x08A0, 0x63C4, 0x5B83, 
    0x4323, 0x3343, 0x2A83, 0x31A5, 0x7B49, 0x6B08, 0x8389, 0x8BCA, 0x9C2C, 0xA46D, 0xA46D, 0x9C0C, 
    0x9C0B, 0x93EB, 0x93EB, 0x940B, 0xA46D, 0xA44C, 0x838A, 0x8BAA, 0x8BCB, 0x62C7, 0x62C7, 0x93EB, 
    0xB4CE, 0xBCEF, 0xB4CE, 0xB4EE, 0xACAE, 0xA46D, 0xACAE, 0x8BCB, 0x9C2C, 0x7B49, 0x838A, 0x7328, 
    0x93EB, 0xAC8D, 0xB4EE, 0x9C4C, 0x9C2C, 0xAC6D, 0x940B, 0x9C0C, 0x93EB, 0x8369, 0x838A, 0x7B69, 
    0x7B49, 0x7B49, 0x6AE8, 0x7328, 0x7B49, 0x4A26, 0x41E5, 0x4A26, 0x4205, 0x5267, 0x5266, 0x4205, 
    0x4A26, 0x41E5, 0x2964, 0x1122, 0x1A43, 0x22A3, 0x2AC3, 0x2AE3, 0x2AE3, 0x2AE3, 0x2AC3, 0x2AE3, 
    0x3324, 0x3324, 0x3324, 0x3323, 0x3323, 0x3323, 0x3303, 0x3324, 0x0921, 0x3184, 0x5AA8, 0x4A46, 
    0x3184, 0x734A, 0x940C, 0xACCF, 0x940C, 0x7B6A, 0x838A, 0x838B, 0x6B09, 0x4206, 0x5AA8, 0x83AB, 
    0x83AB, 0x7B4A, 0x7B6A, 0x838B, 0x83AB, 0x7B8A, 0x940C, 0xA48E, 0xA46D, 0x7B4A, 0x2984, 0x18E2, 
    0x18C2, 0x2964, 0x39E5, 0x4206, 0x4226, 0x5267, 0x2964, 0x0881, 0x2123, 0x4A46, 0x5267, 0x4A46, 
    0x2964, 0x5AA8, 0xA46E, 0xBD30, 0xA46E, 0x83AB, 0x838A, 0x83CB, 0x8BCB, 0x8BCB, 0x7B6A, 0x7B6A, 
    0x7B8A, 0x8BCB, 0xA48E, 0x9C4D, 0x4206, 0x2123, 0x31A5, 0x39C5, 0x0881, 0x2202, 0x3B03, 0x5BA3, 
    0x42A2, 0x1081, 0x5184, 0x59A4, 0x7A06, 0x9287, 0x8267, 0x28E2, 0x3123, 0x4143, 0x7A46, 0x3923, 
    0x0020, 0x1881, 0x0860, 0x18A1, 0x1060, 0x0860, 0x18A1, 0x28E2, 0x0840, 0x1080, 0x3964, 0x41A4, 
    0x18A1, 0x30E2, 0x69C5, 0x8267, 0x69E5, 0x59C5, 0x7328, 0x20E2, 0x4944, 0x61A5, 0x69E5, 0x8A67, 
    0x7206, 0x69E5, 0x5184, 0x28C2, 0x1081, 0x28E2, 0x20A1, 0x1121, 0x4BA3, 0x6404, 0x5BA4, 0x63C4, 
    0x6BE4, 0x7425, 0x5323, 0x0840, 0x3902, 0x3902, 0x3102, 0x18C1, 0x28C2, 0x5984, 0x7A06, 0x7206, 
    0x8A67, 0x9AC8, 0x92C8, 0x9AC8, 0x9AC8, 0x7A26, 0x30E2, 0x20C2, 0x7B08, 0x18A2, 0x0840, 0x0861, 
    0x0861, 0x1060, 0x0861, 0x5A87, 0x7B6A, 0x7329, 0x62C8, 0x7B4A, 0x5246, 0x3163, 0x0881, 0x18A1, 
    0x61C5, 0x8247, 0x8247, 0x69C5, 0x59A4, 0x71E5, 0x59A4, 0x5164, 0x28C2, 0x10A0, 0x5BA4, 0x5B83, 
    0x5383, 0x4B83, 0x32C3, 0x2964, 0x62A7, 0x62C7, 0x8389, 0x8BCB, 0x8BCB, 0x8BEB, 0x93EB, 0x838A, 
    0x7328, 0x838A, 0xA44D, 0x8BAA, 0x8389, 0x838A, 0x7B49, 0x7B69, 0x6B08, 0x7329, 0x8BCB, 0xACAE, 
    0xACAE, 0xB4CE, 0xB4CE, 0xACAD, 0xACAE, 0xACAE, 0x9C2C, 0x940B, 0x940B, 0x7B69, 0x93EB, 0x83AA, 
    0x9C2C, 0xACAD, 0x9C2C, 0xA46D, 0x9C2C, 0xA44C, 0x9C2C, 0x940B, 0x7308, 0x7B6A, 0x93EB, 0x7B6A, 
    0x6B08, 0x62C8, 0x6B08, 0x7B49, 0x7329, 0x4A26, 0x31A5, 0x2984, 0x39E5, 0x4A26, 0x4A26, 0x5246, 
    0x41E5, 0x2963, 0x1923, 0x11C2, 0x2283, 0x3303, 0x3323, 0x3323, 0x3323, 0x3323, 0x3323, 0x3323, 
    0x3303, 0x3303, 0x3303, 0x3303, 0x32E3, 0x2AE3, 0x3303, 0x3323, 0x0941, 0x2964, 0x5267, 0x4A46, 
    0x4206, 0x2964, 0x4A47, 0x9C4D, 0xACCF, 0xACAE, 0x7B6A, 0x5287, 0x2964, 0x4A47, 0x9C4C, 0x83AA, 
    0x7B8A, 0x7B6A, 0x7B8A, 0x8BCB, 0x8BCB, 0x9C4D, 0xA48E, 0x83AC, 0x2944, 0x1903, 0x2984, 0x1903, 
    0x08A1, 0x1923, 0x31A5, 0x39C5, 0x4A26, 0x5267, 0x2143, 0x0060, 0x2943, 0x5246, 0x5AA7, 0x5267, 
    0x4A47, 0x31A4, 0x4206, 0x6B29, 0xB4CF, 0xACAE, 0x942C, 0x8BCB, 0x8BAB, 0x83AB, 0x736A, 0x7B6A, 
    0x7B8A, 0xA48E, 0xA46D, 0x5268, 0x10E2, 0x3184, 0x39E5, 0x39C5, 0x0060, 0x19C1, 0x32C2, 0x53A3, 
    0x42C2, 0x10A1, 0x61A4, 0x5984, 0x7206, 0x69E5, 0x7A26, 0x8AA7, 0xB3AB, 0x7246, 0x7A87, 0x3143, 
    0x0020, 0x1040, 0x1881, 0x28C2, 0x18A1, 0x18A1, 0x18A1, 0x1081, 0x1061, 0x1081, 0x1081, 0x18A1, 
    0x7AC8, 0x4984, 0x59A4, 0x8267, 0x8267, 0x2923, 0x72E8, 0x3943, 0x69C5, 0x8226, 0x7A26, 0x7A26, 
    0x7206, 0x59A5, 0x3903, 0x0861, 0x28C2, 0x3102, 0x18A1, 0x1121, 0x4363, 0x63C4, 0x53A4, 0x5BE4, 
    0x63E4, 0x6C04, 0x5303, 0x0040, 0x28E2, 0x4123, 0x3902, 0x20C2, 0x1881, 0x30C2, 0x7A06, 0x71E5, 
    0x9287, 0x8A87, 0xAB4A, 0x8AA8, 0x8267, 0x61E5, 0x20C2, 0x6A87, 0x3984, 0x18C2, 0x1081, 0x0881, 
    0x1881, 0x0860, 0x0040, 0x10C1, 0x5A87, 0x940C, 0x41E5, 0x10A1, 0x1061, 0x20C2, 0x2902, 0x20C2, 
    0x18A1, 0x5984, 0x7206, 0x7206, 0x69C5, 0x4963, 0x4943, 0x5984, 0x30E2, 0x10C1, 0x63E4, 0x63C3, 
    0x4343, 0x3323, 0x2AA3, 0x2143, 0x4205, 0x6AE8, 0x7B69, 0x838A, 0x83AA, 0x8BAA, 0x8BCB, 0x7B69, 
    0x7328, 0x8BAA, 0x93EB, 0x7B49, 0x8389, 0x93EB, 0x8BCB, 0x7B49, 0x5266, 0x83AA, 0xB4CE, 0xBD0F, 
    0xA48D, 0xA46D, 0xBD0F, 0xB4CE, 0xA48D, 0xACCE, 0xA44D, 0x9C0B, 0x8BCB, 0x838A, 0x9C4C, 0xAC8D, 
    0xACAD, 0x940B, 0x93EB, 0xA46D, 0x9C0C, 0x9C2B, 0x9C2C, 0x8BAA, 0x93CB, 0x8BAA, 0x7308, 0x7329, 
    0x7308, 0x7B69, 0x8BCB, 0x9C2B, 0x7B69, 0x6AE8, 0x5266, 0x31C5, 0x31C5, 0x39C5, 0x39A5, 0x39C4, 
    0x3184, 0x1943, 0x1162, 0x11E2, 0x1A42, 0x2282, 0x22A3, 0x2AE3, 0x3303, 0x3303, 0x3303, 0x2B03, 
    0x2AE3, 0x2AE3, 0x2AE3, 0x32E3, 0x32E3, 0x32E3, 0x3303, 0x3323, 0x0941, 0x3184, 0x5AA7, 0x4A46, 
    0x4206, 0x4206, 0x39E5, 0x2964, 0x7B8B, 0x9C4D, 0x62E8, 0x2964, 0x5287, 0xA46E, 0x8BCB, 0x7B6A, 
    0x838A, 0x83AB, 0x8BCB, 0x8BEC, 0xACCF, 0xA46D, 0x62C8, 0x2143, 0x2123, 0x2984, 0x39E5, 0x1903, 
    0x0060, 0x08A1, 0x2123, 0x31A4, 0x4A26, 0x5A67, 0x1902, 0x0040, 0x4206, 0x5AA7, 0x4A46, 0x4A46, 
    0x5AA7, 0x5267, 0x3184, 0x2143, 0x5288, 0xA46E, 0xBD30, 0x9C4D, 0x838A, 0x7B8A, 0x8BCB, 0x8BCB, 
    0x9C4D, 0x9C4D, 0x62A8, 0x1903, 0x2964, 0x3184, 0x31A5, 0x2964, 0x0060, 0x2222, 0x3B23, 0x5BE4, 
    0x42C2, 0x0841, 0x5184, 0x7A26, 0x7A26, 0x7226, 0x8267, 0xAB2A, 0x9AE9, 0x8287, 0x4164, 0x18A1, 
    0x0860, 0x20C1, 0x28E2, 0x0860, 0x28C1, 0x20C1, 0x1081, 0x20C1, 0x1081, 0x20C1, 0x0840, 0x3984, 
    0xBC6E, 0x82A8, 0x30E2, 0x69C5, 0x8267, 0x8287, 0x51C5, 0x59C5, 0x7A26, 0x9287, 0x8AA8, 0x69E6, 
    0x71E6, 0x4943, 0x1881, 0x1081, 0x3102, 0x3922, 0x20C2, 0x1121, 0x4B63, 0x63A4, 0x53A4, 0x6404, 
    0x6C04, 0x6C04, 0x4AE3, 0x0840, 0x4122, 0x4123, 0x3923, 0x30E2, 0x1881, 0x0860, 0x3102, 0x71C5, 
    0x9AC8, 0x9287, 0xA32A, 0x92A8, 0x6A06, 0x3102, 0x49A5, 0xB3EC, 0x20C2, 0x18C1, 0x10A1, 0x28E1, 
    0x20C1, 0x1061, 0x1081, 0x0040, 0x2102, 0x8BEC, 0x5A87, 0x0040, 0x3102, 0x69C5, 0x7206, 0x5184, 
    0x20C2, 0x20A1, 0x5184, 0x71E5, 0x69E5, 0x71E5, 0x4964, 0x4943, 0x3902, 0x10C1, 0x63E4, 0x63C3, 
    0x5383, 0x3B43, 0x3303, 0x21E3, 0x2984, 0x62C7, 0x5A87, 0x6AE8, 0x838A, 0x838A, 0x8369, 0x8369, 
    0x8BAA, 0x8BAA, 0x7B49, 0x7B69, 0x8BAA, 0x838A, 0x6AE8, 0x62C7, 0x7328, 0x93EB, 0xACAE, 0xBCEF, 
    0xB4CE, 0xB4CE, 0xA46D, 0xACAE, 0xA48D, 0x9C4C, 0x9C2C, 0x9C0B, 0x7B49, 0x8BAA, 0xA46D, 0xA46C, 
    0xA44C, 0x93EB, 0x9C0C, 0x9C4C, 0x9C0C, 0xA44C, 0x940B, 0x7349, 0x838A, 0x838A, 0x6B08, 0x6B08, 
    0x8369, 0x93EB, 0x9C0B, 0x9C2B, 0x8BAA, 0x6B08, 0x62C8, 0x41E5, 0x3184, 0x3184, 0x31A4, 0x3184, 
    0x1903, 0x1142, 0x11C2, 0x1202, 0x2262, 0x2262, 0x2AA3, 0x2AC3, 0x2AC3, 0x2AE3, 0x2AE3, 0x2AE3, 
    0x3323, 0x3323, 0x3323, 0x3323, 0x3323, 0x3323, 0x3B43, 0x3B63, 0x1121, 0x2944, 0x4A46, 0x4A26, 
    0x39E5, 0x4A26, 0x4A47, 0x4206, 0x39C5, 0x3184, 0x10C2, 0x3185, 0xB4CF, 0x83AB, 0x83AA, 0x734A, 
    0x7B6A, 0x83AB, 0x9C4D, 0xACCF, 0xACCF, 0x39E6, 0x1902, 0x2123, 0x31A4, 0x2984, 0x4205, 0x2103, 
    0x0101, 0x00C1, 0x0060, 0x1903, 0x31A4, 0x39C5, 0x10E2, 0x0040, 0x39C5, 0x5287, 0x4A66, 0x5287, 
    0x5247, 0x4226, 0x4205, 0x4206, 0x2964, 0x3184, 0x942D, 0xAC8E, 0xAC8E, 0x93EC, 0x7B6A, 0x8BEC, 
    0xACAE, 0x4A47, 0x10C2, 0x2984, 0x31A5, 0x3184, 0x2964, 0x1903, 0x0040, 0x42C3, 0x4B83, 0x5BC4, 
    0x3A62, 0x0820, 0x59A4, 0x69E5, 0x7206, 0x8A87, 0x9AC8, 0x8267, 0x8AA8, 0x4143, 0x1061, 0x0860, 
    0x28E2, 0x4143, 0x18A1, 0x0860, 0x1081, 0x18A1, 0x20C1, 0x20C1, 0x20C1, 0x10A1, 0x0860, 0x8308, 
    0x9B6A, 0x51A4, 0x61A5, 0x5164, 0x69E5, 0x9AA7, 0x4963, 0x7206, 0x8247, 0x8246, 0x8226, 0x71E5, 
    0x5984, 0x20A2, 0x20C1, 0x20C1, 0x28E2, 0x3102, 0x20A2, 0x1121, 0x4B83, 0x5BA4, 0x5BC4, 0x63E4, 
    0x63E4, 0x63E4, 0x42C2, 0x0840, 0x4943, 0x5163, 0x30E2, 0x28E2, 0x3102, 0x18A1, 0x0881, 0x5984, 
    0x9287, 0x9287, 0x92A8, 0x92A8, 0x4143, 0x28C2, 0x8AC8, 0xAB8B, 0x20C2, 0x20C2, 0x28E2, 0x3102, 
    0x1060, 0x3102, 0x20A1, 0x0860, 0x0840, 0x62C8, 0x7B4A, 0x10A1, 0x3923, 0x71E5, 0x7226, 0x61C5, 
    0x61A5, 0x20C2, 0x18A1, 0x4964, 0x59A4, 0x61A5, 0x4943, 0x4963, 0x3923, 0x10C1, 0x5BA3, 0x63C3, 
    0x5383, 0x4343, 0x3B43, 0x2263, 0x2163, 0x4205, 0x4A46, 0x7328, 0x5AA7, 0x6B08, 0x838A, 0x838A, 
    0x7B49, 0x7328, 0x838A, 0x7B49, 0x5A86, 0x7308, 0x7328, 0x5AA7, 0x838A, 0xACAE, 0xACAE, 0x9C2C, 
    0x9C2C, 0xB4CE, 0xACAE, 0x9C2C, 0x9C2C, 0x8BAA, 0x93EB, 0x9C0C, 0x93EB, 0x8BCB, 0xA44C, 0x8BCA, 
    0x93EB, 0xA46D, 0x8BCB, 0x9C0B, 0x940B, 0x9C2C, 0x7349, 0x6B08, 0x7B69, 0x7329, 0x62C8, 0x62A7, 
    0x838A, 0x8BCA, 0x8BAA, 0x7B69, 0x838A, 0x5AC8, 0x62E8, 0x4205, 0x2964, 0x2143, 0x2984, 0x1122, 
    0x1162, 0x11C2, 0x1A22, 0x1A42, 0x1A42, 0x2A83, 0x32E3, 0x3303, 0x3303, 0x3323, 0x3323, 0x3323, 
    0x3323, 0x3323, 0x3323, 0x3323, 0x3323, 0x3323, 0x3303, 0x3323, 0x1121, 0x2103, 0x39E5, 0x4A46, 
    0x4206, 0x4A26, 0x4A46, 0x5AA7, 0x4A26, 0x2964, 0x10E2, 0x5247, 0xB4EF, 0xACAE, 0x940C, 0x83AB, 
    0x8BCB, 0xA46D, 0xACAE, 0x734A, 0x2143, 0x2123, 0x2964, 0x2984, 0x39C5, 0x2143, 0x39C5, 0x1903, 
    0x0121, 0x09A1, 0x0901, 0x0060, 0x2123, 0x31A5, 0x18E2, 0x0040, 0x4206, 0x5287, 0x4A46, 0x4A46, 
    0x4A26, 0x5267, 0x5A87, 0x5287, 0x4A26, 0x2984, 0x1903, 0x7B8B, 0xB4EF, 0xB4F0, 0xA48D, 0xB4EF, 
    0x4206, 0x1903, 0x2964, 0x3184, 0x2964, 0x2984, 0x2964, 0x2943, 0x0060, 0x3AA3, 0x5384, 0x63C4, 
    0x4282, 0x1061, 0x71E5, 0x5184, 0x8267, 0x8246, 0x7226, 0x9AE8, 0x6A06, 0x9B29, 0x49A4, 0x0040, 
    0x3102, 0x20C1, 0x1081, 0x20C1, 0x4163, 0x3943, 0x1060, 0x1060, 0x18A1, 0x1881, 0x18A1, 0x4984, 
    0x4984, 0x7226, 0xAB29, 0x92A8, 0x8246, 0x9AC8, 0x7A06, 0x5184, 0x7A46, 0x8A67, 0x8226, 0x69C5, 
    0x1881, 0x18A1, 0x3903, 0x20C1, 0x30E2, 0x3922, 0x20A1, 0x1101, 0x4383, 0x6BE4, 0x4B84, 0x5BC4, 
    0x6BE4, 0x6C04, 0x4AE2, 0x0861, 0x2902, 0x3923, 0x4943, 0x4123, 0x28E2, 0x28E2, 0x20E2, 0x3902, 
    0x7206, 0x9AC9, 0x9AE9, 0x59A5, 0x30E2, 0x7226, 0xA329, 0x7226, 0x18A1, 0x3122, 0x1881, 0x18A1, 
    0x3102, 0x20C1, 0x0860, 0x28E2, 0x0840, 0x41C5, 0x7B29, 0x2102, 0x5184, 0x69E5, 0x8A87, 0x8A88, 
    0x61C5, 0x7A26, 0x71E6, 0x3923, 0x18C2, 0x5184, 0x61A4, 0x5184, 0x30E2, 0x08A0, 0x53A4, 0x63E3, 
    0x5383, 0x4B43, 0x4343, 0x2A83, 0x19C2, 0x2143, 0x5A87, 0x5AA7, 0x5266, 0x6AE8, 0x7329, 0x6B08, 
    0x5AA7, 0x838A, 0x6AE8, 0x5AC7, 0x62E7, 0x7308, 0x4A46, 0x5266, 0x838A, 0x9C2B, 0x9C2C, 0x9C4C, 
    0xB4AE, 0xA46D, 0xBCEF, 0x8BEB, 0x8BAA, 0x93EB, 0x93EB, 0x7B69, 0x9C2C, 0x93EB, 0x8BCA, 0x8BCB, 
    0x940B, 0x8BAA, 0x940B, 0x940B, 0x8BCB, 0x93EB, 0x8BAA, 0x7B69, 0x8BCA, 0x83AA, 0x5AA7, 0x5AA7, 
    0x7329, 0x7349, 0x7B49, 0x6AE8, 0x62C7, 0x62E8, 0x5266, 0x31A4, 0x2143, 0x1923, 0x1102, 0x1182, 
    0x19C2, 0x19E2, 0x1A02, 0x2242, 0x2A43, 0x2A83, 0x2AA3, 0x22A3, 0x2AE3, 0x3323, 0x3323, 0x3323, 
    0x2AC3, 0x2AC3, 0x2AC3, 0x2AC3, 0x2AC3, 0x2AC3, 0x2AC3, 0x2AE3, 0x0901, 0x18C2, 0x31A4, 0x4A46, 
    0x39E5, 0x4206, 0x4A46, 0x5A87, 0x4A26, 0x2144, 0x2963, 0x4A26, 0x39E6, 0xB4EF, 0xB4EF, 0x942C, 
    0xBD10, 0x7B8B, 0x39C5, 0x2944, 0x2944, 0x31A5, 0x39C5, 0x2964, 0x31A5, 0x31A4, 0x2984, 0x18C2, 
    0x0921, 0x0941, 0x0060, 0x0020, 0x0881, 0x1902, 0x10A1, 0x10C2, 0x2984, 0x4A46, 0x4205, 0x4A46, 
    0x4A46, 0x4A46, 0x5A87, 0x4A46, 0x5266, 0x5246, 0x31A5, 0x39A5, 0x31A4, 0x940C, 0xCD91, 0x4A47, 
    0x2103, 0x2964, 0x3184, 0x2944, 0x2964, 0x31A5, 0x2964, 0x2963, 0x0081, 0x2A62, 0x3B23, 0x63E4, 
    0x42C3, 0x1081, 0x61A4, 0x7A06, 0x59A4, 0x7205, 0x9287, 0x8A87, 0x7A46, 0x9B09, 0xA3AB, 0x3963, 
    0x1081, 0x18A1, 0x18A1, 0x3102, 0x3102, 0x18A1, 0x1881, 0x1881, 0x0840, 0x41A4, 0x8B8B, 0x0860, 
    0x59E5, 0xAB49, 0x9AC8, 0x9AC8, 0xA309, 0x7A46, 0x8A87, 0x3923, 0x61C4, 0x7A26, 0x4944, 0x1061, 
    0x18A1, 0x3923, 0x28E2, 0x20C1, 0x20C2, 0x30E2, 0x20A1, 0x1121, 0x4BA3, 0x6C04, 0x4383, 0x5BA4, 
    0x6BE4, 0x6C04, 0x4AE2, 0x1061, 0x5164, 0x3923, 0x3102, 0x3923, 0x3923, 0x4943, 0x28E2, 0x1881, 
    0x61C5, 0x8A67, 0x69E5, 0x28E2, 0x6A26, 0xAB29, 0x8AA8, 0x8AA8, 0x82A8, 0x4184, 0x0861, 0x18A1, 
    0x4163, 0x18A1, 0x4183, 0x3923, 0x1081, 0x2943, 0x8BAB, 0x3143, 0x3923, 0x61C5, 0x7206, 0x7206, 
    0x7A26, 0x7206, 0x7A26, 0x69E5, 0x61A5, 0x3923, 0x4143, 0x4964, 0x30E2, 0x0880, 0x4B84, 0x6C04, 
    0x5BA3, 0x4343, 0x3B23, 0x32E3, 0x2223, 0x1923, 0x4205, 0x4A46, 0x62A7, 0x62A7, 0x5A86, 0x5266, 
    0x6AE8, 0x5AA7, 0x62C8, 0x5266, 0x62C7, 0x7328, 0x5266, 0x31A4, 0x5AA7, 0x7B49, 0x9C2C, 0xA46D, 
    0xB4CE, 0xA44C, 0x9C2C, 0xA44C, 0x940B, 0x8BAA, 0x8BAA, 0x93EB, 0x838A, 0x7349, 0x940B, 0x838A, 
    0x7B69, 0x8BCA, 0x940C, 0x9C2C, 0x8BCA, 0x8BCA, 0x8BCA, 0x9C4C, 0xB4EE, 0xB4CE, 0xA44C, 0x8BCA, 
    0x7349, 0x5AC7, 0x5A87, 0x7308, 0x4A46, 0x5267, 0x4205, 0x2963, 0x1902, 0x1903, 0x1902, 0x1122, 
    0x11A2, 0x19E2, 0x11E2, 0x1A02, 0x2A63, 0x1A02, 0x2262, 0x2AC3, 0x2AC3, 0x2AC3, 0x2AC3, 0x2AC3, 
    0x2AE3, 0x2AE3, 0x3303, 0x3303, 0x3303, 0x3303, 0x3303, 0x32E3, 0x2AA3, 0x1101, 0x18C2, 0x3A06, 
    0x39E5, 0x4A46, 0x5246, 0x4205, 0x4A26, 0x5A87, 0x5A87, 0x5287, 0x39E5, 0x4A26, 0x7B6A, 0xC530, 
    0x6B09, 0x3185, 0x2143, 0x2984, 0x3184, 0x31A5, 0x31A5, 0x31A5, 0x3184, 0x2984, 0x2964, 0x18E2, 
    0x0040, 0x10A1, 0x7B6A, 0x83AB, 0x2123, 0x0000, 0x0040, 0x18E2, 0x2123, 0x3184, 0x41E5, 0x4206, 
    0x5267, 0x4A46, 0x4A26, 0x4A26, 0x5267, 0x5267, 0x4A46, 0x39E5, 0x3184, 0x4A47, 0x62C9, 0x2144, 
    0x2944, 0x3184, 0x3184, 0x3184, 0x2964, 0x3184, 0x2964, 0x0881, 0x0040, 0x32A2, 0x5383, 0x6C04, 
    0x42C3, 0x1081, 0x5184, 0x69C5, 0x69C5, 0x7206, 0x7A26, 0x9287, 0x7A46, 0x92C8, 0x8AC8, 0x5A26, 
    0x0881, 0x4163, 0x18A1, 0x28E1, 0x1081, 0x18A1, 0x28E2, 0x18A1, 0x49C5, 0x72E8, 0x6287, 0x0860, 
    0x3123, 0x92C8, 0x92A7, 0x9AC8, 0x9AE9, 0x8A87, 0x92A8, 0x7A46, 0x5184, 0x3102, 0x20C2, 0x28E2, 
    0x5164, 0x5164, 0x1881, 0x28E2, 0x3902, 0x30E2, 0x1881, 0x1941, 0x4BA3, 0x63E4, 0x53A3, 0x5383, 
    0x5BC4, 0x6C04, 0x4B03, 0x0861, 0x2902, 0x3102, 0x4123, 0x5163, 0x4943, 0x5964, 0x30E2, 0x1881, 
    0x4943, 0x30E2, 0x4123, 0x8AC8, 0x92C8, 0x8267, 0x8AA8, 0x92A8, 0x6A06, 0x20C2, 0x6266, 0x5205, 
    0x20A1, 0x18A1, 0x3963, 0x2902, 0x20E2, 0x3143, 0x6287, 0x20E2, 0x4143, 0x8A87, 0x8247, 0x8247, 
    0x8247, 0x8246, 0x69E5, 0x7A26, 0x71E5, 0x5184, 0x4123, 0x4123, 0x3902, 0x08A0, 0x4B64, 0x5BC3, 
    0x4B83, 0x4B63, 0x3303, 0x2AE3, 0x2AC3, 0x21C3, 0x2123, 0x39C5, 0x4A46, 0x4A26, 0x41E5, 0x4A46, 
    0x62A7, 0x4A46, 0x5A87, 0x5246, 0x5266, 0x5266, 0x4A46, 0x4A25, 0x5246, 0x6AE8, 0x93EB, 0x9C0B, 
    0x93EB, 0xA46D, 0x9C2C, 0xA46D, 0x8BAA, 0x7B49, 0x93EB, 0x93EB, 0x6B08, 0x62E8, 0x6B08, 0x7329, 
    0x8369, 0x838A, 0x838A, 0x83AA, 0x9C2B, 0xA46C, 0xACAE, 0xB4EF, 0xBD0F, 0xB4CE, 0x9C4C, 0x9C4C, 
    0xA44C, 0x7B69, 0x5AA7, 0x5266, 0x62C7, 0x4205, 0x2984, 0x2984, 0x4A26, 0x62E8, 0x6AE8, 0x5246, 
    0x2183, 0x1182, 0x1202, 0x1A22, 0x1A02, 0x2283, 0x2AA3, 0x32E3, 0x2AE3, 0x3303, 0x2B03, 0x2AE3, 
    0x3303, 0x3323, 0x3323, 0x3323, 0x3323, 0x3323, 0x3323, 0x3303, 0x3323, 0x1182, 0x1102, 0x2163, 
    0x39E5, 0x31C5, 0x41E5, 0x4A26, 0x5267, 0x62C8, 0x5287, 0x5267, 0x4A46, 0x31A4, 0x4A26, 0x83CB, 
    0x3184, 0x2123, 0x2943, 0x31A5, 0x2984, 0x31A5, 0x31A5, 0x39C5, 0x2964, 0x2964, 0x2143, 0x0861, 
    0x10A2, 0x6AC8, 0xA46D, 0xA48E, 0x732A, 0x5A87, 0x3164, 0x0020, 0x10A1, 0x2123, 0x39C5, 0x39C5, 
    0x4A26, 0x4A26, 0x4A26, 0x4226, 0x5266, 0x4A26, 0x4205, 0x5AA7, 0x5267, 0x5267, 0x39A5, 0x1903, 
    0x3184, 0x2964, 0x2964, 0x31A4, 0x2984, 0x2964, 0x2964, 0x0060, 0x1101, 0x32C2, 0x53C3, 0x63E4, 
    0x3A82, 0x1061, 0x5984, 0x4963, 0x69E5, 0x7206, 0x8267, 0xA2E9, 0xA309, 0xA309, 0x59C5, 0x3943, 
    0x0040, 0x28C2, 0x28E2, 0x3943, 0x2902, 0x20C1, 0x20C1, 0x3143, 0x7AE8, 0x6AA7, 0x3943, 0x4143, 
    0x1881, 0x6A06, 0x8A87, 0xA329, 0xA329, 0x8A87, 0x8247, 0x7A46, 0x3903, 0x1081, 0x3102, 0x5184, 
    0x61A5, 0x5164, 0x1881, 0x28C2, 0x3102, 0x30E2, 0x1881, 0x1941, 0x4BA3, 0x63E4, 0x5383, 0x5BA4, 
    0x63C4, 0x6C24, 0x5323, 0x0860, 0x28E2, 0x3903, 0x4123, 0x4943, 0x5984, 0x5984, 0x4143, 0x28E2, 
    0x3102, 0x59C5, 0x7A46, 0xAB2A, 0xAB6A, 0x92C8, 0x92C8, 0x8247, 0x7226, 0x6226, 0x5A05, 0x6247, 
    0x49E5, 0x1081, 0x28E2, 0x3102, 0x2922, 0x2102, 0x3964, 0x5A26, 0x4143, 0x8267, 0x9288, 0x8267, 
    0x9267, 0x7A26, 0x6A05, 0x69E5, 0x61C5, 0x61A5, 0x5164, 0x4963, 0x30E2, 0x08A1, 0x4B43, 0x5BA3, 
    0x4B63, 0x4343, 0x3B23, 0x3B23, 0x2AE3, 0x2262, 0x1182, 0x2143, 0x2964, 0x39A5, 0x4A26, 0x5266, 
    0x4A46, 0x4A46, 0x3A05, 0x5266, 0x4205, 0x4205, 0x62C7, 0x8BCB, 0xAC8D, 0x8BCB, 0x8BAA, 0x838A, 
    0x838A, 0xA46D, 0x9C2C, 0x838A, 0x7329, 0x8369, 0x83AA, 0x838A, 0x7B49, 0x62E7, 0x5246, 0x62A7, 
    0x62E8, 0x838A, 0x838A, 0x9C2C, 0xAC8D, 0xB4CE, 0xACAD, 0xBD2F, 0xB4EF, 0xACCE, 0xACCE, 0xA46D, 
    0x93EB, 0x8BAA, 0x838A, 0x6B08, 0x5267, 0x41E5, 0x4205, 0x62C8, 0x838A, 0x8BCA, 0x7B69, 0x7B69, 
    0x5266, 0x2183, 0x11A2, 0x1A22, 0x1A22, 0x2263, 0x2A83, 0x3303, 0x3323, 0x3323, 0x3323, 0x3303, 
    0x2AE3, 0x2AE3, 0x2AE3, 0x2AE3, 0x2AE3, 0x2AE3, 0x2AC3, 0x2AE3, 0x2AE3, 0x1A02, 0x0961, 0x0881, 
    0x31A4, 0x31A5, 0x31A4, 0x4A26, 0x39E5, 0x5266, 0x5A87, 0x62C8, 0x5267, 0x5246, 0x4205, 0x4206, 
    0x2143, 0x2984, 0x2964, 0x31A5, 0x2984, 0x39C5, 0x31A5, 0x3184, 0x2984, 0x2143, 0x0861, 0x20E2, 
    0x5A67, 0xB4CE, 0x8BCB, 0x83AB, 0x940C, 0xACAE, 0x7B6A, 0x2923, 0x0881, 0x0881, 0x1903, 0x3184, 
    0x4A26, 0x4206, 0x4A26, 0x4A26, 0x5266, 0x4A26, 0x5246, 0x5267, 0x5AA7, 0x7329, 0x3184, 0x2123, 
    0x2964, 0x2984, 0x3184, 0x3184, 0x3184, 0x2944, 0x2123, 0x08A1, 0x2262, 0x4B43, 0x5BA3, 0x63E4, 
    0x3242, 0x1041, 0x61A5, 0x5184, 0x5984, 0x69C5, 0x8A87, 0x8A87, 0xA2E9, 0x8A87, 0x3102, 0x20C2, 
    0x3123, 0x18A1, 0x4163, 0x3123, 0x4143, 0x3123, 0x41A5, 0xAC2C, 0x5205, 0x4123, 0x59C5, 0x8AA8, 
    0x3123, 0x3102, 0x7226, 0x8A88, 0x8267, 0x8A67, 0x9AA8, 0x7A06, 0x28C2, 0x20A1, 0x4963, 0x69C5, 
    0x5984, 0x5164, 0x20C1, 0x20C2, 0x30E2, 0x3902, 0x20A1, 0x1921, 0x4BA3, 0x6BE4, 0x4B63, 0x5383, 
    0x63C4, 0x6C04, 0x4B03, 0x0820, 0x3902, 0x5143, 0x3923, 0x5164, 0x71E5, 0x5184, 0x4143, 0x20C2, 
    0x3103, 0xAB4A, 0xAB4A, 0xAB4A, 0xAB6A, 0xA329, 0x8267, 0x7226, 0x92C8, 0xAB4A, 0x4964, 0x5226, 
    0x8309, 0x18A1, 0x4184, 0x7A86, 0x4184, 0x18A1, 0x2903, 0x7287, 0x4163, 0x7A26, 0x9AC8, 0x7226, 
    0x8247, 0x8247, 0x8247, 0x69E5, 0x5184, 0x5184, 0x61A4, 0x5184, 0x3903, 0x0880, 0x4323, 0x63C4, 
    0x5363, 0x3B23, 0x4B63, 0x4343, 0x2AE3, 0x32E3, 0x1A62, 0x1142, 0x1902, 0x2963, 0x39C5, 0x4205, 
    0x39E5, 0x5246, 0x4205, 0x31C4, 0x39E5, 0x5AA7, 0x8BCA, 0xACAD, 0xAC8D, 0xAC8D, 0x9C4C, 0x93EB, 
    0x940B, 0xA48D, 0xA46D, 0x6B08, 0x7B49, 0x8BAA, 0x7308, 0x6B08, 0x838A, 0x62C7, 0x4A26, 0x4205, 
    0x5246, 0x6B08, 0x93EB, 0x9C2C, 0xACAE, 0xB4EE, 0xB4EE, 0xB4CE, 0xB4CE, 0xA48D, 0xACCE, 0x9C4C, 
    0x83AA, 0x7B49, 0x8BAA, 0x838A, 0x39E5, 0x4A26, 0x6AE8, 0x8BAA, 0x9C2C, 0x93EB, 0x7349, 0x83AA, 
    0x6B08, 0x41E5, 0x2143, 0x19C2, 0x2282, 0x2AA3, 0x2AE3, 0x3303, 0x3303, 0x3303, 0x3303, 0x3303, 
    0x2AE3, 0x2AE3, 0x2AE3, 0x2AE3, 0x2AE3, 0x2AC3, 0x32A4, 0x3AE4, 0x2AA3, 0x22A3, 0x11E2, 0x0861, 
    0x1902, 0x39C5, 0x31A5, 0x4A26, 0x39C5, 0x5A87, 0x5A87, 0x5267, 0x4A26, 0x5A87, 0x7329, 0x31A5, 
    0x2164, 0x2984, 0x31A4, 0x2984, 0x31A5, 0x3184, 0x2964, 0x2964, 0x2963, 0x0881, 0x10A1, 0x93EC, 
    0xB4EF, 0x734A, 0x7B8A, 0x838A, 0x7329, 0x7B6A, 0x8BCB, 0xACCE, 0x4A47, 0x1081, 0x10A1, 0x0881, 
    0x31A5, 0x39E5, 0x41E5, 0x39C5, 0x4A26, 0x4A46, 0x4206, 0x5267, 0x62E8, 0x7309, 0x2123, 0x2964, 
    0x2944, 0x2964, 0x3184, 0x2964, 0x2944, 0x2143, 0x10C2, 0x08A0, 0x2282, 0x3B02, 0x4323, 0x5384, 
    0x3242, 0x1041, 0x61A5, 0x5184, 0x69C5, 0x69C5, 0x7206, 0x92A8, 0x7A46, 0x3102, 0x0840, 0x59E5, 
    0xAB8A, 0x49A4, 0x20E2, 0x18C1, 0x3123, 0x5A46, 0x938A, 0x5A05, 0x18C2, 0x5164, 0x92A7, 0x9AE8, 
    0x9287, 0x20A2, 0x4923, 0x7A26, 0x7A26, 0x8A87, 0xA2C8, 0x5184, 0x20A1, 0x28E2, 0x5984, 0x71E5, 
    0x5984, 0x3923, 0x28E2, 0x28E2, 0x3902, 0x3922, 0x20A1, 0x1921, 0x53A4, 0x63E4, 0x4B83, 0x5BA4, 
    0x6BE4, 0x63E4, 0x42E2, 0x0840, 0x28E2, 0x4943, 0x3923, 0x3903, 0x5984, 0x61A4, 0x5984, 0x20C2, 
    0x4143, 0x92C8, 0x9AE8, 0xA309, 0xA309, 0x8A87, 0x8267, 0xAB4A, 0x92C8, 0x8247, 0x69C5, 0x3923, 
    0x2902, 0x18A1, 0xA3CB, 0x7AA7, 0x4184, 0x18C2, 0x28E2, 0x4984, 0x9AC8, 0x9288, 0x8246, 0x8A87, 
    0x8A87, 0x61C5, 0x7206, 0x5184, 0x59A4, 0x71E5, 0x5184, 0x5164, 0x3902, 0x0080, 0x3B03, 0x4B63, 
    0x4323, 0x5363, 0x3323, 0x2AE3, 0x3B03, 0x3AE3, 0x2AC3, 0x1A02, 0x1122, 0x1102, 0x2143, 0x31A4, 
    0x31A4, 0x3184, 0x2964, 0x2143, 0x4A25, 0x8BCA, 0xA46C, 0xB4AD, 0xA44C, 0xAC8D, 0xACAD, 0xA46D, 
    0x8BCA, 0x838A, 0x8BCA, 0x8BAA, 0x7B49, 0x62C7, 0x5AA7, 0x5AA7, 0x62E8, 0x5246, 0x4A25, 0x31C4, 
    0x39E5, 0x5A86, 0x7B69, 0xA46D, 0x9C4C, 0xA48D, 0xA48E, 0xA46D, 0xA46D, 0x8BEB, 0x940C, 0x93EB, 
    0x8BAA, 0x7B69, 0x838A, 0x7308, 0x4A46, 0x7329, 0x838A, 0x940B, 0x8BCA, 0x7B69, 0x940B, 0x6B08, 
    0x6AE8, 0x6AE8, 0x4A26, 0x1122, 0x19E2, 0x1A42, 0x2283, 0x22A3, 0x2AC3, 0x2AE3, 0x2AE3, 0x2AE3, 
    0x3324, 0x3323, 0x3323, 0x3323, 0x3303, 0x3B04, 0x83EB, 0x7389, 0x32C3, 0x2B03, 0x22A2, 0x0941, 
    0x0040, 0x1923, 0x39E5, 0x4A46, 0x4A26, 0x4A46, 0x4205, 0x5287, 0x5A87, 0x62C8, 0x6B08, 0x2964, 
    0x2964, 0x31A4, 0x3184, 0x39C5, 0x3184, 0x3184, 0x3184, 0x2964, 0x1081, 0x10A2, 0xA48E, 0xACAE, 
    0x8BCB, 0x83AB, 0x8BCB, 0x838A, 0x7349, 0x838A, 0x838A, 0x8BCB, 0x940C, 0xACAE, 0x7B6A, 0x0040, 
    0x0861, 0x1903, 0x3184, 0x41E5, 0x39C5, 0x5246, 0x5287, 0x5267, 0x5A87, 0x6AE8, 0x3184, 0x2123, 
    0x2964, 0x31A5, 0x2964, 0x2944, 0x2944, 0x10A2, 0x00A1, 0x11C1, 0x2262, 0x4302, 0x5BA3, 0x4283, 
    0x2121, 0x20C2, 0x61C5, 0x7A06, 0x8A67, 0x59A4, 0x20C1, 0x1881, 0x18A1, 0x0860, 0x59A4, 0x8A87, 
    0x9B09, 0xAB8B, 0x7A67, 0x7AA8, 0x2902, 0x3964, 0x3123, 0x7A66, 0x61A4, 0x28E2, 0x5184, 0x92A8, 
    0xA309, 0x8267, 0x3923, 0x59C5, 0x9AE9, 0x8A67, 0x8A67, 0x3923, 0x28C2, 0x4964, 0x69C5, 0x5984, 
    0x5984, 0x3102, 0x28E2, 0x30E2, 0x3902, 0x3923, 0x20A1, 0x1121, 0x4B63, 0x5BA4, 0x4383, 0x53A4, 
    0x63E4, 0x63E4, 0x42C3, 0x0840, 0x3923, 0x28E2, 0x4963, 0x61A4, 0x5984, 0x3903, 0x4964, 0x69E5, 
    0x28C2, 0x9AE8, 0xAB29, 0x9AE9, 0x92C8, 0x92C8, 0x92A8, 0x8AA8, 0x7A26, 0x8267, 0x71E6, 0x4144, 
    0x0020, 0x2902, 0x8287, 0x3923, 0x3102, 0x2902, 0x20C2, 0x8266, 0x5184, 0x92A8, 0x8267, 0x8247, 
    0x8247, 0x8226, 0x5184, 0x61C5, 0x69C5, 0x61A4, 0x5984, 0x5184, 0x30E2, 0x0080, 0x3B03, 0x5B83, 
    0x4B43, 0x4B43, 0x4343, 0x3B23, 0x4B44, 0x3B03, 0x32C3, 0x32C3, 0x2242, 0x19E2, 0x1982, 0x1943, 
    0x1902, 0x1902, 0x1923, 0x31A4, 0x62A7, 0x8BCA, 0x7B69, 0xAC8D, 0x9C2C, 0x9C4C, 0x93EB, 0x940B, 
    0x940B, 0x7328, 0x83AA, 0x62C7, 0x6AE8, 0x7B49, 0x62C7, 0x6AE8, 0x5246, 0x4205, 0x31C4, 0x39E5, 
    0x5AA7, 0x8BAA, 0x9C2C, 0xACAE, 0xA44D, 0xA46D, 0x940C, 0xA44C, 0x9C4C, 0x9C2C, 0x9C2C, 0x7329, 
    0x6AE8, 0x7308, 0x8BAA, 0x7349, 0x8369, 0x8369, 0x9C2B, 0x8BCA, 0x8389, 0x93EB, 0x6B08, 0x7B69, 
    0x5267, 0x5AA7, 0x5266, 0x39C5, 0x1962, 0x3303, 0x3323, 0x3324, 0x3323, 0x3323, 0x3323, 0x3323, 
    0x2AE3, 0x2AC3, 0x2AE3, 0x2AC3, 0x2AC3, 0x2AA3, 0x4245, 0x3A05, 0x21C3, 0x32A3, 0x32A3, 0x11E1, 
    0x11A2, 0x08A1, 0x2123, 0x31A4, 0x41E5, 0x39E5, 0x4206, 0x5266, 0x4226, 0x5AC8, 0x7329, 0x2944, 
    0x2143, 0x3184, 0x2984, 0x3184, 0x3184, 0x2964, 0x2964, 0x2123, 0x0861, 0x31A5, 0x62E9, 0xB510, 
    0x9C4D, 0x83AB, 0x7B8A, 0x838A, 0x7B4A, 0x83AB, 0x7B8A, 0x838A, 0x83AB, 0x83AB, 0x8BEB, 0xA46E, 
    0x6AE9, 0x0000, 0x10A1, 0x2943, 0x39E5, 0x4A26, 0x39E5, 0x4226, 0x5267, 0x6AE8, 0x41E5, 0x2143, 
    0x2964, 0x2964, 0x2964, 0x2964, 0x10C2, 0x0060, 0x0901, 0x1221, 0x2282, 0x32C2, 0x5BC3, 0x3222, 
    0x1061, 0x4963, 0x5184, 0x7205, 0x69E5, 0x61E5, 0x7A46, 0x7A26, 0x1060, 0x4123, 0x9AE9, 0x9AE9, 
    0x92C8, 0xA309, 0x9AE9, 0x6A26, 0x20C2, 0x18A1, 0x4984, 0xA309, 0x8A87, 0x4143, 0x3923, 0xA309, 
    0x92A8, 0xA2E8, 0x8A87, 0x7226, 0x7226, 0x7A46, 0x8A67, 0x28C2, 0x3902, 0x59A4, 0x71E5, 0x4964, 
    0x5164, 0x5164, 0x3102, 0x3102, 0x2902, 0x3922, 0x28C2, 0x1121, 0x4343, 0x63A4, 0x53A3, 0x5BC4, 
    0x63C4, 0x63C4, 0x42E3, 0x0840, 0x3923, 0x4123, 0x4143, 0x5163, 0x3923, 0x3923, 0x92A8, 0x8A67, 
    0x4964, 0x59A4, 0x9AE9, 0x92C8, 0x7A47, 0x8287, 0xAB09, 0x8267, 0x7A46, 0x92A8, 0x92C8, 0x4964, 
    0x18C1, 0x69E5, 0x92C8, 0x8A88, 0x7206, 0x3943, 0x0881, 0x4964, 0x8A87, 0x8A67, 0x9287, 0x8267, 
    0x69C5, 0x7A06, 0x71E5, 0x69C5, 0x5184, 0x61A4, 0x5984, 0x4963, 0x30E2, 0x0080, 0x32C3, 0x63C3, 
    0x5BA3, 0x4B63, 0x3303, 0x3303, 0x3B03, 0x32E3, 0x32C3, 0x2AC3, 0x2282, 0x22A2, 0x1A42, 0x19C2, 
    0x21C2, 0x1162, 0x1142, 0x39E5, 0x6AE8, 0x7B49, 0x8369, 0x8BCA, 0x7B49, 0x940B, 0x8BCA, 0x6B08, 
    0x6AE8, 0x7B49, 0x8BCA, 0x7328, 0x6B08, 0x7349, 0x6AE8, 0x4A25, 0x5246, 0x31C4, 0x4A46, 0x7B49, 
    0xA46D, 0xB4AE, 0xAC6D, 0xA46D, 0xB4CE, 0xA46D, 0x93EB, 0x9C2C, 0x8BCB, 0x9C4C, 0x7B69, 0x7329, 
    0x7B69, 0x7B69, 0x7328, 0x7B49, 0x8369, 0x7329, 0x8BCA, 0x93EB, 0x7B49, 0x7B49, 0x7329, 0x62C7, 
    0x62C7, 0x5266, 0x4205, 0x4A26, 0x1943, 0x1A22, 0x2AA3, 0x2AE3, 0x2AE3, 0x2AE3, 0x2AE3, 0x2AE3, 
    0x3303, 0x3303, 0x3303, 0x3303, 0x3303, 0x3303, 0x2AA3, 0x2223, 0x3263, 0x3AA3, 0x2A82, 0x1A02, 
    0x0121, 0x0020, 0x0861, 0x10A2, 0x2964, 0x31A5, 0x41E5, 0x4205, 0x5267, 0x5A87, 0x7329, 0x41E5, 
    0x2943, 0x2964, 0x3184, 0x31A4, 0x31A5, 0x2964, 0x2103, 0x0881, 0x10C2, 0x62C7, 0x39E5, 0x62E9, 
    0xACCF, 0xACAE, 0x8BCB, 0x7349, 0x83AB, 0x83AB, 0x838A, 0x83AB, 0x838A, 0x7B6A, 0x83AB, 0x942C, 
    0x8BAB, 0x7329, 0x2123, 0x0020, 0x1903, 0x39E5, 0x39E5, 0x31C5, 0x4A46, 0x62A7, 0x2964, 0x2984, 
    0x2944, 0x2143, 0x2123, 0x10A1, 0x08A1, 0x0921, 0x19E2, 0x2262, 0x32E3, 0x4B43, 0x5BC4, 0x3242, 
    0x18A1, 0x5184, 0x69C5, 0x5164, 0x59A4, 0x8267, 0x9AA8, 0x7A06, 0x1061, 0x8267, 0xA2E9, 0xAB29, 
    0xB36A, 0x8A67, 0x8AA8, 0x92C8, 0x4143, 0x28E2, 0x8287, 0x9AE9, 0x9B09, 0x7226, 0x59A5, 0x7206, 
    0x7A26, 0xA309, 0x92A8, 0x7A46, 0x69E5, 0x8246, 0x71E5, 0x28E2, 0x4143, 0x71E5, 0x71E5, 0x61A4, 
    0x4943, 0x3923, 0x4123, 0x4943, 0x4143, 0x3922, 0x1881, 0x1101, 0x4363, 0x63C4, 0x5383, 0x5383, 
    0x6BE4, 0x63E4, 0x42E3, 0x0020, 0x28E2, 0x4123, 0x4943, 0x3102, 0x4123, 0x8247, 0x8A87, 0x8267, 
    0x8267, 0x28E2, 0x9AE9, 0xA309, 0x92C8, 0x9AE8, 0x9AC8, 0x9287, 0x9AC8, 0xA2E9, 0x69E5, 0x20A1, 
    0x4163, 0x9AC8, 0x7226, 0x92C8, 0x92C8, 0x7226, 0x30E2, 0x1881, 0x5184, 0x8A87, 0x92A8, 0x8247, 
    0x7206, 0x69E5, 0x69E5, 0x69C5, 0x59A4, 0x69C5, 0x5984, 0x4123, 0x28E2, 0x08A1, 0x3B03, 0x5BA4, 
    0x5383, 0x4343, 0x4343, 0x4323, 0x3303, 0x2AE3, 0x5327, 0x6B68, 0x52E7, 0x3284, 0x2262, 0x2222, 
    0x2A02, 0x19C2, 0x1142, 0x4205, 0x62C7, 0x62C7, 0x7328, 0x7B49, 0x8369, 0x8389, 0x7B49, 0x6B08, 
    0x6AE8, 0x7328, 0x5266, 0x7328, 0x7329, 0x62C8, 0x5267, 0x4205, 0x3184, 0x4A46, 0x838A, 0x9C2C, 
    0xA46D, 0xACAD, 0xB4CE, 0x9C2C, 0x9C4C, 0x9C2C, 0x940C, 0xA44D, 0x8BCB, 0x8BAA, 0x9C2C, 0x6AE8, 
    0x62C7, 0x7328, 0x5A87, 0x6B08, 0x8BAA, 0x83AA, 0x8BAA, 0x838A, 0x7329, 0x5AA7, 0x4205, 0x5A87, 
    0x5266, 0x4226, 0x39E5, 0x39C4, 0x1902, 0x19E2, 0x2AC3, 0x3303, 0x3303, 0x3303, 0x3303, 0x3303, 
    0x3303, 0x3303, 0x3303, 0x3323, 0x3323, 0x3B44, 0x4B45, 0x32C3, 0x3B03, 0x2AA3, 0x19E2, 0x21A2, 
    0x3184, 0x39A5, 0x3184, 0x0881, 0x10A1, 0x2123, 0x31A5, 0x41E5, 0x4A46, 0x4A47, 0x6AE8, 0x4205, 
    0x2143, 0x2964, 0x3184, 0x2964, 0x3184, 0x1903, 0x0881, 0x0020, 0x2143, 0x7349, 0x4A46, 0x31A4, 
    0x39C5, 0x940C, 0x9C4D, 0x940C, 0x83AB, 0x83AB, 0x838A, 0x7B6A, 0x7B6A, 0x7B6A, 0x734A, 0x7B6A, 
    0x8BCB, 0xAC8E, 0x6B09, 0x39A5, 0x0881, 0x18E2, 0x3184, 0x39C5, 0x4A46, 0x5A87, 0x2964, 0x2964, 
    0x2944, 0x18E2, 0x08A1, 0x0080, 0x0941, 0x1A22, 0x2202, 0x2A62, 0x3303, 0x4B63, 0x5BE4, 0x3A62, 
    0x1881, 0x5984, 0x61A4, 0x5164, 0x71E5, 0x7226, 0x7A06, 0x4963, 0x3923, 0x8267, 0x9AC8, 0x9AE8, 
    0x92A8, 0x92C8, 0xA309, 0x92C8, 0x4144, 0x3943, 0x92E8, 0x8AA8, 0x92A8, 0x9AE9, 0x7A46, 0x5164, 
    0x4164, 0x8246, 0x8246, 0x7A26, 0x8A47, 0x8246, 0x4964, 0x3923, 0x59A4, 0x69C5, 0x61A4, 0x6184, 
    0x4943, 0x28E2, 0x4123, 0x2902, 0x4123, 0x28E2, 0x10A1, 0x29E2, 0x5BA4, 0x63C4, 0x4B63, 0x4B83, 
    0x63E3, 0x5BC3, 0x4303, 0x1941, 0x18A1, 0x3922, 0x4123, 0x30E2, 0x4123, 0x8246, 0x92C8, 0x92A8, 
    0x8267, 0x4944, 0x7A26, 0x8A88, 0x92C8, 0xA309, 0x92C8, 0x8A87, 0x9288, 0x8A87, 0x4143, 0x20E2, 
    0x7226, 0xA2E9, 0x8A87, 0x92A8, 0x8267, 0x8A67, 0x5984, 0x0861, 0x20C1, 0x59A4, 0x69E5, 0x7206, 
    0x8246, 0x7A26, 0x59C5, 0x71E6, 0x5184, 0x5184, 0x4964, 0x4143, 0x28E2, 0x0080, 0x2A62, 0x53A3, 
    0x5BA3, 0x4343, 0x4B43, 0x4343, 0x3303, 0x5326, 0x8C0B, 0xB50F, 0x942C, 0x6307, 0x2A43, 0x2A63, 
    0x2A63, 0x2A83, 0x19A2, 0x31C4, 0x4205, 0x5266, 0x6AE8, 0x6AE8, 0x8389, 0x62C7, 0x6AE8, 0x7308, 
    0x5A87, 0x5AA7, 0x5AA7, 0x62C7, 0x62C8, 0x5287, 0x5266, 0x41E5, 0x2963, 0x6AE8, 0x9C2C, 0x9C2C, 
    0x9C2C, 0xAC8D, 0xB4CE, 0x9C2C, 0x8BAA, 0x93EB, 0x8BEB, 0x8BEB, 0x93EB, 0x7B49, 0x83AA, 0x5AA7, 
    0x5286, 0x5AA7, 0x6AE8, 0x7329, 0x83AA, 0x8BCA, 0x7349, 0x7308, 0x7B49, 0x5A87, 0x4205, 0x39E5, 
    0x41E5, 0x31A4, 0x39E5, 0x2983, 0x1102, 0x11C2, 0x2283, 0x2AE3, 0x3303, 0x3323, 0x3323, 0x3303, 
    0x2AC3, 0x2AC3, 0x2AE3, 0x2AE3, 0x2AE3, 0x2AA3, 0x3A64, 0x2A83, 0x2263, 0x0921, 0x0861, 0x39A5, 
    0xA48D, 0xA46D, 0x9C6D, 0x39A5, 0x1081, 0x0881, 0x10E2, 0x2964, 0x4206, 0x41E5, 0x62C8, 0x31A5, 
    0x2964, 0x2964, 0x3184, 0x2964, 0x18E2, 0x0081, 0x0081, 0x0881, 0x31A5, 0x5AA7, 0x5267, 0x4A47, 
    0x2964, 0x39C5, 0x942D, 0xA4AE, 0x8BEC, 0x83AB, 0x838B, 0x7B4A, 0x7B6A, 0x7B4A, 0x838A, 0x7B8A, 
    0x734A, 0x8BEC, 0xA48E, 0xA46E, 0x1903, 0x0060, 0x10C2, 0x2964, 0x4206, 0x5A87, 0x39E5, 0x2123, 
    0x10E2, 0x0061, 0x0080, 0x09A1, 0x11E2, 0x1A02, 0x2222, 0x2A82, 0x2AC3, 0x4363, 0x5C04, 0x3A42, 
    0x1861, 0x5164, 0x4964, 0x61A5, 0x61C5, 0x7206, 0x61C5, 0x18C2, 0xA2E9, 0x8267, 0x92A8, 0x8A87, 
    0x8A87, 0xB34A, 0x92A8, 0x6A05, 0x28E2, 0x4984, 0xAB49, 0x8A88, 0x8247, 0x92A8, 0x9AA8, 0x7A46, 
    0x3102, 0x59A4, 0x8246, 0x8A67, 0x8A67, 0x69C5, 0x1081, 0x4143, 0x7206, 0x71E5, 0x5164, 0x5164, 
    0x4143, 0x3903, 0x3903, 0x28E2, 0x4122, 0x20A1, 0x1141, 0x3B03, 0x63A3, 0x6BE4, 0x4BA4, 0x4B84, 
    0x63C3, 0x5BC3, 0x53A3, 0x32E2, 0x0061, 0x3902, 0x3902, 0x4123, 0x5163, 0x61C5, 0x8A87, 0x9288, 
    0x92C8, 0x8247, 0x4123, 0x7206, 0x9AC8, 0x9AE8, 0x8A67, 0x8A87, 0x8A87, 0x8A87, 0x3103, 0x59C5, 
    0xAB29, 0x92A8, 0x9AC8, 0x8A67, 0x8247, 0x8247, 0x6A06, 0x2902, 0x28E2, 0x1881, 0x1881, 0x4964, 
    0x7A06, 0x8246, 0x7206, 0x69C5, 0x69C5, 0x4964, 0x4143, 0x4143, 0x3102, 0x20C1, 0x0081, 0x3B23, 
    0x5383, 0x4B43, 0x3B23, 0x2B03, 0x32A4, 0x9C4D, 0xA46D, 0xACCE, 0x942C, 0x83CA, 0x5286, 0x2A23, 
    0x2263, 0x3AC3, 0x1A42, 0x1162, 0x2963, 0x41E5, 0x5A87, 0x5A87, 0x4A26, 0x5246, 0x5266, 0x4A46, 
    0x4A46, 0x62A7, 0x7308, 0x5266, 0x4A46, 0x5A87, 0x4226, 0x2984, 0x4A25, 0x83AA, 0x9C0C, 0x9C2C, 
    0x940B, 0xAC6D, 0x940C, 0x9C4C, 0x8BCA, 0x93EB, 0x93EB, 0x7349, 0x7B69, 0x8BCB, 0x7329, 0x62C8, 
    0x5AA7, 0x5266, 0x6B08, 0x8BAA, 0x6B08, 0x7329, 0x7308, 0x62C7, 0x5AA7, 0x62C7, 0x5A87, 0x39C5, 
    0x39E5, 0x3184, 0x31A4, 0x1943, 0x1182, 0x11E2, 0x2A83, 0x2AE3, 0x2B03, 0x2B03, 0x2AE3, 0x2AE3, 
    0x3323, 0x3323, 0x3323, 0x3323, 0x3323, 0x3303, 0x2AC3, 0x2AE3, 0x0880, 0x2923, 0x7349, 0xACCE, 
    0x9C6D, 0x7B6A, 0x7329, 0x838A, 0x6B08, 0x2102, 0x0000, 0x0881, 0x2964, 0x4206, 0x4A47, 0x39E5, 
    0x31A4, 0x2143, 0x1902, 0x10A1, 0x0040, 0x0921, 0x0961, 0x10C2, 0x4206, 0x4206, 0x39C5, 0x5267, 
    0x62A7, 0x31A5, 0x31A5, 0x83CC, 0xB4CE, 0x838A, 0x736A, 0x7B8A, 0x83AB, 0x7329, 0x7B49, 0x8BEB, 
    0xB50F, 0x8BCC, 0x4206, 0x2143, 0x2984, 0x0060, 0x0040, 0x10A2, 0x2103, 0x39E5, 0x2984, 0x0061, 
    0x0040, 0x0921, 0x0981, 0x19C2, 0x21E2, 0x1202, 0x1A22, 0x32E3, 0x4B43, 0x4B83, 0x6424, 0x3A22, 
    0x1861, 0x61A4, 0x61C5, 0x5184, 0x7A06, 0x8A67, 0x69E5, 0x18A1, 0x7A46, 0x8A88, 0x8267, 0x8A87, 
    0xA329, 0x9AE9, 0x9AC8, 0x3103, 0x1081, 0x5184, 0x9AC8, 0x92A8, 0x8A87, 0x8A87, 0x9287, 0x8A87, 
    0x8246, 0x28E2, 0x59A4, 0x8226, 0x71E5, 0x30E2, 0x20C2, 0x7206, 0x71E5, 0x69C5, 0x71E5, 0x4123, 
    0x4943, 0x4123, 0x20C2, 0x4943, 0x30E2, 0x1061, 0x1182, 0x3B43, 0x5BA3, 0x6BE4, 0x4BA3, 0x53A3, 
    0x4B83, 0x5BA4, 0x6C04, 0x4323, 0x0040, 0x28C2, 0x4123, 0x28E2, 0x4963, 0x71E5, 0x61C5, 0x8A67, 
    0x9288, 0xA309, 0x7206, 0x69E5, 0x8267, 0x8247, 0x8226, 0x8A47, 0x92A7, 0x4963, 0x28C2, 0x61E5, 
    0x92C8, 0x92A8, 0x7A46, 0x8246, 0x7206, 0x7206, 0x8A67, 0x3102, 0x61C5, 0x8A47, 0x61A4, 0x28E2, 
    0x1081, 0x59A4, 0x8A47, 0x59A4, 0x59A4, 0x4964, 0x5984, 0x3943, 0x3123, 0x4143, 0x0881, 0x3303, 
    0x5B83, 0x4B63, 0x4364, 0x4343, 0x3A85, 0x7B6A, 0x8BEB, 0x942B, 0x838A, 0x62C8, 0x5A87, 0x29E3, 
    0x2A82, 0x3AA3, 0x2282, 0x19C2, 0x18E2, 0x1902, 0x3184, 0x2984, 0x39C5, 0x5246, 0x5246, 0x39C4, 
    0x6AE8, 0x6AE8, 0x4205, 0x62C7, 0x4A26, 0x39A4, 0x39C5, 0x31C4, 0x7308, 0x7B69, 0x838A, 0x9C2B, 
    0x9C0B, 0x838A, 0x7B89, 0x8BCA, 0x93EB, 0x83AA, 0x7349, 0x838A, 0x83AA, 0x7B6A, 0x62E8, 0x4A46, 
    0x5A87, 0x5266, 0x4A26, 0x7328, 0x6AE8, 0x4205, 0x4A46, 0x7B49, 0x62A7, 0x39E5, 0x39C5, 0x2963, 
    0x2143, 0x41E5, 0x2983, 0x1142, 0x2A03, 0x11E2, 0x1A02, 0x2AE3, 0x3B43, 0x3323, 0x3323, 0x3323, 
    0x3323, 0x3323, 0x3B23, 0x3323, 0x3323, 0x3323, 0x3323, 0x1101, 0x4A26, 0x7B8A, 0xACAE, 0x942C, 
    0x7349, 0x83AB, 0x7B6A, 0x7329, 0x8BEB, 0x7329, 0x08A1, 0x1181, 0x08A2, 0x2143, 0x4226, 0x39C5, 
    0x1903, 0x10A2, 0x0061, 0x00C1, 0x0961, 0x19A1, 0x1161, 0x10C2, 0x5267, 0x39E5, 0x4205, 0x4A26, 
    0x62C8, 0x5AA7, 0x4206, 0x39C5, 0x7329, 0xBD0F, 0x838A, 0x83CB, 0x838A, 0x940C, 0xA46D, 0xA46D, 
    0x4A27, 0x2964, 0x2143, 0x2964, 0x3184, 0x0060, 0x0941, 0x00E1, 0x0881, 0x10A2, 0x08A1, 0x00C1, 
    0x0981, 0x19C2, 0x2202, 0x1A02, 0x2222, 0x42C5, 0x4AE5, 0x3303, 0x3B23, 0x5BA3, 0x63E4, 0x3A22, 
    0x1861, 0x5984, 0x71E5, 0x69C5, 0x7A06, 0x7206, 0x3102, 0x3923, 0x92A8, 0x8267, 0x9AE8, 0x9AC8, 
    0x7A46, 0x8A87, 0x8A87, 0x3923, 0x59C5, 0x4123, 0x61C5, 0xAB2A, 0x9287, 0x8A67, 0x8247, 0x7A46, 
    0x8A87, 0x69E5, 0x4964, 0x59A4, 0x69C5, 0x20C2, 0x7205, 0x8226, 0x69E5, 0x61C5, 0x61A4, 0x5184, 
    0x3102, 0x3102, 0x28E2, 0x3902, 0x28E2, 0x1061, 0x1161, 0x43A3, 0x6C24, 0x4B83, 0x5383, 0x5B83, 
    0x53A3, 0x5BC3, 0x53E4, 0x4B43, 0x0060, 0x30E2, 0x3923, 0x28C2, 0x3102, 0x59A4, 0x7A26, 0x8247, 
    0x7A06, 0x7A26, 0xA309, 0x7A46, 0x8267, 0x8A67, 0x8246, 0x8A67, 0x8A67, 0x20C2, 0x59A4, 0x92A7, 
    0x92A7, 0x8267, 0x8267, 0x8246, 0x8A87, 0xA2C8, 0x7A06, 0x1060, 0x4964, 0x9287, 0x8226, 0x71E5, 
    0x59A4, 0x28E2, 0x4143, 0x69C5, 0x61C5, 0x59A4, 0x6184, 0x4964, 0x3943, 0x3923, 0x0860, 0x4303, 
    0x5BA3, 0x4B63, 0x4343, 0x32E3, 0x2A44, 0x4A26, 0x6B28, 0x7B69, 0x62C8, 0x5266, 0x39E4, 0x1982, 
    0x2262, 0x2AA3, 0x19A2, 0x4225, 0x7349, 0x8BCB, 0x7B69, 0x5266, 0x31A4, 0x2963, 0x39E5, 0x4205, 
    0x5266, 0x5266, 0x4A26, 0x4A26, 0x41E5, 0x3184, 0x39E5, 0x5A87, 0x62A7, 0x6AE8, 0x8BCA, 0x8BAA, 
    0x838A, 0x8BCB, 0x7B8A, 0x83AA, 0x8389, 0x838A, 0x838A, 0x7B49, 0x7329, 0x7329, 0x5AA7, 0x4205, 
    0x4A26, 0x4205, 0x5266, 0x5A87, 0x39E5, 0x5286, 0x5AA7, 0x62A7, 0x5246, 0x4205, 0x4A26, 0x3184, 
    0x1903, 0x1923, 0x1982, 0x19C2, 0x19C2, 0x3243, 0x2A83, 0x2AE3, 0x3303, 0x3323, 0x3323, 0x3323, 
    0x2AC3, 0x2AC3, 0x2AE3, 0x2AE3, 0x2AE3, 0x22A3, 0x1982, 0x39C5, 0x9C4D, 0xB4CF, 0x940C, 0x6B08, 
    0x7B8A, 0x8BCB, 0x7B6A, 0x9C4C, 0x83AB, 0x62C8, 0x2983, 0x0901, 0x00E1, 0x0060, 0x18E2, 0x10C2, 
    0x0061, 0x00C1, 0x0961, 0x11C1, 0x19E2, 0x21E2, 0x1141, 0x0881, 0x4206, 0x4226, 0x5267, 0x4206, 
    0x4206, 0x6B09, 0x5A87, 0x31A4, 0x39E5, 0x734A, 0xBD30, 0x940C, 0xA48E, 0x83AB, 0x5A88, 0x5267, 
    0x18E2, 0x2123, 0x3184, 0x3184, 0x2964, 0x0060, 0x09A1, 0x11C1, 0x0961, 0x0901, 0x0921, 0x11A2, 
    0x11E2, 0x2202, 0x2A43, 0x1A02, 0x2202, 0x3223, 0x3263, 0x3303, 0x32E3, 0x5B83, 0x5BA3, 0x2A02, 
    0x1881, 0x59A4, 0x51A4, 0x7205, 0x69E5, 0x5184, 0x4123, 0x3102, 0x92A8, 0x8A87, 0x92A8, 0x8A87, 
    0x8AA7, 0x8267, 0x5184, 0x7226, 0x92A8, 0x5184, 0x28E2, 0x8A67, 0x9287, 0x92A8, 0x8A87, 0x9287, 
    0x8A87, 0x7206, 0x3923, 0x18C2, 0x20E2, 0x10A1, 0x4963, 0x5184, 0x61A4, 0x5984, 0x4143, 0x3102, 
    0x28E2, 0x3922, 0x3902, 0x20C2, 0x28C2, 0x1061, 0x1161, 0x3B63, 0x4BC4, 0x5BC4, 0x5363, 0x4323, 
    0x5383, 0x63E4, 0x5BC3, 0x4343, 0x0060, 0x1881, 0x3102, 0x4943, 0x4123, 0x28E2, 0x69C5, 0x61A5, 
    0x61C5, 0x7A26, 0x8A88, 0x8A87, 0x7A46, 0x7A26, 0x8247, 0x9287, 0x92A7, 0x20C2, 0x7247, 0xA2E8, 
    0x8A67, 0x8A67, 0x9287, 0x8247, 0x92A8, 0x9287, 0x61A5, 0x28E2, 0x28E2, 0x7A26, 0x8247, 0x7A26, 
    0x8246, 0x5184, 0x3903, 0x3102, 0x4163, 0x59A4, 0x5184, 0x5164, 0x4963, 0x3102, 0x0060, 0x32C3, 
    0x53A3, 0x4B83, 0x4343, 0x3B03, 0x2AE3, 0x21A3, 0x39C4, 0x5246, 0x4205, 0x2983, 0x1982, 0x2242, 
    0x2262, 0x19A2, 0x5AA7, 0x8BCB, 0xA46D, 0xA48D, 0x9C4C, 0x8369, 0x6AE8, 0x4205, 0x31A4, 0x31A4, 
    0x41E5, 0x4A26, 0x5246, 0x39E5, 0x39C5, 0x31A4, 0x39C5, 0x5266, 0x7B49, 0x62C7, 0x6AE8, 0x7328, 
    0x7329, 0x7329, 0x93EB, 0x5AA7, 0x6B08, 0x7B49, 0x7B49, 0x62A7, 0x6B08, 0x5AA7, 0x5AA7, 0x4205, 
    0x4A46, 0x4A26, 0x4205, 0x4205, 0x4205, 0x4205, 0x62E8, 0x5A87, 0x4A26, 0x31A4, 0x4205, 0x2963, 
    0x10E2, 0x0922, 0x11A2, 0x19E2, 0x11C2, 0x2202, 0x2263, 0x2AA3, 0x2AC3, 0x2AE3, 0x2AE3, 0x2AE3, 
    0x2AE3, 0x2AE3, 0x2AE3, 0x2B03, 0x3303, 0x2A83, 0x0861, 0x62E8, 0x8BEC, 0x940C, 0x8BEB, 0x8BCB, 
    0x93EB, 0xA46D, 0x9C2C, 0x8BEC, 0x5AA8, 0x4A26, 0x31A4, 0x0040, 0x11A1, 0x1161, 0x0921, 0x00E0, 
    0x0921, 0x09A1, 0x09C1, 0x0981, 0x11A1, 0x2202, 0x11A1, 0x0881, 0x31A4, 0x4206, 0x39E5, 0x4A46, 
    0x4A26, 0x5A87, 0x5A87, 0x5267, 0x31A4, 0x39C5, 0x8BEC, 0xACAE, 0x940C, 0x4A47, 0x18E2, 0x2143, 
    0x2143, 0x31A5, 0x2964, 0x2984, 0x2964, 0x0060, 0x11C1, 0x11E2, 0x11C1, 0x0921, 0x0901, 0x0941, 
    0x0941, 0x19E2, 0x2A63, 0x2242, 0x2A43, 0x21E2, 0x1A02, 0x3323, 0x3B03, 0x5B83, 0x5BC4, 0x2A02, 
    0x1881, 0x59A4, 0x59A4, 0x69E5, 0x69E5, 0x69E5, 0x7206, 0x3923, 0x7A26, 0x9287, 0x8A87, 0x92A8, 
    0x9AC8, 0x7A26, 0x4143, 0x7226, 0x8267, 0x8267, 0x51A4, 0x4963, 0x7A26, 0x8A67, 0x7A26, 0x8246, 
    0x69E5, 0x3923, 0x1881, 0x0060, 0x0881, 0x1081, 0x0860, 0x18A1, 0x3923, 0x3923, 0x20A2, 0x28C2, 
    0x4123, 0x3923, 0x3902, 0x3102, 0x18A1, 0x10C1, 0x2222, 0x4363, 0x4B83, 0x5BA4, 0x4B83, 0x4363, 
    0x4B83, 0x63E4, 0x5BC3, 0x4B43, 0x21C1, 0x0060, 0x30E2, 0x4943, 0x4943, 0x4143, 0x3902, 0x4123, 
    0x5984, 0x5984, 0x4164, 0x5984, 0x7206, 0x7206, 0x8A47, 0x8A67, 0x69C5, 0x30E2, 0x6A06, 0x92A8, 
    0x8267, 0x9287, 0x9287, 0x92A7, 0x8A67, 0x61C5, 0x4123, 0x7A26, 0x30E2, 0x59A4, 0x8267, 0x8226, 
    0x7A06, 0x61C5, 0x59A4, 0x28E2, 0x4963, 0x69C5, 0x5184, 0x4963, 0x4943, 0x3902, 0x0040, 0x32A3, 
    0x5BA3, 0x5383, 0x4343, 0x4344, 0x3303, 0x2A83, 0x1162, 0x21A3, 0x2163, 0x1142, 0x19E2, 0x2AA2, 
    0x2A03, 0x4A66, 0x9C2C, 0xBD0F, 0xACCE, 0x9C4C, 0xACAE, 0x8BAA, 0x7B69, 0x6AE8, 0x39E5, 0x2143, 
    0x31A4, 0x31A4, 0x4205, 0x39C5, 0x2984, 0x2964, 0x3184, 0x5266, 0x6AE8, 0x7329, 0x6B08, 0x7308, 
    0x6AE8, 0x5286, 0x62C7, 0x62C7, 0x7329, 0x5AA7, 0x62C7, 0x62C7, 0x6AE8, 0x5AA7, 0x5A87, 0x4205, 
    0x39C5, 0x39C5, 0x39E5, 0x4A46, 0x6AE8, 0x4205, 0x4205, 0x4A26, 0x4A26, 0x4205, 0x39C5, 0x1902, 
    0x1122, 0x0981, 0x11C2, 0x2202, 0x2A23, 0x2223, 0x22A3, 0x2AC3, 0x2AE3, 0x2AE3, 0x2B03, 0x2AE3, 
    0x3323, 0x3323, 0x3323, 0x3323, 0x3323, 0x2AA3, 0x0881, 0x7329, 0x62C7, 0x5266, 0x7349, 0xB4CE, 
    0xACAE, 0xA44D, 0x7329, 0x31A5, 0x2984, 0x39E5, 0x3184, 0x0080, 0x1A42, 0x2282, 0x1A22, 0x1A02, 
    0x11A1, 0x10E1, 0x1902, 0x18E2, 0x1102, 0x11C1, 0x1A62, 0x11C1, 0x08C1, 0x2143, 0x31A5, 0x4A26, 
    0x4A26, 0x39E5, 0x5AA7, 0x5A87, 0x5266, 0x5267, 0x2984, 0x8BAB, 0x39A5, 0x18E2, 0x2964, 0x39E5, 
    0x31A5, 0x3184, 0x3184, 0x3184, 0x18E2, 0x08A1, 0x11A1, 0x11E1, 0x1182, 0x18E2, 0x20E2, 0x1903, 
    0x2103, 0x1182, 0x2282, 0x3B23, 0x3AC3, 0x52C5, 0x42A4, 0x4343, 0x4B63, 0x4B83, 0x53C3, 0x2A02, 
    0x18A1, 0x59A4, 0x61A4, 0x5164, 0x69E5, 0x7206, 0x7206, 0x5184, 0x7A26, 0x8A67, 0x8A67, 0x8267, 
    0x7226, 0x8A67, 0x8267, 0x69E5, 0x8247, 0x92A8, 0x8AA7, 0x3103, 0x4943, 0x61C5, 0x5184, 0x4943, 
    0x20C2, 0x0840, 0x0860, 0x18A1, 0x20C1, 0x28C2, 0x18A1, 0x1061, 0x0860, 0x18A1, 0x30E2, 0x4123, 
    0x3102, 0x3102, 0x4143, 0x4123, 0x0840, 0x1161, 0x32E2, 0x5383, 0x5B63, 0x4B63, 0x5383, 0x5BC3, 
    0x4383, 0x4B83, 0x5383, 0x5383, 0x3AE3, 0x0880, 0x20C2, 0x3923, 0x5164, 0x4963, 0x3102, 0x18A1, 
    0x20A1, 0x10A1, 0x0060, 0x18A1, 0x3102, 0x4943, 0x61C5, 0x69E5, 0x3903, 0x4123, 0x71E5, 0x8226, 
    0x8267, 0x8247, 0x7A26, 0x8267, 0x8A47, 0x5184, 0x3102, 0x9AA8, 0x5184, 0x5184, 0x8246, 0x71E5, 
    0x59A4, 0x69E5, 0x69E5, 0x4143, 0x5184, 0x59A4, 0x59A4, 0x4143, 0x3103, 0x3902, 0x0040, 0x32C3, 
    0x5BA3, 0x5363, 0x3B43, 0x3323, 0x3303, 0x3303, 0x3B03, 0x2262, 0x2242, 0x2262, 0x2282, 0x3243, 
    0x4A46, 0xA46C, 0xA46D, 0xAC8D, 0xA46C, 0x9C2C, 0x83AA, 0x8BCA, 0x7329, 0x7B49, 0x62A7, 0x2984, 
    0x2984, 0x31A4, 0x31A4, 0x3184, 0x31A4, 0x2143, 0x3184, 0x5A66, 0x5246, 0x7329, 0x7B69, 0x6B08, 
    0x5A87, 0x5A86, 0x5266, 0x7328, 0x7328, 0x62C7, 0x6AE8, 0x6AE8, 0x5A87, 0x4205, 0x4205, 0x41E5, 
    0x2963, 0x1923, 0x31A4, 0x4205, 0x4A46, 0x5AA6, 0x39C5, 0x31A4, 0x39E5, 0x4206, 0x1903, 0x1102, 
    0x1162, 0x19C2, 0x21E3, 0x3223, 0x4AA5, 0x4AC5, 0x2AA3, 0x32E3, 0x3324, 0x3323, 0x3323, 0x3323, 
    0x2AE3, 0x3303, 0x3303, 0x3303, 0x2AE3, 0x2283, 0x0861, 0x4A06, 0x6B08, 0x6B29, 0x5266, 0x4A66, 
    0x8BEB, 0x5266, 0x1903, 0x2143, 0x39E5, 0x39E5, 0x2143, 0x00C1, 0x1222, 0x2AA3, 0x2242, 0x1121, 
    0x10E2, 0x7349, 0x9C2D, 0x83AB, 0x5AA8, 0x0881, 0x19C2, 0x1A42, 0x11A2, 0x0061, 0x10C2, 0x31A5, 
    0x4206, 0x4A46, 0x4206, 0x5AA8, 0x62C8, 0x62C8, 0x5267, 0x2964, 0x1923, 0x3184, 0x39A5, 0x3184, 
    0x39E5, 0x31A5, 0x39C5, 0x2103, 0x0060, 0x11A2, 0x11C1, 0x08E1, 0x3164, 0x8BCB, 0xACAE, 0x8BEC, 
    0x8BCB, 0x39C5, 0x10E1, 0x2A83, 0x32E3, 0x4AE5, 0x3AC4, 0x3303, 0x3B23, 0x5BC3, 0x53C3, 0x29E2, 
    0x1881, 0x4943, 0x5164, 0x69E5, 0x61A5, 0x7205, 0x7A06, 0x8246, 0x5184, 0x59A5, 0x7A46, 0x8267, 
    0x6A06, 0x7206, 0x92A8, 0x8A87, 0x9287, 0x8267, 0x8A67, 0x8267, 0x30E2, 0x1060, 0x0040, 0x0861, 
    0x1081, 0x18A1, 0x20A1, 0x20C1, 0x28E2, 0x3102, 0x20C1, 0x28E2, 0x28E2, 0x18C1, 0x18A1, 0x20C2, 
    0x3923, 0x3902, 0x3902, 0x28E2, 0x0860, 0x19C2, 0x32E3, 0x32C3, 0x4B43, 0x4363, 0x4B83, 0x5BA3, 
    0x53A3, 0x4B83, 0x5BA3, 0x5383, 0x3B03, 0x0901, 0x18C1, 0x3923, 0x4143, 0x4123, 0x4943, 0x3102, 
    0x28E2, 0x28C2, 0x20C2, 0x18A1, 0x0840, 0x0840, 0x0881, 0x0840, 0x0040, 0x18A1, 0x3903, 0x59A4, 
    0x7A26, 0x71E5, 0x8246, 0x8A47, 0x7A06, 0x59A4, 0x7206, 0x7A26, 0x7A06, 0x61C5, 0x51A5, 0x69E5, 
    0x5164, 0x69E5, 0x69C5, 0x61A4, 0x4143, 0x4964, 0x4964, 0x3923, 0x4964, 0x3102, 0x0060, 0x32C3, 
    0x5BA3, 0x5383, 0x4364, 0x3B23, 0x3B04, 0x3B04, 0x4B44, 0x3AE4, 0x2AA3, 0x2AE3, 0x2A42, 0x4205, 
    0x940C, 0xACAE, 0x940B, 0x9C2C, 0xACAD, 0x940C, 0x7B49, 0x8369, 0x7328, 0x5AC7, 0x5266, 0x39E5, 
    0x1102, 0x1943, 0x2984, 0x2984, 0x2984, 0x1923, 0x2123, 0x41E5, 0x62A7, 0x4225, 0x5A87, 0x6AE8, 
    0x5A87, 0x5266, 0x6AE8, 0x5A87, 0x62C7, 0x6B08, 0x5266, 0x5266, 0x5266, 0x4205, 0x5266, 0x31A4, 
    0x2984, 0x1902, 0x2143, 0x31A4, 0x39C5, 0x4226, 0x4205, 0x39C5, 0x2943, 0x1903, 0x1102, 0x0982, 
    0x09A1, 0x21C3, 0x29E3, 0x1202, 0x19E2, 0x2A23, 0x2AC3, 0x32E3, 0x32E3, 0x3303, 0x3303, 0x2AE3, 
    0x2AC3, 0x2AC3, 0x2AC3, 0x2AC3, 0x2AE3, 0x2AA3, 0x1141, 0x10C2, 0x39E5, 0x5266, 0x5A87, 0x6B08, 
    0x6308, 0x2984, 0x2943, 0x39C5, 0x39C5, 0x1902, 0x0881, 0x0921, 0x1201, 0x19E2, 0x0880, 0x4A26, 
    0x8BCB, 0xA46D, 0xA46D, 0x838A, 0x942C, 0x940C, 0x10C2, 0x0901, 0x1A22, 0x0981, 0x0080, 0x0020, 
    0x2984, 0x4A46, 0x4226, 0x5267, 0x5267, 0x5AA7, 0x7349, 0x2143, 0x2123, 0x2984, 0x3184, 0x39C5, 
    0x3185, 0x2964, 0x10A2, 0x0081, 0x0901, 0x11E2, 0x00E0, 0x5267, 0x9C2D, 0xA46D, 0x8BEC, 0x736A, 
    0x8BEC, 0x93EC, 0x5A88, 0x08A0, 0x3323, 0x3323, 0x4323, 0x4B63, 0x4B84, 0x5383, 0x4BA3, 0x2A02, 
    0x1881, 0x5164, 0x5184, 0x4144, 0x61C5, 0x71E5, 0x8246, 0x92A7, 0x4964, 0x7226, 0x8A67, 0x9AC8, 
    0xA2E8, 0x8246, 0x7A26, 0x8267, 0x8246, 0x7A26, 0x8226, 0x5184, 0x1061, 0x0861, 0x18A1, 0x20C2, 
    0x3102, 0x20C1, 0x30E2, 0x3102, 0x28E2, 0x4122, 0x20C1, 0x20A1, 0x20C1, 0x30E2, 0x3102, 0x4122, 
    0x3102, 0x4123, 0x20C1, 0x0040, 0x1182, 0x1A42, 0x2AA3, 0x4303, 0x5363, 0x5383, 0x3B43, 0x4363, 
    0x5BC4, 0x5BA4, 0x5363, 0x4323, 0x3B23, 0x2AA2, 0x0901, 0x1881, 0x3102, 0x3902, 0x28E2, 0x4963, 
    0x4943, 0x28E2, 0x28E2, 0x20C2, 0x28C2, 0x28E2, 0x18C2, 0x20C1, 0x18A1, 0x18A1, 0x0861, 0x0840, 
    0x20A1, 0x5984, 0x8A67, 0x8226, 0x59A4, 0x69E5, 0x9267, 0x8226, 0x8226, 0x5184, 0x61C5, 0x8226, 
    0x61A5, 0x3923, 0x5984, 0x71E5, 0x61A4, 0x5984, 0x4143, 0x3102, 0x3923, 0x3123, 0x00A1, 0x2AE3, 
    0x53A3, 0x5383, 0x4344, 0x4324, 0x5B66, 0x6388, 0x2AC3, 0x6347, 0x6347, 0x3AE4, 0x2223, 0x31A5, 
    0x7B6A, 0x93EB, 0x7349, 0x838A, 0x83AA, 0x6B28, 0x838A, 0x5286, 0x5AC7, 0x5287, 0x4A26, 0x31A4, 
    0x1102, 0x1962, 0x1122, 0x1922, 0x1942, 0x1962, 0x1922, 0x2143, 0x39E5, 0x4205, 0x5A86, 0x4205, 
    0x4205, 0x5AA7, 0x5AA7, 0x5A87, 0x5266, 0x4205, 0x4A26, 0x5246, 0x31A4, 0x39E5, 0x31C4, 0x31A4, 
    0x2143, 0x1102, 0x1923, 0x2123, 0x2143, 0x39C5, 0x2963, 0x1902, 0x1102, 0x1142, 0x11A2, 0x11E1, 
    0x3A64, 0x2222, 0x3264, 0x52C6, 0x2A43, 0x1A22, 0x2AC3, 0x2AE3, 0x2AC3, 0x2AE3, 0x2AC3, 0x2AC3, 
    0x3323, 0x3324, 0x3323, 0x3303, 0x3B24, 0x32E3, 0x1A82, 0x0941, 0x08A1, 0x2123, 0x4206, 0x5AC8, 
    0x5267, 0x31A4, 0x31A5, 0x2984, 0x2103, 0x08A1, 0x00E0, 0x09A1, 0x11C1, 0x08C1, 0x62E8, 0xA46E, 
    0x940C, 0x83AB, 0x83AB, 0x83CB, 0xA48E, 0x7329, 0x6AE8, 0x39E5, 0x1141, 0x2222, 0x11C1, 0x0921, 
    0x08A1, 0x2964, 0x4A46, 0x4A67, 0x4A46, 0x4A46, 0x62C8, 0x2944, 0x2964, 0x2964, 0x2964, 0x2984, 
    0x2964, 0x08A1, 0x0081, 0x0941, 0x09C1, 0x0121, 0x31A4, 0x83AB, 0x838A, 0x93EC, 0x9C6D, 0xA48E, 
    0x5AA8, 0x4206, 0x41E5, 0x10E2, 0x19E1, 0x3B24, 0x4B44, 0x5364, 0x4363, 0x5363, 0x4B83, 0x2A02, 
    0x1881, 0x4943, 0x4143, 0x5984, 0x71E5, 0x71E5, 0x7226, 0x9287, 0x5184, 0x7206, 0x61C5, 0x69E5, 
    0x7A26, 0x71E5, 0x7A26, 0x61C5, 0x7205, 0x71E5, 0x4143, 0x18A1, 0x18A1, 0x1881, 0x20C1, 0x30E2, 
    0x28C2, 0x28E2, 0x28E2, 0x28C2, 0x20C2, 0x20A1, 0x3902, 0x30E2, 0x28E2, 0x3902, 0x4123, 0x30E2, 
    0x30E2, 0x20A1, 0x0840, 0x0941, 0x11E2, 0x2A82, 0x3B03, 0x3B03, 0x3B23, 0x3B43, 0x3B43, 0x3B43, 
    0x4364, 0x4343, 0x4323, 0x5363, 0x4323, 0x3303, 0x19E2, 0x0881, 0x18A1, 0x4123, 0x28E2, 0x3102, 
    0x4122, 0x3102, 0x4123, 0x3102, 0x28E2, 0x28E2, 0x28E2, 0x20C1, 0x3102, 0x28E2, 0x18A1, 0x1081, 
    0x1081, 0x18A1, 0x28E2, 0x5984, 0x71C5, 0x79E5, 0x69E5, 0x7A26, 0x7206, 0x69C5, 0x61A5, 0x5984, 
    0x61A4, 0x71E5, 0x69C5, 0x5184, 0x5184, 0x5164, 0x3943, 0x3102, 0x3923, 0x3102, 0x00A1, 0x3B23, 
    0x5BA3, 0x4343, 0x3B23, 0x3B23, 0x3B24, 0x3B24, 0x2AE3, 0x2A63, 0x3AA4, 0x4324, 0x2A83, 0x2964, 
    0x5266, 0x5AA7, 0x7B69, 0x7B49, 0x62C7, 0x62E8, 0x62E8, 0x5266, 0x5266, 0x4A46, 0x39E5, 0x2143, 
    0x1122, 0x21E2, 0x19C2, 0x1942, 0x39E4, 0x5AC7, 0x5AC7, 0x4A26, 0x2964, 0x3184, 0x2984, 0x31C4, 
    0x4A46, 0x39E5, 0x5A87, 0x5266, 0x4226, 0x41E5, 0x39C5, 0x39C4, 0x4226, 0x2984, 0x31A4, 0x2143, 
    0x1142, 0x1982, 0x1162, 0x1922, 0x18E2, 0x1923, 0x1923, 0x1142, 0x0981, 0x19C2, 0x29E3, 0x1A02, 
    0x2263, 0x2A83, 0x2A43, 0x2A03, 0x2A63, 0x2AE3, 0x3303, 0x3303, 0x3323, 0x3303, 0x3303, 0x3303, 
    0x3324, 0x3324, 0x3323, 0x3303, 0x3303, 0x3B24, 0x2B03, 0x1AA2, 0x0921, 0x0881, 0x0881, 0x2144, 
    0x39C5, 0x2123, 0x1902, 0x08C2, 0x08A1, 0x0941, 0x09E1, 0x11E1, 0x08C1, 0x4A26, 0x9C6D, 0x736A, 
    0x940C, 0x9C2C, 0x8BEC, 0xA48E, 0x62C8, 0x31A4, 0x4A47, 0x39C5, 0x08A1, 0x2263, 0x2AA3, 0x09E1, 
    0x0941, 0x08C1, 0x2123, 0x39C5, 0x4A26, 0x4A46, 0x5A87, 0x2944, 0x2964, 0x31A4, 0x3184, 0x1903, 
    0x0881, 0x08E1, 0x09A1, 0x11E1, 0x1A22, 0x1181, 0x18E2, 0x5266, 0x5A87, 0x5267, 0x62E8, 0x5AC8, 
    0x31A5, 0x2964, 0x2123, 0x0881, 0x0981, 0x3AA5, 0x4AC6, 0x32A3, 0x4344, 0x5383, 0x53A3, 0x2A02, 
    0x1061, 0x4123, 0x5984, 0x5164, 0x61A4, 0x59A4, 0x71E5, 0x8A67, 0x7A26, 0x61C5, 0x5184, 0x69E5, 
    0x8A67, 0x8246, 0x61C5, 0x61A5, 0x4143, 0x20C2, 0x1081, 0x1081, 0x18A1, 0x20C1, 0x28E2, 0x28C2, 
    0x3102, 0x3902, 0x3102, 0x28E2, 0x3902, 0x28E2, 0x28E2, 0x3102, 0x4123, 0x30E2, 0x30E2, 0x28E2, 
    0x1081, 0x0040, 0x0921, 0x1202, 0x2222, 0x2A82, 0x2AE3, 0x4B63, 0x53A3, 0x4343, 0x3B43, 0x4363, 
    0x4363, 0x4B63, 0x5363, 0x4343, 0x5383, 0x4343, 0x2AA2, 0x11C2, 0x08A1, 0x0840, 0x3902, 0x4123, 
    0x4143, 0x3902, 0x4943, 0x4123, 0x3902, 0x30E2, 0x30E2, 0x3102, 0x3102, 0x3102, 0x28E2, 0x28C2, 
    0x18A1, 0x10A1, 0x10A1, 0x1881, 0x5143, 0x71C5, 0x7A06, 0x7A26, 0x61A5, 0x71E6, 0x61A5, 0x5984, 
    0x59A4, 0x61C5, 0x4964, 0x59A4, 0x5184, 0x2902, 0x3923, 0x4143, 0x3102, 0x28E2, 0x0080, 0x32C3, 
    0x5363, 0x5383, 0x4363, 0x4343, 0x3323, 0x2AE3, 0x2AC3, 0x2283, 0x2AC3, 0x4344, 0x32E3, 0x21E3, 
    0x1903, 0x41E5, 0x62C8, 0x5266, 0x62C7, 0x6B08, 0x39E5, 0x5286, 0x4225, 0x3184, 0x2143, 0x1122, 
    0x11A2, 0x19E2, 0x1962, 0x5266, 0x838A, 0x9C2C, 0x940B, 0x7B69, 0x5287, 0x2963, 0x18E2, 0x2143, 
    0x31A4, 0x31A4, 0x5267, 0x31C5, 0x4A26, 0x4205, 0x31A4, 0x31A4, 0x39C5, 0x2123, 0x1902, 0x1142, 
    0x11A2, 0x29E3, 0x29E3, 0x1181, 0x0941, 0x0941, 0x19A2, 0x19E2, 0x09C1, 0x11C1, 0x19E2, 0x3A64, 
    0x1A22, 0x3AA3, 0x2A23, 0x19E2, 0x3263, 0x2AA3, 0x3303, 0x3324, 0x3324, 0x3324, 0x3303, 0x3303, 
    0x2AE3, 0x2AE3, 0x2AE3, 0x2AE3, 0x2AE3, 0x32E3, 0x3B04, 0x2AA3, 0x2242, 0x1181, 0x00C0, 0x0881, 
    0x10C2, 0x08A1, 0x0080, 0x0121, 0x1182, 0x2202, 0x2222, 0x1A02, 0x0861, 0x62C8, 0x7B6A, 0x62C8, 
    0x62C8, 0x83AB, 0x9C4D, 0x5A87, 0x2143, 0x2144, 0x2964, 0x2944, 0x08A1, 0x1A62, 0x2AA3, 0x5306, 
    0x1A02, 0x1181, 0x0881, 0x0881, 0x2943, 0x4A46, 0x5A87, 0x2964, 0x2944, 0x2944, 0x1923, 0x08A1, 
    0x00C1, 0x0961, 0x19E2, 0x2222, 0x2A83, 0x1A22, 0x0901, 0x18C2, 0x3184, 0x4A67, 0x4A46, 0x3184, 
    0x31A4, 0x18E3, 0x08C1, 0x0941, 0x11E1, 0x2223, 0x2A63, 0x2AC3, 0x3303, 0x4323, 0x4B83, 0x2A02, 
    0x1081, 0x3922, 0x5184, 0x4964, 0x61C5, 0x61C5, 0x5184, 0x69C5, 0x8A47, 0x69E5, 0x59A4, 0x61A4, 
    0x71E5, 0x69E5, 0x69C5, 0x4963, 0x18A1, 0x0860, 0x18A1, 0x20C1, 0x20C1, 0x28E2, 0x28E2, 0x20C1, 
    0x30E2, 0x3102, 0x3902, 0x30E2, 0x30E2, 0x3902, 0x3902, 0x4122, 0x3902, 0x20C1, 0x20A1, 0x1081, 
    0x0040, 0x0901, 0x11C2, 0x1202, 0x2262, 0x2282, 0x3B23, 0x53A3, 0x53A3, 0x5383, 0x5383, 0x4B83, 
    0x4B63, 0x4B83, 0x4B83, 0x3B63, 0x4B83, 0x3B23, 0x2AC2, 0x2262, 0x0941, 0x00C1, 0x1881, 0x1881, 
    0x20C2, 0x4943, 0x4123, 0x3102, 0x4123, 0x30E2, 0x28C2, 0x3102, 0x3922, 0x2902, 0x3102, 0x28E2, 
    0x28C2, 0x28E2, 0x18A1, 0x0861, 0x20C1, 0x4143, 0x69C5, 0x69E5, 0x69E5, 0x5984, 0x5984, 0x79E5, 
    0x61C5, 0x5184, 0x5984, 0x5984, 0x5184, 0x4143, 0x4143, 0x4143, 0x2902, 0x20E2, 0x08E1, 0x2282, 
    0x3B23, 0x4363, 0x3B43, 0x3323, 0x3303, 0x5B67, 0x6388, 0x3B04, 0x3303, 0x32E3, 0x2AC3, 0x2243, 
    0x1983, 0x2963, 0x2963, 0x39C5, 0x5AA7, 0x5A87, 0x4205, 0x39E5, 0x2964, 0x1923, 0x1122, 0x19A2, 
    0x2A43, 0x21A3, 0x4A46, 0x93EB, 0xA48D, 0x9C2C, 0x8BCA, 0x940B, 0x7329, 0x5287, 0x3184, 0x1902, 
    0x18E2, 0x2163, 0x39E5, 0x39E5, 0x39C4, 0x2984, 0x2964, 0x2143, 0x1923, 0x1142, 0x0942, 0x1982, 
    0x21A2, 0x21C3, 0x2203, 0x2202, 0x09A1, 0x11A2, 0x3203, 0x2A03, 0x21E2, 0x21E2, 0x2202, 0x1A22, 
    0x1A02, 0x2242, 0x1A42, 0x2263, 0x2A83, 0x2283, 0x2AE3, 0x2AE3, 0x2AE3, 0x2AE3, 0x2AC3, 0x2AC3, 
    0x3303, 0x3303, 0x3303, 0x3303, 0x3303, 0x3324, 0x5B46, 0x32A4, 0x32E3, 0x2A83, 0x1A22, 0x1202, 
    0x09A1, 0x09A1, 0x09E1, 0x2202, 0x21E2, 0x2A23, 0x3243, 0x2222, 0x0881, 0x39C5, 0x39A5, 0x62E8, 
    0x4A46, 0x5A87, 0x6B08, 0x10C2, 0x2143, 0x2964, 0x2103, 0x10E2, 0x0901, 0x1202, 0x5B67, 0xA48D, 
    0x4285, 0x1A22, 0x1141, 0x0080, 0x08A1, 0x2943, 0x5267, 0x31A4, 0x18E2, 0x0881, 0x0060, 0x08E1, 
    0x11E2, 0x19E2, 0x1A02, 0x21E2, 0x1A22, 0x1A62, 0x2242, 0x08E1, 0x08E1, 0x1903, 0x18E2, 0x10C2, 
    0x0861, 0x0080, 0x0961, 0x1A42, 0x2282, 0x2AC3, 0x3B43, 0x4363, 0x3B43, 0x3B23, 0x3B23, 0x32A2, 
    0x21E2, 0x10A1, 0x4964, 0x4143, 0x61C5, 0x61C5, 0x5164, 0x5984, 0x7206, 0x69E5, 0x8246, 0x71E5, 
    0x4143, 0x4123, 0x4123, 0x18A1, 0x1081, 0x20C1, 0x20C1, 0x28C2, 0x28E2, 0x3902, 0x30E2, 0x30E2, 
    0x28E2, 0x3102, 0x3902, 0x3922, 0x30E2, 0x30E2, 0x3902, 0x20C1, 0x18A1, 0x1061, 0x0881, 0x00C1, 
    0x0901, 0x11E2, 0x1A02, 0x1A22, 0x2AA2, 0x32C3, 0x4343, 0x4363, 0x4363, 0x3B43, 0x3323, 0x3303, 
    0x3303, 0x3323, 0x3B43, 0x3343, 0x3B43, 0x4363, 0x32E3, 0x2242, 0x1A22, 0x11C2, 0x0901, 0x00A0, 
    0x1081, 0x18C1, 0x18A1, 0x28E2, 0x3902, 0x3902, 0x3922, 0x3102, 0x3923, 0x28E2, 0x28E2, 0x28E2, 
    0x3102, 0x30E2, 0x28C2, 0x20C2, 0x1081, 0x1081, 0x3102, 0x59A4, 0x61A5, 0x59A4, 0x59A4, 0x61A4, 
    0x69C5, 0x71E5, 0x61A5, 0x3923, 0x3103, 0x4143, 0x4964, 0x3943, 0x20E2, 0x0080, 0x19E2, 0x2AC3, 
    0x4323, 0x3B23, 0x3323, 0x3B03, 0x5366, 0xACCE, 0xACAD, 0x5B07, 0x32E3, 0x3303, 0x32C3, 0x32C3, 
    0x2AA3, 0x19A2, 0x1162, 0x2983, 0x31A4, 0x31C5, 0x3184, 0x1922, 0x1122, 0x1982, 0x19C2, 0x19C2, 
    0x31C4, 0x4A46, 0x940B, 0xA44C, 0xA46C, 0x9C4C, 0x8BEB, 0x7348, 0x7B49, 0x7349, 0x5AA7, 0x2963, 
    0x1102, 0x1122, 0x1943, 0x2143, 0x2143, 0x2143, 0x2163, 0x1142, 0x19A2, 0x19E2, 0x19C2, 0x19A2, 
    0x3204, 0x2203, 0x11E2, 0x2A03, 0x29E3, 0x2A03, 0x19C2, 0x21C3, 0x2A03, 0x19E2, 0x2222, 0x1A22, 
    0x2263, 0x2262, 0x2AC3, 0x2AC3, 0x3303, 0x2AE3, 0x3303, 0x3303, 0x3303, 0x3303, 0x3303, 0x3303, 
    0x3B44, 0x3344, 0x3343, 0x3323, 0x3344, 0x3324, 0x32C4, 0x21E3, 0x42E4, 0x4344, 0x32E3, 0x22C3, 
    0x2283, 0x3284, 0x2283, 0x3284, 0x2203, 0x2262, 0x42C4, 0x2A83, 0x1A02, 0x0902, 0x1903, 0x39C5, 
    0x5246, 0x4226, 0x39C5, 0x2964, 0x3184, 0x2123, 0x10E2, 0x00C1, 0x11C1, 0x1A02, 0x62E8, 0x6AE8, 
    0x5246, 0x1982, 0x1A42, 0x1A22, 0x1161, 0x08C1, 0x2163, 0x1902, 0x0081, 0x0101, 0x0981, 0x11C1, 
    0x2222, 0x2222, 0x19C2, 0x4265, 0x3A65, 0x3224, 0x2262, 0x22A2, 0x1A42, 0x11A1, 0x0961, 0x0961, 
    0x1181, 0x11E2, 0x1A42, 0x2AA2, 0x4344, 0x3323, 0x3303, 0x3B03, 0x4B43, 0x5363, 0x4343, 0x3B23, 
    0x19E2, 0x1081, 0x5984, 0x4964, 0x4143, 0x5964, 0x61A4, 0x4963, 0x71E5, 0x69E5, 0x59A4, 0x5984, 
    0x6184, 0x3902, 0x0040, 0x0860, 0x18A1, 0x28C2, 0x28C2, 0x3102, 0x28E2, 0x30E2, 0x28E2, 0x3902, 
    0x28E2, 0x3902, 0x30E2, 0x3902, 0x3102, 0x20A1, 0x1881, 0x0040, 0x0080, 0x00A1, 0x0901, 0x1202, 
    0x1202, 0x1202, 0x2242, 0x2262, 0x32E3, 0x3B23, 0x3B23, 0x3303, 0x3B43, 0x3323, 0x3323, 0x3323, 
    0x3323, 0x3B43, 0x3B43, 0x3B43, 0x3303, 0x3B23, 0x3B03, 0x2AC3, 0x2282, 0x1202, 0x1222, 0x11E2, 
    0x1161, 0x0080, 0x0080, 0x1081, 0x18A1, 0x20C1, 0x3102, 0x3102, 0x28C2, 0x3102, 0x3102, 0x3922, 
    0x3902, 0x28C2, 0x28C2, 0x20C2, 0x20C2, 0x1881, 0x0861, 0x3102, 0x4943, 0x61A4, 0x5984, 0x5164, 
    0x4964, 0x61C5, 0x4964, 0x4143, 0x4143, 0x3123, 0x3943, 0x4143, 0x2902, 0x0080, 0x1A02, 0x3303, 
    0x4B63, 0x4B43, 0x3B23, 0x3B43, 0x6387, 0x9C4D, 0x83CA, 0x6AE8, 0x3284, 0x3B43, 0x3B03, 0x3B03, 
    0x2AE3, 0x2AC3, 0x2262, 0x1982, 0x1922, 0x1942, 0x1122, 0x1142, 0x09A1, 0x2202, 0x2A63, 0x19E2, 
    0x39E5, 0x7B69, 0xA46C, 0x93EB, 0x9C2C, 0x8BEB, 0x83AA, 0x6B08, 0x7B49, 0x5AA7, 0x62E8, 0x4205, 
    0x2183, 0x1181, 0x1181, 0x1122, 0x1122, 0x1142, 0x1162, 0x09A1, 0x2202, 0x21E3, 0x2A03, 0x19E2, 
    0x19E2, 0x19E2, 0x19C2, 0x19E2, 0x3A84, 0x3243, 0x1A02, 0x2A43, 0x3284, 0x32A4, 0x3AE4, 0x2AA3, 
    0x42E4, 0x2AA3, 0x3303, 0x32E3, 0x3303, 0x3323, 0x3303, 0x3303, 0x3303, 0x3324, 0x3324, 0x3323, 
    0x2AE3, 0x2AE3, 0x2AE3, 0x2AE3, 0x2AE3, 0x2AC3, 0x2AC3, 0x1A22, 0x2A83, 0x3303, 0x3323, 0x3B24, 
    0x6B68, 0x7BAA, 0x4B05, 0x2263, 0x3AA4, 0x42E4, 0x2A82, 0x32A3, 0x32E3, 0x11C2, 0x0080, 0x0061, 
    0x2123, 0x31A4, 0x39A5, 0x2123, 0x10C2, 0x0060, 0x00A0, 0x11C2, 0x2222, 0x1A22, 0x1162, 0x2163, 
    0x0901, 0x1A02, 0x32A3, 0x3283, 0x1A42, 0x11C2, 0x00E1, 0x00C0, 0x0941, 0x09C1, 0x11E1, 0x2A42, 
    0x1A22, 0x1182, 0x4245, 0xBD30, 0xA48E, 0x6B09, 0x1101, 0x2AA3, 0x2AC3, 0x2282, 0x1A42, 0x1202, 
    0x1A42, 0x22C3, 0x32E3, 0x3AE4, 0x5346, 0x4B45, 0x3B23, 0x32E3, 0x2AE3, 0x3323, 0x53A4, 0x5383, 
    0x1A02, 0x0861, 0x4143, 0x4143, 0x3923, 0x4943, 0x61A4, 0x61A4, 0x61C5, 0x5984, 0x4943, 0x4143, 
    0x30E2, 0x0861, 0x1081, 0x28C1, 0x30E2, 0x28C1, 0x20C1, 0x28C2, 0x28E2, 0x3922, 0x3102, 0x3102, 
    0x3922, 0x28C2, 0x20C1, 0x1081, 0x0040, 0x0060, 0x0060, 0x08E1, 0x11A2, 0x1202, 0x1202, 0x1202, 
    0x1202, 0x1202, 0x2282, 0x2AC3, 0x32E3, 0x4363, 0x4B63, 0x4B63, 0x4363, 0x4363, 0x4363, 0x4363, 
    0x4363, 0x4363, 0x4B83, 0x4B83, 0x4B63, 0x4343, 0x4B23, 0x4343, 0x32E3, 0x2AA3, 0x1A42, 0x1A22, 
    0x1A02, 0x11E2, 0x11C2, 0x0080, 0x0081, 0x0080, 0x0060, 0x0060, 0x1881, 0x18A1, 0x28C2, 0x3102, 
    0x3102, 0x3102, 0x30E2, 0x3102, 0x28E2, 0x20C2, 0x18A1, 0x0861, 0x3903, 0x4143, 0x5184, 0x69C5, 
    0x5164, 0x3902, 0x3102, 0x59A4, 0x4963, 0x28E2, 0x4943, 0x3102, 0x20C2, 0x00A1, 0x2242, 0x2AA2, 
    0x3B23, 0x5383, 0x4343, 0x2B03, 0x2A83, 0x4A46, 0x4A46, 0x29A3, 0x2223, 0x3324, 0x3303, 0x32E3, 
    0x32E4, 0x3323, 0x4344, 0x2A83, 0x11E2, 0x11E2, 0x11E2, 0x2222, 0x1A02, 0x3243, 0x2A43, 0x19E3, 
    0x7349, 0x9C2B, 0x7B69, 0x940B, 0x8BEB, 0x7B89, 0x8BAA, 0x7B49, 0x62C7, 0x62E7, 0x5287, 0x5287, 
    0x39E5, 0x1922, 0x19E2, 0x11A2, 0x11C2, 0x2A22, 0x2202, 0x2A03, 0x11C2, 0x11E2, 0x1A22, 0x4285, 
    0x2223, 0x3223, 0x4244, 0x2203, 0x1202, 0x3A64, 0x2A43, 0x2242, 0x5347, 0xA48D, 0x7B89, 0x3AC4, 
    0x2AC3, 0x2283, 0x2AA3, 0x2AC3, 0x2AE3, 0x2AE3, 0x2AC3, 0x2AE3, 0x2AC3, 0x2AE3, 0x2AE3, 0x2AE3, 
    0x2AE3, 0x2AE3, 0x2AE3, 0x2B03, 0x2AE3, 0x2AE3, 0x2AE3, 0x2AC3, 0x2AC3, 0x2AC3, 0x2AE3, 0x2AA3, 
    0x21E3, 0x4244, 0x19E2, 0x2262, 0x3AC4, 0x42C4, 0x32C4, 0x2AE3, 0x2AC3, 0x2282, 0x11E2, 0x09A1, 
    0x08C1, 0x0040, 0x0061, 0x0081, 0x0921, 0x0961, 0x11C2, 0x2222, 0x32A3, 0x32C3, 0x2283, 0x1202, 
    0x1202, 0x2AA3, 0x32E3, 0x3303, 0x3323, 0x2AE3, 0x1A42, 0x11E2, 0x11E2, 0x2202, 0x2A22, 0x2282, 
    0x2283, 0x5AE8, 0xA48E, 0x9C4D, 0x8C0C, 0x7B8A, 0x7329, 0x2142, 0x2AA3, 0x2AC3, 0x3324, 0x63C8, 
    0x6388, 0x3B04, 0x3343, 0x4304, 0x4265, 0x2243, 0x3303, 0x3323, 0x4B64, 0x4363, 0x3B43, 0x4363, 
    0x2A42, 0x0040, 0x18A1, 0x4123, 0x4123, 0x4943, 0x4964, 0x4943, 0x4963, 0x4964, 0x5164, 0x28C2, 
    0x0040, 0x1081, 0x28C2, 0x20C1, 0x20C1, 0x3102, 0x3923, 0x4143, 0x30E2, 0x28C2, 0x1081, 0x0060, 
    0x0860, 0x0040, 0x0040, 0x08C1, 0x11C1, 0x11C2, 0x11C2, 0x1A02, 0x1A22, 0x1202, 0x1222, 0x1202, 
    0x1222, 0x2263, 0x2AA3, 0x2AE3, 0x3303, 0x3303, 0x3303, 0x3303, 0x32E3, 0x3303, 0x3303, 0x3303, 
    0x3303, 0x3303, 0x3303, 0x3303, 0x3303, 0x3B23, 0x3303, 0x3303, 0x3303, 0x3323, 0x22A3, 0x1A42, 
    0x1A22, 0x1A02, 0x1A02, 0x1202, 0x1202, 0x1202, 0x11C2, 0x11A2, 0x0060, 0x0040, 0x0060, 0x0040, 
    0x1060, 0x20C1, 0x3102, 0x3922, 0x30E2, 0x20C1, 0x20C2, 0x18A1, 0x0861, 0x28C2, 0x3923, 0x4143, 
    0x4943, 0x5184, 0x4123, 0x3923, 0x3923, 0x3923, 0x4943, 0x20C2, 0x10A1, 0x0901, 0x2282, 0x1A82, 
    0x3B23, 0x3B43, 0x3323, 0x3B23, 0x32E3, 0x1A02, 0x19C2, 0x1A22, 0x22C3, 0x2AE3, 0x22C3, 0x4325, 
    0x840B, 0x4324, 0x3323, 0x42E4, 0x3AE4, 0x22A2, 0x2A83, 0x32A3, 0x3AC3, 0x2A83, 0x2263, 0x2203, 
    0x62C8, 0x7349, 0x5266, 0x7329, 0x7B89, 0x7349, 0x7B69, 0x6B08, 0x4A66, 0x4A46, 0x3A05, 0x4A46, 
    0x31A4, 0x1122, 0x2A22, 0x2A23, 0x2242, 0x1A22, 0x2242, 0x2A63, 0x2223, 0x3AA4, 0x2A83, 0x4AC6, 
    0x52C6, 0x52E6, 0x3A84, 0x11E2, 0x2282, 0x2AA3, 0x2263, 0x2263, 0x6368, 0x7B69, 0x5AC7, 0x4225, 
    0x2A83, 0x2AE3, 0x5B47, 0x3B24, 0x3323, 0x3323, 0x3324, 0x3323, 0x3323, 0x3324, 0x3324, 0x3323, 
    0x3323, 0x3343, 0x3343, 0x3343, 0x3343, 0x3343, 0x3323, 0x3B44, 0x3323, 0x3323, 0x3323, 0x3303, 
    0x2AC3, 0x2262, 0x2AA3, 0x3B24, 0x3B24, 0x4325, 0x6347, 0x4B25, 0x3303, 0x2AE3, 0x22C2, 0x22C2, 
    0x1A22, 0x11A1, 0x09C2, 0x11C2, 0x11C2, 0x1A02, 0x1A22, 0x2262, 0x4304, 0x5B85, 0x3B44, 0x3303, 
    0x2AE3, 0x32C3, 0x2AA3, 0x3303, 0x3B44, 0x32E3, 0x32E3, 0x2AC3, 0x2282, 0x32A3, 0x42C4, 0x3303, 
    0x2A63, 0x39E5, 0x5AA7, 0x6B09, 0x52A7, 0x4206, 0x39E5, 0x08C1, 0x2282, 0x3B44, 0x4345, 0x9C4C, 
    0x7B6A, 0x3AC4, 0x3B63, 0x3303, 0x2283, 0x22A3, 0x2B03, 0x3323, 0x3B64, 0x5383, 0x5343, 0x4B43, 
    0x3B03, 0x1181, 0x0020, 0x28E2, 0x4963, 0x4143, 0x3103, 0x4123, 0x4943, 0x3903, 0x3903, 0x1081, 
    0x1881, 0x20A1, 0x28E2, 0x4123, 0x3902, 0x30E2, 0x20C1, 0x18A1, 0x0860, 0x0840, 0x0040, 0x0941, 
    0x11C2, 0x11A2, 0x11A2, 0x11C2, 0x1202, 0x1202, 0x1202, 0x1202, 0x1202, 0x1222, 0x1202, 0x1A42, 
    0x2AC3, 0x32E3, 0x3303, 0x3B43, 0x3B43, 0x3B43, 0x3B43, 0x3B23, 0x3303, 0x3303, 0x3B23, 0x3B43, 
    0x3B43, 0x3B23, 0x3B23, 0x3B23, 0x3B23, 0x3B43, 0x3B43, 0x4343, 0x3B43, 0x3B43, 0x3323, 0x2AC3, 
    0x2A82, 0x2242, 0x1A22, 0x1222, 0x1202, 0x1202, 0x1202, 0x1202, 0x11C2, 0x11E2, 0x11C2, 0x0981, 
    0x08E1, 0x0040, 0x0860, 0x1881, 0x20C1, 0x3102, 0x3902, 0x20C1, 0x18A1, 0x0881, 0x18A1, 0x4963, 
    0x4143, 0x3923, 0x28E2, 0x3102, 0x4963, 0x3923, 0x2902, 0x1081, 0x00A0, 0x11C2, 0x2282, 0x4B83, 
    0x4BA3, 0x4B63, 0x3B23, 0x3303, 0x3303, 0x3303, 0x2AE3, 0x32E3, 0x3303, 0x3303, 0x3323, 0x4324, 
    0x52C7, 0x2A04, 0x32C3, 0x32E3, 0x3B04, 0x32E3, 0x32C3, 0x32C3, 0x32C3, 0x4305, 0x3AE4, 0x19C2, 
    0x31A5, 0x4A26, 0x62E8, 0x7349, 0x5AC7, 0x5AA7, 0x5AC7, 0x4A26, 0x5AA7, 0x4A46, 0x4226, 0x31A4, 
    0x1942, 0x1182, 0x21E2, 0x3A83, 0x2262, 0x3244, 0x4AC6, 0x3284, 0x2203, 0x4284, 0x2283, 0x3283, 
    0x4265, 0x3264, 0x2A83, 0x2AC3, 0x2AC2, 0x22C3, 0x4304, 0x3AC3, 0x2A63, 0x4205, 0x29A4, 0x19C3, 
    0x2AA3, 0x32E3, 0x42C5, 0x3264, 0x3303, 0x3303, 0x3303, 0x3303, 0x3323, 0x3324, 0x3303, 0x3303, 
    0x3303, 0x2AE3, 0x32E3, 0x2AE3, 0x2AE3, 0x2AE3, 0x3303, 0x3303, 0x2B03, 0x2B03, 0x2AE3, 0x2AE3, 
    0x2B03, 0x2AC3, 0x2AE3, 0x32E3, 0x3303, 0x2AC3, 0x3283, 0x2A83, 0x2AE3, 0x32E3, 0x5B86, 0x4344, 
    0x2AC3, 0x2282, 0x2AC3, 0x22A2, 0x2262, 0x42E4, 0x6B88, 0x52E7, 0x21E2, 0x32E3, 0x2AC3, 0x32E3, 
    0x3B04, 0x8C2C, 0x944C, 0x52C7, 0x2A63, 0x2AC3, 0x2AC3, 0x2AE3, 0x6387, 0x42E5, 0x2AC3, 0x32E3, 
    0x2A83, 0x0921, 0x2984, 0x4206, 0x39C5, 0x2123, 0x08A1, 0x0961, 0x2262, 0x3B03, 0x2A83, 0x3A05, 
    0x29C3, 0x2243, 0x3323, 0x32E3, 0x2AE3, 0x2B03, 0x4323, 0x3B23, 0x2B03, 0x4323, 0x3B03, 0x3B23, 
    0x32E3, 0x1A42, 0x0941, 0x0840, 0x28C2, 0x4123, 0x4143, 0x3923, 0x4123, 0x28E2, 0x20A1, 0x18A1, 
    0x28E2, 0x28E2, 0x28E2, 0x30E2, 0x28E2, 0x1881, 0x0040, 0x0040, 0x0921, 0x0961, 0x1181, 0x1202, 
    0x1202, 0x11E2, 0x1202, 0x11E2, 0x1202, 0x1222, 0x1A22, 0x1A42, 0x2262, 0x2283, 0x32A3, 0x2AC3, 
    0x2AE3, 0x3323, 0x3323, 0x3323, 0x3B23, 0x3B23, 0x3B23, 0x3B23, 0x3B23, 0x3B23, 0x3B43, 0x3B43, 
    0x3B43, 0x3B23, 0x3303, 0x3323, 0x3323, 0x3323, 0x3323, 0x3323, 0x3B23, 0x3303, 0x3303, 0x2AC3, 
    0x2AC3, 0x2AE3, 0x2AC3, 0x2282, 0x1A22, 0x11E2, 0x11E2, 0x1202, 0x1222, 0x1222, 0x1202, 0x11E2, 
    0x11A2, 0x0981, 0x0961, 0x0080, 0x0860, 0x1061, 0x18A1, 0x20C1, 0x28E2, 0x20C1, 0x1081, 0x20A1, 
    0x3902, 0x4963, 0x4943, 0x3923, 0x3102, 0x30E2, 0x1061, 0x08E1, 0x1181, 0x1A22, 0x2AA3, 0x3B23, 
    0x3B03, 0x3B03, 0x3303, 0x2AE3, 0x2AE3, 0x3303, 0x3303, 0x2AE3, 0x2AE3, 0x2AC3, 0x3303, 0x2AE3, 
    0x1A23, 0x1A22, 0x22A3, 0x2AC2, 0x5366, 0x9CAD, 0x6BA9, 0x2AA3, 0x2AE3, 0x2AA4, 0x2283, 0x1A02, 
    0x1982, 0x2143, 0x4206, 0x5AC7, 0x5AA7, 0x4A46, 0x4205, 0x4A46, 0x4205, 0x39E5, 0x2964, 0x1943, 
    0x1182, 0x19E2, 0x2203, 0x3263, 0x42C5, 0x7BAA, 0x942C, 0x6B48, 0x29E3, 0x2203, 0x2242, 0x3263, 
    0x1A02, 0x1A42, 0x4B25, 0x7BC9, 0x42E5, 0x22C3, 0x3303, 0x32E3, 0x2283, 0x1A22, 0x11C2, 0x1A42, 
    0x2AC3, 0x2AC3, 0x22A3, 0x2283, 0x2AC3, 0x2AE3, 0x2AC3, 0x2AE3, 0x2AE3, 0x2AE3, 0x2AE3, 0x2AE3, 
    0x32E3, 0x2AE3, 0x2AE3, 0x2AE3, 0x3303, 0x3303, 0x3303, 0x3303, 0x3303, 0x3303, 0x3303, 0x2B03, 
    0x3303, 0x3303, 0x3303, 0x3303, 0x3303, 0x2AE3, 0x2AC3, 0x2AC3, 0x3303, 0x3B04, 0x7BCA, 0x5B26, 
    0x3303, 0x3B04, 0x5325, 0x4304, 0x2AA3, 0x3B04, 0x4AC5, 0x3A04, 0x19E2, 0x32E3, 0x4324, 0x32E3, 
    0x7BEA, 0x9C6D, 0x83CB, 0x5AA7, 0x2A04, 0x2AE3, 0x2B03, 0x3B23, 0x5B07, 0x3244, 0x2282, 0x2AC3, 
    0x32C3, 0x2283, 0x1162, 0x0901, 0x1122, 0x08E1, 0x11A1, 0x1A42, 0x32C3, 0x3AE3, 0x2AC3, 0x2242, 
    0x2262, 0x2AC3, 0x3303, 0x3303, 0x3323, 0x3323, 0x3B23, 0x3303, 0x32E3, 0x3B23, 0x4363, 0x4363, 
    0x32E3, 0x2282, 0x11E2, 0x00C1, 0x0860, 0x18A1, 0x3102, 0x4143, 0x3923, 0x28E2, 0x18A1, 0x20C1, 
    0x20C1, 0x28E2, 0x18A1, 0x0861, 0x0840, 0x0881, 0x0921, 0x0941, 0x11E2, 0x1202, 0x1202, 0x1202, 
    0x1202, 0x11E2, 0x1A02, 0x1A02, 0x1A02, 0x1A62, 0x2283, 0x2283, 0x2AC3, 0x2AA3, 0x32E3, 0x2B03, 
    0x2AE3, 0x2AE3, 0x2AE3, 0x2AE3, 0x2AE3, 0x2AE3, 0x2AE3, 0x2AE3, 0x2B03, 0x3303, 0x3303, 0x3303, 
    0x3323, 0x3323, 0x3303, 0x3303, 0x3303, 0x2B03, 0x3303, 0x3303, 0x32E3, 0x32E3, 0x3303, 0x3303, 
    0x3323, 0x3323, 0x3323, 0x2AC3, 0x2AA2, 0x2282, 0x2A82, 0x2AA3, 0x1A42, 0x1A62, 0x1A22, 0x19E2, 
    0x1202, 0x1222, 0x1202, 0x0961, 0x0941, 0x08C1, 0x0020, 0x1061, 0x20C1, 0x28E2, 0x18A1, 0x18A1, 
    0x28E2, 0x4143, 0x3923, 0x28E2, 0x20C1, 0x1081, 0x08A1, 0x0981, 0x1202, 0x1A22, 0x32C3, 0x3AE3, 
    0x3B03, 0x3B23, 0x3B23, 0x3323, 0x3323, 0x3323, 0x3323, 0x3303, 0x3303, 0x2B03, 0x3303, 0x3323, 
    0x2AE3, 0x2AE3, 0x32E3, 0x2B03, 0x5327, 0x8C0B, 0x6328, 0x3244, 0x2AC3, 0x22A3, 0x2283, 0x2282, 
    0x2262, 0x1982, 0x2163, 0x31A4, 0x4205, 0x4205, 0x3A05, 0x4205, 0x2984, 0x2143, 0x1142, 0x0982, 
    0x1A02, 0x2A23, 0x2222, 0x3244, 0x7BA9, 0x8C2B, 0x83CA, 0x62E7, 0x52A6, 0x21C3, 0x2262, 0x2282, 
    0x1A62, 0x1A82, 0x4B46, 0x7B89, 0x4265, 0x2282, 0x22A3, 0x22A3, 0x2AC3, 0x2AE3, 0x22A3, 0x2AC3, 
    0x3303, 0x3303, 0x3303, 0x3303, 0x3303, 0x3323, 0x3324, 0x3324, 0x3323, 0x3323, 0x3323, 0x3324, 
    0x3323, 0x3323, 0x3303, 0x3323, 0x3B44, 0x3344, 0x3323, 0x3323, 0x3323, 0x3323, 0x3303, 0x3303, 
    0x3323, 0x3323, 0x3323, 0x3323, 0x3323, 0x3323, 0x3323, 0x3B23, 0x3B03, 0x32E3, 0x3244, 0x3224, 
    0x2A83, 0x42E4, 0x4AC5, 0x3283, 0x32E3, 0x2AE3, 0x2242, 0x1A02, 0x32C3, 0x3B24, 0x4344, 0x3303, 
    0x31E4, 0x4A26, 0x4A26, 0x29A4, 0x19A3, 0x2AA3, 0x32E3, 0x3303, 0x2A23, 0x2203, 0x32E3, 0x3303, 
    0x3303, 0x32E3, 0x2283, 0x1A42, 0x1A62, 0x1A42, 0x2282, 0x2AA3, 0x2AE3, 0x2AE3, 0x3303, 0x3323, 
    0x3323, 0x3303, 0x3303, 0x3303, 0x3303, 0x3303, 0x3303, 0x3B23, 0x3B23, 0x2B03, 0x4363, 0x4343, 
    0x4323, 0x3303, 0x1A62, 0x1202, 0x0901, 0x0880, 0x1081, 0x20C1, 0x20C1, 0x18A1, 0x20A1, 0x18A1, 
    0x1081, 0x1081, 0x0080, 0x00A0, 0x0941, 0x11C2, 0x1202, 0x1202, 0x11E2, 0x1A02, 0x1A22, 0x1A22, 
    0x1A02, 0x1A42, 0x2262, 0x2262, 0x2282, 0x2AC3, 0x2AE3, 0x3303, 0x3303, 0x3303, 0x3303, 0x3323, 
    0x3323, 0x3323, 0x3323, 0x3303, 0x3303, 0x3303, 0x3303, 0x3303, 0x3303, 0x3303, 0x2B03, 0x2AE3, 
    0x2AE3, 0x2B03, 0x3303, 0x3303, 0x3323, 0x3B43, 0x3B43, 0x3B24, 0x3B23, 0x3B23, 0x3B23, 0x3B43, 
    0x3B64, 0x3B64, 0x3B43, 0x3303, 0x32E3, 0x2AC3, 0x2AC2, 0x2AC2, 0x22A2, 0x2AA3, 0x2262, 0x2242, 
    0x1A42, 0x1A42, 0x1A22, 0x1222, 0x1A22, 0x11C2, 0x0921, 0x00A1, 0x0040, 0x0861, 0x10A1, 0x18A1, 
    0x20A1, 0x20C1, 0x20C1, 0x1881, 0x0860, 0x0060, 0x0961, 0x1222, 0x1202, 0x2262, 0x3B23, 0x4B63, 
    0x4343, 0x3B43, 0x3323, 0x3323, 0x3323, 0x3323, 0x3303, 0x3303, 0x3303, 0x3303, 0x3323, 0x3323, 
    0x3323, 0x3303, 0x3303, 0x3303, 0x2A43, 0x3A45, 0x29E4, 0x19C3, 0x2AE3, 0x2B23, 0x3AE4, 0x3AE3, 
    0x22A3, 0x1A42, 0x11C2, 0x1162, 0x1922, 0x1923, 0x1943, 0x1943, 0x1122, 0x1162, 0x11E2, 0x1A02, 
    0x2242, 0x2A63, 0x2A83, 0x2A03, 0x5AE7, 0x6B28, 0x5AE7, 0x4245, 0x4225, 0x1162, 0x1A62, 0x3B03, 
    0x32C3, 0x3AE4, 0x42C5, 0x3224, 0x21E3, 0x2AA3, 0x2AC3, 0x2AE3, 0x3303, 0x3303, 0x2B03, 0x2AE3, 
    0x2AE3, 0x2AE3, 0x2AE3, 0x3303, 0x3303, 0x3304, 0x3324, 0x3323, 0x3303, 0x3324, 0x3303, 0x3303, 
    0x2B03, 0x2B03, 0x3303, 0x3303, 0x3303, 0x3303, 0x3303, 0x3303, 0x3303, 0x3303, 0x3303, 0x2AE3, 
    0x2B03, 0x2B03, 0x2B03, 0x3303, 0x3303, 0x3303, 0x3303, 0x3303, 0x2AE3, 0x2AC3, 0x2283, 0x1A22, 
    0x2AA3, 0x2A83, 0x2222, 0x2242, 0x3B23, 0x3323, 0x3303, 0x3303, 0x3B24, 0x42E3, 0x3303, 0x3303, 
    0x1A22, 0x1962, 0x1122, 0x1182, 0x1A42, 0x2AC3, 0x32E3, 0x2AC3, 0x2263, 0x2A83, 0x3303, 0x3303, 
    0x2AE3, 0x2AE3, 0x2B03, 0x2B03, 0x2B03, 0x3303, 0x3303, 0x3303, 0x2AE3, 0x2B03, 0x2B03, 0x2B23, 
    0x2B03, 0x2B03, 0x3303, 0x3303, 0x2B03, 0x3303, 0x3303, 0x3B23, 0x3303, 0x3303, 0x2B03, 0x3B23, 
    0x4B43, 0x3303, 0x32E3, 0x1A22, 0x1222, 0x1161, 0x08C1, 0x0060, 0x0060, 0x0040, 0x0040, 0x0060, 
    0x00A1, 0x00C1, 0x11A2, 0x11E2, 0x1202, 0x1202, 0x1202, 0x1202, 0x1202, 0x2242, 0x2242, 0x1A22, 
    0x2262, 0x2AC3, 0x3323, 0x3343, 0x3364, 0x3B64, 0x3B64, 0x3B44, 0x3B44, 0x3B44, 0x3B44, 0x3B44, 
    0x3B44, 0x3343, 0x3344, 0x3B23, 0x3B23, 0x3B24, 0x3B44, 0x3B43, 0x3B43, 0x3323, 0x3323, 0x3303, 
    0x3303, 0x3323, 0x3323, 0x3303, 0x2B03, 0x2B03, 0x3303, 0x3303, 0x3303, 0x32E3, 0x3323, 0x3303, 
    0x2A83, 0x2AA3, 0x1121, 0x08C1, 0x08A1, 0x08A1, 0x00C1, 0x08A1, 0x0080, 0x08A1, 0x0881, 0x0080, 
    0x08A1, 0x08A1, 0x08A1, 0x1181, 0x11E2, 0x1202, 0x1A22, 0x11E2, 0x0981, 0x08E1, 0x0080, 0x0040, 
    0x0040, 0x0040, 0x0040, 0x0061, 0x00C1, 0x11C2, 0x1202, 0x1202, 0x2242, 0x3B03, 0x3B23, 0x3303, 
    0x3323, 0x3303, 0x3303, 0x2B03, 0x3303, 0x3303, 0x2AE3, 0x3303, 0x2B03, 0x2AE3, 0x2B03, 0x2B03, 
    0x2AE3, 0x2B03, 0x2B03, 0x3303, 0x2AA3, 0x1A02, 0x1A02, 0x2283, 0x2B23, 0x3323, 0x32E4, 0x32C3, 
    0x2AE3, 0x2AC3, 0x2282, 0x1A62, 0x11E2, 0x11E2, 0x11E2, 0x11E2, 0x11E2, 0x1202, 0x2262, 0x3283, 
    0x3AC3, 0x2A83, 0x3AE3, 0x1A02, 0x1982, 0x3A25, 0x4225, 0x29A4, 0x1142, 0x19E2, 0x1A63, 0x32E3, 
    0x32E3, 0x3AE4, 0x32C4, 0x1A42, 0x22A3, 0x2AE3, 0x3303, 0x2AE3, 0x2AE3, 0x2AE3, 0x2AE3, 0x2AE3, 
    0x2AE3, 0x2AC3, 0x2AC3, 0x2AE3, 0x2B03, 0x2B03, 0x2AE3, 0x2B03, 0x2B03, 0x3303, 0x2B03, 0x2B03, 
    0x3B44, 0x3B44, 0x3B44, 0x3B23, 0x3B44, 0x3323, 0x3323, 0x3323, 0x3323, 0x3323, 0x3323, 0x3323, 
    0x3323, 0x3323, 0x3323, 0x3323, 0x3323, 0x3B23, 0x3B43, 0x3B44, 0x3323, 0x3344, 0x3324, 0x3323, 
    0x3323, 0x3303, 0x3303, 0x3303, 0x3303, 0x3303, 0x3303, 0x3303, 0x3303, 0x32E3, 0x32E3, 0x2AE3, 
    0x2B03, 0x2AA3, 0x22A3, 0x2AE3, 0x3323, 0x3303, 0x3323, 0x3323, 0x3323, 0x3323, 0x3323, 0x3323, 
    0x3323, 0x3323, 0x3B43, 0x3B43, 0x3B43, 0x3B44, 0x3B44, 0x3B44, 0x3323, 0x3B44, 0x3B44, 0x3B64, 
    0x3B43, 0x3303, 0x3304, 0x3B24, 0x3B24, 0x3B24, 0x3323, 0x3323, 0x3343, 0x3323, 0x3323, 0x3323, 
    0x3B43, 0x4363, 0x32E3, 0x32E3, 0x1A42, 0x1222, 0x1202, 0x11A2, 0x11A2, 0x11A2, 0x11A2, 0x11A2, 
    0x11E2, 0x1202, 0x1202, 0x11E2, 0x1202, 0x1202, 0x1222, 0x2262, 0x2AE3, 0x3303, 0x3303, 0x32E3, 
    0x3323, 0x3343, 0x2283, 0x1181, 0x1161, 0x1181, 0x1182, 0x2202, 0x2A83, 0x2243, 0x2222, 0x2202, 
    0x1A02, 0x19E2, 0x1A02, 0x32E3, 0x3303, 0x3303, 0x32E3, 0x32E3, 0x3303, 0x3303, 0x3303, 0x3303, 
    0x3303, 0x3324, 0x3324, 0x3324, 0x3303, 0x2AE3, 0x2AE3, 0x2A83, 0x1182, 0x08C1, 0x08E1, 0x08C1, 
    0x0040, 0x0040, 0x0041, 0x1903, 0x31C6, 0x39E6, 0x31A5, 0x31A5, 0x39C5, 0x39C6, 0x31A5, 0x31A5, 
    0x31A5, 0x2964, 0x2123, 0x08C2, 0x0060, 0x00A0, 0x1181, 0x1A22, 0x1202, 0x1202, 0x11C2, 0x0981, 
    0x0982, 0x1182, 0x1182, 0x11E2, 0x1222, 0x1202, 0x11E2, 0x2262, 0x32E3, 0x3B23, 0x3B23, 0x4343, 
    0x3B43, 0x3B43, 0x3B43, 0x3B43, 0x3B44, 0x3B43, 0x3B43, 0x3B43, 0x3B43, 0x3343, 0x3323, 0x3323, 
    0x3343, 0x3344, 0x3B44, 0x3B44, 0x3B44, 0x3344, 0x3324, 0x3344, 0x3343, 0x3344, 0x3324, 0x3323, 
    0x3323, 0x3323, 0x3323, 0x3323, 0x2AC3, 0x22A3, 0x22A3, 0x2283, 0x2283, 0x2262, 0x1A83, 0x2283, 
    0x1A63, 0x1A63, 0x2283, 0x2283, 0x1A22, 0x19E2, 0x11C2, 0x11A2, 0x1202, 0x2283, 0x32E3, 0x32C3, 
    0x2AE3, 0x2B03, 0x2B03, 0x3303, 0x3323, 0x3324, 0x3323, 0x3323, 0x3323, 0x3323, 0x3323, 0x3323, 
    0x3324, 0x3323, 0x3323, 0x3324, 0x3344, 0x3324, 0x3324, 0x3324, 0x3B44, 0x3344, 0x3B44, 0x3B44, 
    0x3304, 0x3304, 0x2AE3, 0x2AE3, 0x2AE3, 0x2AE3, 0x2AE3, 0x2AE3, 0x2AE3, 0x2AE3, 0x2AE3, 0x2AE3, 
    0x2AE3, 0x2AE3, 0x2AE3, 0x2AE3, 0x2AE3, 0x2AE3, 0x2AE3, 0x2AE3, 0x2AE3, 0x2AE3, 0x2AE3, 0x2AE3, 
    0x2AE3, 0x2AC3, 0x2AC3, 0x2AC3, 0x2AE3, 0x2AE3, 0x2AE3, 0x2AC3, 0x2AE3, 0x2AE3, 0x2AE3, 0x2AE3, 
    0x2AE3, 0x2AE3, 0x2AE3, 0x2B03, 0x2B03, 0x2AE3, 0x2AE3, 0x2AE3, 0x2AE3, 0x2AE3, 0x2AE3, 0x2AE3, 
    0x2AE3, 0x2AE3, 0x2AE3, 0x2AE3, 0x2AE3, 0x2AE3, 0x3303, 0x2AE3, 0x2AE3, 0x2AE3, 0x3303, 0x3323, 
    0x2AE3, 0x6368, 0x8C2B, 0x9CCD, 0x73CA, 0x32A4, 0x3323, 0x3303, 0x2B03, 0x2AE3, 0x2AE3, 0x2B03, 
    0x2B03, 0x3303, 0x2AE3, 0x2AC3, 0x2AE3, 0x2282, 0x1222, 0x1202, 0x1202, 0x1222, 0x1222, 0x1202, 
    0x1202, 0x1202, 0x1A42, 0x1A42, 0x2262, 0x2AA3, 0x2AC3, 0x22A3, 0x2AE3, 0x3303, 0x3303, 0x3323, 
    0x3B64, 0x2AA3, 0x1922, 0x2944, 0x2903, 0x2903, 0x20E3, 0x0040, 0x0040, 0x0040, 0x08A0, 0x08C1, 
    0x08A0, 0x0880, 0x0880, 0x0881, 0x2222, 0x3B44, 0x3324, 0x3324, 0x3324, 0x3B24, 0x3304, 0x2A63, 
    0x19C2, 0x19A2, 0x19A2, 0x1121, 0x08A1, 0x08E1, 0x1101, 0x08C0, 0x10E1, 0x2A22, 0x42C3, 0x42A3, 
    0x3A62, 0x3A63, 0x2183, 0x1903, 0x2965, 0x4206, 0x5288, 0x31A5, 0x31C5, 0x4206, 0x4206, 0x4206, 
    0x39E6, 0x31C6, 0x4227, 0x31C5, 0x2964, 0x18E3, 0x0881, 0x08A1, 0x1A02, 0x1A42, 0x1A22, 0x1A22, 
    0x1202, 0x1202, 0x1202, 0x1222, 0x1222, 0x1202, 0x2242, 0x2AA3, 0x2AC3, 0x3303, 0x2AE3, 0x3303, 
    0x2B03, 0x2AE3, 0x2AE3, 0x2B03, 0x2AE3, 0x2AE3, 0x2AE3, 0x2AE3, 0x2B03, 0x3303, 0x2AE3, 0x2AE3, 
    0x2B03, 0x2B03, 0x2B03, 0x2B03, 0x2B03, 0x2B03, 0x2AE3, 0x2B03, 0x2B03, 0x2AE3, 0x2AE3, 0x2AE3, 
    0x2AE3, 0x2AE3, 0x2AE3, 0x2AE3, 0x2AE3, 0x2AE3, 0x2AE3, 0x2AE3, 0x2AC3, 0x2AE3, 0x2AE3, 0x2AE3, 
    0x2AE3, 0x2AC3, 0x2AE3, 0x2AE3, 0x2AC3, 0x2AE3, 0x2AC3, 0x22A3, 0x22A3, 0x2AC3, 0x2AC3, 0x2AC3, 
    0x2AE3, 0x2AE3, 0x2AE3, 0x2AE3, 0x2AE3, 0x2AE3, 0x2AE3, 0x2AE3, 0x2AE3, 0x2AE3, 0x2AE3, 0x2AE3, 
    0x2AE3, 0x2AE3, 0x2AE3, 0x2AE3, 0x2AE3, 0x2AE3, 0x2AE3, 0x2AE3, 0x2AE3, 0x2B03, 0x2B03, 0x2B03, 
    0x3324, 0x3344, 0x3323, 0x3323, 0x3323, 0x3323, 0x3303, 0x3323, 0x3324, 0x3324, 0x3324, 0x3323, 
    0x3323, 0x3323, 0x3323, 0x3323, 0x3323, 0x3323, 0x3323, 0x3323, 0x3323, 0x3323, 0x3323, 0x3323, 
    0x3303, 0x3303, 0x3303, 0x3323, 0x3323, 0x3323, 0x3323, 0x3303, 0x3323, 0x3323, 0x3323, 0x3323, 
    0x3323, 0x3323, 0x3323, 0x3323, 0x3323, 0x3323, 0x3323, 0x3323, 0x3323, 0x3323, 0x3303, 0x3303, 
    0x3323, 0x3323, 0x3323, 0x3303, 0x3303, 0x3323, 0x3323, 0x3323, 0x3324, 0x3324, 0x3324, 0x3324, 
    0x4B26, 0x9C8D, 0xBD2F, 0xACCE, 0x9C6D, 0x6307, 0x3284, 0x3323, 0x3323, 0x3323, 0x3323, 0x3323, 
    0x3323, 0x3303, 0x3323, 0x3323, 0x3303, 0x2AC3, 0x2282, 0x2262, 0x1A42, 0x1A62, 0x1A62, 0x1A62, 
    0x1A42, 0x2282, 0x2AA3, 0x2AA3, 0x2AC3, 0x3303, 0x3323, 0x3303, 0x3323, 0x3323, 0x2AC3, 0x2222, 
    0x11A2, 0x0080, 0x4A27, 0xBD0F, 0xBCEF, 0xB4CF, 0x8BEC, 0x5AC8, 0x5A88, 0x2923, 0x21A1, 0x4B23, 
    0x5343, 0x4B03, 0x42C3, 0x1982, 0x08E1, 0x1141, 0x2AA3, 0x2202, 0x1121, 0x1121, 0x00A0, 0x0060, 
    0x1101, 0x1941, 0x1961, 0x1961, 0x1961, 0x3242, 0x42C3, 0x4B23, 0x4B43, 0x4B43, 0x5BA4, 0x63E4, 
    0x63C4, 0x5BA4, 0x5364, 0x3A63, 0x2983, 0x1903, 0x2964, 0x5267, 0x3A06, 0x4227, 0x4206, 0x39E6, 
    0x31C6, 0x4206, 0x39E6, 0x4206, 0x39C6, 0x4207, 0x31A5, 0x10C2, 0x00A1, 0x2262, 0x2283, 0x2262, 
    0x2283, 0x2263, 0x1A62, 0x1A62, 0x2283, 0x2263, 0x2283, 0x32E3, 0x3323, 0x3323, 0x3343, 0x3343, 
    0x3343, 0x3323, 0x3324, 0x3324, 0x3324, 0x3303, 0x3323, 0x3324, 0x3324, 0x3324, 0x3323, 0x3323, 
    0x3323, 0x3323, 0x3323, 0x3323, 0x3323, 0x3323, 0x3323, 0x3323, 0x3323, 0x3323, 0x3323, 0x3323, 
    0x3323, 0x3323, 0x3323, 0x3323, 0x3323, 0x3323, 0x3323, 0x3323, 0x3323, 0x3323, 0x3323, 0x3323, 
    0x3323, 0x3323, 0x3323, 0x3323, 0x3323, 0x3323, 0x3323, 0x3303, 0x3303, 0x3303, 0x3303, 0x3323, 
    0x3323, 0x3323, 0x3323, 0x3323, 0x3303, 0x3303, 0x3323, 0x3323, 0x3323, 0x3323, 0x3303, 0x3323, 
    0x3323, 0x3323, 0x3323, 0x3324, 0x3324, 0x3324, 0x3323, 0x3323, 0x3324, 0x3324, 0x3324, 0x3323, 
    0x3323, 0x3323, 0x3323, 0x3323, 0x3324, 0x3323, 0x3323, 0x3323, 0x3324, 0x3324, 0x3344, 0x3323, 
    0x3323, 0x3323, 0x3323, 0x3323, 0x3323, 0x3323, 0x3323, 0x3323, 0x3323, 0x3323, 0x3323, 0x3323, 
    0x3323, 0x3323, 0x3323, 0x3323, 0x3303, 0x3323, 0x3323, 0x3323, 0x3323, 0x3323, 0x3323, 0x3323, 
    0x3323, 0x3323, 0x3323, 0x3323, 0x3323, 0x3323, 0x3323, 0x3323, 0x3323, 0x3323, 0x3323, 0x3323, 
    0x3323, 0x3323, 0x3323, 0x3323, 0x3323, 0x3B44, 0x4345, 0x3B24, 0x3344, 0x3344, 0x3324, 0x3AE4, 
    0x83EA, 0xB50F, 0xB52F, 0xA4CE, 0xA4AD, 0x7B69, 0x4245, 0x32C3, 0x3323, 0x3323, 0x3343, 0x4345, 
    0x3B24, 0x3303, 0x3323, 0x3323, 0x3323, 0x3323, 0x3303, 0x2AC3, 0x2282, 0x2282, 0x2282, 0x2282, 
    0x2282, 0x2AA2, 0x3303, 0x3303, 0x3323, 0x3323, 0x3323, 0x3323, 0x3323, 0x32E3, 0x19C2, 0x10C1, 
    0x18E2, 0x39C5, 0x83CC, 0x9C6E, 0x9C4D, 0xC572, 0xC572, 0xACCF, 0xA48E, 0x62E9, 0x2103, 0x1101, 
    0x42C3, 0x5363, 0x63C4, 0x5383, 0x3242, 0x08A0, 0x0060, 0x1141, 0x21E2, 0x21A2, 0x21C2, 0x2A42, 
    0x4303, 0x4B43, 0x5363, 0x5BA4, 0x5BA4, 0x5383, 0x5B83, 0x5BC4, 0x5363, 0x63A4, 0x5BC4, 0x5BC4, 
    0x4B43, 0x6C24, 0x63C4, 0x5B83, 0x3A63, 0x29A4, 0x2144, 0x2965, 0x4A47, 0x39E6, 0x4A47, 0x39E6, 
    0x39E6, 0x39E6, 0x4206, 0x39C5, 0x31A5, 0x39E6, 0x39E6, 0x2965, 0x0881, 0x08C1, 0x08E1, 0x0901, 
    0x0901, 0x1162, 0x2242, 0x2AA3, 0x2AE3, 0x32E3, 0x3303, 0x3323, 0x3303, 0x2AA3, 0x2AA3, 0x2AC3, 
    0x2AA3, 0x3303, 0x3B24, 0x3324, 0x3323, 0x3323, 0x3344, 0x3344, 0x3344, 0x3323, 0x3323, 0x3323, 
    0x3323, 0x3323, 0x3323, 0x3323, 0x3323, 0x3323, 0x3323, 0x3323, 0x3323, 0x3323, 0x3343, 0x3323, 
    0x3323, 0x3323, 0x3323, 0x3323, 0x3323, 0x3323, 0x3323, 0x3323, 0x3323, 0x3323, 0x3323, 0x3323, 
    0x3323, 0x3323, 0x3303, 0x3323, 0x3323, 0x3323, 0x3323, 0x3323, 0x3323, 0x3323, 0x3323, 0x3323, 
    0x3323, 0x3323, 0x3303, 0x3303, 0x3303, 0x3303, 0x3323, 0x3303, 0x3323, 0x3323, 0x3323, 0x3323, 
    0x3323, 0x3323, 0x3323, 0x3324, 0x3324, 0x3324, 0x3324, 0x3323, 0x3323, 0x3324, 0x3323, 0x3323, 
    0x2AC3, 0x2AE3, 0x2AE3, 0x2AE3, 0x2AE3, 0x2AE3, 0x2AE3, 0x2AE3, 0x2AE3, 0x2AE3, 0x2AE3, 0x2AE3, 
    0x2AE3, 0x2AE3, 0x2AE3, 0x2AE3, 0x2AE3, 0x2AE3, 0x2AE3, 0x2AE3, 0x2B03, 0x2B03, 0x2AE3, 0x2AE3, 
    0x2AE3, 0x2AE3, 0x2AE3, 0x2AE3, 0x2AE3, 0x2AE3, 0x2AE3, 0x2AE3, 0x2AE3, 0x2AE3, 0x2AE3, 0x2AE3, 
    0x2AE3, 0x2AE3, 0x2AE3, 0x2AE3, 0x2AC3, 0x2AC3, 0x2AE3, 0x2AE3, 0x2AE3, 0x2AE3, 0x2AE3, 0x2AE3, 
    0x2AE3, 0x2B03, 0x2AE3, 0x2AE3, 0x2AE3, 0x3303, 0x3244, 0x2AA3, 0x3303, 0x3303, 0x2AE3, 0x3244, 
    0x8BCB, 0x9C6C, 0xA4AD, 0xA48D, 0x7BCA, 0x7369, 0x5287, 0x21A3, 0x2AE3, 0x2AE3, 0x2AE3, 0x42C5, 
    0x2A63, 0x2AC3, 0x2AE3, 0x2AE3, 0x2AE3, 0x2AC3, 0x2AE3, 0x2AE3, 0x2AE3, 0x2AE3, 0x2AE3, 0x2AE3, 
    0x2AE3, 0x2AC3, 0x2AE3, 0x2AE3, 0x2AE3, 0x2AE3, 0x2AE3, 0x2AE3, 0x2B03, 0x19E2, 0x18C2, 0x734A, 
    0x3185, 0x6AE9, 0xA48F, 0x4A27, 0x2103, 0x6B09, 0xB511, 0xCD92, 0xB4F0, 0x9C4D, 0x93EC, 0x5247, 
    0x10C1, 0x3AA2, 0x6C04, 0x6C24, 0x5363, 0x3AC3, 0x1101, 0x19A1, 0x5363, 0x63E4, 0x6C05, 0x63C4, 
    0x63C4, 0x63C4, 0x63A4, 0x5BC4, 0x63E4, 0x5BA4, 0x5383, 0x5BA4, 0x63C4, 0x5BC4, 0x6C05, 0x63E4, 
    0x5B64, 0x5363, 0x5B84, 0x63E4, 0x63C4, 0x42E4, 0x31C5, 0x2144, 0x41E6, 0x4A67, 0x4206, 0x4206, 
    0x4206, 0x39E6, 0x2985, 0x2985, 0x31A5, 0x31C5, 0x3185, 0x2985, 0x2123, 0x0040, 0x18E3, 0x2144, 
    0x2124, 0x2144, 0x0881, 0x0921, 0x0901, 0x1121, 0x1141, 0x1121, 0x08C1, 0x0040, 0x0081, 0x0061, 
    0x0020, 0x1942, 0x3304, 0x3303, 0x2AE3, 0x2AE3, 0x2AE3, 0x2AE3, 0x2AE3, 0x2AE3, 0x2AE3, 0x2AE3, 
    0x2AE3, 0x2AE3, 0x2AE3, 0x2AE3, 0x2AE3, 0x2AE3, 0x2AE3, 0x2AE3, 0x2AE3, 0x2AE3, 0x2AE3, 0x2AE3, 
    0x2AE3, 0x2AE3, 0x2AE3, 0x2AE3, 0x2AE3, 0x2AE3, 0x2AE3, 0x2AE3, 0x2AE3, 0x2AE3, 0x2AE3, 0x2AE3, 
    0x2AE3, 0x2AC3, 0x2AC3, 0x2AE3, 0x2AE3, 0x2AE3, 0x2AE3, 0x2AE3, 0x2AE3, 0x2AE3, 0x2AE3, 0x2AE3, 
    0x2AE3, 0x2AE3, 0x2AE3, 0x2AE3, 0x2AC3, 0x2AE3, 0x2AE3, 0x2AE3, 0x2AC3, 0x2AE3, 0x2AE3, 0x2AE3, 
    0x2AE3, 0x2AE3, 0x2AE3, 0x2AE3, 0x2AE3, 0x2AE3, 0x2AE3, 0x2AE3, 0x2AE3, 0x2AE3, 0x2AE3, 0x2AE3, 
    0x3324, 0x3324, 0x3323, 0x3324, 0x3324, 0x3323, 0x3323, 0x3323, 0x3323, 0x3323, 0x3323, 0x3323, 
    0x3323, 0x3323, 0x3323, 0x3323, 0x3303, 0x3303, 0x3323, 0x3323, 0x3323, 0x3323, 0x3324, 0x3323, 
    0x3323, 0x3323, 0x3323, 0x3323, 0x3323, 0x3323, 0x3323, 0x3323, 0x3323, 0x3323, 0x3323, 0x3323, 
    0x3323, 0x3323, 0x3323, 0x3303, 0x3303, 0x3303, 0x3323, 0x3323, 0x3323, 0x3323, 0x3323, 0x3323, 
    0x3323, 0x3323, 0x3323, 0x3323, 0x3324, 0x3324, 0x2AE3, 0x3323, 0x3344, 0x3324, 0x3324, 0x31E4, 
    0x6B08, 0x7BAA, 0x8BEA, 0x7BA9, 0x6B48, 0x62E8, 0x4205, 0x1982, 0x3303, 0x3303, 0x3323, 0x2AC3, 
    0x2AC3, 0x3303, 0x3303, 0x3323, 0x3303, 0x3303, 0x3303, 0x3303, 0x3323, 0x3303, 0x3323, 0x3323, 
    0x3323, 0x3323, 0x3303, 0x3323, 0x3323, 0x3323, 0x3323, 0x3323, 0x3323, 0x08A0, 0x62A8, 0x5247, 
    0x0000, 0x7B4A, 0x838B, 0x18E3, 0x0020, 0x08C2, 0x39A5, 0x8BCC, 0xCD92, 0xBD31, 0xACAF, 0x9C6E, 
    0x7B8B, 0x0881, 0x21C1, 0x5B63, 0x6BE4, 0x5B84, 0x4B23, 0x1121, 0x29E2, 0x6C25, 0x63E4, 0x5364, 
    0x5363, 0x63C4, 0x6C05, 0x5BC4, 0x5BA4, 0x63E4, 0x7425, 0x63C4, 0x5363, 0x4B43, 0x5363, 0x5B84, 
    0x63A4, 0x6BE4, 0x5BA4, 0x5BA4, 0x5BA3, 0x5BE4, 0x4AC4, 0x2965, 0x10E2, 0x39E6, 0x31A5, 0x31A5, 
    0x2965, 0x2985, 0x2985, 0x2964, 0x2144, 0x1903, 0x1903, 0x1903, 0x2985, 0x1903, 0x10C2, 0x4A67, 
    0x2964, 0x4207, 0x31A5, 0x10C2, 0x10C2, 0x10C2, 0x10E2, 0x1903, 0x1903, 0x2144, 0x31A5, 0x39C5, 
    0x39C6, 0x10A2, 0x1121, 0x2263, 0x2AE3, 0x3B44, 0x3B44, 0x3324, 0x3324, 0x3324, 0x3324, 0x3323, 
    0x3303, 0x3303, 0x3303, 0x3323, 0x3323, 0x3323, 0x3323, 0x3323, 0x3323, 0x3303, 0x3323, 0x3323, 
    0x3323, 0x3323, 0x3323, 0x3323, 0x3323, 0x3323, 0x3323, 0x3323, 0x3323, 0x3323, 0x3323, 0x3323, 
    0x3323, 0x3323, 0x3323, 0x3323, 0x3323, 0x3323, 0x3323, 0x3323, 0x3323, 0x3323, 0x3323, 0x3323, 
    0x3324, 0x3323, 0x3323, 0x3323, 0x3303, 0x3323, 0x3323, 0x3323, 0x3323, 0x3323, 0x3323, 0x3323, 
    0x3323, 0x3303, 0x3303, 0x3323, 0x3323, 0x3323, 0x3323, 0x3303, 0x3303, 0x3323, 0x3323, 0x3323, 
    0x3324, 0x3324, 0x3324, 0x3344, 0x3324, 0x3344, 0x3343, 0x3343, 0x3323, 0x3344, 0x3344, 0x3324, 
    0x3324, 0x3324, 0x3323, 0x3323, 0x3303, 0x3303, 0x3323, 0x3323, 0x3323, 0x3323, 0x3323, 0x3323, 
    0x3323, 0x3323, 0x3323, 0x3343, 0x3323, 0x3323, 0x3323, 0x3323, 0x3323, 0x3323, 0x3323, 0x3323, 
    0x3323, 0x3343, 0x3323, 0x3323, 0x3323, 0x3323, 0x3323, 0x3323, 0x3323, 0x3323, 0x3323, 0x3323, 
    0x2B03, 0x3323, 0x3323, 0x3B44, 0x3B44, 0x3B24, 0x3B24, 0x3343, 0x3343, 0x3344, 0x3304, 0x32A4, 
    0x3A25, 0x5AE7, 0x6328, 0x5AE7, 0x5AE7, 0x3A26, 0x21E3, 0x2263, 0x3323, 0x3324, 0x3323, 0x3323, 
    0x3303, 0x3303, 0x3323, 0x3323, 0x3323, 0x3323, 0x3323, 0x3323, 0x3323, 0x3323, 0x3323, 0x3343, 
    0x3343, 0x3343, 0x3323, 0x3323, 0x3323, 0x3323, 0x3323, 0x3B23, 0x3303, 0x10E2, 0x4A47, 0x18E2, 
    0x3164, 0xAC8E, 0x8BCC, 0x39C5, 0x10E2, 0x0061, 0x0000, 0x18C2, 0x62E9, 0xBD72, 0xCDD4, 0xA4AF, 
    0x9C4E, 0x7309, 0x1081, 0x21A1, 0x5B84, 0x7C66, 0x6C04, 0x4B03, 0x08E0, 0x3AA3, 0x5B84, 0x5364, 
    0x63C4, 0x6C05, 0x63E4, 0x63C4, 0x5BA3, 0x63C4, 0x5384, 0x5BA4, 0x5B83, 0x4B43, 0x6BC4, 0x5BA4, 
    0x5383, 0x5BC4, 0x63E4, 0x53A4, 0x4323, 0x42E3, 0x3A83, 0x2124, 0x1903, 0x2985, 0x2965, 0x1903, 
    0x2123, 0x1924, 0x2123, 0x2124, 0x2985, 0x31A5, 0x39C5, 0x4227, 0x5268, 0x2985, 0x0881, 0x4A27, 
    0x5268, 0x2985, 0x5AC9, 0x4206, 0x5268, 0x5288, 0x62E9, 0x62C9, 0x5AC9, 0x5AC9, 0x5AA8, 0x4A47, 
    0x4A27, 0x4227, 0x18E2, 0x0060, 0x08E1, 0x1982, 0x32C3, 0x3B24, 0x3B44, 0x3B24, 0x3B44, 0x3344, 
    0x3324, 0x3323, 0x3323, 0x3323, 0x3323, 0x3323, 0x3323, 0x3323, 0x3323, 0x3323, 0x3323, 0x3323, 
    0x3323, 0x3323, 0x3323, 0x3323, 0x3323, 0x3323, 0x3323, 0x3323, 0x3323, 0x3323, 0x3323, 0x3323, 
    0x3323, 0x3323, 0x3323, 0x3323, 0x3323, 0x3323, 0x3323, 0x3323, 0x3323, 0x3323, 0x3323, 0x3323, 
    0x3324, 0x3323, 0x3323, 0x3323, 0x3323, 0x3323, 0x3323, 0x3323, 0x3323, 0x3324, 0x3323, 0x3323, 
    0x3323, 0x3323, 0x3323, 0x3323, 0x3323, 0x3324, 0x3323, 0x3324, 0x3323, 0x3323, 0x3323, 0x3323, 
    0x2AE3, 0x2AE3, 0x2AE3, 0x2AE3, 0x2AE3, 0x2AE3, 0x2AE3, 0x3303, 0x2B03, 0x2B03, 0x2B03, 0x2AE3, 
    0x2AE3, 0x2AE3, 0x2AE3, 0x2AE3, 0x2AE3, 0x2AC3, 0x2AC3, 0x2AE3, 0x2AE3, 0x2B03, 0x2B03, 0x2B03, 
    0x2AE3, 0x2B03, 0x2B03, 0x2AE3, 0x2AE3, 0x2AE3, 0x2B03, 0x2B03, 0x2AE3, 0x2AE3, 0x2AE3, 0x2AE3, 
    0x2AE3, 0x2B03, 0x2AE3, 0x2AE3, 0x2AE3, 0x2AE3, 0x2AE3, 0x2AE3, 0x2B03, 0x2AE3, 0x2AE3, 0x32E4, 
    0x6BC9, 0x63A8, 0x5326, 0x32C3, 0x2B03, 0x2AE3, 0x2AE3, 0x4B66, 0x5B87, 0x2AE3, 0x2AE3, 0x3323, 
    0x1A02, 0x31C4, 0x4205, 0x3A05, 0x39C5, 0x1983, 0x1202, 0x22A3, 0x2AE3, 0x2B03, 0x2AE3, 0x32E4, 
    0x63A8, 0x6387, 0x4B26, 0x2AE3, 0x2B03, 0x2AE3, 0x2AE3, 0x2AE3, 0x2B03, 0x2AE3, 0x2AE3, 0x2AE3, 
    0x2AE3, 0x2AE3, 0x2AE3, 0x2B03, 0x2AE3, 0x2AE3, 0x2AE3, 0x3303, 0x2AA3, 0x10E2, 0x3185, 0x0020, 
    0x5A88, 0x8BEC, 0x9C6E, 0xBD51, 0x7B8B, 0x39A5, 0x0881, 0x0020, 0x0081, 0x4206, 0xACCF, 0xCDB2, 
    0xA48E, 0xA48E, 0x62C9, 0x2143, 0x3A83, 0x7C86, 0x7445, 0x63C4, 0x1981, 0x10E1, 0x6384, 0x63E4, 
    0x5384, 0x5364, 0x63A4, 0x5363, 0x5363, 0x4B43, 0x4303, 0x4B43, 0x4323, 0x4303, 0x4B43, 0x4323, 
    0x4323, 0x4323, 0x3B03, 0x3AE3, 0x3AC3, 0x3AA3, 0x3AA2, 0x2163, 0x2124, 0x2124, 0x39E6, 0x31A5, 
    0x41E6, 0x4A47, 0x41E6, 0x5288, 0x5267, 0x5AA8, 0x4A68, 0x31C6, 0x2985, 0x2144, 0x0881, 0x2964, 
    0x5288, 0x2124, 0x31A5, 0x41E6, 0x2985, 0x39C6, 0x39E6, 0x31A5, 0x3185, 0x3185, 0x2964, 0x2144, 
    0x1903, 0x4207, 0x1923, 0x18E2, 0x3185, 0x18E3, 0x0040, 0x1941, 0x2A83, 0x3324, 0x3304, 0x2B03, 
    0x2AE3, 0x2AE3, 0x3303, 0x2AE3, 0x2AE3, 0x2AE3, 0x2AE3, 0x2AE3, 0x3303, 0x3303, 0x2AE3, 0x2AE3, 
    0x2AE3, 0x2AE3, 0x2AE3, 0x2AE3, 0x2AE3, 0x2AE3, 0x2B03, 0x2AE3, 0x2AE3, 0x2AE3, 0x2AE3, 0x2AE3, 
    0x2AE3, 0x2AE3, 0x2AE3, 0x2AE3, 0x2AE3, 0x2AE3, 0x2AE3, 0x2AE3, 0x2AE3, 0x2AE3, 0x2AE3, 0x2AE3, 
    0x2AE3, 0x2AE3, 0x2AE3, 0x2AE3, 0x2AE3, 0x2AE3, 0x2AE3, 0x2AE3, 0x2AE3, 0x2AE3, 0x2AE3, 0x2AE3, 
    0x2AE3, 0x2AE3, 0x2AE3, 0x2B03, 0x2AE3, 0x2AE3, 0x2AE3, 0x2AE3, 0x2AE3, 0x2AE3, 0x2AE3, 0x2AE3, 
    0x3303, 0x3303, 0x3303, 0x3303, 0x3303, 0x2AE3, 0x3303, 0x3303, 0x3323, 0x3303, 0x3323, 0x3303, 
    0x3303, 0x3303, 0x2B03, 0x3303, 0x2B03, 0x2AE3, 0x2AE3, 0x3303, 0x3303, 0x3303, 0x3323, 0x3303, 
    0x3303, 0x3303, 0x3303, 0x3303, 0x3303, 0x3303, 0x3303, 0x2B03, 0x2B03, 0x2B03, 0x3303, 0x3303, 
    0x3303, 0x3303, 0x3303, 0x3303, 0x3303, 0x3303, 0x2B03, 0x3303, 0x3323, 0x3303, 0x3324, 0x5B67, 
    0xB52F, 0xACEE, 0x8C0B, 0x42C5, 0x2AC3, 0x3323, 0x2B03, 0x6BC8, 0x83CA, 0x3AC4, 0x3323, 0x3323, 
    0x2AE3, 0x21E3, 0x1963, 0x1162, 0x1142, 0x1A02, 0x22A3, 0x3303, 0x3303, 0x3303, 0x3303, 0x5B87, 
    0xBD2F, 0x9C6C, 0x7369, 0x32A3, 0x3303, 0x3303, 0x3303, 0x3303, 0x3303, 0x3303, 0x3303, 0x3303, 
    0x3303, 0x3303, 0x3303, 0x3303, 0x3303, 0x3303, 0x3343, 0x2AC3, 0x08C1, 0x0000, 0x0861, 0x2944, 
    0x8BEC, 0x4A47, 0x39C5, 0x8BCC, 0xC572, 0xA4AF, 0x4A47, 0x1903, 0x0040, 0x0040, 0x5267, 0xB4F0, 
    0xC551, 0xACD0, 0xC592, 0x736B, 0x08A0, 0x42C3, 0x6C04, 0x6C05, 0x4AE3, 0x0020, 0x3222, 0x5BC3, 
    0x5364, 0x4B03, 0x42E3, 0x4303, 0x4303, 0x3AE2, 0x3AC3, 0x3AC2, 0x32C2, 0x3AE3, 0x3AE3, 0x3B03, 
    0x3AE2, 0x3AE2, 0x4B23, 0x5343, 0x5384, 0x6C05, 0x7C65, 0x5344, 0x4A47, 0x2985, 0x5AC9, 0x5AA9, 
    0x4A67, 0x4207, 0x39E6, 0x39E6, 0x2985, 0x2964, 0x2144, 0x2124, 0x1903, 0x2123, 0x08A2, 0x10A2, 
    0x31A5, 0x10C2, 0x2124, 0x2124, 0x2124, 0x2964, 0x2144, 0x1903, 0x1903, 0x2123, 0x1903, 0x18E3, 
    0x1903, 0x2965, 0x10E2, 0x1903, 0x4227, 0x5268, 0x39C5, 0x18E2, 0x0881, 0x1982, 0x32E3, 0x3344, 
    0x3303, 0x3303, 0x3323, 0x3303, 0x3303, 0x3303, 0x2B03, 0x3303, 0x3303, 0x3303, 0x3303, 0x3303, 
    0x3303, 0x2B03, 0x2B03, 0x2AE3, 0x2B03, 0x3303, 0x3303, 0x3303, 0x3303, 0x3303, 0x2B03, 0x2B03, 
    0x2B03, 0x2AE3, 0x3303, 0x2B03, 0x3303, 0x3303, 0x3303, 0x2B03, 0x2B03, 0x2B03, 0x2AE3, 0x2B03, 
    0x2B03, 0x3303, 0x3303, 0x3303, 0x3303, 0x3303, 0x3303, 0x3303, 0x3303, 0x3303, 0x2B03, 0x3303, 
    0x3303, 0x2B03, 0x3303, 0x3303, 0x3303, 0x3303, 0x3303, 0x3303, 0x3303, 0x2B03, 0x2AE3, 0x2AE3, 
    0x3B44, 0x3343, 0x3B43, 0x3B44, 0x3B43, 0x3343, 0x3343, 0x3B44, 0x3B44, 0x3344, 0x3344, 0x3343, 
    0x3343, 0x3323, 0x3323, 0x3323, 0x3323, 0x3323, 0x3343, 0x3B44, 0x3344, 0x3343, 0x3343, 0x3323, 
    0x3323, 0x3323, 0x3323, 0x3323, 0x3323, 0x3323, 0x3323, 0x3323, 0x3323, 0x3323, 0x3343, 0x3343, 
    0x3323, 0x3323, 0x3323, 0x3323, 0x3323, 0x3323, 0x3323, 0x3323, 0x3B44, 0x3343, 0x5386, 0xA4AD, 
    0xB50F, 0x9C8D, 0x83EA, 0x6B49, 0x3244, 0x3324, 0x3B44, 0x3AC4, 0x3A04, 0x2A23, 0x3324, 0x3B44, 
    0x3B44, 0x3323, 0x3303, 0x2AE3, 0x2AE3, 0x3303, 0x3323, 0x3323, 0x3324, 0x3B44, 0x3344, 0x73C9, 
    0x942C, 0x8BEB, 0x62E8, 0x3204, 0x3323, 0x3323, 0x3323, 0x3323, 0x3323, 0x3343, 0x3343, 0x3B44, 
    0x3B43, 0x3323, 0x3323, 0x3B43, 0x3343, 0x2AA3, 0x19A2, 0x08E1, 0x2103, 0x5227, 0x7329, 0x9C2D, 
    0x736B, 0x4A47, 0x0881, 0x2123, 0x6B0A, 0xB4F1, 0xBD31, 0x734B, 0x2123, 0x0000, 0x2964, 0x9C6E, 
    0xCDD3, 0xC592, 0xBD31, 0xBD10, 0x41E6, 0x18E1, 0x63A4, 0x5343, 0x4303, 0x21E2, 0x1141, 0x32C2, 
    0x3AA2, 0x32A2, 0x3AC2, 0x32C2, 0x3282, 0x3282, 0x3AE3, 0x4303, 0x4323, 0x5384, 0x6C05, 0x6C04, 
    0x7425, 0x7C45, 0x7425, 0x7425, 0x6C04, 0x6C04, 0x63C4, 0x3A83, 0x2964, 0x18E3, 0x2985, 0x31A5, 
    0x2124, 0x1903, 0x1923, 0x1923, 0x1903, 0x2123, 0x2144, 0x2964, 0x2144, 0x2123, 0x18E3, 0x0861, 
    0x2964, 0x10A2, 0x18E3, 0x1924, 0x18E3, 0x18E3, 0x10E3, 0x10C2, 0x10C2, 0x10C2, 0x10C2, 0x10C2, 
    0x10C3, 0x1923, 0x0881, 0x0881, 0x18E3, 0x2124, 0x31A5, 0x39E6, 0x31A5, 0x10A2, 0x08A0, 0x2202, 
    0x3B64, 0x3B44, 0x3B44, 0x3343, 0x3323, 0x3323, 0x3323, 0x3323, 0x3343, 0x3343, 0x3323, 0x3343, 
    0x3323, 0x3323, 0x3323, 0x3323, 0x3323, 0x3323, 0x3B43, 0x3323, 0x3323, 0x3323, 0x3323, 0x3323, 
    0x3323, 0x3323, 0x3323, 0x3323, 0x3343, 0x3343, 0x3323, 0x3323, 0x3323, 0x3323, 0x3323, 0x3323, 
    0x3323, 0x3323, 0x3323, 0x3343, 0x3343, 0x3323, 0x3323, 0x3323, 0x3323, 0x3323, 0x3323, 0x3323, 
    0x3323, 0x3343, 0x3323, 0x3323, 0x3323, 0x3323, 0x3323, 0x3323, 0x3324, 0x3323, 0x3323, 0x3303, 
    0x3304, 0x3303, 0x2AE3, 0x2AE3, 0x2B03, 0x2B03, 0x2AE3, 0x3303, 0x2B03, 0x2AE3, 0x2AE3, 0x2AE3, 
    0x2AE3, 0x2AE3, 0x2AE3, 0x2AE3, 0x2AE3, 0x2AC3, 0x2AE3, 0x2AE3, 0x2AE3, 0x2AE3, 0x2AE3, 0x2AE3, 
    0x2AE3, 0x2AE3, 0x2AE3, 0x2AE3, 0x2AE3, 0x2AE3, 0x2AE3, 0x2AE3, 0x2B03, 0x2B03, 0x2B03, 0x2B03, 
    0x2B03, 0x2AE3, 0x2AE3, 0x2AE3, 0x2AE3, 0x2AE3, 0x2AE3, 0x2B03, 0x2B03, 0x2AE3, 0x3AC4, 0x6B48, 
    0x8C0B, 0x7369, 0x5AC7, 0x3A05, 0x21C3, 0x2B03, 0x2B03, 0x2AC3, 0x2283, 0x2AA3, 0x3303, 0x3324, 
    0x3304, 0x3303, 0x3303, 0x2B03, 0x3303, 0x5366, 0x6B88, 0x4B46, 0x2AE3, 0x2B03, 0x3303, 0x3264, 
    0x52A6, 0x4A66, 0x21C3, 0x21E2, 0x2AE3, 0x2AE3, 0x2AE3, 0x2AE3, 0x2AE3, 0x2B03, 0x2B03, 0x3303, 
    0x3303, 0x2AE3, 0x3303, 0x2AA3, 0x11A2, 0x08A1, 0x2923, 0x730A, 0x9C6F, 0xACCF, 0xA46E, 0x942D, 
    0x9C6E, 0x944E, 0x5AE9, 0x1903, 0x0861, 0x3185, 0x93ED, 0xBD31, 0x734A, 0x2964, 0x8BED, 0x83AB, 
    0xA4CF, 0x8BED, 0x6B2A, 0x6B2A, 0x5247, 0x08A0, 0x2A62, 0x2A62, 0x3AC2, 0x3282, 0x00A1, 0x2202, 
    0x3AC3, 0x4303, 0x4B23, 0x4B43, 0x5344, 0x63A4, 0x63C4, 0x7C46, 0x8486, 0x6C05, 0x8466, 0x6BE4, 
    0x5BA4, 0x5343, 0x3AE3, 0x32A2, 0x2A42, 0x2A42, 0x2A62, 0x2222, 0x1923, 0x10C3, 0x2124, 0x2124, 
    0x1903, 0x2124, 0x2144, 0x2144, 0x2944, 0x2944, 0x2124, 0x1903, 0x1903, 0x2123, 0x18E3, 0x0061, 
    0x18E3, 0x10A2, 0x10C3, 0x10E3, 0x10C2, 0x10C2, 0x10C2, 0x10C2, 0x10C2, 0x10C2, 0x10C2, 0x10C3, 
    0x18E3, 0x18E3, 0x0861, 0x0061, 0x08A2, 0x0882, 0x08A2, 0x2123, 0x31C5, 0x39C5, 0x2103, 0x0881, 
    0x1161, 0x3303, 0x3303, 0x2AE3, 0x2AE3, 0x2AE3, 0x2AE3, 0x2AE3, 0x2AE3, 0x2AE3, 0x2AE3, 0x2B03, 
    0x2B03, 0x2AE3, 0x2AE3, 0x2AE3, 0x2AE3, 0x2AE3, 0x2AE3, 0x2AE3, 0x32E3, 0x2AE3, 0x2AE3, 0x2AE3, 
    0x2AE3, 0x2AE3, 0x2AE3, 0x2AE3, 0x2AE3, 0x2AE3, 0x2B03, 0x2AE3, 0x2B03, 0x2AE3, 0x2AE3, 0x2AE3, 
    0x2AE3, 0x2AE3, 0x2AE3, 0x2AE3, 0x2AE3, 0x2AE3, 0x2AE3, 0x2AE3, 0x2AE3, 0x2AE3, 0x2AE3, 0x2AE3, 
    0x2B03, 0x2AE3, 0x2AE3, 0x2AE3, 0x2AE3, 0x2AE3, 0x2AE3, 0x2AE3, 0x2AE3, 0x2AE3, 0x2AE3, 0x2AC3, 
    0x3324, 0x3303, 0x3303, 0x3303, 0x3303, 0x2B03, 0x3303, 0x3303, 0x3303, 0x3303, 0x2AE3, 0x2AE3, 
    0x2AE3, 0x2AE3, 0x2AE3, 0x2B03, 0x2B03, 0x2AE3, 0x2AE3, 0x2AE3, 0x2AE3, 0x3303, 0x3303, 0x3303, 
    0x2B03, 0x3303, 0x2B03, 0x3303, 0x3303, 0x2B03, 0x2B03, 0x3303, 0x3303, 0x3303, 0x3303, 0x3303, 
    0x2B03, 0x2B03, 0x2AE3, 0x2AE3, 0x2AE3, 0x2AE3, 0x2AE3, 0x2B03, 0x2B03, 0x2AE3, 0x2A83, 0x29E4, 
    0x6307, 0x62E7, 0x3A25, 0x1982, 0x2223, 0x3323, 0x3303, 0x3303, 0x3303, 0x3323, 0x3324, 0x3324, 
    0x3324, 0x3303, 0x3303, 0x3303, 0x3303, 0x4B25, 0x52A6, 0x3A84, 0x2AE3, 0x3303, 0x3303, 0x32E3, 
    0x21E3, 0x19A3, 0x11E2, 0x2AA3, 0x3303, 0x2AE3, 0x2AE3, 0x3303, 0x3303, 0x3303, 0x3303, 0x3303, 
    0x3303, 0x3303, 0x2242, 0x0080, 0x18A2, 0x5A68, 0xB4CF, 0xBD10, 0x9C6F, 0x940D, 0x9C4E, 0xA46E, 
    0x9C6E, 0x9C6F, 0x942D, 0x6B0A, 0x3185, 0x0040, 0x2943, 0x83AC, 0xB511, 0x83AC, 0xACAF, 0x734A, 
    0x940D, 0x734A, 0x4227, 0x4A68, 0x41E6, 0x00C1, 0x2262, 0x32A2, 0x32C2, 0x32A2, 0x0080, 0x1981, 
    0x7446, 0x9507, 0x8CC7, 0x7405, 0x8CA6, 0x8486, 0x7424, 0x63C4, 0x4B43, 0x3AC3, 0x2A22, 0x2202, 
    0x2221, 0x2221, 0x2241, 0x2242, 0x2242, 0x2242, 0x2A42, 0x2A42, 0x1923, 0x10C2, 0x2124, 0x2944, 
    0x2124, 0x2124, 0x18E3, 0x10A2, 0x08A2, 0x0881, 0x0061, 0x08A1, 0x1903, 0x1903, 0x18E3, 0x0061, 
    0x10E3, 0x10A2, 0x10C2, 0x18E3, 0x18E3, 0x18E3, 0x18E3, 0x18E3, 0x1903, 0x18E3, 0x18E3, 0x18E3, 
    0x18E3, 0x0861, 0x0080, 0x0901, 0x0901, 0x08A1, 0x0020, 0x0881, 0x10E3, 0x2964, 0x39E6, 0x3185, 
    0x0881, 0x2223, 0x32E3, 0x3303, 0x2AE3, 0x3303, 0x2AE3, 0x2AE3, 0x2B03, 0x2AE3, 0x2AE3, 0x3303, 
    0x3303, 0x3303, 0x2AE3, 0x2AE3, 0x2AE3, 0x2B03, 0x2B03, 0x2B03, 0x3303, 0x2AE3, 0x2AE3, 0x2AE3, 
    0x2B03, 0x2B03, 0x2B03, 0x2AE3, 0x2AE3, 0x2B03, 0x3303, 0x3303, 0x3303, 0x3303, 0x2B03, 0x2B03, 
    0x2AE3, 0x2AE3, 0x2AE3, 0x2AE3, 0x2AE3, 0x2AE3, 0x2AE3, 0x2AE3, 0x2AE3, 0x2AE3, 0x2AE3, 0x2AE3, 
    0x2B03, 0x2AE3, 0x2AE3, 0x3303, 0x3303, 0x2B03, 0x3303, 0x2B03, 0x3303, 0x3303, 0x2AE3, 0x2AE3, 
    0x3343, 0x3344, 0x3344, 0x3343, 0x3343, 0x3323, 0x3344, 0x3344, 0x3323, 0x3323, 0x3303, 0x3303, 
    0x3323, 0x3323, 0x3323, 0x3343, 0x3323, 0x3323, 0x3323, 0x3323, 0x3323, 0x3323, 0x3324, 0x3323, 
    0x3323, 0x3323, 0x3323, 0x3323, 0x3323, 0x3323, 0x3323, 0x3323, 0x3343, 0x3323, 0x3323, 0x3323, 
    0x3323, 0x3323, 0x3323, 0x3323, 0x3323, 0x3303, 0x3303, 0x3323, 0x3323, 0x3323, 0x3303, 0x2243, 
    0x29C4, 0x29A3, 0x19A2, 0x1A22, 0x3303, 0x3323, 0x3323, 0x3323, 0x3324, 0x3344, 0x32C3, 0x2A63, 
    0x32A4, 0x2AA3, 0x3303, 0x3323, 0x3323, 0x3303, 0x2263, 0x2A83, 0x3323, 0x3303, 0x3324, 0x3344, 
    0x3303, 0x2B03, 0x3303, 0x3323, 0x3303, 0x3303, 0x3B24, 0x3324, 0x3B44, 0x3B44, 0x3343, 0x3323, 
    0x2AC3, 0x1181, 0x0060, 0x62A8, 0xA48E, 0xACCF, 0x942D, 0x39C5, 0x10A2, 0x1081, 0x2964, 0x8C0D, 
    0xA4AF, 0x9C4E, 0x9C4E, 0x9C4D, 0x8BEC, 0x4A67, 0x0861, 0x2144, 0x6B09, 0x942D, 0xB4F0, 0x62C9, 
    0x83AB, 0x6309, 0x4206, 0x52A8, 0x4A26, 0x00C1, 0x19E1, 0x2A82, 0x2A82, 0x32A2, 0x08E1, 0x0901, 
    0x63C5, 0x63E4, 0x4303, 0x3AC2, 0x3AA2, 0x3AC2, 0x2A82, 0x2242, 0x2201, 0x1A01, 0x2201, 0x2201, 
    0x2222, 0x2A42, 0x2A62, 0x2A62, 0x2A62, 0x2A62, 0x2A62, 0x2A22, 0x1903, 0x10C2, 0x2124, 0x3185, 
    0x2144, 0x10C2, 0x0060, 0x10A1, 0x18E2, 0x1903, 0x2964, 0x3185, 0x2124, 0x18E3, 0x10C2, 0x0061, 
    0x18E3, 0x10A2, 0x10C2, 0x0881, 0x0061, 0x0040, 0x0040, 0x0040, 0x0040, 0x0040, 0x0040, 0x0040, 
    0x0040, 0x1141, 0x2AC3, 0x3324, 0x3304, 0x32E3, 0x2223, 0x08C1, 0x0041, 0x10C2, 0x2144, 0x31C5, 
    0x39C5, 0x0060, 0x21C2, 0x3B04, 0x3B44, 0x3B24, 0x3323, 0x3323, 0x3323, 0x3323, 0x3323, 0x3323, 
    0x3323, 0x3323, 0x3323, 0x3323, 0x3323, 0x3323, 0x3323, 0x3343, 0x3343, 0x3323, 0x3323, 0x3323, 
    0x3323, 0x3323, 0x3323, 0x3323, 0x3323, 0x3323, 0x3323, 0x3323, 0x3344, 0x3323, 0x3323, 0x3323, 
    0x3323, 0x3323, 0x3323, 0x3323, 0x3323, 0x3323, 0x3323, 0x3323, 0x3323, 0x3323, 0x3323, 0x3303, 
    0x3303, 0x3323, 0x3323, 0x3344, 0x3344, 0x3344, 0x3344, 0x3324, 0x3344, 0x3344, 0x3323, 0x3323, 
    0x2B03, 0x2B03, 0x3303, 0x3303, 0x3303, 0x2AE3, 0x2AE3, 0x2AE3, 0x2AE3, 0x2AE3, 0x2AE3, 0x2AE3, 
    0x2AE3, 0x2AE3, 0x2AE3, 0x2AE3, 0x2AE3, 0x2AE3, 0x2AE3, 0x2AE3, 0x2AE3, 0x2AE3, 0x2AE3, 0x2AE3, 
    0x2B03, 0x2AE3, 0x2AE3, 0x3303, 0x2B03, 0x3303, 0x32E3, 0x2AE3, 0x2AE3, 0x2AE3, 0x2AE3, 0x2AE3, 
    0x2AE3, 0x2AE3, 0x2AE3, 0x2AE3, 0x2AE3, 0x2AE3, 0x2AE3, 0x2AE3, 0x2B03, 0x2AE3, 0x32E3, 0x2AE3, 
    0x1A43, 0x1A42, 0x2283, 0x2AE3, 0x2AE3, 0x2AE3, 0x2B03, 0x3303, 0x2AA3, 0x2A64, 0x4266, 0x4A47, 
    0x4A26, 0x4A66, 0x3A45, 0x2A43, 0x2AA3, 0x3323, 0x3323, 0x3303, 0x3303, 0x32C4, 0x32E4, 0x3303, 
    0x3303, 0x3323, 0x3324, 0x2B03, 0x5346, 0x5B66, 0x32E4, 0x2AE3, 0x32E3, 0x3303, 0x2AE3, 0x19A2, 
    0x08A1, 0x3164, 0x940D, 0xB510, 0xACAF, 0x7B6A, 0x18E3, 0x2964, 0x2124, 0x2144, 0x2144, 0x2103, 
    0x7B6B, 0xA46E, 0x9C4E, 0xA48F, 0xA48F, 0x8BED, 0x4A47, 0x18C2, 0x41E6, 0x9C4E, 0x9C8F, 0x4206, 
    0x940D, 0x6B2A, 0x4227, 0x5288, 0x41E6, 0x0080, 0x19C1, 0x2A62, 0x2241, 0x2222, 0x08E1, 0x0921, 
    0x2242, 0x2221, 0x2221, 0x2221, 0x2221, 0x2201, 0x2221, 0x2222, 0x2222, 0x2A42, 0x2A42, 0x2A42, 
    0x2A42, 0x2A62, 0x2A62, 0x2A62, 0x2A82, 0x2A82, 0x2A62, 0x2202, 0x1903, 0x10C2, 0x2124, 0x2985, 
    0x2124, 0x2123, 0x3185, 0x39C6, 0x31A5, 0x2124, 0x1903, 0x1903, 0x1903, 0x18E3, 0x10C2, 0x0881, 
    0x18E3, 0x10C2, 0x0041, 0x0080, 0x19E2, 0x2283, 0x2282, 0x2262, 0x2262, 0x2263, 0x2262, 0x2263, 
    0x2263, 0x2AC3, 0x3303, 0x2B03, 0x2AE3, 0x2AE3, 0x3303, 0x2A83, 0x1182, 0x08A1, 0x08A2, 0x2144, 
    0x3185, 0x31A5, 0x0040, 0x21E2, 0x3324, 0x3303, 0x2AE3, 0x2AE3, 0x2AE3, 0x2B03, 0x2B03, 0x2AE3, 
    0x2AE3, 0x2AE3, 0x2AE3, 0x2AE3, 0x2AE3, 0x2AE3, 0x2AE3, 0x2AE3, 0x2B03, 0x2B03, 0x2B03, 0x2B03, 
    0x3303, 0x2B03, 0x2B03, 0x2AE3, 0x2AE3, 0x2AE3, 0x2AE3, 0x2AE3, 0x2AE3, 0x3303, 0x2B03, 0x2B03, 
    0x2AE3, 0x2AE3, 0x2AE3, 0x2AE3, 0x2AE3, 0x2AE3, 0x2AE3, 0x2AE3, 0x2AE3, 0x2AE3, 0x2AE3, 0x2AC3, 
    0x2AE3, 0x2AE3, 0x2AE3, 0x2B03, 0x2B03, 0x2B03, 0x2B03, 0x2B03, 0x2B03, 0x2AE3, 0x2AE3, 0x2AE3, 
    0x2B03, 0x2AE3, 0x2B03, 0x2B03, 0x3303, 0x3303, 0x2AE3, 0x2AE3, 0x2AE3, 0x2B03, 0x2B03, 0x2AE3, 
    0x2B03, 0x2AE3, 0x2AE3, 0x2AE3, 0x2AE3, 0x2AE3, 0x2AE3, 0x2AE3, 0x2AE3, 0x2AE3, 0x2AE3, 0x3303, 
    0x2B03, 0x2AE3, 0x2B03, 0x2B03, 0x3303, 0x3303, 0x2B03, 0x2AE3, 0x2AE3, 0x2AE3, 0x2AE3, 0x2AE3, 
    0x2AE3, 0x2AE3, 0x2AE3, 0x2AE3, 0x2AE3, 0x2AE3, 0x3B24, 0x4325, 0x32E4, 0x2AE3, 0x3303, 0x3303, 
    0x3303, 0x2AE3, 0x2B03, 0x3303, 0x3303, 0x2AE3, 0x2AE3, 0x2AA3, 0x29E4, 0x4206, 0x8BEB, 0xBD50, 
    0xACCE, 0x942C, 0x6308, 0x2984, 0x3224, 0x32E3, 0x2AE3, 0x2AE3, 0x3304, 0x842A, 0x4B46, 0x2AC3, 
    0x2AE3, 0x2AE3, 0x3303, 0x3323, 0x42E5, 0x3A84, 0x2AC3, 0x2AE3, 0x32E3, 0x2AA3, 0x08C0, 0x10C2, 
    0x5247, 0xBD10, 0xB4F0, 0x9C6E, 0xA48E, 0x5A88, 0x1081, 0x6B09, 0x8BEC, 0x732A, 0x4A47, 0x0040, 
    0x6AE9, 0xA48E, 0x9C6E, 0xA48F, 0x9C6E, 0x9C2D, 0x9C4E, 0x5AA8, 0x4A47, 0x942D, 0x83CC, 0x31A5, 
    0x940D, 0x734B, 0x4A68, 0x4A68, 0x31A5, 0x0080, 0x1A01, 0x2A62, 0x2201, 0x2201, 0x0901, 0x0921, 
    0x2222, 0x2222, 0x2222, 0x2242, 0x2242, 0x2222, 0x2222, 0x2A42, 0x2A42, 0x2A62, 0x3282, 0x32A2, 
    0x3282, 0x3282, 0x2A42, 0x2A22, 0x21E1, 0x2A42, 0x2A62, 0x2242, 0x1903, 0x10C2, 0x1903, 0x2964, 
    0x1903, 0x1903, 0x18E3, 0x10A2, 0x0861, 0x0040, 0x0040, 0x08A2, 0x1903, 0x1903, 0x10C2, 0x0061, 
    0x10C2, 0x0881, 0x08C0, 0x2242, 0x3303, 0x3323, 0x3323, 0x3303, 0x3303, 0x3303, 0x3303, 0x3303, 
    0x2B03, 0x3303, 0x2AE3, 0x3303, 0x3303, 0x2B03, 0x2AE3, 0x3303, 0x3344, 0x19E2, 0x0881, 0x0881, 
    0x2123, 0x31A5, 0x2123, 0x08A1, 0x1182, 0x3323, 0x2AE3, 0x2AE3, 0x2AE3, 0x2AE3, 0x2AE3, 0x2B03, 
    0x2AE3, 0x2AE3, 0x2AE3, 0x2AE3, 0x2AE3, 0x2AE3, 0x2AE3, 0x2AE3, 0x2AE3, 0x2AE3, 0x2B03, 0x3303, 
    0x3303, 0x2B03, 0x2B03, 0x2AE3, 0x2B03, 0x2AE3, 0x2AE3, 0x2B03, 0x3303, 0x3303, 0x2AE3, 0x2B03, 
    0x2AE3, 0x2AE3, 0x2AE3, 0x2AE3, 0x2AE3, 0x2AE3, 0x2AE3, 0x2AE3, 0x2AE3, 0x2AE3, 0x2AE3, 0x2AE3, 
    0x2AE3, 0x2AE3, 0x2AE3, 0x3303, 0x2AE3, 0x2B03, 0x2AE3, 0x2AE3, 0x2B03, 0x2AE3, 0x2AE3, 0x2AE3, 
    0x3343, 0x3323, 0x3323, 0x3B43, 0x3B43, 0x3B43, 0x3323, 0x3344, 0x3B44, 0x3B44, 0x3323, 0x3323, 
    0x3323, 0x3323, 0x3323, 0x3323, 0x3323, 0x3323, 0x3323, 0x3323, 0x3323, 0x3323, 0x3323, 0x3323, 
    0x3323, 0x3343, 0x3343, 0x3343, 0x3344, 0x3323, 0x3323, 0x3323, 0x3323, 0x3323, 0x3323, 0x3303, 
    0x3323, 0x3323, 0x3323, 0x3323, 0x3323, 0x3303, 0x7C2A, 0xA4CE, 0x4AE5, 0x3323, 0x3323, 0x3343, 
    0x3343, 0x3323, 0x3324, 0x3324, 0x3344, 0x3344, 0x2A83, 0x31E5, 0x7349, 0xA46D, 0xA48D, 0xC571, 
    0xB50F, 0x9C4C, 0x8C0B, 0x83CA, 0x52A7, 0x2203, 0x3303, 0x3323, 0x4365, 0x6348, 0x3284, 0x2AE3, 
    0x3303, 0x3303, 0x3B44, 0x3B64, 0x2AC3, 0x2263, 0x32E3, 0x3344, 0x3B24, 0x0080, 0x3984, 0x940D, 
    0xCDB2, 0xB4F0, 0x9C2D, 0x9C4D, 0xA48E, 0x8BED, 0x10A2, 0x18C2, 0x5AA8, 0x31A5, 0x10A2, 0x39A5, 
    0x9C4E, 0xA46E, 0x9C4E, 0x9C4E, 0x9C4E, 0x9C2D, 0x940D, 0x942E, 0x9C4E, 0x736B, 0x2964, 0x5267, 
    0x8BEC, 0x6B2A, 0x4247, 0x2985, 0x10A2, 0x0020, 0x0900, 0x0901, 0x08C0, 0x0921, 0x0921, 0x0921, 
    0x19E1, 0x2A42, 0x2A42, 0x2A42, 0x2A42, 0x2A41, 0x2222, 0x2222, 0x2A42, 0x32A2, 0x32A2, 0x21E2, 
    0x21E1, 0x2A62, 0x1101, 0x08C1, 0x0941, 0x2242, 0x2241, 0x2221, 0x1103, 0x10C2, 0x1903, 0x2124, 
    0x1903, 0x0081, 0x0060, 0x0861, 0x0881, 0x10E2, 0x1903, 0x2124, 0x2103, 0x18E3, 0x10C2, 0x0061, 
    0x0881, 0x0080, 0x3303, 0x3344, 0x3303, 0x3303, 0x3323, 0x3343, 0x3343, 0x3323, 0x3B24, 0x3324, 
    0x3344, 0x3323, 0x3323, 0x3323, 0x3323, 0x3323, 0x3323, 0x3324, 0x3324, 0x3323, 0x2243, 0x0040, 
    0x10A2, 0x1903, 0x4227, 0x2123, 0x08A1, 0x2AA3, 0x3323, 0x3323, 0x3343, 0x3323, 0x3323, 0x3323, 
    0x3323, 0x3323, 0x3323, 0x3323, 0x3323, 0x3323, 0x3323, 0x3323, 0x3323, 0x3323, 0x3323, 0x3343, 
    0x3323, 0x3323, 0x3323, 0x3323, 0x3323, 0x3323, 0x3323, 0x3323, 0x3323, 0x3323, 0x3323, 0x3323, 
    0x3323, 0x3323, 0x3323, 0x3323, 0x3323, 0x3323, 0x3323, 0x3323, 0x3323, 0x3323, 0x3323, 0x3323, 
    0x3323, 0x3323, 0x3323, 0x3323, 0x3323, 0x3323, 0x3323, 0x3323, 0x3323, 0x3324, 0x3323, 0x3B44, 
    0x2AE3, 0x2AE3, 0x2AE3, 0x2AE3, 0x2AE3, 0x2AE3, 0x2AE3, 0x2AE3, 0x32E3, 0x2AE3, 0x2AE3, 0x2AE3, 
    0x2AE3, 0x2AE3, 0x2AE3, 0x2AE3, 0x2AE3, 0x2AE3, 0x2B03, 0x2AE3, 0x2AE3, 0x2AE3, 0x2AE3, 0x2AE3, 
    0x2AE3, 0x2B03, 0x2B03, 0x2B03, 0x2B03, 0x2B03, 0x2B03, 0x2B03, 0x2AE3, 0x2AE3, 0x2AE3, 0x2AE3, 
    0x2AE3, 0x2AE3, 0x2AE3, 0x2AE3, 0x2AE3, 0x3AE4, 0x83CA, 0x7BAA, 0x5AC7, 0x2A63, 0x2B03, 0x2B03, 
    0x2B03, 0x3B24, 0x3304, 0x32E3, 0x3303, 0x2B03, 0x3A44, 0x6B29, 0xB4EE, 0xBD2F, 0xACCE, 0xC570, 
    0xB4EF, 0xACAD, 0xA46D, 0x9C4C, 0x7329, 0x5287, 0x2A04, 0x3323, 0x3303, 0x2223, 0x2243, 0x2AC3, 
    0x5386, 0x8C8C, 0x6388, 0x3303, 0x3303, 0x2AE3, 0x3303, 0x3323, 0x21E2, 0x18E3, 0xACCF, 0xB4CF, 
    0xA48F, 0xA46E, 0x9C6E, 0x9C4E, 0x9C6E, 0xACAF, 0x7B6A, 0x2944, 0x2123, 0x2943, 0x5247, 0xA48F, 
    0xA46E, 0x9C4E, 0x9C2D, 0x942D, 0x9C2D, 0x9C4E, 0x9C6E, 0xBD51, 0xBD51, 0x83AC, 0x2123, 0x5267, 
    0x7B8B, 0x5288, 0x18E3, 0x10A2, 0x31A5, 0x39C5, 0x39C5, 0x3185, 0x2964, 0x08A2, 0x00A1, 0x08E1, 
    0x19C1, 0x2A42, 0x2A62, 0x2A42, 0x2222, 0x2222, 0x2A42, 0x1121, 0x08A0, 0x2202, 0x2A42, 0x00A1, 
    0x0921, 0x2A42, 0x1101, 0x08E1, 0x1141, 0x2221, 0x2241, 0x2201, 0x10E3, 0x10A2, 0x1903, 0x2103, 
    0x18E3, 0x2123, 0x2964, 0x2964, 0x2964, 0x2965, 0x2124, 0x18E3, 0x10C2, 0x10C2, 0x10E2, 0x0060, 
    0x08A1, 0x2243, 0x3303, 0x3323, 0x3303, 0x5365, 0x3B24, 0x2B23, 0x4364, 0x4B65, 0x3303, 0x3303, 
    0x3303, 0x3B23, 0x3323, 0x3303, 0x3303, 0x2B03, 0x3303, 0x2B03, 0x2B03, 0x3303, 0x2AE3, 0x19C2, 
    0x0020, 0x18E3, 0x2944, 0x4206, 0x2123, 0x0080, 0x2AA3, 0x3323, 0x2B03, 0x2AE3, 0x2AE3, 0x2AE3, 
    0x2AE3, 0x2AE3, 0x2B03, 0x2AE3, 0x2AE3, 0x2AE3, 0x2AE3, 0x2AE3, 0x2AE3, 0x2AE3, 0x2B03, 0x2B03, 
    0x2AE3, 0x2AE3, 0x2AE3, 0x2AE3, 0x2AE3, 0x2AE3, 0x2AE3, 0x2AE3, 0x2AE3, 0x2AE3, 0x2AE3, 0x2AE3, 
    0x2AE3, 0x2AE3, 0x2AE3, 0x2AE3, 0x2AE3, 0x2AE3, 0x2AE3, 0x2AE3, 0x2AE3, 0x2AE3, 0x2AE3, 0x2AE3, 
    0x2B03, 0x2AE3, 0x2AE3, 0x2AE3, 0x2AE3, 0x2AE3, 0x2AE3, 0x2AE3, 0x2AE3, 0x3303, 0x3303, 0x2AE3, 
    0x32E3, 0x2AE3, 0x2AE3, 0x2B03, 0x2B03, 0x2AE3, 0x2AE3, 0x2AE3, 0x32E3, 0x3303, 0x2AE3, 0x2B03, 
    0x2AE3, 0x2AE3, 0x2AE3, 0x2AE3, 0x2AE3, 0x2AE3, 0x3303, 0x2B03, 0x2B03, 0x2AE3, 0x2AE3, 0x2AE3, 
    0x2AE3, 0x2B03, 0x3303, 0x3303, 0x3303, 0x3303, 0x3303, 0x3303, 0x3303, 0x3303, 0x2B03, 0x2B03, 
    0x3303, 0x3303, 0x3303, 0x2B03, 0x2B03, 0x32E4, 0x4265, 0x4A86, 0x29E4, 0x2263, 0x3303, 0x32E3, 
    0x3B24, 0x5B47, 0x32C4, 0x2AE3, 0x2AE3, 0x2A23, 0x6B28, 0x942C, 0xB4CE, 0xBD50, 0xB4EF, 0xB4EE, 
    0xB50F, 0xB4EF, 0x9C6D, 0x940B, 0x7B89, 0x62C8, 0x3A05, 0x2A83, 0x3303, 0x3303, 0x3303, 0x3303, 
    0x5346, 0x8BEB, 0x62E7, 0x2A63, 0x3303, 0x3323, 0x3303, 0x2A83, 0x10A1, 0x734A, 0xD5D3, 0xB4F0, 
    0x940D, 0x9C4D, 0xA48F, 0x9C6E, 0x9C2D, 0x9C6E, 0xBD31, 0xBD30, 0xBD10, 0xB510, 0xBD31, 0xA48F, 
    0x9C6E, 0x9C2D, 0x940D, 0x942E, 0x9C4D, 0xACAF, 0xCDB3, 0xB4F0, 0x736B, 0x4A67, 0x3A06, 0x4A68, 
    0x3184, 0x0881, 0x2923, 0x6B09, 0x8BED, 0x62E9, 0x4A27, 0x39A5, 0x39C6, 0x4A47, 0x1903, 0x0040, 
    0x0901, 0x2242, 0x2241, 0x2202, 0x21E1, 0x21E1, 0x2A61, 0x08E1, 0x08E1, 0x21E1, 0x21E1, 0x0080, 
    0x1141, 0x2242, 0x1121, 0x0901, 0x0941, 0x21E1, 0x2201, 0x19E1, 0x10C2, 0x10A2, 0x1903, 0x2103, 
    0x18E3, 0x1903, 0x10C2, 0x18E3, 0x10C2, 0x0882, 0x0041, 0x10A2, 0x10C3, 0x10C2, 0x08A2, 0x00A1, 
    0x0901, 0x3303, 0x2AE3, 0x3303, 0x3323, 0x4B65, 0x3303, 0x2AE3, 0x4344, 0x4344, 0x3303, 0x3303, 
    0x3303, 0x3323, 0x3303, 0x3303, 0x2B03, 0x3303, 0x3303, 0x3303, 0x3303, 0x3303, 0x3303, 0x32C3, 
    0x1981, 0x0060, 0x1903, 0x31A6, 0x3185, 0x10A1, 0x1982, 0x3303, 0x2B03, 0x2AE3, 0x2AE3, 0x2AE3, 
    0x2AE3, 0x2B03, 0x3303, 0x2AE3, 0x2AE3, 0x2AE3, 0x2AE3, 0x2B03, 0x2B03, 0x2B03, 0x2B03, 0x2AE3, 
    0x2B03, 0x2AE3, 0x2AE3, 0x2B03, 0x2B03, 0x3303, 0x2B03, 0x3303, 0x2B03, 0x2AE3, 0x2B03, 0x2B03, 
    0x2B03, 0x2AE3, 0x2B03, 0x2B03, 0x2AE3, 0x2AE3, 0x2AE3, 0x2AE3, 0x2AE3, 0x3303, 0x2B03, 0x2AE3, 
    0x2B03, 0x2AE3, 0x2B03, 0x2B03, 0x2B03, 0x2B03, 0x2AE3, 0x2AE3, 0x2AE3, 0x3303, 0x2AE3, 0x2AE3, 
    0x3323, 0x3323, 0x3323, 0x3323, 0x3343, 0x3343, 0x3323, 0x3343, 0x3323, 0x3323, 0x3323, 0x3323, 
    0x3323, 0x3323, 0x3323, 0x3323, 0x3323, 0x3323, 0x3343, 0x3343, 0x3343, 0x3343, 0x3323, 0x3323, 
    0x3343, 0x3323, 0x3323, 0x3323, 0x3323, 0x3343, 0x3343, 0x3343, 0x3343, 0x3343, 0x3323, 0x3323, 
    0x3323, 0x3323, 0x3323, 0x3323, 0x3344, 0x3B44, 0x32E3, 0x1A22, 0x2263, 0x3344, 0x3344, 0x3324, 
    0x3B64, 0x2263, 0x2AC3, 0x3B44, 0x32C3, 0x4266, 0x944C, 0xB4CE, 0xBD0F, 0xBD30, 0xACCE, 0x9C2C, 
    0xA48D, 0x942C, 0x940C, 0x940B, 0x7349, 0x6B28, 0x5A87, 0x21C3, 0x3344, 0x3B44, 0x3B44, 0x3B44, 
    0x3B04, 0x4265, 0x31E4, 0x2203, 0x3323, 0x3B44, 0x3B44, 0x2A83, 0x1081, 0x734A, 0xCDB3, 0xC571, 
    0xA46E, 0x9C4D, 0x9C6E, 0x9C4E, 0x9C4D, 0x9C4E, 0x9C4E, 0x9C4E, 0x942D, 0x9C2D, 0x942E, 0x9C4E, 
    0x9C4D, 0x9C2D, 0x940D, 0x9C4E, 0xACD0, 0xCD92, 0xACAF, 0x62E9, 0x4247, 0x3A07, 0x4227, 0x39E6, 
    0x0861, 0x41C5, 0x7B6A, 0x7B6B, 0x31A5, 0x10C3, 0x0882, 0x10A2, 0x10E3, 0x1903, 0x2124, 0x1081, 
    0x0081, 0x19E1, 0x2221, 0x2221, 0x2201, 0x2201, 0x2221, 0x00E1, 0x1141, 0x2221, 0x1141, 0x0060, 
    0x1141, 0x2A62, 0x1161, 0x0941, 0x1161, 0x2201, 0x19E1, 0x19A1, 0x10C2, 0x10A2, 0x2124, 0x1903, 
    0x10C2, 0x0881, 0x0041, 0x0881, 0x0881, 0x0881, 0x10C2, 0x18E3, 0x18E3, 0x10C3, 0x0041, 0x1982, 
    0x3303, 0x3323, 0x3303, 0x3303, 0x3B23, 0x3323, 0x2B03, 0x2AE3, 0x2AE3, 0x3323, 0x3344, 0x3324, 
    0x3324, 0x3344, 0x3324, 0x3323, 0x3323, 0x3323, 0x3344, 0x3323, 0x3323, 0x3323, 0x3324, 0x3323, 
    0x3303, 0x1141, 0x10E2, 0x1903, 0x31A5, 0x31A5, 0x0881, 0x2A63, 0x3303, 0x3344, 0x3B44, 0x3323, 
    0x3343, 0x3B44, 0x3323, 0x3323, 0x3323, 0x3323, 0x3B44, 0x3B44, 0x3B43, 0x3343, 0x3323, 0x3323, 
    0x3323, 0x3323, 0x3323, 0x3323, 0x3343, 0x3343, 0x3323, 0x3323, 0x3323, 0x3323, 0x3323, 0x3323, 
    0x3323, 0x3323, 0x3323, 0x3323, 0x3323, 0x3323, 0x3323, 0x3323, 0x3323, 0x3323, 0x3323, 0x3323, 
    0x3323, 0x3323, 0x3323, 0x3323, 0x3323, 0x3323, 0x3323, 0x3323, 0x3343, 0x3323, 0x3323, 0x3323, 
    0x2AE3, 0x2AE3, 0x2AE3, 0x2B03, 0x32E3, 0x32E3, 0x2AE3, 0x3303, 0x3303, 0x2B03, 0x2AE3, 0x2AE3, 
    0x2B03, 0x2AE3, 0x2AE3, 0x2AE3, 0x2AE3, 0x2AE3, 0x2AE3, 0x2AE3, 0x2B03, 0x2B03, 0x2B03, 0x3303, 
    0x2B03, 0x2AE3, 0x2AE3, 0x2AE3, 0x3303, 0x2AE3, 0x2B03, 0x2B03, 0x3303, 0x2B03, 0x2B03, 0x2AE3, 
    0x2B03, 0x2B03, 0x2B03, 0x2B03, 0x2B03, 0x3304, 0x3303, 0x3303, 0x2B03, 0x2B03, 0x3B24, 0x5346, 
    0x2AA3, 0x2AC3, 0x3303, 0x3303, 0x2A04, 0x7B8A, 0xA4AD, 0xA46D, 0x942C, 0x9C2C, 0xA48D, 0xBD2F, 
    0xA46C, 0x942C, 0x8BEB, 0x7B69, 0x7328, 0x5AA7, 0x4205, 0x2183, 0x2A83, 0x32A4, 0x32C3, 0x3323, 
    0x2B03, 0x2283, 0x2283, 0x3303, 0x4B05, 0x3AE4, 0x3323, 0x2AC3, 0x10C2, 0x6B29, 0x6B09, 0xC572, 
    0xD5F4, 0xBD31, 0x942D, 0x9C4E, 0x9C6E, 0x9C2D, 0x9C4D, 0x9C6E, 0x9C6E, 0x942D, 0x9C2D, 0x9C4D, 
    0x9C2D, 0x9C4D, 0xBD31, 0xCDB3, 0xBD11, 0x734A, 0x4227, 0x39E6, 0x4227, 0x4227, 0x2164, 0x0861, 
    0x6AE9, 0x9C2D, 0x5A88, 0x10A2, 0x10A2, 0x10C3, 0x10E3, 0x10E3, 0x10C2, 0x10C2, 0x08A2, 0x1903, 
    0x10C2, 0x08E0, 0x19E1, 0x2201, 0x2221, 0x2201, 0x2201, 0x00A1, 0x1141, 0x2242, 0x1141, 0x0060, 
    0x1161, 0x2242, 0x0901, 0x1141, 0x11A1, 0x2201, 0x19C1, 0x1181, 0x10A2, 0x0882, 0x1923, 0x18E3, 
    0x10A2, 0x0861, 0x2124, 0x2944, 0x2144, 0x2144, 0x2124, 0x10C3, 0x18E3, 0x10A2, 0x0060, 0x19C2, 
    0x2AE3, 0x3323, 0x3303, 0x3B03, 0x3B03, 0x3303, 0x5B86, 0x6BA7, 0x4B05, 0x3B04, 0x3343, 0x3323, 
    0x3B24, 0x3303, 0x3B24, 0x3B44, 0x2B03, 0x3303, 0x3303, 0x3323, 0x3323, 0x3303, 0x3303, 0x3303, 
    0x3323, 0x3323, 0x08C1, 0x0882, 0x2124, 0x39E6, 0x2964, 0x0861, 0x19C2, 0x32E3, 0x3323, 0x3303, 
    0x3303, 0x3303, 0x3303, 0x32E3, 0x3303, 0x3323, 0x3324, 0x3303, 0x3303, 0x3303, 0x3303, 0x2AE3, 
    0x2B03, 0x2AE3, 0x2AE3, 0x2B03, 0x3303, 0x2B03, 0x2AE3, 0x2AE3, 0x2AE3, 0x3303, 0x2AE3, 0x2AE3, 
    0x2AE3, 0x2AE3, 0x2AE3, 0x2AE3, 0x2AE3, 0x2AE3, 0x2AE3, 0x2AE3, 0x2AE3, 0x2AE3, 0x2AE3, 0x2AE3, 
    0x2AE3, 0x2AE3, 0x2AE3, 0x2AE3, 0x3303, 0x2B03, 0x2AE3, 0x2AE3, 0x2B03, 0x3303, 0x3303, 0x2B03, 
    0x2AE3, 0x2AE3, 0x2AE3, 0x2AE3, 0x2AE3, 0x2AE3, 0x2AE3, 0x2AE3, 0x2B03, 0x3303, 0x2B03, 0x2AE3, 
    0x2AE3, 0x2AE3, 0x2AE3, 0x2AE3, 0x2B03, 0x2AE3, 0x2AE3, 0x2AE3, 0x2AE3, 0x2B03, 0x2B03, 0x2B03, 
    0x2B03, 0x2B03, 0x3303, 0x3303, 0x3303, 0x2B03, 0x2AE3, 0x2B03, 0x3303, 0x2B03, 0x2B03, 0x2B03, 
    0x2B03, 0x2B03, 0x2B03, 0x2B03, 0x3303, 0x2AE3, 0x3303, 0x2B03, 0x2AE3, 0x2AE3, 0x2AE4, 0x2A63, 
    0x2AA3, 0x3303, 0x3303, 0x3303, 0x2A04, 0x7349, 0x942C, 0xA48D, 0x8BEB, 0x9C4C, 0xA46D, 0x9C2C, 
    0x940B, 0x940B, 0x83AA, 0x6B08, 0x62E8, 0x4205, 0x39C5, 0x31A4, 0x4205, 0x31E5, 0x29E4, 0x32C4, 
    0x3323, 0x3303, 0x3323, 0x4364, 0x3AA4, 0x2A83, 0x2B03, 0x2AC3, 0x10E2, 0x7329, 0x62C8, 0x83CC, 
    0xBD51, 0xDE14, 0xC571, 0xA4AF, 0x9C4E, 0x9C2D, 0x9C2D, 0xA46E, 0xA48F, 0x9C4E, 0x940D, 0x940D, 
    0xACCF, 0xD5B2, 0xC551, 0x940D, 0x5AA9, 0x31E6, 0x3A07, 0x4227, 0x4227, 0x31C5, 0x0861, 0x39A5, 
    0x9C4D, 0x5268, 0x18E3, 0x10A2, 0x10C2, 0x10C3, 0x10E3, 0x08A2, 0x0861, 0x0861, 0x10C2, 0x10E3, 
    0x1903, 0x0061, 0x1181, 0x2201, 0x2221, 0x2201, 0x2201, 0x0080, 0x0901, 0x1A01, 0x1141, 0x08E1, 
    0x19E1, 0x19E1, 0x1161, 0x2201, 0x2A62, 0x1A01, 0x19C1, 0x0901, 0x08A2, 0x10A2, 0x2124, 0x1903, 
    0x1903, 0x2124, 0x18E3, 0x10C2, 0x10C2, 0x10C2, 0x10C2, 0x10C2, 0x10A2, 0x0040, 0x19C2, 0x2AA3, 
    0x2262, 0x4304, 0x22A3, 0x2AE3, 0x32C3, 0x32C3, 0x6BA8, 0x7BA9, 0x6327, 0x4AE5, 0x3303, 0x3B24, 
    0x3B03, 0x2AC3, 0x2AE3, 0x3B03, 0x2AE3, 0x2AE3, 0x3B03, 0x32E3, 0x2AE3, 0x2AE3, 0x32E3, 0x2B03, 
    0x2B03, 0x2B03, 0x19C2, 0x08C1, 0x0882, 0x2144, 0x4A27, 0x31C5, 0x0881, 0x08E1, 0x19E2, 0x2AA3, 
    0x3303, 0x3303, 0x3303, 0x3303, 0x2AA3, 0x2A83, 0x2A83, 0x2A83, 0x2AC3, 0x32E3, 0x2AE3, 0x2AE3, 
    0x2AE3, 0x2B03, 0x2B03, 0x2B03, 0x3303, 0x3303, 0x2B03, 0x2B03, 0x2AE3, 0x3303, 0x3303, 0x3303, 
    0x3303, 0x3303, 0x3303, 0x2B03, 0x2AE3, 0x2B03, 0x2B03, 0x2AE3, 0x2AE3, 0x2AE3, 0x2AE3, 0x2AE3, 
    0x2AE3, 0x2AE3, 0x2AE3, 0x2AE3, 0x2AE3, 0x2B03, 0x2AE3, 0x2AE3, 0x2AE3, 0x2B03, 0x2B03, 0x2AE3, 
    0x3323, 0x3323, 0x3323, 0x3343, 0x3323, 0x3323, 0x3343, 0x3323, 0x3323, 0x3323, 0x3343, 0x3323, 
    0x3323, 0x3323, 0x3323, 0x3323, 0x3343, 0x3343, 0x3323, 0x3323, 0x3323, 0x3323, 0x3344, 0x3323, 
    0x3343, 0x3343, 0x3344, 0x3323, 0x3323, 0x3323, 0x3343, 0x3323, 0x3B43, 0x3B43, 0x3343, 0x3343, 
    0x3323, 0x3344, 0x3344, 0x53A6, 0x4B65, 0x3303, 0x3323, 0x3323, 0x3323, 0x3303, 0x3323, 0x3323, 
    0x3303, 0x3324, 0x3344, 0x3364, 0x3224, 0x4A26, 0x6B08, 0x8BEB, 0xA46C, 0x93EB, 0x8BEB, 0x9C2C, 
    0x9C2C, 0x8BCA, 0x6B08, 0x4A66, 0x39E5, 0x39E5, 0x5287, 0x940B, 0xACAE, 0x940B, 0x7369, 0x4266, 
    0x2A23, 0x3B23, 0x4344, 0x5B65, 0x3AE4, 0x3303, 0x3323, 0x2AA3, 0x10A1, 0x7329, 0x6B09, 0x6B2A, 
    0x736A, 0xACCF, 0xD5D3, 0xDDF3, 0xC551, 0xACAF, 0x9C4E, 0x8BEC, 0x940D, 0x9C4E, 0xACD0, 0xD5D3, 
    0xCD92, 0xA48E, 0x62E9, 0x3A27, 0x4227, 0x4227, 0x4A48, 0x4247, 0x31C6, 0x18E3, 0x2103, 0x7B6A, 
    0x6AE9, 0x10A2, 0x10C2, 0x10C3, 0x10C2, 0x0882, 0x0881, 0x10C2, 0x18E2, 0x10A2, 0x0061, 0x08A2, 
    0x18E3, 0x0061, 0x1161, 0x19E1, 0x19E1, 0x19E1, 0x19C1, 0x08C0, 0x1141, 0x1A01, 0x2201, 0x2A61, 
    0x2241, 0x1A01, 0x2201, 0x19C1, 0x11A1, 0x11A1, 0x1181, 0x08E1, 0x0882, 0x18E3, 0x18E3, 0x10C2, 
    0x10C2, 0x10C2, 0x10C2, 0x10C3, 0x10C3, 0x18E3, 0x10A2, 0x08A2, 0x0020, 0x0901, 0x2262, 0x2262, 
    0x1A22, 0x1A22, 0x32C3, 0x1A83, 0x22A3, 0x3244, 0x4A45, 0x4A86, 0x3A45, 0x1A02, 0x1A22, 0x2AA3, 
    0x1A62, 0x2263, 0x4B05, 0x2243, 0x1A22, 0x22A3, 0x1A62, 0x1A42, 0x2242, 0x2262, 0x3303, 0x3304, 
    0x2AE3, 0x3303, 0x3364, 0x2202, 0x08A1, 0x08A2, 0x2123, 0x39E6, 0x39C6, 0x2103, 0x0040, 0x08A0, 
    0x1161, 0x1141, 0x1141, 0x1162, 0x1102, 0x1962, 0x2223, 0x2AA3, 0x2AE3, 0x3303, 0x3323, 0x3323, 
    0x3323, 0x3323, 0x3343, 0x3344, 0x3344, 0x3B44, 0x3B43, 0x3343, 0x3343, 0x3B43, 0x3B43, 0x3B44, 
    0x3324, 0x3344, 0x3323, 0x3343, 0x3323, 0x3323, 0x3323, 0x3323, 0x3323, 0x3323, 0x3323, 0x3323, 
    0x3323, 0x3323, 0x3323, 0x3323, 0x3323, 0x3323, 0x3323, 0x3343, 0x3323, 0x3323, 0x3323, 0x3B44, 
    0x2AE3, 0x2AE3, 0x2AE3, 0x2AE3, 0x2AE3, 0x2AE3, 0x2B03, 0x2B03, 0x2AE3, 0x2AE3, 0x2AE3, 0x2AE3, 
    0x2AE3, 0x2AE3, 0x2AE3, 0x2AE3, 0x2AE3, 0x2B03, 0x2B03, 0x2B03, 0x2B03, 0x2B03, 0x2AE3, 0x2AE3, 
    0x2AE3, 0x3303, 0x3303, 0x2AE3, 0x2AE3, 0x2AE3, 0x2AE3, 0x2AE3, 0x2AE3, 0x2AE3, 0x2AE3, 0x2AE3, 
    0x3303, 0x3303, 0x2B03, 0x4AE5, 0x3A65, 0x2AC3, 0x2AE3, 0x32E3, 0x2AE3, 0x2AE3, 0x32E3, 0x2AA4, 
    0x3244, 0x3244, 0x32C4, 0x3344, 0x3304, 0x1983, 0x4226, 0x6B28, 0x7BAA, 0x83AA, 0x83AA, 0x83AA, 
    0x940B, 0x62C7, 0x5266, 0x4A66, 0x6B08, 0x838A, 0x9C4C, 0xACCE, 0xACCE, 0x9C4C, 0x940B, 0x7349, 
    0x4A66, 0x21E3, 0x32E3, 0x3AE4, 0x32E4, 0x3324, 0x3324, 0x2AA3, 0x1081, 0x7B8B, 0x732A, 0x6B29, 
    0x6B09, 0x6B2A, 0x8BCC, 0xB4CF, 0xCDB3, 0xDE14, 0xD5F4, 0xBD51, 0xCD92, 0xD614, 0xC572, 0x9C6E, 
    0x630A, 0x4A68, 0x3A06, 0x3A06, 0x4227, 0x4247, 0x4A68, 0x4247, 0x31A5, 0x0861, 0x4206, 0x8BCC, 
    0x18E3, 0x10A2, 0x10C2, 0x10C2, 0x0881, 0x10C2, 0x41E6, 0x5267, 0x41E6, 0x2964, 0x1903, 0x0861, 
    0x0061, 0x0061, 0x1141, 0x11A1, 0x19C1, 0x19C1, 0x19C1, 0x2201, 0x2222, 0x2201, 0x19E1, 0x19C1, 
    0x11C1, 0x11A1, 0x1181, 0x1181, 0x1181, 0x11A1, 0x1181, 0x08A1, 0x10C2, 0x1903, 0x10C2, 0x10A2, 
    0x10C2, 0x10C2, 0x10A2, 0x0881, 0x0861, 0x0861, 0x0060, 0x0081, 0x0961, 0x11E2, 0x1A02, 0x1A02, 
    0x2222, 0x11E2, 0x3243, 0x1A02, 0x1222, 0x11E2, 0x19A2, 0x19A2, 0x11C2, 0x11A2, 0x11E2, 0x1222, 
    0x1202, 0x3264, 0x6308, 0x3224, 0x11E2, 0x1222, 0x1222, 0x1A22, 0x1202, 0x1A02, 0x1A42, 0x1A42, 
    0x2A83, 0x2283, 0x2AC3, 0x2AE3, 0x19C2, 0x0081, 0x0861, 0x18E3, 0x2985, 0x39E6, 0x39C5, 0x2943, 
    0x18E2, 0x18E2, 0x1903, 0x21C3, 0x2A23, 0x2A63, 0x2AC3, 0x32E3, 0x2AE3, 0x2AE3, 0x2AC3, 0x2AE3, 
    0x3303, 0x2B03, 0x2B03, 0x3303, 0x3303, 0x3303, 0x2B03, 0x3303, 0x3303, 0x3303, 0x2B03, 0x2B03, 
    0x2B03, 0x2AE3, 0x2AE3, 0x2AE3, 0x2AE3, 0x2AE3, 0x2AE3, 0x2AE3, 0x2AE3, 0x2AE3, 0x2AE3, 0x2AE3, 
    0x2AE3, 0x2B03, 0x2B03, 0x2AE3, 0x2AE3, 0x2AE3, 0x2B03, 0x3303, 0x3303, 0x2AE3, 0x2AE3, 0x2AE3, 
    0x2AE3, 0x2AE3, 0x2AE3, 0x2B03, 0x2AE3, 0x2AE3, 0x2AE3, 0x2AE3, 0x2AE3, 0x2AE3, 0x2AE3, 0x2AE3, 
    0x2AE3, 0x2AE3, 0x2AE3, 0x2AE3, 0x2AE3, 0x2AE3, 0x2AE3, 0x2B03, 0x2B03, 0x2AE3, 0x2AE3, 0x2AE3, 
    0x2AE3, 0x2AE3, 0x2AE3, 0x2AE3, 0x2AE3, 0x2AE3, 0x2AE3, 0x2AE3, 0x2AE3, 0x2AE3, 0x2AE3, 0x2AE3, 
    0x2B03, 0x3303, 0x2B03, 0x22A3, 0x2263, 0x2AE3, 0x32E4, 0x3303, 0x3303, 0x2AA3, 0x3AE5, 0x63C8, 
    0x8C0B, 0x6B49, 0x4266, 0x3264, 0x32E4, 0x2A63, 0x29A3, 0x4205, 0x6B08, 0x7B49, 0x7B69, 0x7349, 
    0x83CA, 0x5266, 0x5246, 0x6AE8, 0x9C2C, 0xACAE, 0xB4EF, 0xB4EF, 0x9C2C, 0x8BCA, 0x8BCB, 0x8BAB, 
    0x62E8, 0x4225, 0x2A43, 0x3B03, 0x3323, 0x3B44, 0x32E3, 0x1161, 0x0861, 0x62E8, 0x838B, 0x62E9, 
    0x6B29, 0x734A, 0x6B2A, 0x6B2A, 0x732A, 0x8C0D, 0xBD51, 0xD5B2, 0xBD31, 0x944E, 0x6B2A, 0x4227, 
    0x3A07, 0x4227, 0x4247, 0x4A47, 0x4247, 0x4227, 0x4247, 0x3A07, 0x2124, 0x2103, 0x5267, 0x4A47, 
    0x10C2, 0x10C2, 0x10A2, 0x0881, 0x18E3, 0x4A27, 0x4A47, 0x31A5, 0x2964, 0x39C6, 0x4A27, 0x2964, 
    0x1903, 0x08A2, 0x0060, 0x0921, 0x1161, 0x11A1, 0x19C1, 0x11A1, 0x1181, 0x11A1, 0x1181, 0x1161, 
    0x1181, 0x11A1, 0x11A1, 0x11C1, 0x11A1, 0x1161, 0x08A1, 0x08A2, 0x10C2, 0x10C3, 0x08A2, 0x0881, 
    0x0061, 0x0040, 0x0040, 0x0080, 0x00A0, 0x00A1, 0x0981, 0x11E2, 0x11E2, 0x11E2, 0x11E2, 0x11E2, 
    0x1A22, 0x1202, 0x19E2, 0x11C2, 0x1202, 0x2222, 0x19E2, 0x09A1, 0x11C2, 0x21E2, 0x11C2, 0x1202, 
    0x1A22, 0x21E2, 0x21E3, 0x19A2, 0x11C2, 0x1202, 0x1202, 0x1A22, 0x1A42, 0x2A43, 0x2242, 0x1A42, 
    0x2263, 0x1222, 0x1222, 0x1202, 0x1222, 0x11C2, 0x08C1, 0x0881, 0x10C2, 0x1903, 0x2144, 0x31C5, 
    0x4226, 0x4206, 0x4226, 0x3264, 0x2A43, 0x2A43, 0x2263, 0x2283, 0x2283, 0x2283, 0x2283, 0x2AA3, 
    0x2AC3, 0x2AC3, 0x2AE3, 0x2AE3, 0x2AE3, 0x3303, 0x2AE3, 0x2AE3, 0x2AE3, 0x2B03, 0x2AE3, 0x2AE3, 
    0x2AE3, 0x2AE3, 0x2AE3, 0x2AE3, 0x2AE3, 0x2AE3, 0x2AE3, 0x2AE3, 0x2AE3, 0x2AE3, 0x2AE3, 0x2B03, 
    0x3303, 0x3303, 0x2AE3, 0x2AE3, 0x2AE3, 0x2AE3, 0x2AE3, 0x2B03, 0x2AE3, 0x2AE3, 0x2AE3, 0x2AE3, 
    0x3323, 0x3323, 0x3323, 0x3343, 0x3343, 0x3323, 0x3323, 0x3323, 0x3323, 0x3323, 0x3323, 0x3323, 
    0x3323, 0x3323, 0x3343, 0x3323, 0x3323, 0x3323, 0x3323, 0x3323, 0x3343, 0x3343, 0x3343, 0x3323, 
    0x3323, 0x3323, 0x3323, 0x3323, 0x3323, 0x3323, 0x3323, 0x3323, 0x3323, 0x3323, 0x3323, 0x3323, 
    0x3343, 0x3344, 0x3323, 0x3343, 0x3343, 0x3323, 0x3324, 0x3323, 0x32E4, 0x4285, 0x7349, 0xB4EE, 
    0xBD2F, 0x9C6C, 0x7369, 0x4A66, 0x3204, 0x3B24, 0x19A2, 0x29A4, 0x4265, 0x5AC7, 0x62C8, 0x5AA7, 
    0x6B08, 0x5266, 0x7B6A, 0x9C4C, 0xA46D, 0x9C4C, 0xB4CE, 0xACAE, 0x940C, 0x9C0C, 0x7B8A, 0x838A, 
    0x7329, 0x5AA7, 0x29C4, 0x32A4, 0x32C3, 0x1982, 0x08C1, 0x08A1, 0x0861, 0x2123, 0x8BCB, 0x83AB, 
    0x732A, 0x732A, 0x736A, 0x734A, 0x62E9, 0x62E9, 0x83CC, 0xACAF, 0x6B2A, 0x4A67, 0x4227, 0x4227, 
    0x4248, 0x4247, 0x4247, 0x4A47, 0x4247, 0x4227, 0x4227, 0x3A07, 0x18E3, 0x31A5, 0x732A, 0x2103, 
    0x10A2, 0x10C2, 0x10A2, 0x0861, 0x39E6, 0x4227, 0x2144, 0x5268, 0x732A, 0x4206, 0x31A5, 0x39C6, 
    0x41E6, 0x31A5, 0x1903, 0x0040, 0x0060, 0x0921, 0x1181, 0x1181, 0x1181, 0x11A1, 0x19C1, 0x19C1, 
    0x11C1, 0x11A1, 0x1181, 0x1161, 0x1141, 0x08E1, 0x0040, 0x0881, 0x0861, 0x0040, 0x0060, 0x0080, 
    0x00C1, 0x0961, 0x0961, 0x11C2, 0x11E2, 0x11C2, 0x11C2, 0x11E2, 0x11E2, 0x11E2, 0x11E2, 0x11E2, 
    0x11E2, 0x11E2, 0x09C2, 0x11E2, 0x1202, 0x3A64, 0x2203, 0x11E2, 0x1A22, 0x1A22, 0x2222, 0x1A62, 
    0x2282, 0x2242, 0x1A42, 0x1A22, 0x1A22, 0x1A42, 0x1A22, 0x1A42, 0x32C3, 0x42E4, 0x2AA3, 0x1A62, 
    0x2242, 0x1A02, 0x1A02, 0x1202, 0x1202, 0x1222, 0x11E2, 0x00A0, 0x00A0, 0x0881, 0x10A2, 0x18E3, 
    0x18E3, 0x1923, 0x1983, 0x21E3, 0x2223, 0x2243, 0x2283, 0x2283, 0x2AA3, 0x2AC3, 0x2AE3, 0x2AE3, 
    0x3303, 0x3303, 0x3323, 0x3323, 0x3323, 0x3323, 0x3323, 0x3323, 0x3323, 0x3343, 0x3344, 0x3323, 
    0x3323, 0x3323, 0x3323, 0x3323, 0x3323, 0x3323, 0x3343, 0x3323, 0x3323, 0x3323, 0x3323, 0x3343, 
    0x3343, 0x3323, 0x3323, 0x3323, 0x3323, 0x3323, 0x3323, 0x3343, 0x3323, 0x3323, 0x3323, 0x3323, 
    0x3323, 0x3303, 0x3303, 0x3324, 0x3323, 0x3303, 0x3303, 0x3303, 0x3303, 0x3303, 0x3303, 0x2B03, 
    0x3303, 0x3303, 0x3303, 0x3303, 0x3303, 0x3303, 0x3323, 0x3303, 0x3303, 0x3303, 0x3323, 0x3303, 
    0x3303, 0x3303, 0x3303, 0x3323, 0x3323, 0x3303, 0x3303, 0x3303, 0x3323, 0x3323, 0x3323, 0x3324, 
    0x3324, 0x3323, 0x3323, 0x3303, 0x3323, 0x3323, 0x3303, 0x32E3, 0x52E7, 0x83AA, 0xACAE, 0xBD50, 
    0xA48D, 0xBD50, 0xAC8D, 0x8BEB, 0x7B69, 0x5AE7, 0x3283, 0x2223, 0x29C3, 0x4225, 0x4A25, 0x4A46, 
    0x5266, 0x8BEB, 0xAC8D, 0xB4EF, 0xA48D, 0x93EB, 0x9C4C, 0xA46D, 0x83AA, 0x7B6A, 0x6AE8, 0x6B08, 
    0x5AA7, 0x4A26, 0x1902, 0x0061, 0x10E2, 0x2964, 0x4206, 0x4A26, 0x2123, 0x0020, 0x39A5, 0x8BEC, 
    0x9C4E, 0x83AB, 0x732A, 0x734A, 0x7B6B, 0x7B6B, 0x8BEC, 0xACAF, 0x52A8, 0x4227, 0x4A47, 0x5288, 
    0x5288, 0x4A68, 0x4227, 0x4A47, 0x4247, 0x4227, 0x4247, 0x39E6, 0x10A2, 0x31A5, 0x5A88, 0x10C3, 
    0x10C2, 0x10A2, 0x0061, 0x2124, 0x41E6, 0x1903, 0x31A5, 0x4207, 0x5288, 0x7B6B, 0x4A27, 0x39C6, 
    0x31A5, 0x39E6, 0x39C5, 0x3184, 0x10A2, 0x0040, 0x08E1, 0x1161, 0x11A1, 0x1181, 0x0921, 0x0901, 
    0x08C1, 0x00A0, 0x0040, 0x0040, 0x0060, 0x0060, 0x00A0, 0x0901, 0x00E1, 0x00E1, 0x0981, 0x11E2, 
    0x11E2, 0x11E2, 0x11E2, 0x11E2, 0x11E2, 0x11E2, 0x11E2, 0x11C2, 0x19E2, 0x11E2, 0x11E2, 0x11E2, 
    0x19E2, 0x11E2, 0x09E2, 0x2A22, 0x2202, 0x2223, 0x1A02, 0x1A42, 0x2AA3, 0x4B25, 0x5B46, 0x3B24, 
    0x3324, 0x3B04, 0x3324, 0x3303, 0x32E3, 0x3B03, 0x5366, 0x3B04, 0x3303, 0x3324, 0x3303, 0x3303, 
    0x32C3, 0x2AA3, 0x2263, 0x1A22, 0x1202, 0x1202, 0x1202, 0x11E2, 0x11E2, 0x0921, 0x08E1, 0x08E1, 
    0x0901, 0x11A2, 0x2223, 0x2263, 0x2AA3, 0x2AC3, 0x3303, 0x3303, 0x3303, 0x3323, 0x3323, 0x3303, 
    0x3323, 0x3323, 0x3303, 0x3323, 0x3323, 0x3303, 0x3303, 0x3323, 0x3323, 0x3324, 0x3324, 0x3323, 
    0x3323, 0x3323, 0x3303, 0x3323, 0x3303, 0x3323, 0x3303, 0x3323, 0x3323, 0x3303, 0x3303, 0x3303, 
    0x3303, 0x3303, 0x3303, 0x3323, 0x3303, 0x3303, 0x3303, 0x3303, 0x3303, 0x3323, 0x3303, 0x3303, 
    0x2AE3, 0x2AE3, 0x2AE3, 0x2AE3, 0x2AE3, 0x2AE3, 0x2AE3, 0x2AE3, 0x2AE3, 0x2AE3, 0x2AE3, 0x2AE3, 
    0x2AE3, 0x2AC3, 0x2AC3, 0x2AC3, 0x2AE3, 0x2AE3, 0x2AE3, 0x2AE3, 0x2AC3, 0x2AE3, 0x2AE3, 0x2AE3, 
    0x2AE3, 0x2AE3, 0x2AE3, 0x2AE3, 0x2AE3, 0x2AE3, 0x2AE3, 0x2AE3, 0x2AE3, 0x2B03, 0x2B03, 0x2B03, 
    0x2AE3, 0x2AE3, 0x32E4, 0x32E3, 0x2AE3, 0x2AE3, 0x2AA3, 0x29C3, 0x8C0B, 0xB50E, 0xB4EF, 0xBD30, 
    0xB4EF, 0xA48D, 0x940B, 0x9C2C, 0x8BEB, 0x7329, 0x3A25, 0x31E4, 0x4A46, 0x7B69, 0x6B08, 0x940C, 
    0xACAE, 0xACAE, 0x9C4C, 0x9C4C, 0xACAE, 0x9C4C, 0x8BCA, 0x838A, 0x7B6A, 0x62C8, 0x62C8, 0x5AA7, 
    0x3164, 0x0840, 0x0000, 0x4A26, 0x5AA8, 0x39E5, 0x2143, 0x2943, 0x2923, 0x2102, 0x0040, 0x2964, 
    0x6B09, 0x9C4D, 0x83CB, 0x7B6A, 0x7B8B, 0x7B6B, 0x8BCC, 0xA48E, 0x5AC9, 0x4A68, 0x4247, 0x4A47, 
    0x4227, 0x4247, 0x4227, 0x4A68, 0x5288, 0x5288, 0x4A68, 0x31C6, 0x0861, 0x2944, 0x4206, 0x10C3, 
    0x10C2, 0x08A2, 0x0861, 0x3185, 0x1903, 0x1903, 0x3185, 0x31A5, 0x4207, 0x4A67, 0x734A, 0x5A88, 
    0x4207, 0x31A5, 0x31A5, 0x31A5, 0x39A5, 0x2944, 0x0881, 0x0060, 0x00A0, 0x0080, 0x0060, 0x0060, 
    0x00C1, 0x00C1, 0x00E1, 0x0981, 0x09A2, 0x0982, 0x11A2, 0x11E2, 0x11E2, 0x11E2, 0x11E2, 0x11C2, 
    0x11C2, 0x11C2, 0x11E2, 0x11C2, 0x11C2, 0x11E2, 0x11C2, 0x11C1, 0x11C1, 0x2202, 0x11E2, 0x11E2, 
    0x1A02, 0x2222, 0x2A83, 0x2283, 0x32C3, 0x2AE3, 0x2AC3, 0x2AA2, 0x42E4, 0x6B67, 0x3264, 0x2AE3, 
    0x2AE3, 0x3AC4, 0x32C3, 0x2AE3, 0x2AE3, 0x840A, 0x9C6C, 0x6347, 0x3AE4, 0x2AE3, 0x2AE3, 0x2AC3, 
    0x2AC3, 0x22C3, 0x22C3, 0x22A3, 0x2283, 0x2262, 0x1202, 0x1202, 0x1202, 0x1202, 0x1202, 0x1202, 
    0x1222, 0x1A22, 0x1A63, 0x2263, 0x2283, 0x22A3, 0x2AA3, 0x2AC3, 0x2AC3, 0x2AC3, 0x2AC3, 0x2AC3, 
    0x2AC3, 0x2AE3, 0x2AE3, 0x2AE3, 0x2AE3, 0x2AE3, 0x2AE3, 0x2AE3, 0x2AE3, 0x2AE3, 0x2AE3, 0x2AE3, 
    0x2AE3, 0x2AE3, 0x2AE3, 0x2AE3, 0x2AE3, 0x2AE3, 0x2AE3, 0x2AE3, 0x2AE3, 0x2AE3, 0x2AE3, 0x2AC3, 
    0x2AC3, 0x2AE3, 0x2AE3, 0x2AE3, 0x2AE3, 0x2AE3, 0x2AC3, 0x2AC3, 0x2AE3, 0x2AE3, 0x2AE3, 0x2AC3, 
    0x3323, 0x3303, 0x3303, 0x3323, 0x3323, 0x3303, 0x3303, 0x3303, 0x3303, 0x3303, 0x3303, 0x2B03, 
    0x3303, 0x3303, 0x3303, 0x3303, 0x3303, 0x3303, 0x3303, 0x3303, 0x3303, 0x3303, 0x3303, 0x3303, 
    0x3303, 0x3303, 0x3303, 0x3303, 0x3323, 0x3323, 0x3303, 0x3303, 0x3303, 0x3323, 0x3323, 0x3323, 
    0x3303, 0x3303, 0x2AE3, 0x2AE3, 0x3303, 0x3303, 0x3264, 0x62E8, 0x9C6D, 0xACCE, 0xACCE, 0xACCE, 
    0xA48D, 0x9C2C, 0x8BCA, 0x83AA, 0x7B6A, 0x5287, 0x4A46, 0x5AA7, 0x7B6A, 0x93EB, 0x940B, 0xA46D, 
    0xACAE, 0xB4CE, 0xA48D, 0x9C4D, 0x9C2C, 0x8BCA, 0x8BCA, 0x7B69, 0x6AE8, 0x6B08, 0x5A87, 0x2984, 
    0x1903, 0x3184, 0x62C8, 0x4A26, 0x3184, 0x3163, 0x3984, 0x39A4, 0x3963, 0x3984, 0x2102, 0x0061, 
    0x0881, 0x4206, 0x7B6B, 0x9C4D, 0xA46E, 0x940D, 0x83AB, 0xA48E, 0x5AC9, 0x4A47, 0x4A68, 0x4A68, 
    0x5288, 0x5AC9, 0x5AE9, 0x5288, 0x5268, 0x31C5, 0x2985, 0x1923, 0x0040, 0x2964, 0x4206, 0x10A2, 
    0x10C2, 0x08A2, 0x0861, 0x2944, 0x10C2, 0x1903, 0x2124, 0x2985, 0x39E6, 0x39E6, 0x4227, 0x6B09, 
    0x6AE9, 0x5267, 0x39E6, 0x31A5, 0x31A5, 0x2985, 0x2964, 0x10C2, 0x0040, 0x00C1, 0x0981, 0x0981, 
    0x11C2, 0x11E2, 0x11E2, 0x11E2, 0x11E2, 0x11E2, 0x11E2, 0x11E2, 0x11C2, 0x11C2, 0x11E2, 0x11E2, 
    0x11C2, 0x11C2, 0x11E2, 0x11E2, 0x11E2, 0x11C2, 0x09C1, 0x11E1, 0x09C1, 0x1A02, 0x2242, 0x2242, 
    0x2242, 0x2262, 0x3303, 0x2B03, 0x3323, 0x3323, 0x3323, 0x3B04, 0x4B25, 0x4B45, 0x2283, 0x3303, 
    0x3303, 0x3303, 0x3303, 0x3B43, 0x3303, 0x5306, 0x6B08, 0x4AA6, 0x2AA3, 0x3303, 0x3303, 0x3303, 
    0x3303, 0x3303, 0x3303, 0x2AE3, 0x2AC3, 0x2AA3, 0x2282, 0x2262, 0x2282, 0x2262, 0x2262, 0x2282, 
    0x2283, 0x2263, 0x2283, 0x22A3, 0x2AC3, 0x2AE3, 0x2AC3, 0x2AE3, 0x2AE3, 0x2AE3, 0x3303, 0x2AE3, 
    0x3303, 0x3303, 0x3323, 0x3303, 0x3303, 0x3323, 0x3323, 0x3303, 0x3303, 0x3303, 0x3303, 0x3303, 
    0x3323, 0x3323, 0x3303, 0x3303, 0x3303, 0x3303, 0x3303, 0x3303, 0x2B03, 0x3303, 0x3303, 0x3303, 
    0x3303, 0x3303, 0x3303, 0x3303, 0x3303, 0x3303, 0x3303, 0x3303, 0x2B03, 0x3303, 0x3303, 0x3303, 
    0x3323, 0x3323, 0x3323, 0x3323, 0x3324, 0x3323, 0x3323, 0x3323, 0x3303, 0x3323, 0x3323, 0x3323, 
    0x3303, 0x3323, 0x3323, 0x3323, 0x3323, 0x3323, 0x3323, 0x3323, 0x3323, 0x3323, 0x3323, 0x3323, 
    0x3323, 0x3324, 0x3324, 0x3323, 0x3323, 0x3323, 0x3323, 0x3323, 0x3323, 0x3323, 0x3323, 0x3323, 
    0x3323, 0x3323, 0x3323, 0x3323, 0x3323, 0x3303, 0x3A05, 0x940B, 0x9C4C, 0xA4AD, 0xACCE, 0x9C4C, 
    0x9C2C, 0xA46D, 0x7B69, 0x62E8, 0x62C7, 0x4226, 0x62E8, 0x8BCA, 0xAC8D, 0xACAE, 0xA48D, 0xA46D, 
    0xACAD, 0xA46D, 0x8BEB, 0x8BEB, 0x9C4C, 0x838A, 0x83AA, 0x83AA, 0x6B08, 0x5246, 0x18E2, 0x18E2, 
    0x4A26, 0x6B09, 0x31A5, 0x3184, 0x4A05, 0x49E5, 0x41A4, 0x39A4, 0x3984, 0x3984, 0x3984, 0x10A1, 
    0x0020, 0x0000, 0x10C2, 0x39C5, 0x6B0A, 0x8BCC, 0xAC8E, 0xACAE, 0x734A, 0x62C9, 0x630A, 0x630A, 
    0x5288, 0x5288, 0x39E6, 0x2123, 0x10E2, 0x0040, 0x0040, 0x0040, 0x0020, 0x2144, 0x39C6, 0x10C2, 
    0x10C2, 0x10A2, 0x0061, 0x1903, 0x10C2, 0x10C2, 0x2124, 0x2144, 0x2965, 0x39C5, 0x4206, 0x4206, 
    0x62E9, 0x62C9, 0x5267, 0x4206, 0x4206, 0x31A5, 0x39C5, 0x31A5, 0x1903, 0x0040, 0x00C1, 0x11C2, 
    0x11E2, 0x11E2, 0x11E2, 0x11E2, 0x11E2, 0x11E2, 0x11E2, 0x11E2, 0x11C2, 0x11C2, 0x11E2, 0x11E2, 
    0x11E2, 0x1202, 0x1202, 0x1A22, 0x1A02, 0x3264, 0x4AC5, 0x1201, 0x1222, 0x1A42, 0x2262, 0x2AA3, 
    0x3B24, 0x32E3, 0x3B04, 0x3B04, 0x3B23, 0x3B23, 0x3323, 0x4324, 0x3B04, 0x22A2, 0x3B04, 0x3303, 
    0x3B44, 0x3324, 0x3B24, 0x3B23, 0x3323, 0x2A63, 0x29E3, 0x1A03, 0x2AC3, 0x3343, 0x3344, 0x3323, 
    0x3323, 0x3323, 0x3323, 0x3303, 0x3323, 0x3344, 0x3323, 0x3323, 0x3323, 0x3323, 0x3323, 0x3323, 
    0x3324, 0x3323, 0x3323, 0x3323, 0x3324, 0x3324, 0x3324, 0x3323, 0x3323, 0x3323, 0x3323, 0x3323, 
    0x3323, 0x3323, 0x3323, 0x3323, 0x3323, 0x3323, 0x3323, 0x3323, 0x3323, 0x3323, 0x3323, 0x3323, 
    0x3323, 0x3323, 0x3323, 0x3323, 0x3323, 0x3323, 0x3323, 0x3323, 0x3323, 0x3323, 0x3323, 0x3323, 
    0x3323, 0x3323, 0x3323, 0x3323, 0x3323, 0x3323, 0x3323, 0x3323, 0x3323, 0x3323, 0x3323, 0x3323, 
    0x2AE3, 0x2AE3, 0x2AE3, 0x2AE3, 0x2AE3, 0x2AE3, 0x2AE3, 0x2AC3, 0x2AC3, 0x2AE3, 0x2AC3, 0x2AC3, 
    0x2AC3, 0x2AE3, 0x2AC3, 0x2AE3, 0x2AE3, 0x2AE3, 0x2AE3, 0x2AE3, 0x2B03, 0x2AE3, 0x2AE3, 0x2AE3, 
    0x2AE3, 0x2AE3, 0x2AE3, 0x2AE3, 0x2AE3, 0x2AC3, 0x2AE3, 0x2AE3, 0x2AE3, 0x2AE3, 0x2AE3, 0x2AE3, 
    0x2AE3, 0x2AE3, 0x2AC3, 0x2AE3, 0x2AC3, 0x2AA3, 0x2984, 0x7329, 0x940B, 0x7B89, 0x7B49, 0x9C2C, 
    0x838A, 0x83AA, 0x6AE8, 0x5287, 0x62E8, 0x7B6A, 0x8BCA, 0xA48D, 0x9C2C, 0x940B, 0xAC8D, 0xBD2F, 
    0xACAE, 0x8BEB, 0x9C2C, 0x8BAA, 0x7B49, 0x7B69, 0x7B6A, 0x5AA7, 0x5AA7, 0x3184, 0x0861, 0x62C8, 
    0x7B6A, 0x2103, 0x3984, 0x49E5, 0x4A05, 0x41E5, 0x41C4, 0x49E5, 0x41C4, 0x3984, 0x2102, 0x0881, 
    0x10C2, 0x0841, 0x10C2, 0x0061, 0x0061, 0x18E3, 0x41E6, 0x41E6, 0x3185, 0x2964, 0x2964, 0x2124, 
    0x0881, 0x0861, 0x0061, 0x0061, 0x0040, 0x0060, 0x0060, 0x0040, 0x0040, 0x10C2, 0x3185, 0x1903, 
    0x10C2, 0x10A2, 0x0881, 0x10C2, 0x10C2, 0x10C2, 0x18E3, 0x2124, 0x2964, 0x2944, 0x31A5, 0x4207, 
    0x39E6, 0x5AA8, 0x7309, 0x4A47, 0x4206, 0x4A27, 0x39E6, 0x39E6, 0x39A5, 0x2123, 0x0881, 0x0081, 
    0x0961, 0x11E2, 0x1202, 0x11E2, 0x11E2, 0x11E2, 0x11E2, 0x11E2, 0x11C2, 0x19E2, 0x19E2, 0x11E2, 
    0x19E2, 0x2222, 0x1202, 0x3263, 0x1A02, 0x5306, 0x8BEA, 0x3284, 0x4AC5, 0x2AA3, 0x2AC3, 0x2B03, 
    0x3B24, 0x948C, 0x946C, 0x738A, 0x42E5, 0x32E3, 0x2AE3, 0x2AE3, 0x22C3, 0x2A83, 0x52E6, 0x32C3, 
    0x2AE3, 0x2AE3, 0x32E3, 0x3B24, 0x2AE3, 0x2AC3, 0x22A3, 0x2AC3, 0x2AE3, 0x2B03, 0x2AE3, 0x2AC3, 
    0x2AC3, 0x2AE3, 0x2AE3, 0x2AE3, 0x2AE3, 0x2AE3, 0x2AE3, 0x2AE3, 0x2AE3, 0x2AE3, 0x2AE3, 0x2AE3, 
    0x2B03, 0x2AE3, 0x2AE3, 0x2AE3, 0x2AE3, 0x2AE3, 0x2AE3, 0x2AE3, 0x2AE3, 0x2AE3, 0x2AE3, 0x2AE3, 
    0x2AE3, 0x2AE3, 0x2AE3, 0x2AE3, 0x2AE3, 0x2AE3, 0x2AC3, 0x2AE3, 0x2AC3, 0x2AE3, 0x2AE3, 0x2AC3, 
    0x2AE3, 0x2AE3, 0x2AE3, 0x2AE3, 0x2AE3, 0x2AE3, 0x2AE3, 0x2AC3, 0x2AE3, 0x2AE3, 0x2AE3, 0x2AE3, 
    0x2AE3, 0x2AE3, 0x2AC3, 0x2AE3, 0x2AE3, 0x2AE3, 0x2AE3, 0x2AC3, 0x2AC3, 0x2AE3, 0x2AC3, 0x2AC3, 
    0x3323, 0x3303, 0x3323, 0x3303, 0x3303, 0x3303, 0x3303, 0x2B03, 0x3303, 0x3303, 0x3303, 0x3303, 
    0x3303, 0x3303, 0x3303, 0x3303, 0x3323, 0x3323, 0x3323, 0x3323, 0x3323, 0x3303, 0x3303, 0x3323, 
    0x3303, 0x3323, 0x3303, 0x3303, 0x3323, 0x3303, 0x3323, 0x3323, 0x3303, 0x3323, 0x3303, 0x3303, 
    0x2B03, 0x5B87, 0x73E9, 0x4305, 0x3303, 0x32E3, 0x2A03, 0x31C4, 0x6B08, 0x7B49, 0x7328, 0x7349, 
    0x6B08, 0x62C7, 0x5A87, 0x7349, 0x7B69, 0x940B, 0xA46D, 0xB4CE, 0xA44C, 0xA46D, 0x940B, 0x940B, 
    0x9C2C, 0xA46D, 0x93EB, 0x7B89, 0x7B69, 0x62C8, 0x5A87, 0x5A87, 0x4A46, 0x0881, 0x62C8, 0x8C0C, 
    0x4206, 0x3984, 0x5225, 0x49E5, 0x49E5, 0x4A05, 0x49E5, 0x41C4, 0x3984, 0x3984, 0x10A1, 0x10C2, 
    0x2103, 0x0061, 0x2124, 0x2124, 0x10C2, 0x0861, 0x0861, 0x0861, 0x0040, 0x0040, 0x0020, 0x0040, 
    0x0881, 0x0881, 0x10A2, 0x0881, 0x0040, 0x0881, 0x0060, 0x0881, 0x0060, 0x0061, 0x1903, 0x2965, 
    0x10C2, 0x10A2, 0x08A2, 0x0881, 0x10A2, 0x18E3, 0x10C3, 0x18E3, 0x1903, 0x2944, 0x2944, 0x3185, 
    0x39C6, 0x39C5, 0x4227, 0x6AE9, 0x5268, 0x39E6, 0x39E6, 0x4A27, 0x3185, 0x39C5, 0x39C6, 0x2103, 
    0x0061, 0x00E1, 0x0941, 0x11E2, 0x1202, 0x1202, 0x1202, 0x1202, 0x2222, 0x1A02, 0x19E2, 0x1A02, 
    0x1A22, 0x2242, 0x2242, 0x2A63, 0x2A63, 0x42C5, 0x52E6, 0x2A83, 0x4304, 0x2AA3, 0x5345, 0x5366, 
    0x844B, 0xBD71, 0xA4AD, 0x944C, 0x6B48, 0x2A63, 0x3303, 0x3303, 0x3303, 0x3324, 0x32E3, 0x5B66, 
    0x842A, 0x5346, 0x32E3, 0x3B23, 0x3303, 0x3323, 0x3323, 0x3303, 0x3303, 0x3303, 0x4344, 0x4324, 
    0x3323, 0x3303, 0x3323, 0x3323, 0x3323, 0x3323, 0x3323, 0x3323, 0x3323, 0x3323, 0x3324, 0x3324, 
    0x3324, 0x3324, 0x3324, 0x3323, 0x3324, 0x3323, 0x3323, 0x3303, 0x3303, 0x3303, 0x3303, 0x3303, 
    0x3303, 0x3303, 0x3303, 0x3323, 0x3323, 0x3323, 0x3323, 0x3303, 0x3303, 0x3303, 0x3303, 0x3303, 
    0x3323, 0x3323, 0x3323, 0x3303, 0x3303, 0x3303, 0x3303, 0x3303, 0x3323, 0x3303, 0x3323, 0x3303, 
    0x3323, 0x3303, 0x3303, 0x3303, 0x3303, 0x3323, 0x3303, 0x3303, 0x3303, 0x3303, 0x3303, 0x2AE3, 
    0x3323, 0x3303, 0x3323, 0x3323, 0x3323, 0x3323, 0x3323, 0x3303, 0x3323, 0x3323, 0x3323, 0x3323, 
    0x3323, 0x3303, 0x3303, 0x3323, 0x3323, 0x3323, 0x3323, 0x3323, 0x3323, 0x3323, 0x3323, 0x3323, 
    0x3323, 0x3323, 0x3323, 0x3323, 0x3323, 0x3323, 0x3323, 0x3323, 0x3323, 0x3323, 0x3323, 0x3323, 
    0x3303, 0x7BCA, 0x8C0B, 0x5307, 0x3324, 0x3323, 0x3303, 0x2A03, 0x4225, 0x6AE8, 0x6B28, 0x6B08, 
    0x7328, 0x4A66, 0x5AA7, 0x7349, 0x9C2C, 0xACAE, 0xA46D, 0xA46D, 0xACCE, 0x9C4C, 0x9C2C, 0x9C2C, 
    0x8BCB, 0x942C, 0x93EB, 0x7B69, 0x6B29, 0x6B08, 0x5266, 0x4A26, 0x18E2, 0x2103, 0x8BCC, 0x62C8, 
    0x2923, 0x5A66, 0x49E5, 0x49E5, 0x5225, 0x5225, 0x5225, 0x49E5, 0x41A4, 0x3163, 0x0861, 0x3165, 
    0x4227, 0x10E2, 0x0881, 0x18C2, 0x2123, 0x2144, 0x2944, 0x18E3, 0x18E2, 0x10E3, 0x10C2, 0x10C3, 
    0x10C2, 0x08A2, 0x0061, 0x0061, 0x08A2, 0x10A2, 0x0060, 0x10A1, 0x10A1, 0x0061, 0x0881, 0x2103, 
    0x1903, 0x10C2, 0x08A2, 0x0061, 0x0061, 0x10C2, 0x18E3, 0x10C3, 0x10C3, 0x1903, 0x2144, 0x2964, 
    0x2964, 0x31A5, 0x39C6, 0x4207, 0x5267, 0x6B0A, 0x4A47, 0x39C5, 0x41E6, 0x4206, 0x2144, 0x10C2, 
    0x0040, 0x0040, 0x0040, 0x0921, 0x1202, 0x1A42, 0x1A22, 0x2242, 0x2263, 0x2262, 0x2242, 0x3283, 
    0x5346, 0x5346, 0x3AA4, 0x3303, 0x3343, 0x32C3, 0x2A63, 0x32E3, 0x4324, 0x3B04, 0x3AE4, 0x5306, 
    0x944C, 0x946C, 0x9C8C, 0x7BAA, 0x6B28, 0x29C3, 0x2AE3, 0x3B44, 0x3B24, 0x3344, 0x3B43, 0x844A, 
    0x9C2C, 0x7349, 0x3AE4, 0x3B23, 0x3B23, 0x3323, 0x3323, 0x3323, 0x3323, 0x2B03, 0x6BC8, 0x5B67, 
    0x3323, 0x3323, 0x3323, 0x3323, 0x3323, 0x3323, 0x3323, 0x3323, 0x3323, 0x3323, 0x3324, 0x3324, 
    0x3324, 0x3324, 0x3323, 0x3323, 0x3323, 0x3323, 0x3323, 0x3323, 0x3303, 0x3323, 0x3303, 0x3303, 
    0x3323, 0x3323, 0x3323, 0x3323, 0x3323, 0x3323, 0x3323, 0x3323, 0x3323, 0x3323, 0x3323, 0x3323, 
    0x3323, 0x3323, 0x3323, 0x3303, 0x3303, 0x3303, 0x3323, 0x3323, 0x3303, 0x3303, 0x3303, 0x3323, 
    0x3323, 0x3323, 0x3303, 0x3303, 0x3323, 0x3323, 0x3323, 0x3323, 0x3323, 0x3323, 0x3303, 0x3303, 
    0x2AE3, 0x2AE3, 0x2AE3, 0x2AE3, 0x2AC3, 0x2AC3, 0x2AE3, 0x2AE3, 0x2AC3, 0x2AE3, 0x2AE3, 0x2AE3, 
    0x2AE3, 0x2AE3, 0x2AE3, 0x2AE3, 0x2AE3, 0x2AE3, 0x2AE3, 0x2B03, 0x2AE3, 0x2AE3, 0x2AE3, 0x2AE3, 
    0x2AE3, 0x2B03, 0x2B03, 0x2AE3, 0x2AE3, 0x2AE3, 0x2AE3, 0x2AE3, 0x2AE3, 0x2AE3, 0x2AE3, 0x2AE3, 
    0x2AE3, 0x4285, 0x4A66, 0x29C4, 0x2283, 0x3323, 0x2AE3, 0x2AA3, 0x1982, 0x31A4, 0x4205, 0x5266, 
    0x5246, 0x2984, 0x5266, 0x62E8, 0xA46D, 0xA46D, 0xAC8D, 0x940C, 0xA48D, 0x9C2C, 0xAC8D, 0x9C4C, 
    0x8BCB, 0x6B08, 0x838A, 0x83AA, 0x62E8, 0x6AE8, 0x5AA7, 0x4226, 0x0040, 0x6288, 0x93EC, 0x3184, 
    0x41A4, 0x5A46, 0x49E5, 0x5225, 0x5225, 0x5225, 0x5205, 0x5205, 0x49E4, 0x3163, 0x0861, 0x2123, 
    0x5AA8, 0x5A88, 0x2144, 0x0861, 0x0041, 0x18E3, 0x2964, 0x2103, 0x1903, 0x18E3, 0x10A2, 0x0881, 
    0x0881, 0x0061, 0x0881, 0x18E3, 0x18E3, 0x0881, 0x0040, 0x10A1, 0x10C2, 0x10A1, 0x0040, 0x0061, 
    0x18E3, 0x18E3, 0x10C2, 0x10A2, 0x0061, 0x0061, 0x10C2, 0x18E3, 0x10C3, 0x10E3, 0x1903, 0x2124, 
    0x2144, 0x2144, 0x31A5, 0x41E6, 0x31A5, 0x4A27, 0x62E9, 0x5A88, 0x2964, 0x18E3, 0x2124, 0x3184, 
    0x4A47, 0x4A47, 0x3185, 0x0861, 0x08E1, 0x11E2, 0x1A42, 0x2A83, 0x1AA3, 0x2AE3, 0x32E3, 0x7BC9, 
    0xACCE, 0xA4AD, 0x5AE7, 0x32C3, 0x3323, 0x3323, 0x32E3, 0x2AC3, 0x4B05, 0x32E4, 0x2AA3, 0x3A45, 
    0x62E7, 0x7B89, 0x73A9, 0x5AE7, 0x4A66, 0x2143, 0x2243, 0x3303, 0x3303, 0x2B03, 0x3303, 0x4285, 
    0x52A7, 0x39E5, 0x19E3, 0x2AC3, 0x2AE3, 0x2AE3, 0x2AE3, 0x2AE3, 0x2AC3, 0x2AE3, 0x3AA5, 0x3244, 
    0x2AC3, 0x2AE3, 0x2AE3, 0x2AE3, 0x2AE3, 0x2AE3, 0x2AE3, 0x2AE3, 0x2AE3, 0x2AE3, 0x2AE3, 0x2AE3, 
    0x2B03, 0x2AE3, 0x2AE3, 0x2AE3, 0x2AE3, 0x2AE3, 0x2AE3, 0x2AE3, 0x2AE3, 0x2AC3, 0x2AE3, 0x2AE3, 
    0x2AE3, 0x2AE3, 0x2AE3, 0x2AE3, 0x2AE3, 0x2AE3, 0x2AE3, 0x2AE3, 0x2AE3, 0x2AE3, 0x2AE3, 0x2AE3, 
    0x2AE3, 0x2AE3, 0x2AE3, 0x2AE3, 0x2AC3, 0x2AC3, 0x2AC3, 0x2AE3, 0x2AE3, 0x2AE3, 0x2AC3, 0x2AC3, 
    0x2AC3, 0x2AE3, 0x2AE3, 0x2AE3, 0x2AE3, 0x2AE3, 0x2AE3, 0x2AE3, 0x2AE3, 0x2AC3, 0x2AC3, 0x2AC3, 
    0x3303, 0x3303, 0x3323, 0x3303, 0x3303, 0x3303, 0x3303, 0x3303, 0x3303, 0x3303, 0x3303, 0x3303, 
    0x3303, 0x3303, 0x3303, 0x3303, 0x3303, 0x3303, 0x3303, 0x3323, 0x3323, 0x3323, 0x3323, 0x3323, 
    0x3323, 0x3323, 0x3323, 0x3323, 0x3323, 0x3323, 0x3323, 0x3303, 0x3303, 0x3303, 0x3303, 0x3303, 
    0x3303, 0x2243, 0x19E2, 0x2222, 0x2AE3, 0x3323, 0x3303, 0x2AC3, 0x2242, 0x1182, 0x1962, 0x2983, 
    0x1943, 0x2123, 0x5246, 0x7B89, 0x940B, 0x9C4C, 0x8BAA, 0x9C2C, 0xA46C, 0x8BEB, 0x9C2C, 0xA46D, 
    0x940C, 0x838A, 0x7B69, 0x62C7, 0x7329, 0x6AE8, 0x4A46, 0x39E5, 0x0861, 0x93EC, 0x940C, 0x2944, 
    0x5225, 0x5A66, 0x5A46, 0x5246, 0x5225, 0x5225, 0x5A46, 0x5225, 0x49E5, 0x41C4, 0x2102, 0x0881, 
    0x3184, 0x6B0A, 0x6AE9, 0x4A26, 0x2144, 0x18E2, 0x0861, 0x0020, 0x0061, 0x0061, 0x0040, 0x0881, 
    0x10E2, 0x2103, 0x2144, 0x2124, 0x0881, 0x0040, 0x1081, 0x18C2, 0x18C2, 0x18C2, 0x10C2, 0x0061, 
    0x0040, 0x0881, 0x10C2, 0x10A2, 0x0881, 0x0061, 0x0040, 0x10C2, 0x2103, 0x10C3, 0x10C3, 0x18E3, 
    0x2123, 0x2144, 0x2985, 0x2964, 0x39C5, 0x3185, 0x4206, 0x39C5, 0x18C2, 0x2944, 0x6B2A, 0x838B, 
    0x5AA8, 0x4A27, 0x2964, 0x2964, 0x10A2, 0x08E1, 0x2262, 0x2AC3, 0x3AE3, 0x3303, 0x4305, 0x83AA, 
    0x942C, 0x7349, 0x62E8, 0x2A03, 0x2AE3, 0x3B24, 0x3AE3, 0x32C3, 0x2AE3, 0x2AC3, 0x3303, 0x2263, 
    0x21E3, 0x52A7, 0x4246, 0x4225, 0x1983, 0x19E2, 0x2AC3, 0x3303, 0x3303, 0x3323, 0x3303, 0x2AC3, 
    0x2243, 0x1A02, 0x2242, 0x32E3, 0x3323, 0x3303, 0x3303, 0x3303, 0x3303, 0x3303, 0x2AE3, 0x2AE3, 
    0x3303, 0x3303, 0x3323, 0x3303, 0x3303, 0x3303, 0x3303, 0x3303, 0x3323, 0x3303, 0x3303, 0x3303, 
    0x3303, 0x3303, 0x3303, 0x3303, 0x3303, 0x3303, 0x3303, 0x3303, 0x3303, 0x3303, 0x3303, 0x3303, 
    0x3303, 0x2B03, 0x3303, 0x3303, 0x3303, 0x3303, 0x3323, 0x3323, 0x3303, 0x3323, 0x3303, 0x3303, 
    0x3303, 0x3303, 0x3303, 0x3303, 0x2B03, 0x3303, 0x3303, 0x2B03, 0x3303, 0x3303, 0x3303, 0x3303, 
    0x3303, 0x3303, 0x3303, 0x3303, 0x3303, 0x3303, 0x3303, 0x3303, 0x3303, 0x3303, 0x3303, 0x3303, 
    0x3324, 0x3323, 0x3323, 0x3323, 0x3324, 0x3323, 0x3323, 0x3323, 0x3303, 0x3323, 0x3323, 0x3323, 
    0x3323, 0x3323, 0x3323, 0x3323, 0x3323, 0x3323, 0x3323, 0x3323, 0x3323, 0x3323, 0x3323, 0x3323, 
    0x3323, 0x3323, 0x3323, 0x3344, 0x3343, 0x3343, 0x3323, 0x3303, 0x3323, 0x3323, 0x3323, 0x3323, 
    0x3323, 0x3303, 0x2AA3, 0x2AA3, 0x3344, 0x3344, 0x3344, 0x3323, 0x2AE3, 0x2262, 0x1A22, 0x1A22, 
    0x21C3, 0x4205, 0x8BEB, 0xB4CE, 0xB4CE, 0xACCE, 0x9C4C, 0xB4EF, 0xBD0F, 0x8BCB, 0x93EB, 0x940B, 
    0x838A, 0x9C4C, 0xA48D, 0x8BAA, 0x7B49, 0x5AA7, 0x4226, 0x2963, 0x0840, 0x940D, 0x942D, 0x2964, 
    0x4A05, 0x6AC7, 0x5A66, 0x5A66, 0x5A66, 0x5245, 0x5225, 0x5225, 0x5205, 0x5205, 0x3984, 0x18C2, 
    0x0861, 0x10C2, 0x4A27, 0x62C9, 0x940D, 0x734A, 0x5288, 0x5247, 0x4226, 0x39C6, 0x31A5, 0x3185, 
    0x2965, 0x2124, 0x10C2, 0x0061, 0x0040, 0x10A1, 0x18E2, 0x18E2, 0x2102, 0x2102, 0x18E2, 0x18E2, 
    0x10C2, 0x0060, 0x0040, 0x0040, 0x0061, 0x0060, 0x0060, 0x0060, 0x10C2, 0x2124, 0x18E3, 0x10C3, 
    0x10C3, 0x1903, 0x2124, 0x2144, 0x3185, 0x39C5, 0x2144, 0x1082, 0x5267, 0x8BCC, 0x62E9, 0x2124, 
    0x18E2, 0x08A2, 0x10A2, 0x1903, 0x2144, 0x0881, 0x1141, 0x3323, 0x32E3, 0x3AE3, 0x2AA3, 0x3A64, 
    0x5AA7, 0x4A46, 0x2984, 0x21C2, 0x3303, 0x3B24, 0x3303, 0x3B24, 0x3323, 0x3B24, 0x3B24, 0x3B23, 
    0x32A3, 0x1963, 0x1943, 0x1962, 0x1A03, 0x2AE3, 0x3323, 0x3303, 0x3303, 0x3B24, 0x3323, 0x3344, 
    0x2B23, 0x2B03, 0x3303, 0x3323, 0x3323, 0x3303, 0x3303, 0x3303, 0x3303, 0x3323, 0x3324, 0x3343, 
    0x3323, 0x3323, 0x3323, 0x3323, 0x3323, 0x3323, 0x3323, 0x3323, 0x3323, 0x3323, 0x3323, 0x3323, 
    0x3323, 0x3323, 0x3323, 0x3323, 0x3323, 0x3323, 0x3323, 0x3323, 0x3323, 0x3323, 0x3323, 0x3303, 
    0x3303, 0x3303, 0x3303, 0x3303, 0x3323, 0x3323, 0x3323, 0x3323, 0x3323, 0x3323, 0x3323, 0x3323, 
    0x3323, 0x3323, 0x3303, 0x3303, 0x3323, 0x3323, 0x3323, 0x3323, 0x3303, 0x3303, 0x3303, 0x3323, 
    0x3323, 0x3323, 0x3303, 0x3303, 0x3323, 0x3323, 0x3323, 0x3323, 0x3323, 0x3323, 0x3323, 0x3323, 
    0x2AE3, 0x2AE3, 0x2AE3, 0x2AE3, 0x2AE3, 0x2AE3, 0x2AE3, 0x2AE3, 0x2AE3, 0x2AE3, 0x2AE3, 0x2AE3, 
    0x2AE3, 0x2AC3, 0x2AC3, 0x2AE3, 0x2AE3, 0x2AE3, 0x2AE3, 0x2AE3, 0x2AE3, 0x2AE3, 0x2AE3, 0x2AE3, 
    0x2AE3, 0x2AE3, 0x2AE3, 0x2AE3, 0x2AE3, 0x2AE3, 0x2AC3, 0x2AE3, 0x2AE3, 0x2AE3, 0x2AC3, 0x2AE3, 
    0x2AE3, 0x2AE3, 0x2AE3, 0x2AE3, 0x2AE3, 0x2AC3, 0x2AE3, 0x2B03, 0x3303, 0x32E3, 0x42E4, 0x32A3, 
    0x31E4, 0x836A, 0xAC8D, 0xB4CE, 0x940B, 0x9C2C, 0xBD0F, 0xB4EE, 0x93EB, 0x940B, 0x940B, 0x9C2C, 
    0xA46D, 0xACAD, 0x9C2C, 0x7B69, 0x838A, 0x4A46, 0x5266, 0x39C4, 0x0040, 0x9C4E, 0x9C4D, 0x5247, 
    0x2102, 0x6AC7, 0x6287, 0x6AA7, 0x5225, 0x5A46, 0x5A46, 0x5A45, 0x5205, 0x5A46, 0x5205, 0x3984, 
    0x18C2, 0x0040, 0x10A2, 0x18E3, 0x3185, 0x39C5, 0x39E6, 0x39E6, 0x31A5, 0x2964, 0x2123, 0x18E3, 
    0x10A2, 0x0861, 0x0040, 0x0881, 0x10A1, 0x2102, 0x2943, 0x2123, 0x2923, 0x2102, 0x2102, 0x2102, 
    0x2102, 0x18E2, 0x10A1, 0x0040, 0x10E2, 0x1923, 0x10E2, 0x0060, 0x0060, 0x0882, 0x2124, 0x1903, 
    0x18E3, 0x18E3, 0x18E3, 0x2144, 0x2144, 0x2985, 0x0881, 0x2964, 0x7B8B, 0x4A27, 0x1903, 0x0881, 
    0x0040, 0x0060, 0x0061, 0x10A2, 0x2144, 0x2123, 0x08A1, 0x19E2, 0x32E3, 0x42E4, 0x32C3, 0x22A3, 
    0x1A03, 0x11A2, 0x1A02, 0x2AA3, 0x2AA3, 0x5326, 0x946B, 0x8C6B, 0x32C3, 0x3303, 0x32E3, 0x3303, 
    0x3303, 0x2AE3, 0x2283, 0x22A3, 0x2AE3, 0x2B03, 0x2B03, 0x2AC3, 0x5346, 0x7BCA, 0x2AE3, 0x2B03, 
    0x2B03, 0x2B03, 0x2AE3, 0x2AE3, 0x2AE3, 0x2AE3, 0x2AE3, 0x2AE3, 0x2AE3, 0x2AE3, 0x2AE3, 0x2B03, 
    0x3303, 0x2AE3, 0x2AE3, 0x2AE3, 0x2B03, 0x2B03, 0x2AE3, 0x2AE3, 0x2AE3, 0x2AE3, 0x2AE3, 0x2AE3, 
    0x2AE3, 0x2AE3, 0x2AE3, 0x2AE3, 0x2AE3, 0x2AE3, 0x2AE3, 0x2AE3, 0x2AE3, 0x2AE3, 0x2AE3, 0x2AC3, 
    0x2AC3, 0x2AC3, 0x2AC3, 0x2AC3, 0x2AE3, 0x2AE3, 0x2AE3, 0x2AE3, 0x2AE3, 0x2AE3, 0x2AE3, 0x2AE3, 
    0x2AE3, 0x2AE3, 0x2AE3, 0x2AE3, 0x2AE3, 0x2AE3, 0x2AE3, 0x2AE3, 0x2AE3, 0x2AC3, 0x2AC3, 0x2AC3, 
    0x2AE3, 0x2AC3, 0x2AC3, 0x2AC3, 0x2AC3, 0x2AE3, 0x2AE3, 0x2AE3, 0x2AE3, 0x2AE3, 0x2AE3, 0x2AE3, 
    0x3324, 0x3323, 0x3323, 0x3303, 0x3303, 0x3303, 0x3303, 0x3303, 0x3323, 0x3323, 0x3303, 0x3303, 
    0x3303, 0x3303, 0x3303, 0x3303, 0x3303, 0x3303, 0x3303, 0x3323, 0x3303, 0x3303, 0x3303, 0x3303, 
    0x3303, 0x3303, 0x3303, 0x3303, 0x3303, 0x3303, 0x3303, 0x3303, 0x3303, 0x3303, 0x3303, 0x2AE3, 
    0x3303, 0x3303, 0x3323, 0x3303, 0x2AE3, 0x5366, 0x842A, 0x7C09, 0x4325, 0x3323, 0x3B44, 0x3AE4, 
    0x29A4, 0x7349, 0x8BAA, 0x940B, 0x940B, 0x9C2C, 0x9C4D, 0x9C2C, 0x93EB, 0x7B69, 0x8BCB, 0x83AA, 
    0x8BAA, 0x9C2C, 0x9C2C, 0x83AA, 0x6B08, 0x6AE8, 0x6AE8, 0x39C5, 0x0081, 0x5AA8, 0xACEF, 0x7B8B, 
    0x4A26, 0x2943, 0x6286, 0x6AA7, 0x5A25, 0x5A46, 0x5A46, 0x5A46, 0x5A46, 0x5A46, 0x5225, 0x5205, 
    0x41A4, 0x2923, 0x0861, 0x0060, 0x0061, 0x0881, 0x08A2, 0x08A2, 0x0881, 0x0881, 0x0061, 0x0861, 
    0x0061, 0x0881, 0x10C2, 0x2102, 0x2922, 0x3143, 0x3143, 0x2943, 0x3143, 0x2943, 0x2923, 0x2102, 
    0x2102, 0x10C2, 0x0861, 0x18E3, 0x2964, 0x2964, 0x10C2, 0x00C1, 0x0941, 0x0081, 0x0881, 0x1903, 
    0x1903, 0x18E3, 0x18E3, 0x1903, 0x2144, 0x18E3, 0x18E3, 0x5A88, 0x4206, 0x1903, 0x0881, 0x0040, 
    0x0040, 0x0060, 0x0060, 0x0061, 0x10C2, 0x2123, 0x0881, 0x1161, 0x3B24, 0x32C3, 0x32C3, 0x3323, 
    0x2AE3, 0x2AE3, 0x2B03, 0x3303, 0x6387, 0x9C4C, 0xB4EE, 0x942B, 0x73A9, 0x32C4, 0x3303, 0x4324, 
    0x4344, 0x3B44, 0x3303, 0x32E3, 0x3323, 0x5365, 0x4B45, 0x3B24, 0x3AE4, 0x3224, 0x2263, 0x3303, 
    0x3323, 0x3323, 0x3303, 0x2B03, 0x5366, 0x5B87, 0x3303, 0x3323, 0x3323, 0x3303, 0x3303, 0x3303, 
    0x3323, 0x3323, 0x3303, 0x3323, 0x3323, 0x3323, 0x3323, 0x3303, 0x3303, 0x3303, 0x3323, 0x3303, 
    0x3303, 0x3303, 0x3303, 0x3303, 0x3303, 0x3303, 0x3303, 0x3303, 0x3303, 0x3303, 0x3303, 0x3303, 
    0x3303, 0x2B03, 0x3303, 0x3303, 0x3303, 0x3303, 0x3303, 0x3303, 0x3303, 0x3303, 0x3303, 0x3303, 
    0x3303, 0x3303, 0x3303, 0x3303, 0x3303, 0x3303, 0x2B03, 0x2B03, 0x2B03, 0x2B03, 0x3303, 0x3303, 
    0x3303, 0x3303, 0x3303, 0x3303, 0x3303, 0x3303, 0x3303, 0x3303, 0x3303, 0x3303, 0x3303, 0x3303, 
    0x3B44, 0x3B44, 0x3343, 0x3323, 0x3323, 0x3323, 0x3323, 0x3343, 0x3343, 0x3323, 0x3323, 0x3323, 
    0x3323, 0x3323, 0x3343, 0x3323, 0x3323, 0x3323, 0x3323, 0x3323, 0x3323, 0x3323, 0x3323, 0x3323, 
    0x3323, 0x3323, 0x3323, 0x3323, 0x3323, 0x3323, 0x3323, 0x3323, 0x3323, 0x3303, 0x3303, 0x3323, 
    0x3323, 0x3323, 0x3323, 0x3323, 0x2AE3, 0x6388, 0xA46D, 0x8BEB, 0x52E7, 0x32E3, 0x3B44, 0x4324, 
    0x3204, 0x4A66, 0x7349, 0x838A, 0x93EB, 0x940B, 0x8BCB, 0x83AA, 0x83AA, 0x62C8, 0x7328, 0x838A, 
    0x7329, 0x93EB, 0xA46D, 0x8BEB, 0x5AA7, 0x6AE8, 0x5AA8, 0x39E5, 0x1923, 0x1903, 0x8BAC, 0xB4F0, 
    0x736A, 0x39C5, 0x39A4, 0x6286, 0x6AA6, 0x5A66, 0x5225, 0x5A46, 0x5A46, 0x5A66, 0x5225, 0x5225, 
    0x5225, 0x5205, 0x41C4, 0x39A4, 0x2123, 0x10C1, 0x10C1, 0x10A1, 0x10A1, 0x10A1, 0x18C1, 0x2102, 
    0x2943, 0x2943, 0x3163, 0x3184, 0x3163, 0x3163, 0x3963, 0x3163, 0x3163, 0x2943, 0x3143, 0x2923, 
    0x10C2, 0x0861, 0x1903, 0x31A5, 0x4207, 0x2124, 0x0881, 0x0921, 0x11E2, 0x11A2, 0x00C1, 0x08A1, 
    0x18E3, 0x2103, 0x18E3, 0x18E3, 0x2103, 0x0861, 0x3164, 0x62C9, 0x2964, 0x0881, 0x0040, 0x0040, 
    0x0040, 0x0040, 0x0040, 0x0040, 0x08A1, 0x2123, 0x0881, 0x19A2, 0x4364, 0x3AE4, 0x32A3, 0x3B04, 
    0x3AE4, 0x3304, 0x4B45, 0x3B04, 0x73C8, 0x942C, 0x83CA, 0x7B8A, 0x6B08, 0x4284, 0x32A3, 0x4324, 
    0x3B24, 0x3B43, 0x3B43, 0x4345, 0x4B45, 0x5365, 0x4324, 0x3B24, 0x2AC3, 0x2242, 0x3303, 0x3323, 
    0x3323, 0x3324, 0x3324, 0x3323, 0x4B25, 0x42A5, 0x3323, 0x3323, 0x3323, 0x3323, 0x3323, 0x3323, 
    0x3323, 0x3323, 0x3323, 0x3323, 0x3323, 0x3344, 0x3344, 0x3323, 0x3323, 0x3323, 0x3323, 0x3343, 
    0x3323, 0x3323, 0x3323, 0x3323, 0x3323, 0x3323, 0x3323, 0x3323, 0x3323, 0x3323, 0x3323, 0x3323, 
    0x3323, 0x3323, 0x3323, 0x3343, 0x3323, 0x3323, 0x3323, 0x3323, 0x3323, 0x3323, 0x3323, 0x3323, 
    0x3323, 0x3323, 0x3323, 0x3323, 0x3323, 0x3323, 0x3323, 0x3323, 0x3323, 0x3323, 0x3323, 0x3323, 
    0x3323, 0x3323, 0x3323, 0x3323, 0x3323, 0x3323, 0x3323, 0x3323, 0x3323, 0x3323, 0x3323, 0x3323, 
    0x2AE4, 0x2B04, 0x2AE3, 0x2AE3, 0x2AE3, 0x2AE3, 0x2AE3, 0x2AE3, 0x2AE3, 0x2AE3, 0x2AE3, 0x2AE3, 
    0x2AE3, 0x2AE3, 0x2AE3, 0x2AE3, 0x2AE3, 0x2AE3, 0x2AE3, 0x2AE3, 0x2AE3, 0x2AE3, 0x2AE3, 0x2AE3, 
    0x2AE3, 0x2AE3, 0x2AE3, 0x2AE3, 0x2AE3, 0x2AE3, 0x2AE3, 0x2AE3, 0x2AE3, 0x2AE3, 0x2AE3, 0x2AE3, 
    0x2AE3, 0x2AC3, 0x2AC3, 0x32E4, 0x32E3, 0x3A65, 0x6AE8, 0x5266, 0x31C4, 0x2203, 0x32E3, 0x2B03, 
    0x2AE3, 0x1963, 0x5287, 0x7B8A, 0x7349, 0x6B08, 0x838A, 0x7329, 0x6B08, 0x6AE8, 0x4225, 0x93EB, 
    0xB4CE, 0xAC8D, 0x838A, 0x83AA, 0x9C4C, 0x5A86, 0x5287, 0x52A7, 0x4226, 0x0881, 0x20E2, 0xA46E, 
    0xB4F0, 0x8BCC, 0x2123, 0x2943, 0x5226, 0x6AC7, 0x5A66, 0x6287, 0x5246, 0x5A46, 0x5245, 0x5225, 
    0x5245, 0x5A66, 0x5A66, 0x5225, 0x5226, 0x5225, 0x49E5, 0x41C4, 0x41A4, 0x39A4, 0x39A4, 0x39A4, 
    0x39A4, 0x3984, 0x41A4, 0x41C4, 0x41C4, 0x41C4, 0x41A4, 0x3183, 0x3163, 0x3163, 0x2923, 0x18E2, 
    0x0881, 0x2144, 0x39E6, 0x5268, 0x39E6, 0x08A2, 0x00A0, 0x09A2, 0x09A2, 0x09C2, 0x11A2, 0x00A0, 
    0x0081, 0x10C2, 0x2124, 0x18E3, 0x10E3, 0x0861, 0x39C5, 0x4227, 0x1903, 0x0040, 0x0040, 0x0040, 
    0x0040, 0x0040, 0x0040, 0x0040, 0x10A2, 0x2124, 0x08A2, 0x1182, 0x3323, 0x32E3, 0x3B04, 0x4324, 
    0x3B04, 0x32E4, 0x5346, 0x32C4, 0x3244, 0x4AA6, 0x7348, 0x5286, 0x39E4, 0x21A3, 0x2243, 0x2AE3, 
    0x2AE3, 0x4304, 0x3303, 0x4B25, 0x5306, 0x2AA3, 0x2AA3, 0x2AE3, 0x32E3, 0x32E3, 0x32E3, 0x3B44, 
    0x3303, 0x2AE3, 0x2B03, 0x3303, 0x2AA3, 0x1A43, 0x2AE3, 0x2AE3, 0x2AE3, 0x2AE3, 0x2AE3, 0x2AE3, 
    0x2AE3, 0x2AE3, 0x2B03, 0x2AE3, 0x2AE3, 0x2B03, 0x2AE3, 0x2AE3, 0x2AE3, 0x2AE3, 0x2B03, 0x2B03, 
    0x2B03, 0x2AE3, 0x2AE3, 0x2AE3, 0x2AE3, 0x2AE3, 0x2AE3, 0x2AE3, 0x2AE3, 0x2AE3, 0x2AE3, 0x2AE3, 
    0x2AE3, 0x2AE3, 0x2AE3, 0x2AE3, 0x2AE3, 0x2AE3, 0x2AE3, 0x2AE3, 0x2AE3, 0x2AC3, 0x2AE3, 0x2AE3, 
    0x2AE3, 0x2AE3, 0x2AE3, 0x2AE3, 0x2AE3, 0x2AE3, 0x2AE3, 0x2AE3, 0x2AE3, 0x2AE3, 0x2AE3, 0x2AE3, 
    0x2AE3, 0x2AE3, 0x2AE3, 0x2AE3, 0x2AE3, 0x2AE3, 0x2AE3, 0x2AE3, 0x2AE3, 0x2AE3, 0x2AE3, 0x2AC3, 
    0x3324, 0x3304, 0x3303, 0x3303, 0x3303, 0x3303, 0x3303, 0x2AE3, 0x3303, 0x3303, 0x3303, 0x3303, 
    0x3303, 0x3303, 0x3303, 0x3303, 0x3303, 0x3303, 0x3303, 0x3303, 0x3303, 0x3303, 0x3303, 0x2AE3, 
    0x3303, 0x3303, 0x3303, 0x3303, 0x3303, 0x3303, 0x3303, 0x3303, 0x2B03, 0x3303, 0x3303, 0x3303, 
    0x3303, 0x32E3, 0x2AE3, 0x5326, 0x3B24, 0x2A83, 0x29C3, 0x29C4, 0x19C2, 0x2262, 0x32E3, 0x3303, 
    0x3303, 0x19C2, 0x2183, 0x4A46, 0x6B08, 0x7328, 0x6B08, 0x5AA7, 0x4A26, 0x5266, 0x4A26, 0x93EB, 
    0xA46D, 0x940B, 0x7B69, 0x9C2C, 0x9C4C, 0x7B69, 0x62E8, 0x62E8, 0x4A66, 0x1902, 0x0020, 0x39C5, 
    0x944E, 0xBD51, 0x9C2D, 0x3184, 0x2102, 0x2923, 0x41A4, 0x6286, 0x6286, 0x5A46, 0x5A46, 0x5A66, 
    0x6286, 0x6286, 0x5A66, 0x5205, 0x4A05, 0x4A05, 0x49E5, 0x4A05, 0x4A05, 0x4A05, 0x4A05, 0x4A05, 
    0x5205, 0x49E5, 0x41E4, 0x41C4, 0x41E5, 0x49E5, 0x49E5, 0x41A4, 0x3143, 0x18A2, 0x0041, 0x10C2, 
    0x4206, 0x5AC9, 0x5AA8, 0x39C6, 0x0881, 0x0080, 0x09A2, 0x11A2, 0x11C2, 0x11C2, 0x11C2, 0x11C2, 
    0x00E1, 0x0060, 0x10A2, 0x1903, 0x18E3, 0x0881, 0x39E6, 0x2965, 0x10C2, 0x0040, 0x0040, 0x0040, 
    0x0040, 0x0040, 0x0061, 0x0861, 0x10E2, 0x2144, 0x0861, 0x1961, 0x3B04, 0x32C3, 0x5346, 0x5B66, 
    0x4324, 0x6387, 0x3304, 0x2AE3, 0x2A43, 0x2A03, 0x31E4, 0x31E4, 0x1162, 0x1A02, 0x2AC3, 0x3303, 
    0x3AE3, 0x52E5, 0x32C4, 0x32E3, 0x2AA3, 0x1A02, 0x2AA3, 0x3323, 0x3323, 0x3303, 0x3B24, 0x840B, 
    0x4305, 0x2B03, 0x3303, 0x3303, 0x3303, 0x3303, 0x3303, 0x3303, 0x3303, 0x3303, 0x3303, 0x3303, 
    0x3303, 0x3303, 0x3303, 0x3303, 0x3303, 0x3303, 0x3303, 0x3303, 0x3303, 0x3303, 0x3303, 0x3303, 
    0x3303, 0x3303, 0x3303, 0x3303, 0x3303, 0x3303, 0x3303, 0x3303, 0x3303, 0x3303, 0x3303, 0x3303, 
    0x3303, 0x3303, 0x3303, 0x3303, 0x3303, 0x3303, 0x3303, 0x3303, 0x3303, 0x3303, 0x3303, 0x3303, 
    0x3303, 0x3303, 0x3303, 0x3303, 0x3303, 0x3303, 0x3303, 0x3323, 0x3303, 0x3303, 0x3303, 0x3303, 
    0x3303, 0x3303, 0x3303, 0x3303, 0x3303, 0x3303, 0x3303, 0x2B03, 0x3303, 0x2B03, 0x3303, 0x2B03, 
    0x3324, 0x3323, 0x3323, 0x3323, 0x3343, 0x3323, 0x3323, 0x3323, 0x3323, 0x3323, 0x3323, 0x3323, 
    0x3323, 0x3323, 0x3323, 0x3323, 0x3323, 0x3323, 0x3323, 0x3343, 0x3323, 0x3323, 0x3323, 0x3323, 
    0x3323, 0x3323, 0x3323, 0x3B43, 0x3323, 0x3323, 0x3323, 0x3323, 0x3323, 0x3323, 0x3343, 0x3323, 
    0x3323, 0x3323, 0x3323, 0x32A4, 0x2A63, 0x3323, 0x2AA3, 0x2263, 0x2AE3, 0x2B03, 0x3B03, 0x5B45, 
    0x3B24, 0x3AE3, 0x2203, 0x1942, 0x2984, 0x5266, 0x4205, 0x31A4, 0x2163, 0x5266, 0x93EB, 0xB4CE, 
    0x9C2C, 0x9C4C, 0xACAE, 0x9C2C, 0x6B08, 0x8BCB, 0x62E8, 0x5287, 0x5AC7, 0x3A25, 0x1922, 0x0081, 
    0x39A5, 0x7B8B, 0xB4F0, 0xB4F0, 0x93EC, 0x5247, 0x3184, 0x18E2, 0x3984, 0x3984, 0x5225, 0x6287, 
    0x6287, 0x62A7, 0x5A66, 0x6286, 0x5A46, 0x5A46, 0x5A66, 0x5A46, 0x5225, 0x5225, 0x5225, 0x5226, 
    0x5246, 0x5226, 0x4A05, 0x41C4, 0x41A4, 0x3163, 0x2103, 0x18E2, 0x10E2, 0x2944, 0x4A26, 0x62E9, 
    0x6B0A, 0x5AA9, 0x31C5, 0x0861, 0x00A1, 0x1181, 0x11C2, 0x11C2, 0x11A2, 0x11A2, 0x11C2, 0x11E2, 
    0x11C2, 0x0901, 0x0020, 0x10A2, 0x18E3, 0x0861, 0x31A5, 0x2124, 0x10C2, 0x0040, 0x0040, 0x0040, 
    0x0040, 0x0061, 0x0061, 0x08A2, 0x1903, 0x2123, 0x0841, 0x1961, 0x4324, 0x4B04, 0x3AE4, 0x3AE4, 
    0x3AA4, 0x3263, 0x4AC5, 0x4B24, 0x3B44, 0x2AC3, 0x2243, 0x2242, 0x2AC3, 0x3323, 0x3323, 0x4324, 
    0x3AE3, 0x1A22, 0x3AE4, 0x4344, 0x3323, 0x3303, 0x3323, 0x3323, 0x3323, 0x3343, 0x3B44, 0x3A45, 
    0x2223, 0x3343, 0x3323, 0x3323, 0x3324, 0x3324, 0x3323, 0x3323, 0x3323, 0x3323, 0x3323, 0x3323, 
    0x3323, 0x3323, 0x3323, 0x3323, 0x3323, 0x3323, 0x3323, 0x3323, 0x3343, 0x3343, 0x3323, 0x3323, 
    0x3323, 0x3323, 0x3323, 0x3323, 0x3323, 0x3323, 0x3343, 0x3323, 0x3323, 0x3323, 0x3343, 0x3323, 
    0x3323, 0x3323, 0x3343, 0x3343, 0x3343, 0x3343, 0x3343, 0x3343, 0x3323, 0x3323, 0x3323, 0x3323, 
    0x3323, 0x3323, 0x3323, 0x3343, 0x3343, 0x3343, 0x3343, 0x3343, 0x3323, 0x3323, 0x3323, 0x3323, 
    0x3323, 0x3323, 0x3323, 0x3323, 0x3323, 0x3323, 0x3323, 0x3323, 0x3323, 0x3323, 0x3323, 0x3323, 
    0x2AE3, 0x2AE3, 0x2AE3, 0x2AE3, 0x2AE3, 0x2AE3, 0x2AE3, 0x2AE3, 0x2AE3, 0x2B03, 0x2B03, 0x2AE3, 
    0x2AE3, 0x2AC3, 0x2AC3, 0x2AE3, 0x2AE3, 0x2AE3, 0x2AE3, 0x2AE3, 0x2AE3, 0x2AE3, 0x2AE3, 0x2AE3, 
    0x2AE3, 0x2AE3, 0x2AE3, 0x2AE3, 0x2AE3, 0x2AE3, 0x2AE3, 0x2AE3, 0x2AE3, 0x2AE3, 0x2AE3, 0x2AE3, 
    0x2AE3, 0x2AE3, 0x2AE3, 0x22A3, 0x2AC3, 0x3303, 0x2AE3, 0x32E3, 0x2AE3, 0x2B03, 0x3303, 0x4304, 
    0x32E3, 0x3303, 0x22A3, 0x19E2, 0x1982, 0x2183, 0x1963, 0x1942, 0x4A26, 0x8BCB, 0xB4CE, 0x9C2C, 
    0xB4CE, 0xB4EF, 0xA44D, 0x83AA, 0x8389, 0x940B, 0x9C4C, 0x838A, 0x5AC7, 0x29E4, 0x31E4, 0x1943, 
    0x10A1, 0x10A1, 0x5AC8, 0xA4AF, 0xACAF, 0xA48E, 0xA46E, 0x732A, 0x31A4, 0x3184, 0x2123, 0x2943, 
    0x3164, 0x2943, 0x39A4, 0x5225, 0x6266, 0x5A66, 0x5A66, 0x5A66, 0x4A05, 0x4A05, 0x4A05, 0x4A05, 
    0x39A4, 0x3164, 0x2943, 0x18C2, 0x0881, 0x10A1, 0x18E3, 0x39A5, 0x5288, 0x6B2A, 0x736B, 0x5AA8, 
    0x39E6, 0x10C2, 0x0881, 0x08E1, 0x0961, 0x09A1, 0x11C2, 0x11C2, 0x11C2, 0x11C2, 0x11C2, 0x11C2, 
    0x11C2, 0x0981, 0x0901, 0x0060, 0x0881, 0x0861, 0x2944, 0x2944, 0x10C2, 0x0040, 0x0040, 0x0061, 
    0x0861, 0x0881, 0x08A2, 0x1903, 0x2144, 0x10A2, 0x08E1, 0x2A83, 0x2AC3, 0x32E3, 0x32E3, 0x3AC4, 
    0x3A84, 0x1A22, 0x3B24, 0x3303, 0x32E3, 0x3303, 0x3304, 0x3303, 0x3303, 0x3303, 0x2AE3, 0x2AC3, 
    0x2AE3, 0x22A3, 0x2AE3, 0x32E4, 0x2AE3, 0x3303, 0x2AE3, 0x2AE3, 0x2AE3, 0x2B03, 0x2AE3, 0x22A3, 
    0x2AC3, 0x3303, 0x2AE3, 0x2AE3, 0x2AE3, 0x2AE3, 0x2AE3, 0x2AE3, 0x2AE3, 0x2AE3, 0x2AE3, 0x2AE3, 
    0x2AE3, 0x2AE3, 0x2AE3, 0x2AE3, 0x2AE3, 0x2AE3, 0x2AE3, 0x2AE3, 0x2AE3, 0x2AE3, 0x2AE3, 0x2AE3, 
    0x2AE3, 0x2AE3, 0x2AC3, 0x2AE3, 0x2AE3, 0x2AE3, 0x2AE3, 0x2AE3, 0x2B03, 0x2AE3, 0x2AE3, 0x2AE3, 
    0x2B03, 0x2B03, 0x2B03, 0x2AE3, 0x2AE3, 0x2AE3, 0x2AE3, 0x2AE3, 0x2AE3, 0x2AE3, 0x2AE3, 0x2AE3, 
    0x2AE3, 0x2AE3, 0x2AE3, 0x2AE3, 0x2AE3, 0x2AE3, 0x2AE3, 0x2AE3, 0x2AE3, 0x2AE3, 0x2AE3, 0x2AE3, 
    0x2B03, 0x2AE3, 0x2AE3, 0x2AE3, 0x2AE3, 0x2AE3, 0x2AE3, 0x2AE3, 0x2AE3, 0x2AE3, 0x2AE3, 0x2AC3, 
    0x2AE3, 0x2AE3, 0x2AE3, 0x2AE3, 0x2AE3, 0x2AC3, 0x2AE3, 0x2AE3, 0x2AE3, 0x2AE3, 0x2AE3, 0x2AE3, 
    0x2AE3, 0x2AC3, 0x2AC3, 0x2AE3, 0x2AE3, 0x2AE3, 0x2AE3, 0x2AE3, 0x2AE3, 0x2AE3, 0x2AE3, 0x2AE3, 
    0x2AE3, 0x2AE3, 0x2AE3, 0x2AE3, 0x2AE3, 0x2AE3, 0x2AE3, 0x2AE3, 0x2AE3, 0x2AE3, 0x2AE3, 0x2AE3, 
    0x2B03, 0x2AE3, 0x2AE3, 0x2AE3, 0x2AE3, 0x2AE3, 0x2B03, 0x32E3, 0x32E3, 0x4B46, 0x6BA9, 0x52E6, 
    0x2AA3, 0x3323, 0x2B03, 0x2AA3, 0x2AA3, 0x3283, 0x1A02, 0x21C3, 0x62C7, 0x9C2C, 0xA46D, 0xA46D, 
    0xACAE, 0x9C2C, 0x8BCB, 0x7B49, 0x9C0B, 0x838A, 0x838A, 0x62E8, 0x4225, 0x6308, 0x4245, 0x3A05, 
    0x2163, 0x10C2, 0x10C2, 0x10C2, 0x5247, 0x942E, 0xBD31, 0xB4F0, 0xB4F0, 0xA48F, 0x940D, 0x5267, 
    0x2123, 0x2123, 0x2944, 0x2102, 0x2103, 0x2102, 0x18E2, 0x20E2, 0x18C2, 0x18C2, 0x18C2, 0x10A1, 
    0x2102, 0x2123, 0x2123, 0x3185, 0x5288, 0x62C9, 0x8BCC, 0x736B, 0x83AC, 0x6B2A, 0x4227, 0x2985, 
    0x10C2, 0x0040, 0x0101, 0x09A2, 0x11C2, 0x09A1, 0x09A2, 0x11C2, 0x11E2, 0x1A02, 0x11E2, 0x11C2, 
    0x11C2, 0x11C2, 0x11C2, 0x0941, 0x0080, 0x0040, 0x18E3, 0x2144, 0x1903, 0x0881, 0x0040, 0x0060, 
    0x0881, 0x08A2, 0x2103, 0x2144, 0x18E3, 0x0040, 0x0901, 0x2262, 0x2AA3, 0x22A2, 0x32A3, 0x42E4, 
    0x32A3, 0x2AC3, 0x3323, 0x32E3, 0x32E3, 0x4324, 0x3304, 0x3323, 0x3303, 0x3303, 0x3303, 0x3303, 
    0x3303, 0x3303, 0x2B03, 0x2AE3, 0x2AE3, 0x2B03, 0x2AE3, 0x2AE3, 0x2AE3, 0x2B03, 0x3303, 0x2B03, 
    0x2B03, 0x2AE3, 0x2AE3, 0x2AE3, 0x2AE3, 0x2AE3, 0x2AE3, 0x2AE3, 0x2AE3, 0x2AE3, 0x2AE3, 0x2AE3, 
    0x2AE3, 0x2AE3, 0x2AE3, 0x2AE3, 0x2AE3, 0x2AE3, 0x2AE3, 0x2AE3, 0x2B03, 0x2AE3, 0x2AE3, 0x2AE3, 
    0x2AE3, 0x2AE3, 0x2AE3, 0x2AE3, 0x2AE3, 0x2AE3, 0x2AE3, 0x2AE3, 0x2B03, 0x2B03, 0x2B03, 0x3303, 
    0x3303, 0x2B03, 0x2B03, 0x2AE3, 0x2B03, 0x2B03, 0x2B03, 0x2AE3, 0x2AE3, 0x2AE3, 0x2AE3, 0x2AE3, 
    0x2AE3, 0x2AE3, 0x2AE3, 0x2AE3, 0x2AE3, 0x2AE3, 0x2AE3, 0x2B03, 0x2B03, 0x2B03, 0x3303, 0x3303, 
    0x3303, 0x3303, 0x3303, 0x3303, 0x2B03, 0x2AE3, 0x2AE3, 0x2AE3, 0x2AE3, 0x2AE3, 0x2AE3, 0x2AE3, 
    0x3323, 0x3323, 0x3323, 0x3323, 0x3323, 0x3323, 0x3323, 0x3323, 0x3323, 0x3323, 0x3323, 0x3323, 
    0x3323, 0x3323, 0x3323, 0x3323, 0x3323, 0x3323, 0x3323, 0x3323, 0x3323, 0x3323, 0x3323, 0x3323, 
    0x3323, 0x3323, 0x3323, 0x3323, 0x3323, 0x3323, 0x3323, 0x3303, 0x3323, 0x3323, 0x3323, 0x3323, 
    0x3323, 0x3323, 0x3323, 0x3323, 0x3323, 0x3323, 0x3323, 0x4344, 0x3B24, 0x4324, 0x42E5, 0x2A23, 
    0x2263, 0x3B24, 0x3B23, 0x3323, 0x3303, 0x3AE3, 0x32C3, 0x2A03, 0x4A26, 0x6B08, 0x8BCB, 0xA48D, 
    0x8BCB, 0x83AA, 0x8BCB, 0x7B49, 0x7329, 0x62C8, 0x62C7, 0x5AC7, 0x7348, 0x7349, 0x6B29, 0x4A66, 
    0x31E4, 0x3A05, 0x2143, 0x0040, 0x2103, 0x2964, 0x3185, 0x62C8, 0x940D, 0xBD52, 0xBD30, 0xBD30, 
    0xB4F0, 0xAC8E, 0x9C2D, 0x7B6B, 0x62E9, 0x6AE9, 0x6AE9, 0x5A88, 0x5A88, 0x5AA8, 0x62C9, 0x62C8, 
    0x838B, 0x940C, 0x940D, 0x940D, 0x9C4E, 0x7BAC, 0x6B0A, 0x4A47, 0x3185, 0x18E3, 0x10C2, 0x08A1, 
    0x0101, 0x0921, 0x09C2, 0x11C1, 0x09C1, 0x11C2, 0x21E2, 0x2202, 0x2222, 0x1A22, 0x2222, 0x11E2, 
    0x11E2, 0x11E2, 0x11E2, 0x11E2, 0x11C2, 0x0060, 0x0861, 0x18E3, 0x1903, 0x1903, 0x10A2, 0x0881, 
    0x10A2, 0x2124, 0x3185, 0x10E2, 0x0861, 0x0901, 0x1A02, 0x1A22, 0x2242, 0x2282, 0x2AA3, 0x2AA3, 
    0x2AC3, 0x3303, 0x32E3, 0x3303, 0x3323, 0x3323, 0x3324, 0x3B23, 0x3323, 0x3B23, 0x3B23, 0x3B43, 
    0x3343, 0x3343, 0x3323, 0x3323, 0x3323, 0x3323, 0x3323, 0x3323, 0x3323, 0x3323, 0x3323, 0x3323, 
    0x3323, 0x3323, 0x3323, 0x3323, 0x3323, 0x3323, 0x3323, 0x3323, 0x3323, 0x3323, 0x3323, 0x3323, 
    0x3323, 0x3323, 0x3323, 0x3303, 0x3323, 0x3323, 0x3323, 0x3323, 0x3323, 0x3323, 0x3323, 0x3323, 
    0x3323, 0x3303, 0x3323, 0x3323, 0x3323, 0x3323, 0x3323, 0x3323, 0x3323, 0x3323, 0x3343, 0x3343, 
    0x3323, 0x3323, 0x3323, 0x3323, 0x3323, 0x3323, 0x3323, 0x3323, 0x3323, 0x3323, 0x3323, 0x3323, 
    0x3323, 0x3323, 0x3323, 0x3323, 0x3323, 0x3323, 0x3323, 0x3323, 0x3323, 0x3323, 0x3343, 0x3323, 
    0x3323, 0x3323, 0x3323, 0x3343, 0x3323, 0x3323, 0x3323, 0x3323, 0x3323, 0x3323, 0x3323, 0x3323, 
    0x2AE3, 0x2AE3, 0x2AE3, 0x3303, 0x32E3, 0x2AE3, 0x3303, 0x3303, 0x3303, 0x2B03, 0x3303, 0x3303, 
    0x3303, 0x3303, 0x2B03, 0x2B03, 0x2AE3, 0x2AE3, 0x2AE3, 0x3303, 0x3303, 0x2AE3, 0x2AE3, 0x2AE3, 
    0x3303, 0x3303, 0x3303, 0x3303, 0x3303, 0x32E3, 0x2AE3, 0x2AE3, 0x2AE3, 0x2AE3, 0x2AE3, 0x3303, 
    0x3303, 0x2B03, 0x2AE3, 0x2AE3, 0x2AE3, 0x2AE3, 0x2AE3, 0x2AE3, 0x2AE3, 0x2AE3, 0x22A3, 0x2263, 
    0x2AE3, 0x2AC3, 0x4B45, 0x63C7, 0x4B26, 0x32C3, 0x3323, 0x2A63, 0x29E4, 0x4205, 0x7329, 0x7B69, 
    0x7B69, 0x6B08, 0x6AE8, 0x5AA7, 0x4A46, 0x4A26, 0x5287, 0x6B29, 0x9C4C, 0x6B08, 0x8BEB, 0x62E8, 
    0x5286, 0x4266, 0x3A25, 0x29A3, 0x1922, 0x08A1, 0x0060, 0x08A1, 0x39C6, 0x5A88, 0x62E9, 0x6B0A, 
    0x7B8B, 0x9C6E, 0xACF0, 0xC572, 0xB510, 0xBD31, 0xBD31, 0xACCF, 0xACCF, 0xA48E, 0x9C6E, 0x942D, 
    0x942D, 0x83AC, 0x6B0A, 0x5AC9, 0x5268, 0x39E6, 0x2965, 0x1903, 0x0881, 0x0040, 0x0080, 0x08E1, 
    0x11E2, 0x1202, 0x11E2, 0x11C2, 0x19E2, 0x1A02, 0x1A02, 0x2242, 0x2262, 0x1A22, 0x1A22, 0x1A02, 
    0x1A02, 0x11E2, 0x11C2, 0x11C2, 0x11C2, 0x0921, 0x00A1, 0x0861, 0x10A2, 0x18E3, 0x2144, 0x2944, 
    0x2144, 0x1903, 0x10A2, 0x0041, 0x00C1, 0x1202, 0x1222, 0x1202, 0x1A22, 0x1A22, 0x2283, 0x2283, 
    0x2AC3, 0x2AE3, 0x2AE3, 0x2AC3, 0x2AE3, 0x2AE3, 0x2AE3, 0x2AE3, 0x2AE3, 0x2AE3, 0x2AE3, 0x2AE3, 
    0x2B03, 0x2AE3, 0x2AE3, 0x2AE3, 0x2AE3, 0x2AE3, 0x2B03, 0x3303, 0x3303, 0x3303, 0x3303, 0x3303, 
    0x3303, 0x2AE3, 0x2AE3, 0x3303, 0x3303, 0x3303, 0x3303, 0x2AE3, 0x2AE3, 0x2B03, 0x2AE3, 0x2AE3, 
    0x2B03, 0x2B03, 0x2AE3, 0x2AE3, 0x2AE3, 0x3303, 0x2B03, 0x2B03, 0x2B03, 0x3303, 0x3303, 0x3303, 
    0x32E3, 0x2AE3, 0x2AE3, 0x2AE3, 0x2AE3, 0x2AE3, 0x2AE3, 0x2AE3, 0x2AE3, 0x2AE3, 0x2AE3, 0x2AE3, 
    0x2AE3, 0x2B03, 0x2AE3, 0x3303, 0x3303, 0x2AE3, 0x2AE3, 0x2AE3, 0x2AE3, 0x2AE3, 0x2AE3, 0x2AE3, 
    0x2AE3, 0x2AE3, 0x2AE3, 0x2AE3, 0x2AE3, 0x2AE3, 0x2AE3, 0x2AE3, 0x2AE3, 0x2AE3, 0x2AE3, 0x2AE3, 
    0x2AE3, 0x2AE3, 0x2AE3, 0x2AE3, 0x2AE3, 0x2AE3, 0x2AE3, 0x2AE3, 0x2AE3, 0x2AE3, 0x2AE3, 0x2AE3, 
    0x2AC3, 0x2AE3, 0x2AE3, 0x2AE3, 0x2AE3, 0x2AE3, 0x2AE3, 0x2AE3, 0x2AE3, 0x2AE3, 0x2AE3, 0x2AE3, 
    0x2AE3, 0x2AE3, 0x2AE3, 0x2AE3, 0x2AE3, 0x2AC3, 0x2AC3, 0x2AE3, 0x2AC3, 0x2AE3, 0x2AE3, 0x2AE3, 
    0x2AE3, 0x2AE3, 0x2AE3, 0x2AE3, 0x2AE3, 0x2AE3, 0x2AE3, 0x2AC3, 0x2AE3, 0x2AE3, 0x2AE3, 0x2AE3, 
    0x2AE3, 0x2AE3, 0x2AE3, 0x2AE3, 0x2AE3, 0x2AC3, 0x2AE3, 0x2AE3, 0x2AE3, 0x2AE3, 0x2AE3, 0x2AE3, 
    0x2AE3, 0x2AE3, 0x842B, 0xA4AE, 0x83CA, 0x32A4, 0x2AE3, 0x3343, 0x2283, 0x2183, 0x31A4, 0x5287, 
    0x7329, 0x62E8, 0x4A46, 0x39E5, 0x29A4, 0x31C4, 0x5266, 0x940B, 0xBD30, 0xB4CE, 0x8BCA, 0x83AA, 
    0x8BEB, 0x4A66, 0x5AA7, 0x4245, 0x3A65, 0x29E4, 0x1942, 0x08E2, 0x0061, 0x0000, 0x0000, 0x0861, 
    0x1903, 0x4227, 0x5288, 0x5AC9, 0x736B, 0x7B8B, 0x7B8B, 0x7B6B, 0x734A, 0x6B09, 0x5AA8, 0x5267, 
    0x39E6, 0x31A5, 0x18E3, 0x10C2, 0x0882, 0x0861, 0x0060, 0x0080, 0x0901, 0x09A1, 0x11C2, 0x11C2, 
    0x11C2, 0x11E2, 0x1202, 0x1202, 0x2A43, 0x1A02, 0x2A83, 0x3B04, 0x2AA3, 0x2262, 0x2242, 0x2262, 
    0x2242, 0x1202, 0x11E2, 0x11E2, 0x11E2, 0x11E2, 0x0941, 0x0060, 0x0040, 0x10A2, 0x10C2, 0x10E2, 
    0x10C2, 0x0881, 0x0020, 0x00A0, 0x11C2, 0x1222, 0x1202, 0x1202, 0x1222, 0x2A82, 0x32C3, 0x2AC3, 
    0x22A3, 0x2AC3, 0x2AC3, 0x2AC3, 0x2B03, 0x2AE3, 0x2AE3, 0x2AE3, 0x2AE3, 0x2AE3, 0x2AE3, 0x2AE3, 
    0x2AE3, 0x2AE3, 0x2AE3, 0x2AE3, 0x2AE3, 0x2AE3, 0x2AE3, 0x2AE3, 0x2AE3, 0x2AE3, 0x2AE3, 0x2AE3, 
    0x2AE3, 0x2AE3, 0x2AC3, 0x2AE3, 0x2AE3, 0x2AE3, 0x2AE3, 0x2AE3, 0x2AE3, 0x2AE3, 0x2AE3, 0x2AC3, 
    0x2AE3, 0x2AE3, 0x2AE3, 0x2AC3, 0x2AE3, 0x2AE3, 0x2AE3, 0x2AE3, 0x2AE3, 0x2AE3, 0x2AE3, 0x2AE3, 
    0x2AE3, 0x2AE3, 0x2AE3, 0x2AE3, 0x2AE3, 0x2AE3, 0x2AE3, 0x2AE3, 0x2AE3, 0x2AE3, 0x2AE3, 0x2AE3, 
    0x2AE3, 0x2AE3, 0x2AE3, 0x2AE3, 0x2AE3, 0x2AE3, 0x2AE3, 0x2AE3, 0x2AE3, 0x2AE3, 0x2AC3, 0x2AE3, 
    0x2AE3, 0x2AE3, 0x2AE3, 0x2AE3, 0x2AE3, 0x2AE3, 0x2AE3, 0x2AE3, 0x2AE3, 0x2AE3, 0x2AE3, 0x2AE3, 
    0x2AE3, 0x2AE3, 0x2AE3, 0x2AE3, 0x2AE3, 0x2AE3, 0x2AE3, 0x2AE3, 0x2AE3, 0x2AE3, 0x2AE3, 0x2AE3, 
    0x3323, 0x3323, 0x3323, 0x3323, 0x3323, 0x3323, 0x3323, 0x3323, 0x3323, 0x3323, 0x3323, 0x3323, 
    0x3323, 0x3323, 0x3323, 0x3323, 0x3323, 0x3323, 0x3323, 0x3323, 0x3323, 0x3323, 0x3323, 0x3303, 
    0x3323, 0x3323, 0x3323, 0x3323, 0x3323, 0x3323, 0x3303, 0x3323, 0x3323, 0x3323, 0x3323, 0x3303, 
    0x3303, 0x3323, 0x3323, 0x3323, 0x3323, 0x3323, 0x3323, 0x3323, 0x3323, 0x3323, 0x3323, 0x3323, 
    0x3323, 0x3B44, 0x4AC6, 0x62E7, 0x5AC7, 0x3A04, 0x32C3, 0x3B44, 0x3B23, 0x2AA2, 0x19A2, 0x29A4, 
    0x39E5, 0x39C5, 0x2163, 0x1142, 0x29C4, 0x7B49, 0x9C2C, 0xACAE, 0x9C2C, 0xACCE, 0x940B, 0x940B, 
    0x9C4C, 0x8BCA, 0x62E8, 0x7B89, 0x52E7, 0x52C6, 0x52A6, 0x3A45, 0x31E4, 0x1922, 0x1122, 0x1142, 
    0x00A1, 0x0061, 0x0061, 0x0040, 0x0040, 0x0040, 0x0040, 0x0040, 0x0040, 0x0061, 0x0040, 0x0041, 
    0x0061, 0x0060, 0x0040, 0x00C1, 0x0921, 0x0921, 0x11A2, 0x11E2, 0x11E2, 0x11E2, 0x11E2, 0x11E2, 
    0x11C2, 0x11E2, 0x1A22, 0x2AC3, 0x2282, 0x22A2, 0x4B44, 0x73A7, 0x6BA7, 0x32E3, 0x4B45, 0x32E3, 
    0x2AE3, 0x2282, 0x2A62, 0x11E2, 0x11E2, 0x11C2, 0x11C2, 0x11A2, 0x0941, 0x0040, 0x0060, 0x0040, 
    0x0040, 0x00A1, 0x0961, 0x11E2, 0x1202, 0x1202, 0x1222, 0x1A42, 0x2AE3, 0x32E3, 0x3303, 0x3303, 
    0x3303, 0x3303, 0x3303, 0x3303, 0x3323, 0x3323, 0x3323, 0x3324, 0x3323, 0x3323, 0x3323, 0x3323, 
    0x3323, 0x3323, 0x3323, 0x3323, 0x3323, 0x3323, 0x3323, 0x3323, 0x3323, 0x3323, 0x3323, 0x3323, 
    0x3323, 0x3323, 0x3303, 0x3323, 0x3323, 0x3323, 0x3323, 0x3323, 0x3323, 0x3303, 0x3303, 0x3323, 
    0x3323, 0x3323, 0x3323, 0x3323, 0x3323, 0x3323, 0x3323, 0x3323, 0x3323, 0x3323, 0x3323, 0x3323, 
    0x3323, 0x3323, 0x3323, 0x3323, 0x3323, 0x3323, 0x3323, 0x3303, 0x3303, 0x3323, 0x3323, 0x3323, 
    0x3323, 0x3323, 0x3323, 0x3323, 0x3323, 0x3323, 0x3323, 0x3323, 0x3323, 0x3323, 0x3303, 0x3323, 
    0x3323, 0x3303, 0x3323, 0x3323, 0x3303, 0x3323, 0x3323, 0x3323, 0x3303, 0x3323, 0x3323, 0x3323, 
    0x3323, 0x3323, 0x3323, 0x3323, 0x3303, 0x3323, 0x3323, 0x3323, 0x3323, 0x3323, 0x3323, 0x3323, 
    0x3303, 0x2AE3, 0x3303, 0x3304, 0x3303, 0x3303, 0x3303, 0x3304, 0x3304, 0x3304, 0x3303, 0x3303, 
    0x3303, 0x3303, 0x3303, 0x3303, 0x3303, 0x3303, 0x3303, 0x3303, 0x3303, 0x2B03, 0x3303, 0x3303, 
    0x3303, 0x3303, 0x3303, 0x3303, 0x3303, 0x3303, 0x32E3, 0x3303, 0x3303, 0x3303, 0x3303, 0x3303, 
    0x2AE3, 0x3303, 0x3303, 0x3303, 0x3303, 0x3303, 0x3303, 0x2AE3, 0x3303, 0x32E3, 0x3303, 0x3303, 
    0x32E3, 0x3303, 0x2A63, 0x2A23, 0x2203, 0x2263, 0x2AE3, 0x2AE3, 0x3B24, 0x3B24, 0x2AA2, 0x19E2, 
    0x11C2, 0x11A2, 0x11E2, 0x1A62, 0x2A23, 0x6AE8, 0x7B69, 0x83AA, 0xA48D, 0x7B89, 0x940B, 0x83AA, 
    0x6B28, 0x6308, 0x4245, 0x6307, 0x83CA, 0x6B48, 0x5AE7, 0x7348, 0x3A45, 0x4A66, 0x3224, 0x2223, 
    0x21E3, 0x21C3, 0x1982, 0x0941, 0x1141, 0x1161, 0x0941, 0x0961, 0x0961, 0x0961, 0x0941, 0x0961, 
    0x0961, 0x0961, 0x0961, 0x11C2, 0x1202, 0x11E2, 0x1202, 0x1202, 0x11E2, 0x11E2, 0x1202, 0x1A22, 
    0x2AA3, 0x2283, 0x2283, 0x2AC3, 0x4324, 0x3303, 0x32E3, 0x4AC5, 0x52C6, 0x2242, 0x2AC3, 0x3AE4, 
    0x32E3, 0x2AC3, 0x2AC3, 0x22A3, 0x1A42, 0x11E2, 0x11C2, 0x11E2, 0x11E2, 0x09A2, 0x0981, 0x0981, 
    0x0981, 0x11C2, 0x1202, 0x1202, 0x1202, 0x1A22, 0x2283, 0x2A83, 0x2AC3, 0x2AE3, 0x2AE3, 0x32E3, 
    0x3303, 0x3303, 0x3303, 0x3303, 0x3303, 0x3303, 0x3323, 0x3303, 0x3303, 0x3303, 0x3303, 0x3303, 
    0x3303, 0x3303, 0x3303, 0x3303, 0x3303, 0x2AE3, 0x2AE3, 0x3303, 0x3303, 0x3303, 0x2AE3, 0x3303, 
    0x3303, 0x3303, 0x32E3, 0x2B03, 0x3303, 0x3303, 0x3303, 0x3303, 0x3303, 0x3303, 0x3303, 0x3303, 
    0x3303, 0x3303, 0x3303, 0x3303, 0x3303, 0x3303, 0x2B03, 0x2B03, 0x3303, 0x2B03, 0x3303, 0x3303, 
    0x3303, 0x3303, 0x3303, 0x3303, 0x32E3, 0x3303, 0x3303, 0x2AE3, 0x2AE3, 0x2AE3, 0x2B03, 0x2B03, 
    0x3303, 0x3303, 0x3303, 0x3303, 0x3303, 0x3303, 0x3303, 0x3303, 0x3303, 0x2AE3, 0x2AE3, 0x2AE3, 
    0x2AE3, 0x2AE3, 0x2B03, 0x2AE3, 0x2AE3, 0x3303, 0x3303, 0x2B03, 0x2AE3, 0x2AE3, 0x3303, 0x3303, 
    0x2AE3, 0x2AE3, 0x32E3, 0x3303, 0x2AE3, 0x2AE3, 0x2AE3, 0x2AE3, 0x3303, 0x3303, 0x3303, 0x3303, 
    0x2AC3, 0x2AC3, 0x2AC3, 0x2AE3, 0x2AE3, 0x2AE3, 0x2AC3, 0x2AE3, 0x2AE3, 0x2AE3, 0x2AE3, 0x2AE3, 
    0x2AC3, 0x2AC3, 0x2AC3, 0x2AC3, 0x2AC3, 0x2AE3, 0x2AC3, 0x2AC3, 0x2AC3, 0x2AC3, 0x2AE3, 0x2AE3, 
    0x2AE3, 0x2AE3, 0x2AC3, 0x2AE3, 0x2AE3, 0x2AC3, 0x2AC3, 0x2AC3, 0x2AC3, 0x2AC3, 0x2AE3, 0x2AE3, 
    0x2AE3, 0x2AC3, 0x2AC3, 0x2AC3, 0x2AC3, 0x2AC3, 0x2AC3, 0x2AC3, 0x2AC3, 0x2AC3, 0x2AC3, 0x2AC3, 
    0x2AC3, 0x2AE3, 0x2AC3, 0x1A42, 0x1A22, 0x2AC3, 0x2AE3, 0x2AE3, 0x5366, 0x73A9, 0x4304, 0x2B03, 
    0x2282, 0x22A2, 0x3304, 0x3B44, 0x2242, 0x31E4, 0x4A66, 0x6B08, 0x838A, 0x7349, 0x7349, 0x7369, 
    0x62C7, 0x31C4, 0x1962, 0x42A5, 0x6328, 0x5AC7, 0x4A86, 0x52C6, 0x3244, 0x4245, 0x3224, 0x3A65, 
    0x3A65, 0x2A44, 0x19E3, 0x21E3, 0x21E2, 0x19C2, 0x09C2, 0x09E2, 0x09E2, 0x09C1, 0x09C1, 0x09E2, 
    0x09E2, 0x11E2, 0x11E2, 0x11E2, 0x11E2, 0x11E2, 0x1202, 0x1202, 0x1202, 0x1A22, 0x1A42, 0x1A82, 
    0x22A3, 0x2A83, 0x2283, 0x2AE3, 0x4304, 0x3303, 0x2282, 0x2243, 0x2A23, 0x2242, 0x2AC3, 0x2283, 
    0x2283, 0x22A2, 0x22A3, 0x2282, 0x1A42, 0x1A42, 0x1A42, 0x1A22, 0x1202, 0x1202, 0x11E2, 0x11E2, 
    0x11E2, 0x1202, 0x1202, 0x1A22, 0x1A42, 0x1A42, 0x1A62, 0x22A3, 0x2283, 0x2AE3, 0x22A3, 0x2AC3, 
    0x2AC3, 0x2AE3, 0x2AC3, 0x2AC3, 0x2AC3, 0x2AC3, 0x2AE3, 0x2AE3, 0x2AE3, 0x2AE3, 0x2AE3, 0x2AC3, 
    0x2AC3, 0x2AC3, 0x2AE3, 0x2AE3, 0x2AC3, 0x2AC3, 0x2AC3, 0x2AC3, 0x2AC3, 0x2AC3, 0x2AC3, 0x2AC3, 
    0x2AC3, 0x2AC3, 0x2AC3, 0x2AC3, 0x2AC3, 0x2AE3, 0x2AC3, 0x2AC3, 0x2AC3, 0x2AC3, 0x2AE3, 0x2AE3, 
    0x2AC3, 0x2AE3, 0x2AC3, 0x2AC3, 0x2AE3, 0x2AE3, 0x2AE3, 0x2AC3, 0x2AC3, 0x2AC3, 0x2AC3, 0x2AC3, 
    0x2AC3, 0x2AC3, 0x2AE3, 0x2AC3, 0x2AC3, 0x2AC3, 0x2AC3, 0x2AC3, 0x2AC3, 0x2AC3, 0x2AC3, 0x2AC3, 
    0x2AC3, 0x2AC3, 0x2AE3, 0x2AE3, 0x2AE3, 0x2AE3, 0x2AE3, 0x2AE3, 0x2AE3, 0x2AC3, 0x2AC3, 0x2AC3, 
    0x2AC3, 0x2AC3, 0x2AC3, 0x2AC3, 0x2AC3, 0x2AC3, 0x2AC3, 0x2AC3, 0x2AC3, 0x2AC3, 0x2AC3, 0x2AC3, 
    0x2AC3, 0x2AC3, 0x2AC3, 0x2AE3, 0x2AC3, 0x2AC3, 0x2AC3, 0x2AC3, 0x2AE3, 0x2AE3, 0x2AE3, 0x2AE3, 
    0x3303, 0x3303, 0x3303, 0x3303, 0x3303, 0x3323, 0x3303, 0x3303, 0x3303, 0x3323, 0x3323, 0x3323, 
    0x3323, 0x3323, 0x3323, 0x3303, 0x3303, 0x3303, 0x3303, 0x3303, 0x3303, 0x3303, 0x3303, 0x3303, 
    0x3303, 0x3303, 0x3303, 0x3303, 0x3303, 0x3303, 0x3323, 0x3303, 0x3303, 0x3303, 0x3323, 0x3323, 
    0x3323, 0x3323, 0x3303, 0x3323, 0x3323, 0x3323, 0x3323, 0x3323, 0x3303, 0x3303, 0x3303, 0x3303, 
    0x3323, 0x3323, 0x3323, 0x3303, 0x3303, 0x3323, 0x3323, 0x3323, 0x3AE4, 0x4285, 0x3223, 0x2AC3, 
    0x3B23, 0x4324, 0x5B66, 0x63A7, 0x2B03, 0x19E3, 0x1983, 0x29C4, 0x4A86, 0x7349, 0x62C7, 0x4246, 
    0x21A3, 0x1982, 0x32E3, 0x4B65, 0x42A5, 0x4A65, 0x3A24, 0x21E2, 0x3A84, 0x5B07, 0x5306, 0x42A5, 
    0x3224, 0x19C2, 0x2A03, 0x3A44, 0x2223, 0x11E2, 0x11E2, 0x11E2, 0x11E2, 0x1202, 0x11E2, 0x11E2, 
    0x11E2, 0x11E2, 0x11E2, 0x1202, 0x1A02, 0x1A02, 0x1A22, 0x1A42, 0x2262, 0x32C3, 0x4324, 0x3B03, 
    0x3B03, 0x4304, 0x4B24, 0x3303, 0x3303, 0x3303, 0x3323, 0x3303, 0x2AC3, 0x2AE3, 0x3303, 0x3303, 
    0x3303, 0x3323, 0x3323, 0x3303, 0x3303, 0x22A2, 0x22A2, 0x1A42, 0x1222, 0x1202, 0x1202, 0x1202, 
    0x1202, 0x1202, 0x1A22, 0x1A42, 0x2AC3, 0x32E3, 0x3323, 0x3323, 0x3323, 0x3323, 0x3323, 0x3303, 
    0x3303, 0x3303, 0x3303, 0x3303, 0x3303, 0x3303, 0x3303, 0x3323, 0x3323, 0x3323, 0x3323, 0x3323, 
    0x3323, 0x3323, 0x3323, 0x3323, 0x3303, 0x3303, 0x3303, 0x3303, 0x3303, 0x3323, 0x3303, 0x3303, 
    0x3303, 0x3303, 0x3303, 0x3303, 0x3303, 0x3303, 0x3303, 0x3303, 0x3303, 0x3303, 0x3303, 0x3303, 
    0x3303, 0x3303, 0x3303, 0x3303, 0x3303, 0x3323, 0x3303, 0x3323, 0x3303, 0x3303, 0x3303, 0x3303, 
    0x3303, 0x3303, 0x3303, 0x3303, 0x3303, 0x3303, 0x2B03, 0x3303, 0x3323, 0x3323, 0x3303, 0x3303, 
    0x3303, 0x3323, 0x3323, 0x3323, 0x3323, 0x3323, 0x3323, 0x3303, 0x3303, 0x3323, 0x3303, 0x3323, 
    0x3324, 0x3303, 0x3303, 0x3303, 0x3303, 0x3303, 0x3303, 0x3303, 0x3303, 0x3303, 0x3303, 0x3303, 
    0x3303, 0x3303, 0x3303, 0x3323, 0x3303, 0x3323, 0x3323, 0x3323, 0x3323, 0x3323, 0x3323, 0x3323, 
    0x3324, 0x3324, 0x3323, 0x3323, 0x3323, 0x3323, 0x3323, 0x3323, 0x3323, 0x3323, 0x3323, 0x3323, 
    0x3323, 0x3323, 0x3323, 0x3303, 0x3303, 0x3303, 0x3303, 0x3303, 0x3303, 0x3303, 0x3303, 0x3323, 
    0x3323, 0x3303, 0x3303, 0x3303, 0x3303, 0x3303, 0x3303, 0x3303, 0x3303, 0x3303, 0x3303, 0x3323, 
    0x3323, 0x3303, 0x3303, 0x3303, 0x3303, 0x3303, 0x3303, 0x3303, 0x3303, 0x3303, 0x3323, 0x3323, 
    0x3303, 0x3323, 0x3323, 0x3303, 0x3303, 0x3323, 0x3323, 0x3303, 0x2AE3, 0x22A3, 0x22A3, 0x3303, 
    0x3303, 0x3AE4, 0x32A4, 0x2A83, 0x3303, 0x3323, 0x2AE3, 0x1A42, 0x19E2, 0x29E4, 0x29A3, 0x21A3, 
    0x1A02, 0x2AC3, 0x3324, 0x840A, 0x7349, 0x3A64, 0x1A02, 0x3B04, 0x6B68, 0x32A4, 0x1A62, 0x1A42, 
    0x2A23, 0x52C6, 0x1A22, 0x1A22, 0x1A22, 0x3283, 0x2222, 0x1202, 0x1A22, 0x2242, 0x2242, 0x1202, 
    0x1A22, 0x1202, 0x1A02, 0x1A22, 0x1A42, 0x2282, 0x2AC3, 0x2AC3, 0x2AC3, 0x2AC3, 0x2AC3, 0x32E3, 
    0x2AC3, 0x2AC3, 0x2AC3, 0x22A3, 0x2AE3, 0x3323, 0x3B04, 0x32C3, 0x3303, 0x3323, 0x3323, 0x3323, 
    0x3303, 0x3303, 0x3303, 0x3303, 0x3303, 0x2AE3, 0x2AE3, 0x2AC3, 0x2AA3, 0x1A42, 0x1202, 0x1222, 
    0x1A42, 0x1A42, 0x22A3, 0x2AC3, 0x2AE3, 0x2AE3, 0x3303, 0x3303, 0x3303, 0x3323, 0x3303, 0x3303, 
    0x3303, 0x3303, 0x3303, 0x3323, 0x3323, 0x3303, 0x3303, 0x3303, 0x3303, 0x3323, 0x3323, 0x3323, 
    0x3323, 0x3323, 0x3323, 0x3303, 0x3303, 0x3303, 0x3323, 0x3323, 0x3323, 0x3323, 0x3323, 0x3323, 
    0x3303, 0x3323, 0x3303, 0x3303, 0x3303, 0x3303, 0x3303, 0x3303, 0x3303, 0x3303, 0x3303, 0x3303, 
    0x3303, 0x3303, 0x3303, 0x3323, 0x3303, 0x3323, 0x3303, 0x3303, 0x3303, 0x3303, 0x3303, 0x3303, 
    0x3303, 0x3303, 0x3323, 0x3323, 0x3303, 0x3303, 0x3303, 0x3323, 0x3323, 0x3303, 0x3303, 0x3303, 
    0x3323, 0x3323, 0x3323, 0x3323, 0x3303, 0x3303, 0x3303, 0x3303, 0x3303, 0x3303, 0x3303, 0x3303, 
    0x3303, 0x2AE3, 0x2B03, 0x3303, 0x3303, 0x2AE3, 0x3303, 0x3303, 0x3303, 0x3303, 0x3303, 0x2B03, 
    0x2B03, 0x3303, 0x3303, 0x3303, 0x3303, 0x3303, 0x3303, 0x3303, 0x3303, 0x3303, 0x3303, 0x2B03, 
    0x3304, 0x3303, 0x3303, 0x3303, 0x3303, 0x3303, 0x3303, 0x3303, 0x3303, 0x3303, 0x32E3, 0x2AE3, 
    0x2AE3, 0x2AE3, 0x2AE3, 0x2AE3, 0x2AC3, 0x2AC3, 0x2AC3, 0x2AC3, 0x2AC3, 0x2AC3, 0x2AC3, 0x2AC3, 
    0x2AC3, 0x2AC3, 0x2AE3, 0x2AC3, 0x2AC3, 0x2AC3, 0x2AC3, 0x2AC3, 0x2AC3, 0x2AC3, 0x2AC3, 0x2AC3, 
    0x2AC3, 0x2AC3, 0x2AC3, 0x2AC3, 0x2AC3, 0x2AC3, 0x2AC3, 0x2AC3, 0x2AC3, 0x22C3, 0x2AE3, 0x2AE3, 
    0x2AC3, 0x2AE3, 0x2AE3, 0x2AC3, 0x2AC3, 0x2AC3, 0x2AC3, 0x2AC3, 0x2AC3, 0x2AC3, 0x2AC3, 0x2AE3, 
    0x2AE3, 0x2AC3, 0x2AA3, 0x22A3, 0x2AC3, 0x2AC3, 0x2AE3, 0x2AE3, 0x2AA3, 0x2283, 0x2283, 0x2A83, 
    0x32E3, 0x3303, 0x2AE3, 0x4285, 0x3204, 0x2223, 0x2AC3, 0x3323, 0x2AC3, 0x2AE3, 0x2AE3, 0x2AA3, 
    0x2AA3, 0x2A83, 0x2AC3, 0x2AE3, 0x2AE3, 0x32E3, 0x2AC3, 0x2AC3, 0x2AC3, 0x2AE3, 0x2AE3, 0x2AC3, 
    0x2AC3, 0x2AC3, 0x2AE3, 0x2AC3, 0x2AE3, 0x2AE3, 0x2AE3, 0x2AE3, 0x2AE3, 0x2AC3, 0x2AC3, 0x2AC3, 
    0x2AE3, 0x2AC3, 0x2AE3, 0x2AC3, 0x2AE3, 0x2AE3, 0x2AC3, 0x2AC3, 0x2AC3, 0x2AC3, 0x2AE3, 0x2AC3, 
    0x2AE3, 0x2AE3, 0x2AE3, 0x2AE3, 0x2AE3, 0x2AE3, 0x2AE3, 0x2AC3, 0x2AE3, 0x32E3, 0x2AE3, 0x2AC3, 
    0x2AE3, 0x2AE3, 0x2AE3, 0x2AE3, 0x2AE3, 0x2AC3, 0x2AC3, 0x2AC3, 0x2AC3, 0x2AC3, 0x2AC3, 0x2AC3, 
    0x2AC3, 0x2AC3, 0x2AC3, 0x2AC3, 0x2AC3, 0x2AC3, 0x2AC3, 0x2AC3, 0x2AC3, 0x2AC3, 0x2AC3, 0x2AE3, 
    0x2AC3, 0x2AC3, 0x2AC3, 0x2AC3, 0x2AC3, 0x2AC3, 0x2AE3, 0x2AE3, 0x2AE3, 0x2AE3, 0x2AC3, 0x2AC3, 
    0x2AC3, 0x2AE3, 0x2AC3, 0x2AC3, 0x2AC3, 0x2AC3, 0x2AC3, 0x2AC3, 0x2AC3, 0x2AC3, 0x2AC3, 0x2AC3, 
    0x2AC3, 0x2AC3, 0x2AC3, 0x2AC3, 0x2AC3, 0x2AC3, 0x2AC3, 0x2AC3, 0x2AC3, 0x2AC3, 0x2AC3, 0x2AC3, 
    0x2AC3, 0x2AC3, 0x2AE3, 0x2AC3, 0x2AC3, 0x2AC3, 0x2AC3, 0x2AC3, 0x2AC3, 0x2AC3, 0x2AC3, 0x2AC3, 
    0x2AC3, 0x2AE3, 0x2AE3, 0x2AC3, 0x2AC3, 0x2AC3, 0x2AC3, 0x2AC3, 0x2AC3, 0x2AC3, 0x2AC3, 0x2AC3, 
    0x22A3, 0x22A3, 0x2AC3, 0x2AC3, 0x22A3, 0x2AC3, 0x2AC3, 0x2AC3, 0x2AE3, 0x2AE3, 0x2AE3, 0x2AE3, 
    0x2AE3, 0x3303, 0x3303, 0x3323, 0x3323, 0x3303, 0x3324, 0x3324, 0x3324, 0x3323, 0x3323, 0x3323, 
    0x3324, 0x3304, 0x3303, 0x3303, 0x3303, 0x3303, 0x3303, 0x3303, 0x3303, 0x3303, 0x3303, 0x3303, 
    0x3303, 0x3303, 0x3303, 0x3303, 0x2B03, 0x2B03, 0x2AE3, 0x2AE3, 0x2B03, 0x3303, 0x3303, 0x3303, 
    0x3303, 0x3303, 0x3303, 0x2B03, 0x2B03, 0x2B03, 0x2B03, 0x2AE3, 0x2B03, 0x2AE3, 0x2AE3, 0x2AE3, 
    0x2AE3, 0x2AE3, 0x2AE3, 0x2AE3, 0x2AE3, 0x2B03, 0x2B03, 0x2B03, 0x2AE3, 0x2AE3, 0x2B03, 0x2B03, 
    0x3303, 0x3303, 0x3303, 0x3303, 0x3303, 0x2AE3, 0x2AE3, 0x2AE3, 0x3303, 0x2B03, 0x3303, 0x3303, 
    0x2B03, 0x3303, 0x3303, 0x2AE3, 0x2AE3, 0x2AE3, 0x2AE3, 0x2AE3, 0x2B03, 0x2AE3, 0x2AE3, 0x2AE3, 
    0x2AE3, 0x2AE3, 0x2AE3, 0x2263, 0x2262, 0x2AC3, 0x3323, 0x3324, 0x2AE3, 0x3303, 0x2AE3, 0x2AE3, 
    0x2AE3, 0x2AC3, 0x3303, 0x2B03, 0x2AE3, 0x2AE3, 0x2AE3, 0x2AE3, 0x2AE3, 0x2AE3, 0x2AE3, 0x2AE3, 
    0x2B03, 0x2B03, 0x2B03, 0x2B03, 0x2B03, 0x3303, 0x3303, 0x2B03, 0x2AE3, 0x2B03, 0x2B03, 0x2B03, 
    0x2B03, 0x3303, 0x3303, 0x3303, 0x3303, 0x3303, 0x3303, 0x2B03, 0x2B03, 0x3303, 0x3303, 0x3303, 
    0x3303, 0x2B03, 0x2B03, 0x2B03, 0x2B03, 0x2B03, 0x2B03, 0x2B03, 0x3303, 0x3303, 0x2B03, 0x3303, 
    0x2B03, 0x2B03, 0x2AE3, 0x2AE3, 0x2AE3, 0x2AE3, 0x2AE3, 0x2AE3, 0x2AE3, 0x2AE3, 0x2AE3, 0x2AE3, 
    0x2AE3, 0x2AE3, 0x2B03, 0x3303, 0x2AE3, 0x2AE3, 0x2B03, 0x2AE3, 0x2AE3, 0x2AE3, 0x2AE3, 0x2B03, 
    0x2B03, 0x2B03, 0x2AE3, 0x2AE3, 0x2AE3, 0x2B03, 0x2B03, 0x2B03, 0x2B03, 0x2B03, 0x2B03, 0x2B03, 
    0x3303, 0x3303, 0x2B03, 0x2AE3, 0x2AE3, 0x2AE3, 0x2AE3, 0x2AE3, 0x2AE3, 0x2AE3, 0x2AE3, 0x2B03, 
    0x2B03, 0x2B03, 0x2AE3, 0x2B03, 0x2B03, 0x2B03, 0x2AE3, 0x2AE3, 0x2AE3, 0x2AE3, 0x2AE3, 0x2B03, 
    0x2AE3, 0x2AE3, 0x2B03, 0x2B03, 0x2B03, 0x2AE3, 0x2AE3, 0x2AE3, 0x2AE3, 0x2AE3, 0x2AE3, 0x3303, 
    0x2B03, 0x2B03, 0x2B03, 0x2AE3, 0x2B03, 0x2B03, 0x2B03, 0x2B03, 0x2B03, 0x2B03, 0x2B03, 0x2AE3, 
    0x2AE3, 0x2AE3, 0x2AE3, 0x2AE3, 0x2AE3, 0x32E3, 0x3303, 0x3303, 0x3303, 0x3303, 0x3323, 0x3303, 
    0x3303, 0x3303, 0x2B03, 0x3303, 0x3303, 0x3303, 0x3303, 0x3323, 0x3303, 0x3303, 0x3303, 0x3303, 
    0x3304, 0x2AE3, 0x2AE3, 0x2AE3, 0x2AE3, 0x2AE3, 0x2AE3, 0x2AE3, 0x2AE3, 0x2AE3, 0x2AE3, 0x2AE3, 
    0x2AC3, 0x2263, 0x2263, 0x2263, 0x2A63, 0x2A83, 0x2A83, 0x2A82, 0x2A83, 0x2A83, 0x2A83, 0x2A83, 
    0x2A83, 0x2A83, 0x2A83, 0x2A83, 0x2A83, 0x2A83, 0x2A83, 0x2A83, 0x2A83, 0x2A82, 0x2262, 0x2A62, 
    0x2A62, 0x2A62, 0x2A62, 0x2262, 0x2A62, 0x2A63, 0x2262, 0x2262, 0x2A62, 0x2A62, 0x2A63, 0x2A63, 
    0x2A83, 0x2A83, 0x2A83, 0x2A83, 0x2A63, 0x2A62, 0x2262, 0x2A83, 0x2A83, 0x2A83, 0x2A83, 0x2A83, 
    0x2A83, 0x2A83, 0x2A83, 0x2A62, 0x2262, 0x2262, 0x2262, 0x2262, 0x2262, 0x2262, 0x2262, 0x2A63, 
    0x2263, 0x2263, 0x2243, 0x2262, 0x2A63, 0x2A83, 0x2A83, 0x2A83, 0x2A83, 0x2262, 0x2262, 0x2263, 
    0x2A63, 0x2A63, 0x2263, 0x2A83, 0x2A83, 0x2A63, 0x2262, 0x2262, 0x2262, 0x2242, 0x2263, 0x2263, 
    0x2263, 0x2263, 0x2262, 0x2262, 0x2262, 0x2262, 0x2263, 0x2262, 0x2262, 0x2262, 0x2282, 0x2282, 
    0x2A83, 0x2A83, 0x2A83, 0x2A83, 0x2A83, 0x2A83, 0x2A63, 0x2A83, 0x2A83, 0x2A83, 0x2A83, 0x2A83, 
    0x2A62, 0x2A62, 0x2263, 0x2263, 0x2263, 0x2263, 0x2263, 0x2263, 0x2263, 0x2263, 0x2263, 0x2263, 
    0x2263, 0x2263, 0x2262, 0x2242, 0x2242, 0x2262, 0x2262, 0x2262, 0x2262, 0x2262, 0x2262, 0x2263, 
    0x2262, 0x2263, 0x2A83, 0x2A63, 0x2262, 0x2A82, 0x2A62, 0x2262, 0x2262, 0x2262, 0x2262, 0x2262, 
    0x2282, 0x2262, 0x2262, 0x2A62, 0x2283, 0x2263, 0x2262, 0x2A82, 0x2A83, 0x2263, 0x2262, 0x2262, 
    0x2A82, 0x2A83, 0x2A83, 0x2262, 0x2262, 0x2262, 0x2262, 0x2262, 0x2A83, 0x2262, 0x2263, 0x2A83, 
    0x2A83, 0x2A83, 0x2A83, 0x2A83, 0x2A82, 0x2A83, 0x2A82, 0x2A62, 0x2262, 0x2262, 0x2262, 0x2262, 
    0x2262, 0x2262, 0x2282, 0x2262, 0x2262, 0x2262, 0x2262, 0x2262, 0x2262, 0x2A62, 0x2A83, 0x2A82, 
    0x2262, 0x2283, 0x2263, 0x2283, 0x2283, 0x2263, 0x2262, 0x2A83, 0x2A83, 0x2A62, 0x2262, 0x2262, 
    0x2262, 0x2262, 0x2262, 0x2262, 0x2262, 0x2242, 0x2242, 0x2242, 0x2242, 0x2242, 0x2242, 0x2A83, 
    0x2AE3, 0x2AE3, 0x2AE3, 0x2AE3, 0x2AE3, 0x2AE3, 0x2B03, 0x2B03, 0x2B03, 0x2B03, 0x2B03, 0x2AE3, 
    0x3344, 0x3323, 0x3323, 0x3323, 0x3323, 0x3323, 0x3323, 0x3323, 0x3324, 0x3B44, 0x3B44, 0x3323, 
    0x2202, 0x0840, 0x0860, 0x0860, 0x0860, 0x0860, 0x0860, 0x0060, 0x0040, 0x0860, 0x0860, 0x0860, 
    0x0860, 0x0860, 0x0840, 0x0040, 0x0840, 0x0040, 0x0840, 0x0860, 0x0860, 0x0840, 0x0040, 0x0040, 
    0x0060, 0x0860, 0x0860, 0x0040, 0x0840, 0x0840, 0x0040, 0x0040, 0x0840, 0x0040, 0x0040, 0x0040, 
    0x0840, 0x0040, 0x0040, 0x0040, 0x0040, 0x0040, 0x0040, 0x0060, 0x0040, 0x0040, 0x0040, 0x0040, 
    0x0040, 0x0040, 0x0040, 0x0040, 0x0040, 0x0040, 0x0040, 0x0040, 0x0060, 0x0060, 0x0060, 0x0840, 
    0x0040, 0x0040, 0x0840, 0x0040, 0x0040, 0x0860, 0x0860, 0x0860, 0x0040, 0x0840, 0x0860, 0x0860, 
    0x0860, 0x0040, 0x0860, 0x0860, 0x0860, 0x0860, 0x0840, 0x0840, 0x0840, 0x0040, 0x0040, 0x0040, 
    0x0840, 0x0040, 0x0040, 0x0040, 0x0040, 0x0040, 0x0040, 0x0040, 0x0040, 0x0840, 0x0840, 0x0840, 
    0x0840, 0x0060, 0x0060, 0x0860, 0x0040, 0x0040, 0x0040, 0x0040, 0x0040, 0x0040, 0x0040, 0x0040, 
    0x0040, 0x0040, 0x0040, 0x0060, 0x0060, 0x0040, 0x0040, 0x0040, 0x0040, 0x0040, 0x0840, 0x0040, 
    0x0060, 0x0060, 0x0840, 0x0040, 0x0040, 0x0040, 0x0040, 0x0040, 0x0040, 0x0040, 0x0040, 0x0040, 
    0x0040, 0x0040, 0x0040, 0x0040, 0x0040, 0x0040, 0x0040, 0x0040, 0x0040, 0x0040, 0x0040, 0x0040, 
    0x0040, 0x0040, 0x0040, 0x0840, 0x0860, 0x0840, 0x0040, 0x0840, 0x0840, 0x0040, 0x0040, 0x0040, 
    0x0040, 0x0860, 0x0860, 0x0840, 0x0840, 0x0040, 0x0040, 0x0040, 0x0860, 0x0840, 0x0840, 0x0840, 
    0x0860, 0x0860, 0x0860, 0x0860, 0x0860, 0x0860, 0x0860, 0x0860, 0x0860, 0x0860, 0x0860, 0x0040, 
    0x0040, 0x0840, 0x0860, 0x0040, 0x0040, 0x0040, 0x0040, 0x0040, 0x0860, 0x0860, 0x0060, 0x0040, 
    0x0040, 0x0040, 0x0040, 0x0840, 0x0860, 0x0840, 0x0840, 0x0860, 0x0060, 0x0040, 0x0040, 0x0040, 
    0x0040, 0x0040, 0x0040, 0x0060, 0x0060, 0x0040, 0x0040, 0x0040, 0x0060, 0x0860, 0x0040, 0x1141, 
    0x3323, 0x3323, 0x3323, 0x3323, 0x3323, 0x3323, 0x3323, 0x3323, 0x3323, 0x3323, 0x3323, 0x3323, 
    0x3303, 0x3323, 0x3303, 0x3303, 0x2B03, 0x2AE3, 0x2AE3, 0x2AE3, 0x32E3, 0x3323, 0x2A83, 0x0080, 
    0x10C1, 0x7BC5, 0x73E5, 0x73E5, 0x73E5, 0x73C4, 0x73C4, 0x6BC4, 0x73C4, 0x73E4, 0x73E4, 0x73E4, 
    0x73E4, 0x7405, 0x73E4, 0x73E4, 0x73E5, 0x73E4, 0x73E4, 0x6BC4, 0x73C5, 0x73C4, 0x6BC4, 0x73C4, 
    0x6BC4, 0x73E4, 0x73E4, 0x73E4, 0x73E5, 0x7C05, 0x7C04, 0x73E4, 0x7405, 0x7C05, 0x7C05, 0x7C05, 
    0x7404, 0x73E4, 0x73E4, 0x73E4, 0x73E4, 0x73E4, 0x73C4, 0x73E5, 0x7405, 0x7405, 0x7C05, 0x7405, 
    0x73E4, 0x73E5, 0x73E5, 0x7405, 0x7C25, 0x8446, 0x7C25, 0x7C05, 0x7C05, 0x7C05, 0x7C05, 0x7C05, 
    0x7C05, 0x7C05, 0x7C05, 0x7C05, 0x7C05, 0x7C25, 0x7C25, 0x7C25, 0x7C05, 0x7C05, 0x7C05, 0x7C05, 
    0x7C05, 0x7C05, 0x7C05, 0x7C05, 0x7C05, 0x7C25, 0x7C05, 0x7C25, 0x8425, 0x7C25, 0x7C25, 0x7C25, 
    0x7C25, 0x7C25, 0x7C25, 0x7C25, 0x7C05, 0x7C25, 0x8425, 0x7C25, 0x7C25, 0x7C25, 0x7C05, 0x7C05, 
    0x7C25, 0x8445, 0x8445, 0x7C25, 0x7C25, 0x7C25, 0x8425, 0x7C25, 0x7C25, 0x73E5, 0x73E5, 0x7C04, 
    0x73E4, 0x7404, 0x7C05, 0x7C25, 0x7BE5, 0x73E5, 0x73E5, 0x7C05, 0x7C05, 0x7C25, 0x7C25, 0x7C25, 
    0x7C25, 0x7C05, 0x7C05, 0x7C05, 0x7C05, 0x7C05, 0x8425, 0x7C05, 0x7C05, 0x7C05, 0x7C05, 0x7C05, 
    0x7C05, 0x7C05, 0x7C05, 0x7C04, 0x7C05, 0x7C05, 0x7C04, 0x7C05, 0x7C25, 0x7C05, 0x7C05, 0x7C05, 
    0x7C04, 0x7C05, 0x7C25, 0x7C25, 0x7C25, 0x7C05, 0x7C04, 0x7C05, 0x7C05, 0x7C05, 0x7C25, 0x7405, 
    0x73E4, 0x73E4, 0x73E4, 0x73E4, 0x73E4, 0x73E5, 0x6BC4, 0x6BA4, 0x6BC4, 0x73E4, 0x73E5, 0x7405, 
    0x73E5, 0x7404, 0x7C04, 0x7404, 0x7404, 0x7404, 0x7404, 0x73E4, 0x73E4, 0x73E4, 0x73E4, 0x7404, 
    0x73E4, 0x73E4, 0x73E4, 0x73E4, 0x73C4, 0x73E4, 0x73E4, 0x73E4, 0x73E5, 0x73E4, 0x73E4, 0x73E4, 
    0x73E4, 0x73E4, 0x73E4, 0x73E4, 0x73C4, 0x73C4, 0x73C4, 0x6BC4, 0x6BA4, 0x63A4, 0x6BA4, 0x6BA4, 
    0x6BC4, 0x6BA4, 0x6BC4, 0x6BC4, 0x6BC4, 0x6BA4, 0x6BC4, 0x6BC4, 0x6BC4, 0x6BC4, 0x5B24, 0x0860, 
    0x08E1, 0x2AA3, 0x2B03, 0x2AE3, 0x2AE3, 0x2AE3, 0x2AE3, 0x2AE3, 0x2AE3, 0x2AE3, 0x2AE3, 0x2AE3, 
    0x3303, 0x3303, 0x3303, 0x3303, 0x3303, 0x2B03, 0x2AE3, 0x3303, 0x3303, 0x2AA3, 0x21E2, 0x2161, 
    0x5284, 0x73C4, 0x5303, 0x5303, 0x5303, 0x5303, 0x52E3, 0x5303, 0x5B23, 0x5B23, 0x5B23, 0x5B23, 
    0x5323, 0x5303, 0x5303, 0x5303, 0x4AE3, 0x52E3, 0x52E3, 0x5303, 0x5303, 0x5303, 0x5303, 0x5303, 
    0x5303, 0x5303, 0x5303, 0x5303, 0x5303, 0x5B23, 0x5B23, 0x5B23, 0x5303, 0x4AE3, 0x4AE3, 0x4AC2, 
    0x4AC2, 0x42A2, 0x42A2, 0x4AC2, 0x4AE3, 0x4AE3, 0x5303, 0x5303, 0x5303, 0x5303, 0x4AE3, 0x4AE3, 
    0x4AE3, 0x4AC3, 0x4AC2, 0x4AC2, 0x4AC2, 0x4AE3, 0x4AE3, 0x4AC3, 0x4AC2, 0x4AC3, 0x42C2, 0x42C3, 
    0x42A2, 0x42A2, 0x42A2, 0x42A2, 0x42A2, 0x42A2, 0x42A2, 0x42A2, 0x42C2, 0x4AC2, 0x4AC2, 0x42C2, 
    0x42C2, 0x42C2, 0x42C2, 0x42C2, 0x42C2, 0x42C2, 0x42C2, 0x42C2, 0x42C2, 0x4AC2, 0x42C2, 0x42C2, 
    0x42C2, 0x4AC2, 0x4AC2, 0x4AC3, 0x4AC2, 0x4AC3, 0x4AC3, 0x4AE3, 0x4AC3, 0x4AC3, 0x4AE3, 0x4AC2, 
    0x4AC3, 0x4AE3, 0x4AE3, 0x4AE3, 0x4AE3, 0x4AE3, 0x4AE3, 0x4AE3, 0x4AE3, 0x4AE3, 0x5B23, 0x5302, 
    0x4AE3, 0x52E3, 0x52E3, 0x4AE3, 0x4AE3, 0x4AC2, 0x4AC2, 0x4AC2, 0x4AC2, 0x4AC2, 0x4AC2, 0x4AE3, 
    0x4AE2, 0x4AC2, 0x4AC2, 0x4AC3, 0x4AC3, 0x4AC2, 0x4AE3, 0x4AC3, 0x4AE3, 0x4AC3, 0x4AC3, 0x4AC2, 
    0x42C2, 0x4AC3, 0x4AC2, 0x42C2, 0x4AC3, 0x4AC3, 0x4AE3, 0x4AE3, 0x4AE3, 0x4AC3, 0x4AC3, 0x4AC2, 
    0x42C2, 0x4AC2, 0x4AC3, 0x4AC3, 0x4AE3, 0x4AC2, 0x4AC2, 0x4AE2, 0x4AE3, 0x52E3, 0x5303, 0x52E3, 
    0x52E3, 0x52E3, 0x5303, 0x4B03, 0x4B03, 0x4B03, 0x4AE3, 0x4AC2, 0x4AC3, 0x4AE3, 0x4AE3, 0x4AE3, 
    0x4AE3, 0x4AE3, 0x4AC2, 0x4AE2, 0x4AE2, 0x4AE3, 0x4AE3, 0x4AE3, 0x4AC3, 0x4AC3, 0x4AE3, 0x4AE3, 
    0x4AE3, 0x4AE3, 0x4AE3, 0x4AC3, 0x4AC2, 0x4AC2, 0x4AE2, 0x4AC2, 0x4AC2, 0x4AE3, 0x4AE3, 0x4AE2, 
    0x4AE2, 0x4AE2, 0x4AE3, 0x4AC3, 0x4AC3, 0x4AC3, 0x4AE3, 0x4AE3, 0x52E3, 0x5303, 0x5B23, 0x5B23, 
    0x5B23, 0x5B23, 0x5B23, 0x5B44, 0x5B23, 0x5B23, 0x5B23, 0x5B23, 0x5B23, 0x6363, 0x6BC4, 0x31E2, 
    0x18E1, 0x1982, 0x2AC3, 0x2B03, 0x2AE3, 0x2AE3, 0x2AE3, 0x2B03, 0x2B03, 0x2B03, 0x2B03, 0x2AE3, 
    0x2AE3, 0x2AE3, 0x2B03, 0x2B03, 0x2B03, 0x2AE3, 0x3303, 0x2AE3, 0x3303, 0x19A2, 0x18E0, 0x63A4, 
    0x94E6, 0x4B22, 0x08A0, 0x0020, 0x0040, 0x0040, 0x0040, 0x0020, 0x0020, 0x0040, 0x0020, 0x0020, 
    0x0020, 0x0020, 0x0040, 0x0040, 0x0040, 0x0020, 0x0020, 0x0040, 0x0040, 0x0040, 0x0040, 0x0040, 
    0x0040, 0x0040, 0x0040, 0x0040, 0x0040, 0x0040, 0x0040, 0x0040, 0x0040, 0x0040, 0x0020, 0x0020, 
    0x0020, 0x0020, 0x0040, 0x0040, 0x0040, 0x0040, 0x0040, 0x0040, 0x0020, 0x0020, 0x0040, 0x0020, 
    0x0020, 0x0040, 0x0040, 0x0040, 0x0020, 0x0020, 0x0020, 0x0040, 0x0020, 0x0020, 0x0040, 0x0020, 
    0x0020, 0x0020, 0x0020, 0x0020, 0x0020, 0x0020, 0x0020, 0x0020, 0x0020, 0x0020, 0x0020, 0x0020, 
    0x0020, 0x0020, 0x0020, 0x0020, 0x0020, 0x0020, 0x0020, 0x0020, 0x0020, 0x0020, 0x0020, 0x0020, 
    0x0020, 0x0020, 0x0020, 0x0020, 0x0020, 0x0020, 0x0020, 0x0020, 0x0020, 0x0020, 0x0020, 0x0040, 
    0x0040, 0x0040, 0x0040, 0x0020, 0x0020, 0x0020, 0x0020, 0x0020, 0x0020, 0x0020, 0x0040, 0x0040, 
    0x0040, 0x0040, 0x0040, 0x0040, 0x0040, 0x0040, 0x0020, 0x0040, 0x0020, 0x0020, 0x0020, 0x0020, 
    0x0040, 0x0040, 0x0040, 0x0040, 0x0040, 0x0040, 0x0040, 0x0020, 0x0040, 0x0040, 0x0020, 0x0020, 
    0x0020, 0x0020, 0x0020, 0x0020, 0x0020, 0x0040, 0x0040, 0x0040, 0x0020, 0x0040, 0x0020, 0x0020, 
    0x0020, 0x0020, 0x0020, 0x0020, 0x0020, 0x0020, 0x0020, 0x0020, 0x0020, 0x0020, 0x0020, 0x0020, 
    0x0040, 0x0040, 0x0020, 0x0040, 0x0040, 0x0040, 0x0040, 0x0040, 0x0040, 0x0040, 0x0040, 0x0020, 
    0x0040, 0x0040, 0x0040, 0x0020, 0x0040, 0x0040, 0x0040, 0x0040, 0x0020, 0x0020, 0x0020, 0x0040, 
    0x0040, 0x0040, 0x0040, 0x0040, 0x0020, 0x0040, 0x0020, 0x0040, 0x0040, 0x0020, 0x0020, 0x0040, 
    0x0020, 0x0040, 0x0040, 0x0040, 0x0040, 0x0040, 0x0040, 0x0020, 0x0040, 0x0040, 0x0040, 0x0040, 
    0x0040, 0x0040, 0x0040, 0x0040, 0x0040, 0x0040, 0x0040, 0x0040, 0x0020, 0x10C1, 0x4B43, 0x63C4, 
    0x4B03, 0x0060, 0x2222, 0x3343, 0x3323, 0x3323, 0x3323, 0x3323, 0x3323, 0x3323, 0x3323, 0x3323, 
    0x3323, 0x3323, 0x3323, 0x3323, 0x3324, 0x3324, 0x3323, 0x3323, 0x1982, 0x1121, 0x6B65, 0x9486, 
    0x5363, 0x21C2, 0x0080, 0x00C1, 0x00C1, 0x00C1, 0x00C1, 0x00C1, 0x08C1, 0x00C1, 0x00C1, 0x00C1, 
    0x00C1, 0x00C1, 0x08C1, 0x00C1, 0x08C1, 0x00C1, 0x00C1, 0x00C1, 0x00C1, 0x00C1, 0x00C1, 0x00C1, 
    0x00C1, 0x00C1, 0x00C1, 0x00C1, 0x00C1, 0x00C1, 0x00C1, 0x00C1, 0x00C1, 0x00C1, 0x00C1, 0x00C1, 
    0x00C1, 0x00C1, 0x00C1, 0x00C1, 0x00C1, 0x00C1, 0x00C1, 0x00C1, 0x00C1, 0x00C1, 0x00C1, 0x00C1, 
    0x00C1, 0x00C1, 0x00C1, 0x00C1, 0x00C1, 0x00C1, 0x00C1, 0x00C1, 0x00C1, 0x00C1, 0x00C1, 0x00C1, 
    0x00C1, 0x00C1, 0x00C1, 0x00C1, 0x00C1, 0x00C1, 0x00C1, 0x00C1, 0x00C1, 0x00C1, 0x00C1, 0x00C1, 
    0x00C1, 0x00C1, 0x00C1, 0x00C1, 0x00C1, 0x00C1, 0x00C1, 0x00C1, 0x00C1, 0x00C1, 0x00C1, 0x00C1, 
    0x00C1, 0x00C1, 0x00C1, 0x00C1, 0x00C1, 0x00C1, 0x00C1, 0x00C1, 0x00C1, 0x00C1, 0x00C1, 0x00C1, 
    0x00C1, 0x00C1, 0x00C1, 0x00C1, 0x00C1, 0x00C1, 0x00C1, 0x00C1, 0x00C1, 0x00C1, 0x00C1, 0x00C1, 
    0x00C1, 0x00C1, 0x00C1, 0x00C1, 0x00C1, 0x00C1, 0x00C1, 0x00C1, 0x00C1, 0x00C1, 0x00C1, 0x00C0, 
    0x00C1, 0x00C1, 0x00C1, 0x00C1, 0x00C1, 0x00C1, 0x00C1, 0x00C1, 0x00C1, 0x00C1, 0x00C1, 0x00C1, 
    0x00C1, 0x00C1, 0x00C1, 0x00C1, 0x00C1, 0x00C1, 0x00C1, 0x00C1, 0x00C1, 0x00C1, 0x00C1, 0x00C1, 
    0x00C1, 0x00C1, 0x00C1, 0x00C1, 0x00C1, 0x00C1, 0x00C1, 0x00C1, 0x00C1, 0x00C1, 0x00C1, 0x00C1, 
    0x00C1, 0x00C1, 0x00C1, 0x00C1, 0x00C1, 0x00C1, 0x00C1, 0x00C1, 0x00C1, 0x00C1, 0x00C1, 0x00C1, 
    0x00C1, 0x00C1, 0x00C1, 0x00C1, 0x00C1, 0x00C1, 0x00C1, 0x00C1, 0x00C1, 0x00C1, 0x00C1, 0x00C1, 
    0x00C1, 0x00C1, 0x00C1, 0x00C1, 0x00C1, 0x00A1, 0x00C1, 0x00C1, 0x00C1, 0x00C1, 0x00C1, 0x00C1, 
    0x00C1, 0x00C1, 0x00C1, 0x08C1, 0x08C1, 0x00C1, 0x00C1, 0x00C1, 0x00C1, 0x00C1, 0x08C1, 0x00C1, 
    0x00C1, 0x00C1, 0x00C1, 0x00C1, 0x00C1, 0x00A1, 0x00A1, 0x00A0, 0x00A1, 0x0081, 0x21A2, 0x6BE4, 
    0x6BE4, 0x3A82, 0x08E1, 0x1182, 0x2AC3, 0x2AE3, 0x2AE3, 0x2AE3, 0x2AE3, 0x2AE3, 0x2AE3, 0x2AE3, 
    0x2AE3, 0x3303, 0x3303, 0x3303, 0x3304, 0x2AE3, 0x2AE3, 0x2AE3, 0x0901, 0x1101, 0x6BE4, 0x42E3, 
    0x1981, 0x0080, 0x0081, 0x0901, 0x0901, 0x0901, 0x0901, 0x0901, 0x0901, 0x0901, 0x0901, 0x0901, 
    0x0901, 0x0901, 0x0901, 0x0901, 0x0901, 0x0901, 0x0901, 0x08E1, 0x08E1, 0x08E1, 0x08E1, 0x08E1, 
    0x0901, 0x0901, 0x0901, 0x0901, 0x0901, 0x0901, 0x0901, 0x0901, 0x0901, 0x0901, 0x0901, 0x0901, 
    0x0901, 0x0901, 0x0901, 0x0901, 0x0901, 0x0901, 0x0901, 0x0901, 0x0901, 0x0901, 0x0901, 0x0901, 
    0x0901, 0x0901, 0x0901, 0x0901, 0x0901, 0x0901, 0x0901, 0x0901, 0x0901, 0x0901, 0x0901, 0x0901, 
    0x0901, 0x0901, 0x0901, 0x0901, 0x0901, 0x08E1, 0x08E1, 0x0901, 0x0901, 0x0901, 0x0901, 0x0901, 
    0x0901, 0x0901, 0x0901, 0x0901, 0x0901, 0x0901, 0x0901, 0x0901, 0x0901, 0x0901, 0x0901, 0x0901, 
    0x0901, 0x0901, 0x0901, 0x0901, 0x0901, 0x0901, 0x0901, 0x0901, 0x0901, 0x0901, 0x0901, 0x0901, 
    0x08E1, 0x0901, 0x0901, 0x0901, 0x0901, 0x0901, 0x0901, 0x0901, 0x08E1, 0x08E1, 0x08E1, 0x0901, 
    0x0901, 0x0901, 0x08E1, 0x08E1, 0x08E1, 0x0901, 0x0901, 0x0901, 0x0901, 0x0901, 0x0901, 0x0901, 
    0x0901, 0x0901, 0x0901, 0x0901, 0x0901, 0x0901, 0x0901, 0x0901, 0x0901, 0x0901, 0x0901, 0x0901, 
    0x0901, 0x0901, 0x0901, 0x0901, 0x0901, 0x0901, 0x0901, 0x0901, 0x0901, 0x0901, 0x0901, 0x0901, 
    0x0901, 0x0901, 0x0901, 0x0901, 0x0901, 0x0901, 0x0901, 0x0901, 0x0901, 0x0901, 0x0901, 0x0901, 
    0x0901, 0x0901, 0x0901, 0x0901, 0x0901, 0x0901, 0x0901, 0x0901, 0x0901, 0x0901, 0x0901, 0x0901, 
    0x0901, 0x0901, 0x0901, 0x08E1, 0x08E1, 0x0901, 0x0901, 0x0901, 0x0901, 0x0901, 0x0901, 0x0901, 
    0x0901, 0x0901, 0x0901, 0x0901, 0x0901, 0x08E1, 0x08E1, 0x08E1, 0x0901, 0x0901, 0x0901, 0x08E1, 
    0x08E1, 0x08E1, 0x0901, 0x0901, 0x0901, 0x0901, 0x0901, 0x0901, 0x0901, 0x0901, 0x0901, 0x0901, 
    0x0901, 0x0901, 0x0901, 0x0901, 0x0901, 0x08E1, 0x08E1, 0x08E1, 0x08E1, 0x0081, 0x0080, 0x21C2, 
    0x5323, 0x4B63, 0x08A0, 0x0901, 0x2AC3, 0x2AE3, 0x2AE3, 0x2AE3, 0x2AE3, 0x2AE3, 0x2AE3, 0x2AE3, 
    0x3303, 0x3303, 0x3303, 0x3324, 0x3303, 0x3303, 0x2AE3, 0x3303, 0x0901, 0x1101, 0x63A4, 0x3282, 
    0x0040, 0x00C1, 0x0901, 0x0901, 0x0901, 0x08E1, 0x08E1, 0x08E1, 0x08E1, 0x08E1, 0x08E1, 0x08E1, 
    0x0901, 0x0901, 0x08E1, 0x00A1, 0x0081, 0x0080, 0x08C1, 0x08E1, 0x08E1, 0x08E1, 0x08E1, 0x0901, 
    0x08E1, 0x0901, 0x0901, 0x0901, 0x0901, 0x0901, 0x0901, 0x0901, 0x0901, 0x0901, 0x0901, 0x08E1, 
    0x00E1, 0x0901, 0x0901, 0x0901, 0x00E1, 0x00E1, 0x0901, 0x0901, 0x08E1, 0x08E1, 0x08E1, 0x0901, 
    0x0901, 0x0901, 0x00E1, 0x08E1, 0x0901, 0x0901, 0x00E1, 0x0901, 0x0901, 0x0901, 0x0921, 0x0901, 
    0x0901, 0x0901, 0x0901, 0x08E1, 0x0901, 0x08E1, 0x08E1, 0x08E1, 0x08E1, 0x08E1, 0x08E1, 0x0901, 
    0x0901, 0x0901, 0x0901, 0x08E1, 0x00E1, 0x08E1, 0x0901, 0x0901, 0x08E1, 0x0901, 0x0901, 0x0901, 
    0x0901, 0x00E1, 0x08E1, 0x0901, 0x0901, 0x0901, 0x0901, 0x0901, 0x0901, 0x0901, 0x0901, 0x00E1, 
    0x00E1, 0x08E1, 0x0901, 0x0901, 0x0901, 0x0901, 0x08E1, 0x08E1, 0x00E1, 0x00E1, 0x0901, 0x0901, 
    0x0901, 0x00E1, 0x0901, 0x08E1, 0x08E1, 0x08E1, 0x0901, 0x0901, 0x0901, 0x08E1, 0x08E1, 0x08E1, 
    0x0901, 0x0901, 0x08E1, 0x08E1, 0x0901, 0x0901, 0x0901, 0x0901, 0x0901, 0x0901, 0x00E1, 0x08E1, 
    0x0901, 0x0901, 0x00E1, 0x0901, 0x0901, 0x0901, 0x0901, 0x0901, 0x0901, 0x0901, 0x08E1, 0x08E1, 
    0x0901, 0x0901, 0x0901, 0x00E1, 0x08E1, 0x0901, 0x0901, 0x0901, 0x08E1, 0x0901, 0x0901, 0x0901, 
    0x0901, 0x0901, 0x0901, 0x08E1, 0x0901, 0x0901, 0x0901, 0x08E1, 0x0901, 0x0901, 0x0901, 0x0901, 
    0x0901, 0x08E1, 0x08E1, 0x08E1, 0x08E1, 0x00E1, 0x08E1, 0x0901, 0x0901, 0x0901, 0x0901, 0x0901, 
    0x0901, 0x08E1, 0x00E1, 0x08E1, 0x08E1, 0x0901, 0x00E1, 0x00E1, 0x08E1, 0x0901, 0x00E1, 0x0901, 
    0x08E1, 0x08E1, 0x0901, 0x0901, 0x0901, 0x0901, 0x0901, 0x08E1, 0x08E1, 0x0901, 0x0901, 0x0901, 
    0x0901, 0x08E1, 0x0901, 0x0901, 0x0901, 0x08E1, 0x08E1, 0x08E1, 0x08E1, 0x08E1, 0x00C1, 0x0020, 
    0x4AC3, 0x4B43, 0x08A0, 0x1121, 0x3343, 0x3323, 0x3323, 0x3323, 0x3323, 0x3323, 0x3323, 0x3323, 
    0x3324, 0x3323, 0x3323, 0x3323, 0x3303, 0x3303, 0x3303, 0x3303, 0x08E1, 0x10E1, 0x63A4, 0x3A82, 
    0x0040, 0x08E1, 0x08E1, 0x08E1, 0x08E1, 0x08E1, 0x0901, 0x08E1, 0x0901, 0x0901, 0x08E1, 0x0901, 
    0x0901, 0x0901, 0x00A1, 0x1080, 0x20E0, 0x18A0, 0x0060, 0x08E1, 0x0901, 0x08E1, 0x0901, 0x0901, 
    0x0901, 0x0901, 0x0901, 0x0901, 0x0901, 0x0901, 0x0901, 0x0901, 0x0901, 0x0901, 0x08E1, 0x1102, 
    0x1902, 0x08C1, 0x08E1, 0x00C1, 0x1102, 0x1902, 0x08C1, 0x08E1, 0x10E2, 0x08C1, 0x10E1, 0x1102, 
    0x08E1, 0x10E1, 0x1922, 0x10E1, 0x00A0, 0x10E1, 0x1902, 0x1102, 0x1102, 0x08E1, 0x08E1, 0x1922, 
    0x10C1, 0x08C1, 0x08C1, 0x10E1, 0x08C1, 0x1922, 0x08E1, 0x10E1, 0x10E2, 0x1102, 0x1902, 0x08C1, 
    0x08E1, 0x0901, 0x08E1, 0x10E1, 0x10E2, 0x1102, 0x10E1, 0x08A1, 0x1102, 0x08E1, 0x08C1, 0x1102, 
    0x08C1, 0x1102, 0x10E2, 0x10C1, 0x00C1, 0x08E1, 0x1102, 0x1922, 0x08E1, 0x08E1, 0x00A1, 0x10E1, 
    0x1902, 0x08E1, 0x08E1, 0x1922, 0x08E1, 0x08C1, 0x10C1, 0x08A0, 0x1102, 0x1922, 0x1102, 0x00C1, 
    0x08C1, 0x1102, 0x1902, 0x1902, 0x08C1, 0x08E1, 0x08E1, 0x08E1, 0x10E1, 0x1902, 0x1902, 0x1102, 
    0x08C1, 0x08C1, 0x1102, 0x1102, 0x08E1, 0x0901, 0x0901, 0x0901, 0x08E1, 0x10E1, 0x1902, 0x10E1, 
    0x00C0, 0x10C1, 0x10E2, 0x1102, 0x08C1, 0x1102, 0x08E1, 0x08E1, 0x08E1, 0x08A1, 0x10E1, 0x1102, 
    0x10E1, 0x00E1, 0x10E1, 0x1102, 0x08C1, 0x08E1, 0x08C1, 0x10E1, 0x1102, 0x08C1, 0x08E1, 0x0901, 
    0x0901, 0x08E1, 0x1102, 0x1102, 0x1101, 0x08C1, 0x08C1, 0x10E2, 0x08C1, 0x10E1, 0x1102, 0x08E1, 
    0x10E1, 0x1902, 0x10E2, 0x00A0, 0x08C1, 0x1902, 0x1902, 0x1102, 0x08C1, 0x0901, 0x0901, 0x0901, 
    0x08E1, 0x10E2, 0x1902, 0x08C1, 0x08E1, 0x08E1, 0x1102, 0x1101, 0x08E1, 0x08C1, 0x10E1, 0x08C1, 
    0x08C1, 0x10E1, 0x08E1, 0x0901, 0x08E1, 0x08E1, 0x08E1, 0x08E1, 0x08E1, 0x08E1, 0x08E1, 0x08E1, 
    0x08E1, 0x08E1, 0x0901, 0x0901, 0x0901, 0x08E1, 0x08E1, 0x08E1, 0x08E1, 0x08E1, 0x00C1, 0x0020, 
    0x4AE3, 0x4B43, 0x08A0, 0x0901, 0x3303, 0x3323, 0x3303, 0x3303, 0x3303, 0x3323, 0x3303, 0x2AE3, 
    0x2AE3, 0x2AE3, 0x2AE3, 0x2AE3, 0x2AC3, 0x2AC3, 0x2AC3, 0x2AC3, 0x08E1, 0x1101, 0x5BA4, 0x3A82, 
    0x0040, 0x00C1, 0x08E1, 0x08E1, 0x08E1, 0x08E1, 0x0901, 0x0901, 0x0901, 0x0901, 0x0901, 0x0901, 
    0x0901, 0x00C1, 0x0860, 0x7AA0, 0xE561, 0xB3A0, 0x1080, 0x0080, 0x0901, 0x0901, 0x0901, 0x0901, 
    0x0901, 0x0901, 0x0901, 0x0901, 0x0901, 0x0901, 0x0901, 0x0901, 0x0901, 0x00E1, 0x1902, 0x838A, 
    0x9C0C, 0x5A87, 0x08A1, 0x31A4, 0x93CB, 0x93EB, 0x41E5, 0x1902, 0x8BAA, 0x1902, 0x4A26, 0x7329, 
    0x10A1, 0x6AE8, 0x9C0B, 0x838A, 0x18E2, 0x62A7, 0x9C2C, 0x93EB, 0x93EB, 0x2123, 0x39C4, 0x9C0B, 
    0x6AE8, 0x0080, 0x4A26, 0x7329, 0x0080, 0x8369, 0x39A4, 0x7308, 0x93EB, 0x93CA, 0x93EB, 0x1902, 
    0x00E1, 0x0901, 0x08C1, 0x7B49, 0x93EB, 0x8BCB, 0x7B49, 0x2123, 0x838A, 0x08E1, 0x2983, 0x8349, 
    0x2923, 0x93EB, 0x93CB, 0x836A, 0x1902, 0x10E2, 0x7B49, 0x93EB, 0x6AE8, 0x08A1, 0x2963, 0x8BCA, 
    0x9C2C, 0x5AA7, 0x1902, 0x8BAA, 0x1902, 0x2964, 0x7329, 0x2943, 0x93EB, 0x93CB, 0x8BAA, 0x1922, 
    0x39C5, 0x93EB, 0x93EB, 0x9C0C, 0x39C5, 0x00C0, 0x0901, 0x00A0, 0x6287, 0x9C0B, 0x93EB, 0x93CB, 
    0x18E2, 0x4A26, 0x9C0B, 0x8BCB, 0x2143, 0x08C1, 0x0901, 0x08E1, 0x10E1, 0x7308, 0x9C2C, 0x838A, 
    0x18E2, 0x5A87, 0x9C2C, 0x93EB, 0x2923, 0x7B49, 0x41E4, 0x00C0, 0x00C0, 0x2102, 0x8BCA, 0x9C0B, 
    0x5A67, 0x10A1, 0x7B49, 0x9C0B, 0x62C8, 0x08A1, 0x0080, 0x7329, 0x9C2C, 0x2984, 0x00C0, 0x08E1, 
    0x08E1, 0x08C1, 0x836A, 0x93EB, 0x8BCA, 0x3184, 0x18E2, 0x7B6A, 0x08C1, 0x5246, 0x7308, 0x08A1, 
    0x7329, 0x9C0B, 0x8BAA, 0x1902, 0x5226, 0x9C0C, 0x93EB, 0x9C0B, 0x31A4, 0x00C0, 0x0901, 0x00E1, 
    0x2143, 0x8BCB, 0x9C2C, 0x62A7, 0x08A1, 0x10C1, 0x838A, 0x8BCB, 0x1922, 0x1902, 0x838A, 0x1902, 
    0x4A05, 0x6AC8, 0x00A0, 0x0901, 0x08E1, 0x08E1, 0x0901, 0x08E1, 0x08E1, 0x08E1, 0x08E1, 0x08E1, 
    0x08E1, 0x08E1, 0x08E1, 0x0901, 0x0901, 0x0901, 0x08E1, 0x08E1, 0x08E1, 0x08E1, 0x00C1, 0x0040, 
    0x4AE3, 0x4B43, 0x08A0, 0x00C1, 0x2283, 0x2AE3, 0x2AE3, 0x2AE3, 0x2AE3, 0x2AE3, 0x2AE3, 0x2AC3, 
    0x3303, 0x3303, 0x3303, 0x3303, 0x3303, 0x3303, 0x3303, 0x3303, 0x0901, 0x1101, 0x63C4, 0x3A82, 
    0x0040, 0x00C1, 0x08E1, 0x08E1, 0x08E1, 0x08E1, 0x0901, 0x0901, 0x0901, 0x0901, 0x0901, 0x0901, 
    0x08E1, 0x0040, 0x3120, 0xD4E1, 0xD4E1, 0xD460, 0x6A40, 0x0040, 0x00C1, 0x0901, 0x0901, 0x0901, 
    0x0901, 0x08E1, 0x0901, 0x0901, 0x0901, 0x08E1, 0x0901, 0x08E1, 0x08E1, 0x00C0, 0x6287, 0x7308, 
    0x2963, 0x8369, 0x2943, 0x8369, 0x4205, 0x39A4, 0x8389, 0x2923, 0x9C2B, 0x5AA7, 0x5246, 0x7328, 
    0x41E5, 0x8369, 0x18C2, 0x5266, 0x4205, 0x1922, 0x5AA7, 0x8BAA, 0x2983, 0x18C2, 0x7B29, 0x4A05, 
    0x7B69, 0x3183, 0x4A26, 0x9C2C, 0x3184, 0x7B49, 0x31A4, 0x2142, 0x62C7, 0x838A, 0x2943, 0x08C1, 
    0x0901, 0x0901, 0x08C1, 0x83AA, 0x5A66, 0x2123, 0x2143, 0x18E2, 0x8BAA, 0x2983, 0x5246, 0x7B29, 
    0x2923, 0x93EB, 0x3184, 0x7308, 0x62C7, 0x4A05, 0x7308, 0x2102, 0x7B49, 0x39A4, 0x836A, 0x5A87, 
    0x2963, 0x6AE7, 0x2923, 0x83AA, 0x18E2, 0x3184, 0x7B69, 0x3184, 0x93EA, 0x2102, 0x6AE8, 0x6AE8, 
    0x41E5, 0x8369, 0x2103, 0x2943, 0x10E2, 0x08E1, 0x0901, 0x08E1, 0x18E2, 0x4A26, 0x838A, 0x2963, 
    0x2143, 0x93EB, 0x31A4, 0x5A87, 0x7329, 0x0080, 0x0901, 0x00E1, 0x4A26, 0x8369, 0x2102, 0x5226, 
    0x41E5, 0x1922, 0x93EB, 0x62A7, 0x0860, 0x8369, 0x4205, 0x00E0, 0x08E1, 0x0860, 0x5A66, 0x8BAA, 
    0x1902, 0x5A87, 0x7329, 0x2943, 0x7B49, 0x3143, 0x3163, 0x7308, 0x5A67, 0x7B28, 0x08A1, 0x0901, 
    0x08E1, 0x08C1, 0x8BAA, 0x4205, 0x41C5, 0x8349, 0x2923, 0x8BCA, 0x08E1, 0x5266, 0x7328, 0x3184, 
    0x7B49, 0x20E2, 0x5245, 0x4205, 0x1102, 0x4205, 0x93EB, 0x39A4, 0x10E1, 0x08E1, 0x0901, 0x00C0, 
    0x6AE8, 0x6AE8, 0x2984, 0x8B8A, 0x2123, 0x41C5, 0x62A7, 0x6AC8, 0x5A87, 0x10E2, 0x9C0B, 0x5266, 
    0x4A26, 0x7328, 0x00A0, 0x08E1, 0x08E1, 0x08E1, 0x08E1, 0x08E1, 0x08E1, 0x08E1, 0x08E1, 0x08E1, 
    0x08E1, 0x08E1, 0x08E1, 0x0901, 0x0901, 0x0901, 0x0901, 0x08E1, 0x0901, 0x08E1, 0x00C1, 0x0020, 
    0x4AC3, 0x4B43, 0x08A0, 0x08E1, 0x2AE3, 0x3323, 0x3323, 0x3323, 0x3323, 0x3323, 0x3303, 0x3303, 
    0x3323, 0x3303, 0x3303, 0x3323, 0x3323, 0x3323, 0x3303, 0x3323, 0x1121, 0x1101, 0x6BC4, 0x3AA2, 
    0x0040, 0x00C1, 0x08E1, 0x0901, 0x0901, 0x08E1, 0x08E1, 0x08E1, 0x08E1, 0x08E1, 0x0901, 0x0901, 
    0x0081, 0x20E0, 0xAB80, 0xDD21, 0xC440, 0xC420, 0xCC20, 0x4180, 0x0040, 0x08E1, 0x0901, 0x0901, 
    0x08E1, 0x0901, 0x0901, 0x08E1, 0x0901, 0x08E1, 0x0901, 0x08E1, 0x08E1, 0x00A0, 0x62A7, 0x62C7, 
    0x0060, 0x10E1, 0x08A1, 0x7B49, 0x2122, 0x18C2, 0x8369, 0x2923, 0x93EB, 0x93EB, 0x6AE8, 0x7328, 
    0x3164, 0x7B69, 0x4A05, 0x3164, 0x00A0, 0x0101, 0x39E4, 0x8369, 0x0080, 0x2963, 0x836A, 0x0861, 
    0x5A66, 0x62A7, 0x39A4, 0x9C0B, 0x7328, 0x8389, 0x39C4, 0x00A0, 0x4A46, 0x7B49, 0x0060, 0x0901, 
    0x0901, 0x0901, 0x08A1, 0x8369, 0x7308, 0x5286, 0x2163, 0x0080, 0x3164, 0x836A, 0x7B69, 0x10C2, 
    0x18E2, 0x8BAA, 0x1902, 0x6AE8, 0x6AE8, 0x49E5, 0x62C7, 0x0000, 0x6B08, 0x39A4, 0x6B08, 0x7329, 
    0x4A46, 0x10C2, 0x08A1, 0x838A, 0x18E2, 0x31A4, 0x8389, 0x3163, 0x8BAA, 0x1081, 0x6287, 0x62E7, 
    0x4205, 0x93EB, 0x5246, 0x41C4, 0x00C0, 0x0901, 0x0901, 0x0901, 0x00A0, 0x3184, 0x8389, 0x00C1, 
    0x2163, 0x93EA, 0x10E1, 0x41E5, 0x7308, 0x0080, 0x0901, 0x0101, 0x41E4, 0x8389, 0x49E5, 0x2963, 
    0x00A0, 0x00E1, 0x838A, 0x4205, 0x0060, 0x7B49, 0x39C4, 0x00C0, 0x0901, 0x00C0, 0x39C4, 0x7348, 
    0x00A0, 0x5AC7, 0x6AC7, 0x0040, 0x1101, 0x08C1, 0x7B49, 0x4A05, 0x18A2, 0x93CA, 0x2122, 0x00E1, 
    0x08E1, 0x08C1, 0x8BCA, 0x2163, 0x1922, 0x8389, 0x2923, 0x8BCA, 0x08E1, 0x4A45, 0x6AE7, 0x2923, 
    0x7B69, 0x4A05, 0x31A4, 0x00C0, 0x0101, 0x2143, 0x8BCA, 0x10C1, 0x00E1, 0x08E1, 0x0901, 0x00A0, 
    0x6AE8, 0x5266, 0x00A0, 0x1102, 0x08C1, 0x8369, 0x3163, 0x2923, 0x838A, 0x20E2, 0x940B, 0x8BCA, 
    0x5AA7, 0x7308, 0x00A0, 0x08E1, 0x08E1, 0x08E1, 0x08E1, 0x08E1, 0x08E1, 0x08E1, 0x08E1, 0x08E1, 
    0x08E1, 0x08E1, 0x08E1, 0x0901, 0x0901, 0x0901, 0x0901, 0x0901, 0x0901, 0x08E1, 0x08E1, 0x0040, 
    0x4AC3, 0x4B43, 0x00A0, 0x0901, 0x3303, 0x3323, 0x3323, 0x3323, 0x3323, 0x3323, 0x3323, 0x3323, 
    0x2AE3, 0x2AE3, 0x2AE3, 0x2AE3, 0x2AE3, 0x2AE3, 0x2AE3, 0x2AE3, 0x0901, 0x1121, 0x6BE4, 0x3A82, 
    0x0040, 0x00C1, 0x08E1, 0x08E1, 0x0901, 0x08E1, 0x08E1, 0x0901, 0x0901, 0x0901, 0x0901, 0x08C1, 
    0x0020, 0x49A0, 0xE541, 0xCC60, 0xBBE0, 0xC420, 0xCC40, 0x8B00, 0x10A0, 0x00A1, 0x0901, 0x0901, 
    0x0901, 0x08E1, 0x08E1, 0x08E1, 0x08E1, 0x08E1, 0x0901, 0x0901, 0x0901, 0x00A0, 0x62A7, 0x62C7, 
    0x00A0, 0x00E1, 0x08E1, 0x7B49, 0x2122, 0x18E2, 0x8389, 0x2943, 0x8389, 0x7B29, 0x940B, 0x7349, 
    0x0060, 0x3184, 0x7308, 0x836A, 0x31A4, 0x00A0, 0x4205, 0x8389, 0x0080, 0x2143, 0x8BCA, 0x8BAA, 
    0x9C0B, 0x62A7, 0x41C5, 0x7328, 0x8369, 0x9C4B, 0x39E4, 0x00A0, 0x4A26, 0x7B69, 0x00A0, 0x0901, 
    0x0901, 0x08E1, 0x08A1, 0x7B49, 0x8BAA, 0x7B69, 0x31C4, 0x0080, 0x18E2, 0x8BAA, 0x7B49, 0x08A1, 
    0x2102, 0x8BCB, 0x93EB, 0x8BAA, 0x2122, 0x4A05, 0x6AE8, 0x0060, 0x7349, 0x39E4, 0x00A0, 0x62C7, 
    0x7B49, 0x7329, 0x20E2, 0x838A, 0x1922, 0x31E4, 0x7B69, 0x3143, 0x93EB, 0x8BAA, 0x7B29, 0x1902, 
    0x4205, 0x9C2C, 0x7B6A, 0x5A87, 0x08A1, 0x0901, 0x0901, 0x08E1, 0x00C0, 0x39A4, 0x8BAA, 0x0901, 
    0x1942, 0x8BAA, 0x10E1, 0x4205, 0x7308, 0x00A0, 0x0901, 0x0901, 0x0080, 0x39C4, 0x7B49, 0x8BCA, 
    0x3A05, 0x00A0, 0x8369, 0x4205, 0x00A0, 0x7B69, 0x39A4, 0x00A0, 0x0901, 0x0101, 0x4205, 0x7B29, 
    0x0060, 0x5A86, 0x62C8, 0x0060, 0x00A0, 0x00C1, 0x7349, 0x93CB, 0x8BAA, 0x93EB, 0x2122, 0x00E1, 
    0x08E1, 0x08C1, 0x8BAA, 0x2963, 0x2163, 0x8BAA, 0x2923, 0x83AA, 0x08C1, 0x4A25, 0x6AE8, 0x0000, 
    0x3984, 0x6AE8, 0x8BAA, 0x4205, 0x00C0, 0x2163, 0x93EB, 0x10E2, 0x08E1, 0x08E1, 0x08E1, 0x00A0, 
    0x6AE8, 0x5A86, 0x00A0, 0x0080, 0x08C1, 0x8369, 0x93CB, 0x8BAA, 0x7B49, 0x20E2, 0x8BAA, 0x838A, 
    0x8BCB, 0x6B08, 0x00A0, 0x08E1, 0x08E1, 0x08E1, 0x08E1, 0x08E1, 0x08E1, 0x08E1, 0x08E1, 0x08E1, 
    0x08E1, 0x08E1, 0x08E1, 0x08E1, 0x08E1, 0x0901, 0x0901, 0x0901, 0x0901, 0x08E1, 0x08E1, 0x0040, 
    0x4AC3, 0x4B43, 0x08A0, 0x08E1, 0x2AC3, 0x2AE3, 0x2AC3, 0x2AC3, 0x2AC3, 0x2AE3, 0x2AE3, 0x2AE3, 
    0x2AE3, 0x2AE3, 0x2B03, 0x2AE3, 0x2AE3, 0x32E3, 0x3303, 0x3323, 0x0901, 0x1921, 0x6BC4, 0x3262, 
    0x0040, 0x00C1, 0x00E1, 0x08E1, 0x08E1, 0x08E1, 0x0901, 0x0901, 0x0901, 0x0901, 0x0901, 0x0060, 
    0x28C0, 0xBC21, 0xE521, 0x7AA0, 0x1080, 0x49A0, 0xCC00, 0xD440, 0x51C0, 0x0020, 0x08E1, 0x0901, 
    0x0901, 0x08E1, 0x08E1, 0x08E1, 0x0901, 0x0901, 0x0901, 0x0901, 0x0901, 0x00C0, 0x62A7, 0x62C7, 
    0x0881, 0x6AE8, 0x2943, 0x8369, 0x2923, 0x18E2, 0x838A, 0x2943, 0x8BCA, 0x39A4, 0xA46C, 0x7328, 
    0x1902, 0x2943, 0x0000, 0x6AE8, 0x5266, 0x0060, 0x4205, 0x8BAA, 0x0080, 0x2943, 0x8BAA, 0x2983, 
    0x7328, 0x6AE8, 0x4A26, 0x62C7, 0x5246, 0xA44C, 0x39C4, 0x00A0, 0x4A25, 0x836A, 0x00A1, 0x0901, 
    0x08E1, 0x08E1, 0x08C1, 0x838A, 0x41C5, 0x0040, 0x0080, 0x08C1, 0x7329, 0x41E5, 0x5AA7, 0x5A86, 
    0x2103, 0x8B8A, 0x3163, 0x18E2, 0x0060, 0x5246, 0x7328, 0x0080, 0x7B89, 0x39C4, 0x2943, 0x10A1, 
    0x1081, 0x8BCA, 0x3143, 0x93EB, 0x2143, 0x31C4, 0x7B69, 0x3143, 0x8BAA, 0x5246, 0x7B69, 0x0881, 
    0x4A05, 0x838A, 0x0080, 0x0080, 0x08A0, 0x0901, 0x08E1, 0x08E1, 0x00E0, 0x39E5, 0x8BAA, 0x08C1, 
    0x1902, 0x8BAA, 0x10C1, 0x4A26, 0x8369, 0x00C0, 0x0901, 0x00C0, 0x2102, 0x2943, 0x0040, 0x6AE8, 
    0x5A87, 0x0020, 0x7328, 0x39C4, 0x0080, 0x838A, 0x41C4, 0x0080, 0x08E1, 0x00C0, 0x4A25, 0x7B49, 
    0x0020, 0x5246, 0x62A7, 0x0020, 0x62A7, 0x2963, 0x7349, 0x5A86, 0x3184, 0x93EB, 0x2122, 0x00E1, 
    0x08E1, 0x08A1, 0x83AA, 0x2983, 0x2983, 0x8BCA, 0x3143, 0x8BCA, 0x0881, 0x4A05, 0x6AE8, 0x18C2, 
    0x2943, 0x0020, 0x7308, 0x62E8, 0x00C0, 0x2163, 0x93EB, 0x1102, 0x00E1, 0x08E1, 0x0901, 0x00A0, 
    0x7308, 0x5A86, 0x0060, 0x62A7, 0x2123, 0x838A, 0x4A46, 0x41E5, 0x8389, 0x2102, 0x8BAA, 0x41E5, 
    0x9C2C, 0x6B08, 0x00A0, 0x08E1, 0x08E1, 0x08E1, 0x08E1, 0x08E1, 0x08E1, 0x08E1, 0x08E1, 0x08E1, 
    0x0901, 0x08E1, 0x0901, 0x0901, 0x0901, 0x08E1, 0x08E1, 0x0901, 0x0901, 0x08E1, 0x08E1, 0x0040, 
    0x4AC3, 0x4B43, 0x08A0, 0x08E1, 0x2AE3, 0x3303, 0x3303, 0x2B03, 0x3303, 0x32E3, 0x2AE3, 0x2B03, 
    0x3323, 0x3323, 0x3323, 0x3323, 0x3323, 0x3323, 0x3323, 0x3323, 0x0901, 0x1121, 0x6BC4, 0x3262, 
    0x0040, 0x00C1, 0x00E1, 0x08E1, 0x08E1, 0x08E1, 0x0901, 0x0901, 0x0901, 0x0901, 0x00C1, 0x0020, 
    0x6A40, 0xE500, 0xBC00, 0x1080, 0x0040, 0x0020, 0x8B00, 0xD460, 0x9B60, 0x1080, 0x0081, 0x0901, 
    0x0901, 0x0901, 0x08E1, 0x0901, 0x0901, 0x0901, 0x0901, 0x0901, 0x08E1, 0x00C0, 0x39C4, 0x8BAB, 
    0x838A, 0x8BAA, 0x1902, 0x5246, 0x836A, 0x836A, 0x5A87, 0x2103, 0x9C2B, 0x1902, 0x6AE8, 0x7328, 
    0x2102, 0x836A, 0x7B69, 0x8BAA, 0x31A4, 0x00C0, 0x4205, 0x8BCB, 0x00A0, 0x3184, 0x93EB, 0x00A0, 
    0x62A7, 0x7328, 0x5266, 0x7329, 0x18C2, 0x93EB, 0x39C4, 0x00A0, 0x4A26, 0x8BAA, 0x00C1, 0x08E1, 
    0x08E1, 0x08E1, 0x08C1, 0x8BAB, 0x8BCB, 0x7B69, 0x7308, 0x2123, 0x9C0B, 0x1102, 0x31A4, 0x93EB, 
    0x2923, 0x8BAA, 0x10A1, 0x00C0, 0x00C0, 0x3163, 0x8BAA, 0x8B8A, 0x8BAA, 0x2102, 0x5205, 0x836A, 
    0x7B6A, 0x7308, 0x18E2, 0x7328, 0x8BEB, 0x8BAA, 0x5246, 0x3164, 0x9C0B, 0x10E2, 0x838A, 0x62A7, 
    0x39A4, 0x9C2C, 0x838A, 0x8BCA, 0x39A4, 0x00C0, 0x08E1, 0x0901, 0x00E0, 0x4205, 0x8BCB, 0x00A0, 
    0x10A1, 0x6AE8, 0x8BAA, 0x93EB, 0x5A87, 0x00C0, 0x0901, 0x00C0, 0x2943, 0x83AA, 0x838A, 0x8BAA, 
    0x3184, 0x4A26, 0x9C0B, 0x8BAA, 0x20E2, 0x8369, 0x940B, 0x8BAA, 0x7328, 0x2943, 0x93EB, 0x9C2B, 
    0x5226, 0x3143, 0x8BAA, 0x8BAA, 0x93EA, 0x2102, 0x7B49, 0x4A25, 0x1102, 0xA44C, 0x2143, 0x00E1, 
    0x08E1, 0x08C1, 0x8BAA, 0x8BAA, 0x8BAA, 0x6AC7, 0x18E2, 0x7B69, 0x838A, 0x8B8A, 0x49E5, 0x2103, 
    0x8BCB, 0x838A, 0x8BCA, 0x39E4, 0x00E1, 0x2163, 0x9C0B, 0x1902, 0x00E1, 0x0901, 0x0901, 0x00C0, 
    0x41E5, 0x8BAA, 0x836A, 0x838A, 0x1902, 0x93CB, 0x2983, 0x2143, 0x93CA, 0x2923, 0x93CA, 0x18C2, 
    0x6AE8, 0x7B49, 0x00A0, 0x0901, 0x08E1, 0x08E1, 0x08E1, 0x08E1, 0x08E1, 0x08E1, 0x08E1, 0x08E1, 
    0x0901, 0x08E1, 0x0901, 0x08E1, 0x08E1, 0x08E1, 0x08E1, 0x0901, 0x08E1, 0x08E1, 0x00C1, 0x0020, 
    0x4AC3, 0x4B23, 0x00A0, 0x0901, 0x3323, 0x3323, 0x3324, 0x3323, 0x3323, 0x3303, 0x3323, 0x3323, 
    0x2AE3, 0x2AE3, 0x2AE3, 0x2AE3, 0x2AE3, 0x32E3, 0x32E3, 0x32E3, 0x08E1, 0x1121, 0x6BE4, 0x3A82, 
    0x0040, 0x00C1, 0x08E1, 0x08E1, 0x08E1, 0x0901, 0x0901, 0x0901, 0x0901, 0x08E1, 0x0060, 0x3100, 
    0xBC20, 0xDCC0, 0xABA0, 0x0860, 0x0060, 0x0020, 0x82C0, 0xCC40, 0xC440, 0x59E0, 0x0040, 0x08E1, 
    0x0901, 0x0901, 0x0901, 0x0901, 0x0901, 0x0901, 0x0901, 0x0901, 0x0901, 0x0901, 0x00A0, 0x39C4, 
    0x4A26, 0x2923, 0x00A0, 0x08C1, 0x4A26, 0x4A26, 0x10A1, 0x08A1, 0x4205, 0x08C1, 0x2122, 0x3184, 
    0x0060, 0x2964, 0x5266, 0x39C4, 0x00C1, 0x0921, 0x1922, 0x39C5, 0x00A0, 0x1902, 0x41E5, 0x0080, 
    0x2963, 0x31A4, 0x2963, 0x39C5, 0x0060, 0x39A4, 0x1902, 0x00C0, 0x2143, 0x39C5, 0x00C1, 0x0901, 
    0x08E1, 0x0901, 0x08C1, 0x39A4, 0x4A05, 0x4A06, 0x41E5, 0x1081, 0x41E5, 0x1101, 0x1942, 0x4205, 
    0x10C2, 0x41C4, 0x08A1, 0x08E1, 0x0901, 0x00C1, 0x3184, 0x5225, 0x3183, 0x00C0, 0x0881, 0x41C5, 
    0x4A05, 0x1902, 0x00C0, 0x1922, 0x5246, 0x4A05, 0x08A1, 0x18E2, 0x4A05, 0x08E1, 0x2983, 0x39A4, 
    0x18E2, 0x4A05, 0x4A25, 0x5246, 0x2122, 0x00C1, 0x08E1, 0x0901, 0x0901, 0x1942, 0x41E5, 0x08C1, 
    0x00C0, 0x18C2, 0x4A26, 0x4A05, 0x08C1, 0x0901, 0x0901, 0x0901, 0x00A0, 0x3164, 0x4A26, 0x3184, 
    0x0080, 0x31A4, 0x5246, 0x4A05, 0x10A1, 0x39C4, 0x5266, 0x5266, 0x4A25, 0x18E2, 0x4A05, 0x4A05, 
    0x3163, 0x0040, 0x3984, 0x5266, 0x2963, 0x0060, 0x3984, 0x2163, 0x1101, 0x4A26, 0x10E1, 0x08E1, 
    0x08E1, 0x08A1, 0x41C5, 0x4A25, 0x4A05, 0x10C1, 0x00C1, 0x2143, 0x5246, 0x41C5, 0x0080, 0x0080, 
    0x3184, 0x5266, 0x39C4, 0x00C0, 0x0921, 0x10E2, 0x41E5, 0x08C1, 0x0901, 0x0901, 0x0901, 0x0901, 
    0x00A1, 0x39A4, 0x4A26, 0x2122, 0x00A0, 0x39C5, 0x10C2, 0x10C1, 0x41E4, 0x10E2, 0x41E5, 0x08A1, 
    0x2123, 0x39A4, 0x00C1, 0x0901, 0x0901, 0x08E1, 0x08E1, 0x0901, 0x08E1, 0x08E1, 0x08E1, 0x08E1, 
    0x08E1, 0x08E1, 0x08E1, 0x0901, 0x0901, 0x0901, 0x0901, 0x0901, 0x08E1, 0x08E1, 0x00C1, 0x0020, 
    0x4AC2, 0x4323, 0x08A0, 0x08E1, 0x2AE3, 0x3303, 0x3303, 0x2AE3, 0x2AE3, 0x2AE3, 0x2AE3, 0x2AE3, 
    0x2AC3, 0x2AE3, 0x2AE3, 0x2AE3, 0x2AE3, 0x2AE3, 0x2AE3, 0x32E3, 0x0901, 0x1121, 0x6BC4, 0x3A82, 
    0x0040, 0x00C1, 0x08E1, 0x08E1, 0x0901, 0x0901, 0x0901, 0x0901, 0x0901, 0x00A1, 0x0060, 0x9B40, 
    0xE521, 0xCC40, 0xABA0, 0x0860, 0x0040, 0x0020, 0x82C0, 0xCC40, 0xC420, 0xAB80, 0x1080, 0x0080, 
    0x0901, 0x0901, 0x0901, 0x0901, 0x0901, 0x0901, 0x0901, 0x0901, 0x0901, 0x0901, 0x0901, 0x00C0, 
    0x00A0, 0x00C1, 0x08E1, 0x0901, 0x00E0, 0x00E0, 0x08E1, 0x08C1, 0x00C0, 0x08E1, 0x00C1, 0x00A0, 
    0x08E1, 0x08E1, 0x00E1, 0x00E1, 0x0901, 0x0901, 0x00E1, 0x00A0, 0x08E1, 0x08E1, 0x00C0, 0x08E1, 
    0x00E1, 0x00C1, 0x00E1, 0x00E1, 0x0901, 0x00C0, 0x00E1, 0x0901, 0x00C1, 0x00C0, 0x0901, 0x0901, 
    0x0901, 0x08E1, 0x08E1, 0x00A0, 0x00A0, 0x00A0, 0x0080, 0x00A0, 0x00C0, 0x0901, 0x0901, 0x00E1, 
    0x08E1, 0x00C1, 0x0901, 0x0901, 0x0901, 0x0901, 0x00A0, 0x00A0, 0x00E1, 0x0901, 0x00C1, 0x0080, 
    0x00A0, 0x00E1, 0x0901, 0x08E1, 0x00C0, 0x00C0, 0x08E1, 0x08E1, 0x00E1, 0x0901, 0x00C1, 0x00C1, 
    0x08C1, 0x00A0, 0x00C0, 0x00C0, 0x00E1, 0x0901, 0x0901, 0x0901, 0x08E1, 0x08E1, 0x0101, 0x0901, 
    0x0901, 0x08E1, 0x00A0, 0x00A0, 0x08E1, 0x0901, 0x0901, 0x0901, 0x0901, 0x00C0, 0x0080, 0x0080, 
    0x08E1, 0x00E1, 0x00C0, 0x00A0, 0x00C1, 0x00E1, 0x00E1, 0x00E0, 0x00E1, 0x08E1, 0x00A0, 0x00A0, 
    0x00C1, 0x08E1, 0x00C0, 0x00E0, 0x00E1, 0x08E1, 0x00A0, 0x00E1, 0x0901, 0x00E1, 0x08E1, 0x0901, 
    0x0901, 0x08E1, 0x00C0, 0x00C0, 0x00C0, 0x08E1, 0x0901, 0x00C1, 0x00A0, 0x00C0, 0x08E1, 0x08E1, 
    0x00C0, 0x00C0, 0x00C0, 0x08E1, 0x0901, 0x08E1, 0x00C0, 0x08E1, 0x0901, 0x0901, 0x0901, 0x0901, 
    0x08E1, 0x00A0, 0x00C0, 0x00E1, 0x0901, 0x00C0, 0x00C1, 0x00C1, 0x00C0, 0x00E1, 0x00E1, 0x0901, 
    0x00C1, 0x00C0, 0x08E1, 0x0901, 0x0901, 0x08E1, 0x08E1, 0x08E1, 0x08E1, 0x08E1, 0x08E1, 0x0901, 
    0x08E1, 0x08E1, 0x08E1, 0x0901, 0x0901, 0x0901, 0x08E1, 0x0901, 0x0901, 0x08E1, 0x00E1, 0x0020, 
    0x4AC2, 0x4323, 0x08A0, 0x0901, 0x2AE3, 0x2AE3, 0x2AE3, 0x2AE3, 0x2AE3, 0x2AC3, 0x2AC3, 0x2AC3, 
    0x3323, 0x3323, 0x3323, 0x3323, 0x3323, 0x3323, 0x3323, 0x3B44, 0x1101, 0x1121, 0x63C4, 0x3282, 
    0x0040, 0x00C1, 0x08E1, 0x08E1, 0x0901, 0x0901, 0x0901, 0x0901, 0x08E1, 0x0040, 0x4180, 0xDCC0, 
    0xD480, 0xC420, 0xABA0, 0x0860, 0x0040, 0x0020, 0x82C0, 0xCC40, 0xC420, 0xCC20, 0x6A40, 0x0020, 
    0x08C1, 0x0901, 0x0901, 0x0901, 0x0901, 0x0901, 0x0901, 0x0901, 0x0901, 0x0901, 0x0901, 0x00C0, 
    0x00A0, 0x00C1, 0x08E1, 0x0901, 0x00E0, 0x00C0, 0x0901, 0x0901, 0x00E1, 0x0901, 0x00C1, 0x00A0, 
    0x08E1, 0x00C1, 0x00E0, 0x00E1, 0x0901, 0x00C1, 0x00A0, 0x00A0, 0x00C0, 0x08E1, 0x0901, 0x0901, 
    0x0901, 0x08E1, 0x00A0, 0x00E0, 0x0901, 0x08E1, 0x00A0, 0x00A0, 0x00C1, 0x00E1, 0x00E1, 0x0901, 
    0x08E1, 0x00C1, 0x0080, 0x00A0, 0x00E1, 0x0901, 0x00A0, 0x0080, 0x00A0, 0x08E1, 0x08E1, 0x00C0, 
    0x00C0, 0x0901, 0x0921, 0x08E1, 0x00C0, 0x00A0, 0x08C1, 0x08C1, 0x00C0, 0x00A0, 0x00A0, 0x0901, 
    0x00E0, 0x00C0, 0x08E1, 0x0901, 0x0901, 0x08E1, 0x0901, 0x0901, 0x0901, 0x08E1, 0x00A0, 0x00E1, 
    0x0901, 0x0901, 0x00C0, 0x00C1, 0x0921, 0x0901, 0x0901, 0x00A0, 0x0080, 0x08C1, 0x00C0, 0x0901, 
    0x0921, 0x0100, 0x00C0, 0x00E1, 0x0901, 0x0901, 0x0901, 0x0901, 0x08E1, 0x0080, 0x0060, 0x00C1, 
    0x08E1, 0x08E1, 0x00E0, 0x00E1, 0x0901, 0x08E1, 0x00A0, 0x08C1, 0x00C1, 0x08E1, 0x0901, 0x00C0, 
    0x00C0, 0x0101, 0x0921, 0x00E1, 0x00E0, 0x00C0, 0x00A0, 0x00A0, 0x00C0, 0x00E0, 0x00C0, 0x08E1, 
    0x0901, 0x0901, 0x0901, 0x0901, 0x0901, 0x08E1, 0x08E1, 0x08E1, 0x00C0, 0x00E1, 0x0921, 0x0921, 
    0x00C0, 0x08C1, 0x00A0, 0x00A0, 0x00A0, 0x00A0, 0x00E0, 0x00E1, 0x0901, 0x08E1, 0x00A0, 0x00A0, 
    0x00C0, 0x0901, 0x0101, 0x0901, 0x08C1, 0x00C0, 0x0901, 0x00C0, 0x0080, 0x00A0, 0x08E1, 0x00C0, 
    0x00A0, 0x00C1, 0x0901, 0x0901, 0x0901, 0x0901, 0x0901, 0x0901, 0x0901, 0x0901, 0x0901, 0x08E1, 
    0x08E1, 0x08E1, 0x0901, 0x0901, 0x0901, 0x0901, 0x0901, 0x0901, 0x0901, 0x08E1, 0x00E1, 0x0020, 
    0x4AC2, 0x4343, 0x08A0, 0x0901, 0x3303, 0x3323, 0x3303, 0x3323, 0x3303, 0x3303, 0x3303, 0x3303, 
    0x2AE3, 0x2AE3, 0x2B03, 0x3303, 0x3323, 0x3323, 0x3303, 0x3B24, 0x1121, 0x1121, 0x63C4, 0x3282, 
    0x0040, 0x00C1, 0x08E1, 0x08E1, 0x08E1, 0x08E1, 0x0901, 0x0901, 0x0080, 0x0860, 0x9300, 0xE521, 
    0xC420, 0xCC40, 0xB3C0, 0x0860, 0x0040, 0x0020, 0x82C0, 0xCC40, 0xC420, 0xCC20, 0xB3C0, 0x20E0, 
    0x0060, 0x0901, 0x0901, 0x0901, 0x0901, 0x0901, 0x0901, 0x0901, 0x0901, 0x0901, 0x00A0, 0x4A26, 
    0x62C8, 0x2963, 0x00C1, 0x08C1, 0x4A26, 0x5A87, 0x1101, 0x1942, 0x5AA7, 0x10C1, 0x2963, 0x41E5, 
    0x0080, 0x39C5, 0x62C7, 0x4A25, 0x0080, 0x3184, 0x62A7, 0x62A7, 0x5AA7, 0x18E2, 0x08E1, 0x0901, 
    0x08E1, 0x1902, 0x62A7, 0x5AA7, 0x10E2, 0x18E2, 0x5246, 0x5A87, 0x3164, 0x39C4, 0x41E4, 0x00C0, 
    0x00C1, 0x08A1, 0x5A67, 0x62C7, 0x4205, 0x00C0, 0x4205, 0x6287, 0x3984, 0x0060, 0x08C1, 0x5AA7, 
    0x62E8, 0x2143, 0x00C0, 0x2123, 0x5A87, 0x5A87, 0x10E2, 0x2143, 0x5A87, 0x5A87, 0x2123, 0x08C1, 
    0x5AC7, 0x6AE8, 0x2963, 0x00C1, 0x0901, 0x08E1, 0x08E1, 0x0901, 0x0901, 0x08A1, 0x5226, 0x1902, 
    0x0901, 0x00C1, 0x2143, 0x4A26, 0x08C1, 0x4A25, 0x3184, 0x3184, 0x39A4, 0x0060, 0x4A26, 0x1902, 
    0x1101, 0x5AC8, 0x62C8, 0x2143, 0x00C1, 0x0901, 0x0901, 0x08E1, 0x10E1, 0x5A67, 0x5A67, 0x18E2, 
    0x00E1, 0x1122, 0x62C7, 0x4A25, 0x00A0, 0x2122, 0x4A05, 0x0060, 0x39C4, 0x3183, 0x00A0, 0x4A26, 
    0x62E7, 0x4205, 0x0080, 0x39A4, 0x5A67, 0x62A7, 0x5A87, 0x18C2, 0x5246, 0x5A87, 0x5A87, 0x10E2, 
    0x08E1, 0x0901, 0x0901, 0x0901, 0x0901, 0x0901, 0x08E1, 0x08A1, 0x5A87, 0x6B08, 0x29A3, 0x08E1, 
    0x5266, 0x10E1, 0x2143, 0x4A05, 0x18C2, 0x5A87, 0x5AA7, 0x5266, 0x08C1, 0x0080, 0x4A06, 0x62C8, 
    0x2963, 0x00C0, 0x5287, 0x2143, 0x1902, 0x4A26, 0x2122, 0x5AA7, 0x5A87, 0x2943, 0x0040, 0x4A26, 
    0x62A7, 0x2963, 0x00C0, 0x0901, 0x0901, 0x0901, 0x0901, 0x0901, 0x0901, 0x0901, 0x0901, 0x0901, 
    0x08E1, 0x08E1, 0x08E1, 0x0901, 0x0901, 0x0901, 0x0901, 0x08E1, 0x08E1, 0x08E1, 0x00C1, 0x0020, 
    0x4AC3, 0x4323, 0x08A0, 0x0901, 0x3303, 0x3323, 0x3323, 0x3303, 0x3303, 0x2B03, 0x2B03, 0x32E3, 
    0x2AC3, 0x2AC3, 0x2AE3, 0x2AE3, 0x2AE3, 0x2AE3, 0x2AE3, 0x3304, 0x0901, 0x1121, 0x63A3, 0x3262, 
    0x0040, 0x00C1, 0x08E1, 0x08E1, 0x0901, 0x08E1, 0x0901, 0x08E1, 0x0040, 0x59C0, 0xDCA1, 0xD480, 
    0xC400, 0xC420, 0xB3C0, 0x0860, 0x0040, 0x0020, 0x82C0, 0xCC40, 0xC420, 0xC420, 0xD460, 0x6220, 
    0x0060, 0x00C1, 0x0901, 0x0901, 0x0901, 0x0901, 0x0901, 0x0901, 0x0901, 0x00C1, 0x4206, 0x8BCB, 
    0x7B69, 0x8BCB, 0x1902, 0x18E2, 0x838A, 0x8BCB, 0x39E5, 0x1922, 0x9C0B, 0x10C1, 0x4A05, 0x7349, 
    0x2963, 0x838A, 0x6B08, 0x8BCA, 0x41C5, 0x5246, 0x9C2C, 0x7329, 0x7328, 0x18E2, 0x00E1, 0x0901, 
    0x08C1, 0x7329, 0x7B69, 0x838A, 0x6AC8, 0x20E2, 0x8BAA, 0x9C4C, 0x39A4, 0x62A8, 0x7308, 0x0080, 
    0x00E1, 0x10A1, 0x7B49, 0xA46C, 0x5246, 0x31A4, 0x93EB, 0x7B69, 0x93EB, 0x2943, 0x5A67, 0x8BCA, 
    0x838A, 0x7B49, 0x18C2, 0x7329, 0x7329, 0x83AA, 0x62C7, 0x2103, 0x8BAA, 0x8BCA, 0x3163, 0x5A87, 
    0x8BCB, 0x7B49, 0x8369, 0x10E1, 0x00E1, 0x08E1, 0x0901, 0x08E1, 0x08E1, 0x08C1, 0x93EB, 0x2963, 
    0x00E0, 0x00A0, 0x4205, 0x83AA, 0x0080, 0x7B49, 0x5246, 0x5246, 0x7B49, 0x10A1, 0x8BCB, 0x3164, 
    0x62A7, 0x8BCB, 0x83AA, 0x8369, 0x08C1, 0x08E1, 0x08E1, 0x08A1, 0x6AE8, 0x838A, 0x838A, 0x7B69, 
    0x00A0, 0x4205, 0x93EB, 0x8BAA, 0x08A1, 0x39A4, 0x9C2C, 0x2103, 0x6AC8, 0x5246, 0x39A4, 0x8BCA, 
    0x7B49, 0x940B, 0x2943, 0x62A7, 0x8BAA, 0x7B49, 0x7B49, 0x2103, 0x8BCA, 0x7329, 0x836A, 0x62C8, 
    0x00A1, 0x0901, 0x0901, 0x0901, 0x0901, 0x0901, 0x00A1, 0x5A87, 0x836A, 0x7B69, 0x8389, 0x2102, 
    0x93CA, 0x2163, 0x4225, 0x8BAA, 0x3164, 0x940B, 0x7329, 0x8BCB, 0x39A4, 0x39C5, 0x8BCB, 0x7B69, 
    0x838A, 0x2122, 0x93EB, 0x5A87, 0x2984, 0x83AA, 0x2123, 0x83AA, 0x93EB, 0x3163, 0x41E5, 0x8369, 
    0x7329, 0x8B8A, 0x1922, 0x00E1, 0x0901, 0x0901, 0x0901, 0x0901, 0x08E1, 0x08E1, 0x08E1, 0x08E1, 
    0x08E1, 0x08E1, 0x0901, 0x0901, 0x0901, 0x0901, 0x08E1, 0x0901, 0x08E1, 0x08E1, 0x00C1, 0x0020, 
    0x4AC3, 0x4323, 0x08A0, 0x0901, 0x2AC3, 0x2AE3, 0x2AE3, 0x2AE3, 0x2AC3, 0x2AC3, 0x2AC3, 0x22A3, 
    0x3303, 0x3303, 0x3323, 0x3323, 0x3324, 0x3324, 0x3344, 0x3B64, 0x1121, 0x1121, 0x63C4, 0x3262, 
    0x0040, 0x00C1, 0x08E1, 0x08E1, 0x08E1, 0x08E1, 0x08E1, 0x0080, 0x3120, 0xBBA0, 0xDD01, 0xC400, 
    0xC420, 0xC420, 0xB3A0, 0x0860, 0x0060, 0x0020, 0x82C0, 0xCC40, 0xC400, 0xC420, 0xCC40, 0xBBC0, 
    0x20C0, 0x0060, 0x0901, 0x0901, 0x0901, 0x0901, 0x0901, 0x0901, 0x0901, 0x00C0, 0x62C8, 0x62C7, 
    0x0080, 0x5266, 0x18E2, 0x72E8, 0x4A05, 0x3184, 0x8BAA, 0x2102, 0x8BAA, 0x10A1, 0x4A25, 0x7328, 
    0x41E5, 0x8369, 0x0020, 0x18E2, 0x10A1, 0x5A87, 0x7309, 0x0020, 0x0060, 0x00A0, 0x0901, 0x0901, 
    0x1102, 0x93CA, 0x2102, 0x0840, 0x2102, 0x0080, 0x5266, 0x7B49, 0x0040, 0x5A67, 0x6AC7, 0x00A0, 
    0x0901, 0x00C0, 0x3184, 0x7B69, 0x0040, 0x5266, 0x7B69, 0x00A0, 0x4A25, 0x2123, 0x7308, 0x39C4, 
    0x10C1, 0x8BAA, 0x2943, 0x8BCA, 0x18E2, 0x10A1, 0x2102, 0x0020, 0x5246, 0x5AA7, 0x0080, 0x83AA, 
    0x5246, 0x0040, 0x2923, 0x08A1, 0x08E1, 0x0901, 0x0901, 0x0901, 0x08E1, 0x08C1, 0x8BAA, 0x2963, 
    0x00E0, 0x00E0, 0x4225, 0x7B69, 0x0060, 0x6B08, 0x4A25, 0x4A26, 0x9C0B, 0x4A26, 0x83AA, 0x3164, 
    0x7B49, 0x4204, 0x00A0, 0x2963, 0x08A1, 0x08E1, 0x08E1, 0x08C1, 0x8BAA, 0x29A3, 0x1102, 0x5A86, 
    0x18E2, 0x8369, 0x2102, 0x62A7, 0x5A86, 0x31A4, 0xA46C, 0x6287, 0x62C7, 0x4A25, 0x5246, 0x6AE8, 
    0x0040, 0x4A46, 0x2943, 0x6AE8, 0x4A26, 0x0080, 0x08A0, 0x10A1, 0x83AA, 0x10A1, 0x3163, 0x8BAA, 
    0x08C1, 0x0901, 0x08E1, 0x0901, 0x0901, 0x0901, 0x08A1, 0x7B49, 0x39C4, 0x0060, 0x4A05, 0x18C2, 
    0x8389, 0x2142, 0x3A05, 0x7B69, 0x2943, 0x7B69, 0x0000, 0x62A7, 0x5246, 0x6287, 0x62C7, 0x00A1, 
    0x83AA, 0x3143, 0x7B49, 0x93EB, 0x41E5, 0x7B69, 0x0060, 0x41C4, 0x6B08, 0x0060, 0x7348, 0x5245, 
    0x0060, 0x5266, 0x1902, 0x08E1, 0x0901, 0x0901, 0x0901, 0x0901, 0x08E1, 0x08E1, 0x08E1, 0x08E1, 
    0x08E1, 0x0901, 0x0901, 0x0901, 0x0901, 0x0901, 0x0901, 0x0901, 0x0901, 0x08E1, 0x00C1, 0x0020, 
    0x52E3, 0x4B43, 0x08A0, 0x0901, 0x3303, 0x3323, 0x3303, 0x3303, 0x3303, 0x2AE3, 0x2AE3, 0x2AE3, 
    0x2B03, 0x3303, 0x3323, 0x3323, 0x3324, 0x3324, 0x3323, 0x3B44, 0x1121, 0x1121, 0x63E4, 0x3A82, 
    0x0040, 0x00C1, 0x08E1, 0x08E1, 0x0901, 0x08E1, 0x00C1, 0x0020, 0x7AA0, 0xE501, 0xCC60, 0xC420, 
    0xC420, 0xC420, 0xABC0, 0x0860, 0x0060, 0x0020, 0x82A0, 0xCC40, 0xC400, 0xC420, 0xC420, 0xC420, 
    0x8AE0, 0x0040, 0x00A1, 0x0901, 0x0901, 0x0901, 0x0901, 0x0901, 0x0901, 0x00A0, 0x62A7, 0x62C8, 
    0x00C0, 0x00E1, 0x08C1, 0x836A, 0x5246, 0x4A05, 0x8BCA, 0x2923, 0x8BAA, 0x10C1, 0x4A46, 0x7349, 
    0x1902, 0x8369, 0x8BAA, 0x62A8, 0x0860, 0x5AA7, 0x9C2C, 0x8BAA, 0x5266, 0x00C0, 0x0901, 0x0901, 
    0x08C1, 0x5A67, 0x83AA, 0x7B49, 0x2143, 0x00E0, 0x52A7, 0x7328, 0x0020, 0x5A66, 0x6AE8, 0x00C1, 
    0x0901, 0x00E1, 0x39C4, 0x7B49, 0x0040, 0x4A46, 0x7B69, 0x0901, 0x00E1, 0x0080, 0x7308, 0x39C5, 
    0x10A1, 0x838A, 0x18C2, 0x5A87, 0x93EB, 0x83AA, 0x2143, 0x00A0, 0x5AA7, 0x62E7, 0x00A0, 0x39A4, 
    0x838A, 0x8B8A, 0x39A4, 0x00A0, 0x0901, 0x0901, 0x0901, 0x0901, 0x0901, 0x08C1, 0x83AA, 0x2943, 
    0x00E1, 0x00E0, 0x4205, 0x7329, 0x0040, 0x6AE8, 0x5225, 0x5266, 0x9C0B, 0x838A, 0x8BEB, 0x3163, 
    0x7308, 0x39C4, 0x39C5, 0x4205, 0x08E1, 0x0901, 0x0901, 0x08C1, 0x8BAA, 0x31A4, 0x00E1, 0x00A0, 
    0x1902, 0x8BAA, 0x39C5, 0x62C8, 0x6B28, 0x39C4, 0x9C0B, 0x7B49, 0x7B49, 0x5266, 0x5266, 0x6AE8, 
    0x0080, 0x00C0, 0x00C0, 0x7329, 0x940B, 0x8BAA, 0x4205, 0x08C1, 0x8BAA, 0x62A7, 0x72E8, 0x7329, 
    0x08C1, 0x0901, 0x0901, 0x08E1, 0x08E1, 0x0901, 0x08A1, 0x7B49, 0x39E4, 0x00A0, 0x00A0, 0x10E1, 
    0x8BAA, 0x838A, 0x8BAA, 0x7B29, 0x2943, 0x8BCB, 0x5A87, 0x838A, 0x4205, 0x5A87, 0x62C7, 0x08E1, 
    0x83AA, 0x2943, 0x7329, 0x93CB, 0x7349, 0x7B89, 0x0060, 0x4205, 0x7369, 0x00A0, 0x7348, 0x5246, 
    0x00A0, 0x00A0, 0x00E1, 0x08E1, 0x08E1, 0x0901, 0x0901, 0x0901, 0x08E1, 0x0901, 0x0901, 0x0901, 
    0x0901, 0x0901, 0x0901, 0x0901, 0x0901, 0x0901, 0x0901, 0x0901, 0x08E1, 0x08E1, 0x00C1, 0x0020, 
    0x5303, 0x4B43, 0x0080, 0x1121, 0x3323, 0x3324, 0x3323, 0x3323, 0x3303, 0x3303, 0x2B03, 0x3303, 
    0x2AC3, 0x2AC3, 0x2AC3, 0x2AE3, 0x2AE3, 0x2AE3, 0x2AC3, 0x2AE3, 0x0901, 0x1121, 0x63E4, 0x3A82, 
    0x0040, 0x00C1, 0x08E1, 0x08E1, 0x0901, 0x08E1, 0x0060, 0x3100, 0xCC81, 0xE501, 0xC420, 0xC400, 
    0xC420, 0xC420, 0xBBE0, 0x20E0, 0x0040, 0x0860, 0x9320, 0xCC40, 0xC420, 0xC420, 0xC420, 0xC400, 
    0xBBE0, 0x4180, 0x0040, 0x08E1, 0x0901, 0x0901, 0x0901, 0x0901, 0x0901, 0x00C0, 0x62A7, 0x62C7, 
    0x0060, 0x1902, 0x10E1, 0x838A, 0x8BAA, 0x7B69, 0x8369, 0x2923, 0x8BCA, 0x10C1, 0x4A25, 0x7329, 
    0x0080, 0x1902, 0x39A4, 0x7B69, 0x4A25, 0x5246, 0x7B49, 0x39A4, 0x2163, 0x0101, 0x0901, 0x08E1, 
    0x00C1, 0x0040, 0x2943, 0x5A67, 0x83AA, 0x00C0, 0x5266, 0x6AE8, 0x0000, 0x5A66, 0x6AE8, 0x00C1, 
    0x00E1, 0x00C0, 0x39C4, 0x838A, 0x0040, 0x5246, 0x7B69, 0x00C1, 0x1942, 0x08A1, 0x7329, 0x39C4, 
    0x0881, 0x838A, 0x10C1, 0x0060, 0x39A4, 0x62A7, 0x7B69, 0x00A0, 0x5AA7, 0x62C7, 0x0060, 0x0020, 
    0x2102, 0x39A4, 0x838A, 0x2142, 0x00E1, 0x00C1, 0x08E1, 0x0901, 0x0901, 0x08C1, 0x838A, 0x2122, 
    0x00A0, 0x00A0, 0x41E5, 0x7328, 0x0020, 0x6AC7, 0x5226, 0x62A7, 0x7328, 0x838A, 0x9C2B, 0x2943, 
    0x6AE8, 0x3184, 0x49E5, 0x940B, 0x1942, 0x0901, 0x0901, 0x08C1, 0x838A, 0x2963, 0x00C1, 0x1102, 
    0x1902, 0x8BCB, 0x8369, 0x8BCA, 0x6B28, 0x39A4, 0x7B69, 0x6AE8, 0x9C0B, 0x4A25, 0x5246, 0x6B08, 
    0x0060, 0x10C1, 0x0880, 0x7308, 0x6B08, 0x39A4, 0x18E2, 0x08C1, 0x8BCA, 0x838A, 0x8BAA, 0x10C2, 
    0x00C1, 0x00A1, 0x00C0, 0x08E1, 0x08E1, 0x08E1, 0x08A1, 0x7B49, 0x39C4, 0x0080, 0x10E1, 0x10C2, 
    0x8389, 0x5246, 0x5A87, 0x7328, 0x3164, 0x8BCA, 0x93CB, 0x62C7, 0x0060, 0x5AA7, 0x5A87, 0x00C0, 
    0x8BAA, 0x3143, 0x7329, 0x5246, 0x8BCA, 0x7B49, 0x0080, 0x4245, 0x7349, 0x0080, 0x6B08, 0x4A25, 
    0x0080, 0x10E2, 0x08C1, 0x08E1, 0x08E1, 0x08E1, 0x08E1, 0x08E1, 0x08E1, 0x0901, 0x0901, 0x08E1, 
    0x0901, 0x0901, 0x0901, 0x0901, 0x0901, 0x0901, 0x0901, 0x0901, 0x08E1, 0x08E1, 0x08E1, 0x0040, 
    0x5303, 0x4B23, 0x0080, 0x0901, 0x2AE3, 0x2AE3, 0x2AE3, 0x2AE3, 0x2AC3, 0x2AC3, 0x2AC3, 0x2AC3, 
    0x3303, 0x3303, 0x3303, 0x3303, 0x3324, 0x3303, 0x3303, 0x3324, 0x1101, 0x1121, 0x63C4, 0x3A82, 
    0x0040, 0x00C1, 0x08E1, 0x08E1, 0x0901, 0x00C1, 0x0040, 0x82E0, 0xE522, 0xC440, 0xC400, 0xC400, 
    0xC420, 0xC420, 0xC440, 0x82C0, 0x0000, 0x49C0, 0xCC40, 0xC420, 0xC420, 0xC400, 0xC420, 0xC400, 
    0xC420, 0x9320, 0x0860, 0x00A1, 0x0901, 0x0901, 0x0901, 0x0901, 0x0901, 0x00C0, 0x5AA7, 0x7329, 
    0x2963, 0x8BAA, 0x3184, 0x8BAA, 0x31A4, 0x18E2, 0x838A, 0x2943, 0x93EB, 0x39C5, 0x62A7, 0x6AC7, 
    0x3163, 0x6AC7, 0x2143, 0x7B49, 0x5225, 0x5226, 0x7329, 0x2943, 0x39C4, 0x1102, 0x0901, 0x08E1, 
    0x08C1, 0x62C7, 0x3163, 0x5246, 0x8BAA, 0x10A1, 0x62A7, 0x7349, 0x1081, 0x5A66, 0x7B69, 0x31A3, 
    0x3183, 0x0861, 0x5226, 0x93EB, 0x1902, 0x4A26, 0x83AA, 0x31A4, 0x8BAA, 0x41C5, 0x6AC8, 0x5246, 
    0x3984, 0x8BCA, 0x2963, 0x7B49, 0x3184, 0x5246, 0x7B49, 0x08A1, 0x7308, 0x7329, 0x1081, 0x5A66, 
    0x41E5, 0x2943, 0x93CA, 0x1942, 0x5A86, 0x6AE8, 0x08C1, 0x08E1, 0x0901, 0x08C1, 0x8BCA, 0x4A25, 
    0x2963, 0x18E2, 0x39A4, 0x838A, 0x2943, 0x7B49, 0x5226, 0x62A7, 0x5A66, 0x4A26, 0x93EB, 0x2923, 
    0x7308, 0x5A66, 0x41C5, 0x940B, 0x1922, 0x0901, 0x0901, 0x08A1, 0x8B8A, 0x5266, 0x4A26, 0x838A, 
    0x2923, 0x838A, 0x0881, 0x4A25, 0x7328, 0x3984, 0x7B49, 0x39A4, 0xA44C, 0x4A05, 0x5206, 0x7B69, 
    0x2964, 0x838A, 0x3984, 0x7308, 0x6B08, 0x2943, 0x2943, 0x18C1, 0x8BEA, 0x3184, 0x8369, 0x4A25, 
    0x0040, 0x5A87, 0x5A86, 0x00C1, 0x0901, 0x0901, 0x00A1, 0x7308, 0x5266, 0x3184, 0x838A, 0x2903, 
    0x8BCA, 0x1902, 0x3184, 0x7B29, 0x3164, 0x8389, 0x3164, 0x8BAA, 0x2102, 0x5246, 0x7308, 0x31C4, 
    0x93EB, 0x3143, 0x7B49, 0x3184, 0x7349, 0x8389, 0x10C1, 0x62C7, 0x838A, 0x10A1, 0x62C7, 0x62C7, 
    0x3184, 0x8B8A, 0x2143, 0x00E1, 0x08E1, 0x08E1, 0x08E1, 0x08E1, 0x08E1, 0x0901, 0x0901, 0x0901, 
    0x0901, 0x0901, 0x08E1, 0x08E1, 0x08E1, 0x0901, 0x0901, 0x08E1, 0x08E1, 0x08E1, 0x08E1, 0x0040, 
    0x5303, 0x4B23, 0x0080, 0x0921, 0x2AE3, 0x3303, 0x32E3, 0x2AE3, 0x32E3, 0x2AE3, 0x2AE3, 0x2AE3, 
    0x3323, 0x3323, 0x3323, 0x3324, 0x3324, 0x3324, 0x3B24, 0x3B44, 0x1121, 0x1121, 0x63C4, 0x3AA2, 
    0x0040, 0x00C1, 0x08E1, 0x08E1, 0x08E1, 0x0040, 0x2900, 0xD4A1, 0xD4A0, 0xC400, 0xC420, 0xC420, 
    0xC420, 0xC420, 0xBC20, 0xBC00, 0x9320, 0xBBE0, 0xCC20, 0xC420, 0xC420, 0xC420, 0xC420, 0xBC00, 
    0xBC00, 0xC420, 0x4980, 0x0040, 0x08E1, 0x0901, 0x0901, 0x0901, 0x0901, 0x00E1, 0x18E2, 0x7B49, 
    0x93CB, 0x5AA7, 0x10C1, 0x7B69, 0x2963, 0x18E2, 0x8369, 0x1102, 0x5287, 0xA42C, 0x8BAA, 0x2103, 
    0x0881, 0x6AE8, 0x9BEB, 0x7B28, 0x10E1, 0x4A26, 0x8BAA, 0x93CA, 0x9C0B, 0x2963, 0x0101, 0x0901, 
    0x00C1, 0x41E5, 0x93CB, 0x93EB, 0x3183, 0x2963, 0x8BAA, 0x93CA, 0x4A05, 0x5226, 0x93EB, 0x8BAA, 
    0x8389, 0x2103, 0x838A, 0x9C2B, 0x62C7, 0x08A1, 0x7329, 0x9C2C, 0x7308, 0x0881, 0x2122, 0x8BAA, 
    0x9C0B, 0x4A05, 0x08C1, 0x5266, 0x9C0C, 0x8BAA, 0x2102, 0x2943, 0x8BAA, 0x93EB, 0x41E5, 0x2143, 
    0x8BAA, 0x9BEB, 0x5A66, 0x00A1, 0x4205, 0x8BAA, 0x08C1, 0x08E1, 0x0901, 0x08C1, 0x836A, 0x93EB, 
    0x8BAA, 0x62A7, 0x0860, 0x7308, 0x9C0B, 0x7B49, 0x10C1, 0x5A87, 0x5246, 0x0881, 0x7B49, 0x2143, 
    0x2963, 0x93CA, 0x7B69, 0x5AA7, 0x1102, 0x08E1, 0x0901, 0x00E1, 0x31A4, 0x93EB, 0x93CB, 0x3984, 
    0x18C2, 0x836A, 0x08C1, 0x4A25, 0x62C7, 0x3143, 0x7308, 0x08A1, 0x7308, 0x4A25, 0x0881, 0x7329, 
    0x9C2B, 0x7349, 0x08C1, 0x6AE8, 0x93EB, 0x8BAA, 0x8B8A, 0x2923, 0x8389, 0x2143, 0x31A4, 0x8369, 
    0x0020, 0x5226, 0x8369, 0x00C1, 0x0901, 0x0901, 0x00C1, 0x2123, 0x8B8A, 0x9C0B, 0x4A66, 0x10C1, 
    0x8389, 0x18E2, 0x3184, 0x7308, 0x3164, 0x8369, 0x08C1, 0x62C7, 0x5A66, 0x0881, 0x7B29, 0x9C0B, 
    0x5A66, 0x0881, 0x7B29, 0x2963, 0x2963, 0x7B28, 0x3163, 0x93EB, 0x93EB, 0x41C4, 0x10A1, 0x7B49, 
    0x93EA, 0x5246, 0x08A1, 0x0901, 0x08E1, 0x08E1, 0x08E1, 0x08E1, 0x08E1, 0x0901, 0x0901, 0x0901, 
    0x08E1, 0x08E1, 0x0901, 0x08E1, 0x08E1, 0x0901, 0x08E1, 0x08E1, 0x08E1, 0x08E1, 0x08E1, 0x0040, 
    0x5303, 0x4B43, 0x0080, 0x1121, 0x3324, 0x3B24, 0x3323, 0x3323, 0x3323, 0x3324, 0x3323, 0x3323, 
    0x2AE3, 0x2AE3, 0x2AE3, 0x2AE3, 0x2AE3, 0x2AE3, 0x2AE3, 0x3303, 0x0901, 0x1121, 0x63A3, 0x3AA2, 
    0x0040, 0x00E1, 0x08E1, 0x08E1, 0x0081, 0x0840, 0x9B00, 0xDCE1, 0xCC40, 0xC420, 0xC420, 0xC420, 
    0xC420, 0xC420, 0xC420, 0xBBE0, 0x8AE0, 0xABA0, 0xCC40, 0xC420, 0xC400, 0xC400, 0xC400, 0xBC00, 
    0xBC00, 0xC400, 0x9B20, 0x1080, 0x0081, 0x0901, 0x0901, 0x0901, 0x0901, 0x0901, 0x00C1, 0x08A1, 
    0x10E2, 0x08C1, 0x08E1, 0x10E1, 0x08A1, 0x0080, 0x10C1, 0x08E1, 0x08E1, 0x1122, 0x10C1, 0x0080, 
    0x00A0, 0x0881, 0x10E1, 0x0901, 0x0101, 0x08C1, 0x10C1, 0x1102, 0x1102, 0x08A1, 0x08E1, 0x0901, 
    0x08E1, 0x08A1, 0x1101, 0x1102, 0x00C1, 0x08A1, 0x10C1, 0x1102, 0x0901, 0x08C1, 0x10C1, 0x10A1, 
    0x10A1, 0x0880, 0x10E1, 0x1122, 0x1122, 0x08C1, 0x08C1, 0x10E1, 0x08A1, 0x00C1, 0x08E1, 0x1101, 
    0x1102, 0x08C1, 0x0901, 0x08C1, 0x10E1, 0x10C1, 0x0080, 0x0881, 0x10A1, 0x10E1, 0x0901, 0x0901, 
    0x1122, 0x1942, 0x08E1, 0x00A1, 0x5226, 0x5A66, 0x00A0, 0x0901, 0x0901, 0x08E1, 0x10C1, 0x10C1, 
    0x10C1, 0x08C1, 0x00C1, 0x08C1, 0x10E1, 0x1101, 0x00E1, 0x08A1, 0x08C1, 0x08C1, 0x1101, 0x0901, 
    0x08E1, 0x10E1, 0x08A1, 0x00C1, 0x08E1, 0x0901, 0x0901, 0x0901, 0x08C1, 0x10A1, 0x10A1, 0x0060, 
    0x08A1, 0x1101, 0x0901, 0x0901, 0x08C1, 0x0860, 0x08A1, 0x00A1, 0x08E1, 0x08E1, 0x00C1, 0x08A1, 
    0x10E1, 0x0901, 0x00E1, 0x10C1, 0x10A1, 0x10C1, 0x10E1, 0x08C1, 0x1101, 0x08E1, 0x0901, 0x10E1, 
    0x0040, 0x5226, 0x5267, 0x00A0, 0x08E1, 0x08E1, 0x08E1, 0x00A1, 0x10E1, 0x1922, 0x0901, 0x0901, 
    0x10C1, 0x0880, 0x0881, 0x10E1, 0x08E1, 0x1102, 0x08E1, 0x08E1, 0x08C1, 0x0080, 0x08A1, 0x10C1, 
    0x0880, 0x00C1, 0x1101, 0x08C1, 0x08A1, 0x10E1, 0x08E1, 0x1101, 0x10C1, 0x08A1, 0x00A0, 0x08A1, 
    0x10C1, 0x08C1, 0x08E1, 0x0901, 0x0901, 0x0901, 0x0901, 0x08E1, 0x0901, 0x0901, 0x0901, 0x0901, 
    0x0901, 0x08E1, 0x08E1, 0x08E1, 0x08E1, 0x0901, 0x08E1, 0x08E1, 0x08E1, 0x08E1, 0x00C1, 0x0020, 
    0x5303, 0x4B23, 0x0080, 0x1121, 0x2AE4, 0x2AE3, 0x2AE3, 0x2AC3, 0x2AC3, 0x2AE3, 0x2AE3, 0x2AE3, 
    0x3303, 0x2B03, 0x3303, 0x2AE3, 0x32E3, 0x2AE3, 0x32E3, 0x3303, 0x0901, 0x1121, 0x63C3, 0x3AA2, 
    0x0040, 0x00E1, 0x08E1, 0x00E1, 0x0040, 0x5180, 0xD460, 0xD4A0, 0xC420, 0xC420, 0xC420, 0xC420, 
    0xBC00, 0xC420, 0xBBE0, 0x4160, 0x0020, 0x18C0, 0xAB80, 0xC420, 0xBC00, 0xC400, 0xBC00, 0xBC00, 
    0xBC00, 0xBC00, 0xBC00, 0x59E0, 0x0860, 0x08E1, 0x0901, 0x0901, 0x0901, 0x0901, 0x08E1, 0x00E1, 
    0x0101, 0x0901, 0x08E1, 0x00C1, 0x08E1, 0x08E1, 0x00C1, 0x08E1, 0x0901, 0x0101, 0x08E1, 0x08E1, 
    0x08E1, 0x0901, 0x0101, 0x0101, 0x0901, 0x00C1, 0x00E1, 0x0901, 0x0901, 0x00E1, 0x08E1, 0x08E1, 
    0x08E1, 0x0901, 0x0101, 0x00E1, 0x08C1, 0x00C1, 0x00C0, 0x0901, 0x0901, 0x08E1, 0x00A0, 0x00C0, 
    0x08C1, 0x08E1, 0x00E1, 0x0101, 0x0901, 0x08E1, 0x08E1, 0x08E1, 0x08E1, 0x0901, 0x0901, 0x0901, 
    0x00E1, 0x00C1, 0x08E1, 0x0901, 0x0101, 0x0901, 0x00E1, 0x08C1, 0x00C1, 0x00E1, 0x0901, 0x0901, 
    0x0921, 0x0901, 0x0901, 0x00A1, 0x18E2, 0x08A1, 0x08E1, 0x08E1, 0x00E1, 0x08E1, 0x00E1, 0x00C1, 
    0x00E1, 0x0921, 0x0901, 0x08E1, 0x00E1, 0x0901, 0x08E1, 0x00C1, 0x0901, 0x0901, 0x0901, 0x0901, 
    0x0901, 0x08E1, 0x08E1, 0x0901, 0x0901, 0x08E1, 0x0901, 0x08E1, 0x00E1, 0x00C0, 0x00C0, 0x00C1, 
    0x08C1, 0x0901, 0x0901, 0x0901, 0x00C1, 0x00A0, 0x00A0, 0x08E1, 0x0901, 0x0901, 0x0901, 0x0901, 
    0x0901, 0x0921, 0x08E1, 0x00C0, 0x00C0, 0x08E1, 0x0901, 0x0901, 0x08E1, 0x08E1, 0x0901, 0x0901, 
    0x00E1, 0x1922, 0x08C1, 0x08E1, 0x00E1, 0x08E1, 0x08E1, 0x0901, 0x0921, 0x0921, 0x0921, 0x0901, 
    0x00E1, 0x08E1, 0x00E1, 0x0101, 0x0901, 0x08E1, 0x0901, 0x0901, 0x00E1, 0x08E1, 0x08E1, 0x08E1, 
    0x08E1, 0x08E1, 0x0901, 0x08E1, 0x08E1, 0x00E1, 0x0901, 0x08E1, 0x00C1, 0x00C1, 0x08E1, 0x00E1, 
    0x08E1, 0x08E1, 0x08E1, 0x08E1, 0x0901, 0x0901, 0x08E1, 0x08E1, 0x0901, 0x0901, 0x08E1, 0x08E1, 
    0x08E1, 0x08E1, 0x08E1, 0x08E1, 0x00E1, 0x08E1, 0x08E1, 0x08E1, 0x08E1, 0x08E1, 0x08E1, 0x0020, 
    0x5303, 0x4323, 0x0060, 0x1121, 0x3303, 0x3303, 0x3303, 0x2AE3, 0x2AE3, 0x32E3, 0x2AE3, 0x2AE3, 
    0x3323, 0x3323, 0x3303, 0x3303, 0x3303, 0x3323, 0x3323, 0x3323, 0x0901, 0x1121, 0x63C4, 0x3AA2, 
    0x0040, 0x00E1, 0x08E1, 0x00E1, 0x0860, 0x92C0, 0xDCC0, 0xC420, 0xC400, 0xC420, 0xC420, 0xC400, 
    0xC400, 0xC420, 0xABA0, 0x0060, 0x0060, 0x0000, 0x7280, 0xCC40, 0xC400, 0xBC00, 0xBC00, 0xBC00, 
    0xBC00, 0xBC00, 0xBC00, 0x92E0, 0x1060, 0x00C1, 0x0901, 0x0901, 0x0901, 0x08E1, 0x08C1, 0x1102, 
    0x1922, 0x08E1, 0x08C1, 0x10C1, 0x1922, 0x1922, 0x00C1, 0x00C1, 0x10C1, 0x1102, 0x08C1, 0x08E1, 
    0x1102, 0x08E1, 0x08E1, 0x10C1, 0x0080, 0x08A1, 0x1902, 0x10E1, 0x08E1, 0x1102, 0x08C1, 0x08A1, 
    0x08A1, 0x08C1, 0x1922, 0x10E1, 0x0881, 0x10C1, 0x10E2, 0x1922, 0x10E1, 0x10C1, 0x10C1, 0x08A1, 
    0x00C0, 0x1101, 0x1922, 0x08A1, 0x08E1, 0x08E1, 0x0901, 0x0901, 0x0901, 0x0901, 0x0901, 0x08C1, 
    0x1902, 0x08C1, 0x00E1, 0x1102, 0x1101, 0x08E1, 0x10C1, 0x08A1, 0x1902, 0x1902, 0x08C1, 0x08E1, 
    0x0901, 0x0901, 0x0901, 0x08A1, 0x10E2, 0x1922, 0x08E1, 0x08C1, 0x10C1, 0x10E1, 0x1922, 0x08E1, 
    0x1102, 0x08E1, 0x1101, 0x08C1, 0x1102, 0x1902, 0x10E1, 0x10E1, 0x10E1, 0x1922, 0x1922, 0x08C1, 
    0x08E1, 0x08E1, 0x0901, 0x08E1, 0x08C1, 0x10E1, 0x08C1, 0x00C1, 0x1102, 0x1922, 0x1922, 0x10E1, 
    0x10C1, 0x1922, 0x1942, 0x08A1, 0x0881, 0x10C1, 0x10C1, 0x0880, 0x08A1, 0x1102, 0x1101, 0x08E1, 
    0x1122, 0x1101, 0x08A1, 0x10A1, 0x0080, 0x08C1, 0x1922, 0x08C1, 0x00C1, 0x08E1, 0x08E1, 0x08C1, 
    0x1102, 0x08C1, 0x08E1, 0x00A1, 0x10E1, 0x08E1, 0x08E1, 0x1122, 0x08E1, 0x10E1, 0x08A1, 0x1102, 
    0x08E1, 0x08C1, 0x10E2, 0x10E1, 0x00A1, 0x0901, 0x0901, 0x08E1, 0x10C1, 0x1902, 0x1102, 0x00A1, 
    0x08C1, 0x1902, 0x1922, 0x08E1, 0x00C0, 0x10E2, 0x10E1, 0x00A0, 0x08C1, 0x1902, 0x1102, 0x1102, 
    0x08E1, 0x08E1, 0x1102, 0x1102, 0x08C1, 0x08E1, 0x08C1, 0x1102, 0x10E1, 0x08C1, 0x10E1, 0x1902, 
    0x1902, 0x10E1, 0x00A0, 0x10C1, 0x10E2, 0x08C1, 0x08E1, 0x08E1, 0x08E1, 0x08E1, 0x08E1, 0x0040, 
    0x5303, 0x4B43, 0x0060, 0x1121, 0x3323, 0x3323, 0x3323, 0x3303, 0x3303, 0x3323, 0x3323, 0x3323, 
    0x2AC3, 0x2AC3, 0x2AC3, 0x2AE3, 0x3303, 0x2AE3, 0x2AE3, 0x2AE3, 0x0901, 0x1101, 0x63A4, 0x3AA2, 
    0x0040, 0x00E1, 0x08E1, 0x00E1, 0x0860, 0x92C0, 0xCC40, 0xC420, 0xC400, 0xC420, 0xC400, 0xC400, 
    0xC400, 0xC400, 0xBC00, 0x3120, 0x0020, 0x18C0, 0xAB80, 0xC420, 0xC400, 0xBC00, 0xBBE0, 0xC400, 
    0xBC00, 0xBC00, 0xBBE0, 0x8AC0, 0x1060, 0x00C1, 0x0901, 0x0901, 0x0901, 0x00C0, 0x5246, 0x940B, 
    0x9C2C, 0x62C8, 0x10A1, 0x7B69, 0x940B, 0x93EB, 0x2963, 0x10C1, 0x7309, 0x93AA, 0x62A7, 0x10E2, 
    0x93EB, 0x2963, 0x41E5, 0x62A7, 0x0861, 0x7309, 0x9C0B, 0x6AE8, 0x10E2, 0x8BAA, 0x2143, 0x4A46, 
    0x5A66, 0x5226, 0x93EB, 0x7B49, 0x39A4, 0x9C0B, 0x8BCA, 0x93EB, 0x41C5, 0x7B49, 0x93EB, 0x62A7, 
    0x10E2, 0x8BAA, 0x93EB, 0x6287, 0x08C1, 0x08E1, 0x0901, 0x08E1, 0x0901, 0x0901, 0x00A0, 0x39A4, 
    0xA42C, 0x62E8, 0x00A1, 0x6AE8, 0x5246, 0x2102, 0x836A, 0x3184, 0x93EB, 0x93CB, 0x72E8, 0x08A1, 
    0x00E1, 0x08E1, 0x00A1, 0x4205, 0x9C0C, 0x940B, 0x2983, 0x41E5, 0x9C0B, 0x8BCA, 0x8BCA, 0x39A4, 
    0x7B69, 0x0881, 0x6AE8, 0x4205, 0x7309, 0x93EB, 0x93EA, 0x62C7, 0x4A05, 0x940B, 0x9C0B, 0x5266, 
    0x08A1, 0x08E1, 0x08E1, 0x10C1, 0x7308, 0x8BCA, 0x7328, 0x10E1, 0x7B6A, 0x9C2C, 0x9C2B, 0x5A87, 
    0x62C8, 0x9C2C, 0x9C0C, 0x39A4, 0x41C5, 0x93CB, 0x93CA, 0x1902, 0x5A67, 0x93EB, 0x838A, 0x10E2, 
    0x6B08, 0x39E4, 0x2123, 0x7328, 0x10A1, 0x6AE8, 0x9C0C, 0x7B49, 0x10E1, 0x00E1, 0x0901, 0x08C1, 
    0x7B49, 0x2123, 0x00C1, 0x08A1, 0x7B49, 0x29A3, 0x31C4, 0x7308, 0x41E5, 0x6B08, 0x0861, 0x838A, 
    0x2963, 0x4A26, 0x9C0B, 0x838A, 0x2123, 0x00C1, 0x0901, 0x00E1, 0x6AE8, 0x93EB, 0x93CA, 0x3184, 
    0x3164, 0x9C0B, 0x93EB, 0x3184, 0x39C5, 0x93CB, 0x8BAA, 0x39A4, 0x2963, 0x9C2C, 0x93EB, 0x93EB, 
    0x3184, 0x08C1, 0x838A, 0x8BAA, 0x10E1, 0x08A1, 0x62C8, 0x93EB, 0x7B49, 0x10E2, 0x6AE8, 0x9C0B, 
    0x93EB, 0x7309, 0x10A1, 0x7329, 0x9BEB, 0x7329, 0x10E1, 0x08E1, 0x08E1, 0x08E1, 0x00E1, 0x0020, 
    0x52E3, 0x4303, 0x0060, 0x1121, 0x2AE3, 0x32E3, 0x2AE3, 0x2AE3, 0x2AE3, 0x2AE3, 0x2AE3, 0x2AE3, 
    0x2AC3, 0x22A3, 0x2AC3, 0x2AC3, 0x2AC3, 0x2AC3, 0x2AC3, 0x2AC3, 0x08E1, 0x1101, 0x63C4, 0x3A82, 
    0x0040, 0x00E1, 0x08E1, 0x08E1, 0x0060, 0x28C0, 0x92C0, 0xCC40, 0xC420, 0xC420, 0xC420, 0xC400, 
    0xBC00, 0xBBE0, 0xC400, 0xAB80, 0x7AA0, 0xA380, 0xCC20, 0xC400, 0xC400, 0xC400, 0xBC00, 0xBBE0, 
    0xBC00, 0xBBE0, 0x8AA0, 0x20C0, 0x0040, 0x08E1, 0x0901, 0x0901, 0x0901, 0x00A0, 0x5AA7, 0x7329, 
    0x2943, 0x93EB, 0x2943, 0x7B69, 0x39A4, 0x62A7, 0x6AE8, 0x4A25, 0x6AE8, 0x2123, 0x83AA, 0x31A4, 
    0x93EB, 0x6B08, 0x41E5, 0x5AA7, 0x41E5, 0x7B48, 0x2983, 0x8BAA, 0x3184, 0x8BAA, 0x1902, 0x5266, 
    0x6B08, 0x18E2, 0x838A, 0x39A4, 0x10C1, 0x39E5, 0x8BCB, 0x3184, 0x0881, 0x39A4, 0x93EB, 0x1922, 
    0x5246, 0x7308, 0x18E2, 0x6287, 0x1902, 0x00E1, 0x0901, 0x08E1, 0x0901, 0x00E1, 0x18E2, 0x7B69, 
    0x4A26, 0x83AA, 0x18E2, 0x6287, 0x838A, 0x39A4, 0x8BCA, 0x31A4, 0x8BAA, 0x2923, 0x7B49, 0x39C5, 
    0x00C0, 0x00E1, 0x10E2, 0x8BCB, 0x39A4, 0x5246, 0x7B49, 0x10E2, 0x4A46, 0x8BAA, 0x2123, 0x2123, 
    0x8389, 0x0020, 0x7308, 0x4A25, 0x7B49, 0x5266, 0x2102, 0x18C2, 0x5246, 0x6AE8, 0x2943, 0x8BAA, 
    0x1922, 0x0101, 0x00E1, 0x41E5, 0x7308, 0x18C2, 0x5A86, 0x2923, 0x7B49, 0x4A25, 0x2163, 0x18E2, 
    0x7328, 0x5246, 0x49E5, 0x8369, 0x10C2, 0x8369, 0x5A87, 0x2123, 0x8BAA, 0x2963, 0x7349, 0x5226, 
    0x6AE8, 0x31C4, 0x2163, 0x8369, 0x3984, 0x8BAA, 0x2123, 0x5A66, 0x2963, 0x00C1, 0x08E1, 0x08E1, 
    0x8BAA, 0x2143, 0x00E0, 0x08A1, 0x7B69, 0x29A3, 0x39E4, 0x7B49, 0x41E5, 0x93EA, 0x3184, 0x8389, 
    0x3184, 0x8BCA, 0x39E5, 0x4A05, 0x4A05, 0x0080, 0x08E1, 0x00C1, 0x7B69, 0x5A67, 0x39C5, 0x7B69, 
    0x0881, 0x62C8, 0x7308, 0x08A1, 0x8369, 0x41C5, 0x2923, 0x5225, 0x3184, 0x93EB, 0x2963, 0x2983, 
    0x08A1, 0x5226, 0x6AE8, 0x6B08, 0x4A05, 0x39A4, 0x7B69, 0x2102, 0x5AA7, 0x31A4, 0x7329, 0x5A87, 
    0x20E2, 0x18E2, 0x4A26, 0x8369, 0x2102, 0x6AC8, 0x2943, 0x00E1, 0x08E1, 0x08E1, 0x00C1, 0x0020, 
    0x4AE3, 0x4323, 0x0080, 0x0901, 0x2AC3, 0x2AE3, 0x2AC3, 0x2AC3, 0x2AC3, 0x2AC3, 0x2AC3, 0x2AC3, 
    0x3303, 0x2B03, 0x2B03, 0x3303, 0x3303, 0x3303, 0x3303, 0x3303, 0x08E1, 0x1121, 0x63C4, 0x3A82, 
    0x0040, 0x00C1, 0x08E1, 0x08E1, 0x00E1, 0x0040, 0x20A0, 0x8260, 0x9AE0, 0x92C0, 0x92E0, 0x9AE0, 
    0x9B00, 0x9B00, 0x9B00, 0x9B00, 0xA300, 0xA340, 0xA320, 0x9B00, 0x9AE0, 0x9B00, 0x9B00, 0x92E0, 
    0x92C0, 0x7A40, 0x20A0, 0x0040, 0x00C1, 0x0901, 0x0901, 0x0901, 0x0901, 0x00C0, 0x5AA7, 0x838A, 
    0x4A26, 0x7329, 0x18C2, 0x7B49, 0x2923, 0x5A87, 0x7328, 0x5246, 0x62C7, 0x0040, 0x7B69, 0x31A4, 
    0x8BAA, 0x8BAA, 0x5A87, 0x5A87, 0x4A06, 0x7328, 0x00C0, 0x1102, 0x10A1, 0x838A, 0x5266, 0x7328, 
    0x6B08, 0x00A1, 0x8369, 0x2123, 0x00C0, 0x1922, 0x8BAA, 0x10A1, 0x0060, 0x2102, 0x8BAA, 0x08E1, 
    0x4A25, 0x8369, 0x49E5, 0x18C2, 0x00A0, 0x0901, 0x0901, 0x0901, 0x0901, 0x00E1, 0x2143, 0x8369, 
    0x0881, 0x6B08, 0x4A05, 0x5266, 0x9C2B, 0x6B08, 0x83AA, 0x3164, 0x7B69, 0x0040, 0x6AE8, 0x4205, 
    0x00E1, 0x0901, 0x1102, 0x8BCA, 0x1902, 0x31A4, 0x7329, 0x00A0, 0x31A4, 0x83CA, 0x0080, 0x2102, 
    0x83AA, 0x4A06, 0x838A, 0x4A05, 0x7B49, 0x6B08, 0x4205, 0x0861, 0x5246, 0x5A87, 0x18A1, 0x8B8A, 
    0x1942, 0x0901, 0x00E1, 0x39C4, 0x836A, 0x49E5, 0x2103, 0x0060, 0x7B69, 0x62A7, 0x4205, 0x08A1, 
    0x7328, 0x41C4, 0x3164, 0x8369, 0x08A1, 0x7B49, 0x4205, 0x1902, 0x83AA, 0x0880, 0x5AA7, 0x4A26, 
    0x62A7, 0x31A4, 0x2143, 0x8389, 0x3184, 0x8BCA, 0x4A05, 0x2123, 0x0060, 0x08E1, 0x08E1, 0x10E1, 
    0x8BCA, 0x2143, 0x00E0, 0x08A1, 0x7B89, 0x2983, 0x31A4, 0x7308, 0x41C5, 0x9C0B, 0x6B08, 0x7B49, 
    0x3164, 0x83A9, 0x2143, 0x10C1, 0x0881, 0x00C1, 0x08E1, 0x00C0, 0x7B49, 0x39E5, 0x1922, 0x7B69, 
    0x0060, 0x5246, 0x62C7, 0x0060, 0x7308, 0x6287, 0x41C5, 0x0880, 0x2983, 0x8BEA, 0x4A46, 0x31E4, 
    0x00A1, 0x838A, 0x3164, 0x3984, 0x8389, 0x41C5, 0x8BCA, 0x5246, 0x31A4, 0x00A0, 0x7328, 0x6AE8, 
    0x4A05, 0x10E1, 0x4205, 0x8BAA, 0x5246, 0x2923, 0x0060, 0x0901, 0x08E1, 0x08E1, 0x00C1, 0x0020, 
    0x4AE3, 0x4323, 0x0080, 0x1121, 0x3303, 0x3303, 0x3303, 0x3303, 0x32E3, 0x32E3, 0x3303, 0x2AE3, 
    0x3323, 0x3323, 0x3323, 0x3323, 0x3323, 0x3303, 0x3303, 0x3323, 0x1101, 0x1921, 0x6BE4, 0x3A82, 
    0x0040, 0x00C1, 0x08E1, 0x08E1, 0x08E1, 0x00C1, 0x0040, 0x1080, 0x1880, 0x1880, 0x1880, 0x18A0, 
    0x18A0, 0x18A0, 0x18A0, 0x18A0, 0x18A0, 0x18A0, 0x18A0, 0x18A0, 0x1880, 0x18A0, 0x18A0, 0x18A0, 
    0x18A0, 0x1080, 0x0040, 0x00C1, 0x0901, 0x0901, 0x0901, 0x0901, 0x0901, 0x00C0, 0x5A87, 0x93EB, 
    0x7B49, 0x7B49, 0x18E2, 0x8369, 0x8BCA, 0x838A, 0x2963, 0x5266, 0x6AE8, 0x08A1, 0x7B89, 0x3184, 
    0x838A, 0x7B49, 0x8BAA, 0x62A7, 0x4A26, 0x6B08, 0x00A0, 0x00C0, 0x08C1, 0x8BAA, 0x836A, 0x8BAA, 
    0x62A7, 0x0080, 0x8BAA, 0x2983, 0x0101, 0x1922, 0x838A, 0x10C1, 0x00A0, 0x2123, 0x838A, 0x08E1, 
    0x00C1, 0x4A46, 0x8369, 0x838A, 0x1922, 0x00E1, 0x00E1, 0x0901, 0x0901, 0x00E1, 0x2143, 0x93EB, 
    0x8BAA, 0x9C0B, 0x4A25, 0x5AA7, 0x838A, 0x93EB, 0x8389, 0x3163, 0x7B69, 0x08A1, 0x7328, 0x4205, 
    0x00E0, 0x00E1, 0x10E1, 0x8BAA, 0x2143, 0x39C4, 0x7329, 0x00A0, 0x31A4, 0x8BCA, 0x08C1, 0x2102, 
    0x8BAA, 0x7B69, 0x9C2C, 0x41E5, 0x7329, 0x8BAA, 0x7349, 0x10E2, 0x5266, 0x940B, 0x8BAA, 0x4A26, 
    0x08C1, 0x0901, 0x08E1, 0x00A0, 0x39E5, 0x836A, 0x8369, 0x2943, 0x7B69, 0x8BCB, 0x7B69, 0x10E2, 
    0x6AE8, 0x93EB, 0x8BAA, 0x3184, 0x00A0, 0x7349, 0x41E5, 0x1922, 0x8BEA, 0x10C1, 0x5AA7, 0x4A06, 
    0x62C7, 0x31A4, 0x2123, 0x8BAA, 0x08E1, 0x31C5, 0x7329, 0x8369, 0x2963, 0x00C0, 0x0901, 0x10E1, 
    0x8BAA, 0x2123, 0x00E1, 0x08E1, 0x838A, 0x2983, 0x3183, 0x6AE8, 0x4A05, 0x8BCA, 0x8BAA, 0x8BCA, 
    0x3164, 0x7B69, 0x3163, 0x8369, 0x62A7, 0x00C1, 0x08E1, 0x00A0, 0x7309, 0x39C4, 0x2163, 0x83AA, 
    0x08A1, 0x5286, 0x5AC7, 0x00A0, 0x10E2, 0x6B08, 0x83AA, 0x6B08, 0x2943, 0x8BCB, 0x7B69, 0x5267, 
    0x08C1, 0x838A, 0x8BAA, 0x8BAA, 0x8389, 0x08C1, 0x4226, 0x838A, 0x8BAA, 0x2963, 0x6AC8, 0x83AA, 
    0x7B49, 0x2983, 0x00A0, 0x39C4, 0x836A, 0x836A, 0x2123, 0x00C0, 0x00E1, 0x08E1, 0x00E1, 0x0020, 
    0x5303, 0x4303, 0x0060, 0x1121, 0x3323, 0x3323, 0x3323, 0x3303, 0x3303, 0x3303, 0x3303, 0x3303, 
    0x3303, 0x3303, 0x3303, 0x3303, 0x3303, 0x32E3, 0x32E3, 0x2AE3, 0x0901, 0x1941, 0x6BE4, 0x3282, 
    0x0040, 0x00C1, 0x08E1, 0x08E1, 0x08E1, 0x08E1, 0x08E1, 0x0080, 0x0060, 0x0061, 0x0060, 0x0060, 
    0x0060, 0x0060, 0x0060, 0x0060, 0x0060, 0x0060, 0x0060, 0x0060, 0x0060, 0x0060, 0x0060, 0x0060, 
    0x0080, 0x0080, 0x00C1, 0x0901, 0x0901, 0x0901, 0x0901, 0x0901, 0x0901, 0x00C0, 0x5AA7, 0x62A7, 
    0x0020, 0x8BAA, 0x39C4, 0x838A, 0x5A87, 0x7B49, 0x08A1, 0x5246, 0x6AE8, 0x08C1, 0x83AA, 0x3164, 
    0x7B49, 0x41C5, 0x940B, 0x62C7, 0x4A26, 0x6AC7, 0x0080, 0x5266, 0x2923, 0x7B69, 0x18E2, 0x4A26, 
    0x62C7, 0x0080, 0x8BA9, 0x29A3, 0x00E0, 0x18E2, 0x8369, 0x10C1, 0x00C0, 0x2943, 0x838A, 0x08A1, 
    0x2163, 0x2142, 0x08A1, 0x8BAA, 0x2943, 0x10E1, 0x2143, 0x08C1, 0x0901, 0x00E1, 0x2143, 0x8BEA, 
    0x2963, 0x72E8, 0x41E5, 0x62A7, 0x5246, 0x7B49, 0x7B69, 0x3143, 0x8389, 0x08A1, 0x7B49, 0x4205, 
    0x00C0, 0x00E1, 0x10C1, 0x8BAB, 0x1922, 0x39E5, 0x7B69, 0x00A0, 0x2963, 0x838A, 0x00A0, 0x2143, 
    0x838A, 0x08C1, 0x7329, 0x41C5, 0x6AE8, 0x3184, 0x0080, 0x0080, 0x5A66, 0x6B08, 0x8389, 0x4A25, 
    0x00A0, 0x08E1, 0x00C1, 0x2122, 0x31A4, 0x0040, 0x7B29, 0x3984, 0x7B49, 0x31A4, 0x08A0, 0x0060, 
    0x6AE8, 0x5A87, 0x8B6A, 0x2102, 0x0060, 0x7B49, 0x41E5, 0x2102, 0x940B, 0x08C1, 0x62A7, 0x4A26, 
    0x6AE8, 0x39A4, 0x2102, 0x83A9, 0x2142, 0x3184, 0x0000, 0x7308, 0x4A05, 0x00C0, 0x0901, 0x08E1, 
    0x8BAA, 0x2123, 0x08A1, 0x08A1, 0x838A, 0x2963, 0x3163, 0x7308, 0x4A26, 0x7328, 0x62C8, 0x9C2B, 
    0x3163, 0x7B69, 0x18C2, 0x5266, 0x7308, 0x00C1, 0x08E1, 0x00A0, 0x7308, 0x39C5, 0x2963, 0x8BCA, 
    0x00A0, 0x5246, 0x5AA7, 0x0060, 0x3183, 0x08A1, 0x3184, 0x8389, 0x2923, 0x7349, 0x0840, 0x0040, 
    0x0881, 0x8389, 0x4205, 0x4A25, 0x8389, 0x2143, 0x31A4, 0x0020, 0x7308, 0x41C5, 0x6AC7, 0x4A05, 
    0x0080, 0x08A0, 0x2102, 0x2943, 0x0020, 0x8369, 0x3984, 0x18E2, 0x1922, 0x08C1, 0x08E1, 0x0020, 
    0x4B03, 0x4303, 0x0060, 0x1121, 0x3303, 0x2AE3, 0x2AE3, 0x2AE3, 0x2AE3, 0x2AE3, 0x2AE3, 0x2AC3, 
    0x2AC3, 0x2AC3, 0x2AC3, 0x2AC3, 0x2AC3, 0x2AC3, 0x2AA3, 0x2AC3, 0x08E1, 0x1941, 0x63C4, 0x3282, 
    0x0040, 0x00C1, 0x08E1, 0x08E1, 0x08E1, 0x08E1, 0x08E1, 0x08E1, 0x08E1, 0x08E1, 0x08E1, 0x08E1, 
    0x08E1, 0x08E1, 0x08E1, 0x08E1, 0x08E1, 0x08E1, 0x08E1, 0x08E1, 0x08E1, 0x08E1, 0x0901, 0x08E1, 
    0x08E1, 0x08E1, 0x08E1, 0x0901, 0x0901, 0x0901, 0x0901, 0x0901, 0x0901, 0x00C0, 0x5A87, 0x940B, 
    0x8369, 0x8369, 0x2122, 0x8BAA, 0x2103, 0x6287, 0x6AC7, 0x2943, 0x8BAA, 0x8BAA, 0x8389, 0x2102, 
    0x8BAA, 0x2102, 0x62A7, 0x6AE8, 0x2923, 0x8389, 0x8369, 0x7B49, 0x20E2, 0x8389, 0x1902, 0x5A67, 
    0x6AE8, 0x5246, 0xA44B, 0x7B69, 0x08A1, 0x10E2, 0x8BAA, 0x18E1, 0x08C1, 0x7B69, 0xA44B, 0x5A86, 
    0x3984, 0x93CA, 0x838A, 0x7329, 0x0881, 0x4A26, 0x8BAA, 0x10E1, 0x08E1, 0x00E1, 0x2143, 0x83AA, 
    0x0881, 0x6AE8, 0x4A05, 0x62A7, 0x4A05, 0x39A4, 0x838A, 0x3164, 0x9C0B, 0x7B69, 0x8BAA, 0x2943, 
    0x00C1, 0x08E1, 0x08A1, 0x62A8, 0x8BAA, 0x93EB, 0x5A86, 0x00A0, 0x2943, 0x8369, 0x00A0, 0x2163, 
    0x93CA, 0x08E1, 0x7329, 0x41C5, 0x6AE8, 0x8BAA, 0x8BAA, 0x5A66, 0x5A66, 0x5AA7, 0x3184, 0x93CA, 
    0x18E2, 0x00C1, 0x00C1, 0x2963, 0x8BAA, 0x8369, 0x8389, 0x20E2, 0x7B49, 0x8BAA, 0x8BAA, 0x5246, 
    0x7308, 0x39E4, 0x5246, 0x8349, 0x41C5, 0x9C0B, 0x8BAA, 0x2943, 0x7B49, 0x8BAA, 0x8BCA, 0x2943, 
    0x41E5, 0x8BAA, 0x8369, 0x5A87, 0x2102, 0x93EB, 0x8BCA, 0x8BCA, 0x2963, 0x00C1, 0x08E1, 0x08C1, 
    0x93EB, 0x93CA, 0x8BAA, 0x3984, 0x5246, 0x838A, 0x8B8A, 0x5226, 0x4A06, 0x6AE8, 0x2102, 0x93EB, 
    0x2923, 0x62A7, 0x8369, 0x8389, 0x5A86, 0x00A0, 0x08E1, 0x00A0, 0x7328, 0x93EB, 0x8BCA, 0x62A7, 
    0x2103, 0x8BAA, 0x93CB, 0x2923, 0x62A7, 0x8BCA, 0x8BCA, 0x5A66, 0x2923, 0x93EB, 0x7B49, 0x8369, 
    0x3163, 0x7B49, 0x2983, 0x31A4, 0x8389, 0x2943, 0x8BAA, 0x838A, 0x8369, 0x2102, 0x6AE8, 0x93EB, 
    0x8BAA, 0x6AE8, 0x2943, 0x838A, 0x7B49, 0x8389, 0x18E2, 0x7329, 0x7B49, 0x00A0, 0x08C1, 0x0020, 
    0x4AE3, 0x4323, 0x0080, 0x0921, 0x2AE3, 0x2AC3, 0x2AC3, 0x2AC3, 0x2AC3, 0x2AC3, 0x2AC3, 0x2AA3, 
    0x3303, 0x3323, 0x3303, 0x3303, 0x3303, 0x3303, 0x3303, 0x3303, 0x0921, 0x1941, 0x63C4, 0x3262, 
    0x0040, 0x00C1, 0x08E1, 0x08E1, 0x08E1, 0x08E1, 0x08E1, 0x08E1, 0x08E1, 0x08E1, 0x08E1, 0x08E1, 
    0x08E1, 0x08E1, 0x08E1, 0x08E1, 0x08E1, 0x0901, 0x0901, 0x08E1, 0x0901, 0x0901, 0x0901, 0x0901, 
    0x08E1, 0x08E1, 0x08E1, 0x0901, 0x0901, 0x0901, 0x0901, 0x0901, 0x0901, 0x00C1, 0x2943, 0x4A05, 
    0x4A26, 0x1922, 0x0080, 0x39A4, 0x10E1, 0x1902, 0x31A4, 0x0060, 0x3184, 0x4A25, 0x2123, 0x0080, 
    0x39A4, 0x08A1, 0x2122, 0x2963, 0x0080, 0x3183, 0x4A05, 0x2102, 0x0040, 0x39A4, 0x10C1, 0x2963, 
    0x2963, 0x2943, 0x41E5, 0x39C4, 0x08A1, 0x08C1, 0x39C4, 0x08E1, 0x08C1, 0x39A4, 0x41E5, 0x3163, 
    0x0060, 0x3184, 0x4A05, 0x2122, 0x00A0, 0x2963, 0x8349, 0x08C1, 0x0901, 0x0901, 0x10E1, 0x39A4, 
    0x0880, 0x3184, 0x2143, 0x2963, 0x2102, 0x08A1, 0x39A4, 0x18E2, 0x4205, 0x41E5, 0x2943, 0x00A0, 
    0x08E1, 0x08E1, 0x00C1, 0x10C1, 0x4A05, 0x4205, 0x08E1, 0x08E1, 0x10C1, 0x3184, 0x00C1, 0x1122, 
    0x41E5, 0x08C1, 0x3184, 0x18E2, 0x2943, 0x41E5, 0x4A25, 0x3183, 0x2943, 0x2983, 0x0081, 0x3184, 
    0x10C1, 0x08E1, 0x0901, 0x00C1, 0x2963, 0x4A05, 0x2963, 0x0080, 0x31A4, 0x41E5, 0x4A05, 0x2943, 
    0x3163, 0x1902, 0x10C1, 0x39C4, 0x2123, 0x41E5, 0x4205, 0x08C1, 0x1902, 0x4205, 0x3163, 0x0080, 
    0x08A1, 0x41C5, 0x41E5, 0x08C1, 0x00A0, 0x2963, 0x4A05, 0x2963, 0x00A0, 0x08E1, 0x08E1, 0x08C1, 
    0x41E5, 0x4A05, 0x4A05, 0x1902, 0x08A1, 0x4205, 0x41E5, 0x08A1, 0x2122, 0x2963, 0x0060, 0x39C4, 
    0x10C1, 0x10C1, 0x41E5, 0x2943, 0x08A1, 0x08E1, 0x0901, 0x00C1, 0x3163, 0x4205, 0x41E5, 0x08A1, 
    0x10E2, 0x4205, 0x4205, 0x18E2, 0x10C1, 0x41E5, 0x41E5, 0x08A1, 0x10C1, 0x41E5, 0x41E5, 0x4205, 
    0x18E2, 0x31A4, 0x1102, 0x18E2, 0x3984, 0x0060, 0x2963, 0x4A05, 0x2943, 0x0060, 0x3184, 0x4205, 
    0x4A05, 0x39A4, 0x0060, 0x3164, 0x4205, 0x2123, 0x0080, 0x3184, 0x3184, 0x00A1, 0x00C1, 0x0020, 
    0x5303, 0x4323, 0x0080, 0x1121, 0x3323, 0x3303, 0x3303, 0x3303, 0x3303, 0x3303, 0x3303, 0x3303, 
    0x3303, 0x3303, 0x3303, 0x3303, 0x3323, 0x3303, 0x3303, 0x3324, 0x1121, 0x1121, 0x5BA4, 0x3242, 
    0x0040, 0x00A0, 0x08E1, 0x08E1, 0x08E1, 0x08E1, 0x08E1, 0x08E1, 0x08E1, 0x08E1, 0x08E1, 0x08E1, 
    0x08E1, 0x08E1, 0x08E1, 0x08E1, 0x0901, 0x08E1, 0x08E1, 0x08E1, 0x08E1, 0x0901, 0x0901, 0x0901, 
    0x08E1, 0x08E1, 0x08E1, 0x0901, 0x0901, 0x0901, 0x0901, 0x0901, 0x0901, 0x0901, 0x00E1, 0x00C0, 
    0x00C0, 0x00C1, 0x08E1, 0x00C0, 0x08E1, 0x00E1, 0x00C1, 0x08E1, 0x00C1, 0x00C0, 0x00E1, 0x08E1, 
    0x00A0, 0x08E1, 0x00C1, 0x00C1, 0x08E1, 0x00C0, 0x00A0, 0x00C1, 0x08E1, 0x00C1, 0x08E1, 0x00E1, 
    0x00C1, 0x00C1, 0x00A0, 0x00C0, 0x08E1, 0x08E1, 0x00E0, 0x0901, 0x0901, 0x00C0, 0x00C0, 0x00C1, 
    0x08E1, 0x00A0, 0x00C0, 0x00E1, 0x00E1, 0x39A4, 0x3163, 0x00C1, 0x08E1, 0x0901, 0x08E1, 0x00C0, 
    0x08E1, 0x00E1, 0x08E1, 0x00E1, 0x00C1, 0x08C1, 0x00C1, 0x08E1, 0x00C0, 0x00C0, 0x00C1, 0x08E1, 
    0x08E1, 0x08E1, 0x08E1, 0x08E1, 0x00C1, 0x00C1, 0x08E1, 0x08E1, 0x00C1, 0x00C0, 0x0901, 0x0901, 
    0x00E1, 0x08E1, 0x00C1, 0x00C1, 0x00C1, 0x00C0, 0x00C0, 0x00E1, 0x00E1, 0x00E1, 0x08E1, 0x00C0, 
    0x08E1, 0x08E1, 0x08E1, 0x08E1, 0x00E1, 0x00C0, 0x00E1, 0x08E1, 0x00C0, 0x00C0, 0x00C0, 0x00C1, 
    0x00C0, 0x00C1, 0x08E1, 0x00C1, 0x00E1, 0x00C0, 0x00C0, 0x08E1, 0x00C1, 0x00A0, 0x00C0, 0x08E1, 
    0x00E1, 0x00C0, 0x00C0, 0x00E1, 0x0901, 0x00C1, 0x00C0, 0x00E1, 0x0901, 0x0901, 0x08E1, 0x08E1, 
    0x00C0, 0x00A0, 0x00A0, 0x00E1, 0x08E1, 0x00C0, 0x00C0, 0x08E1, 0x00C1, 0x00C0, 0x08E1, 0x00C0, 
    0x08E1, 0x00C1, 0x00C0, 0x00C1, 0x08E1, 0x08E1, 0x08E1, 0x08E1, 0x00C1, 0x00A0, 0x00C0, 0x08E1, 
    0x08E1, 0x00C0, 0x00C0, 0x08E1, 0x08E1, 0x00C0, 0x00C0, 0x00E1, 0x08E1, 0x00C0, 0x00C0, 0x00C0, 
    0x00E1, 0x00C1, 0x08E1, 0x00E1, 0x00A0, 0x08E1, 0x00C1, 0x00A0, 0x00C1, 0x08E1, 0x00C1, 0x00C0, 
    0x00C0, 0x00C1, 0x08E1, 0x00C1, 0x00A0, 0x00C1, 0x08E1, 0x00C1, 0x00C1, 0x08E1, 0x00A1, 0x0020, 
    0x5323, 0x4B63, 0x0060, 0x1121, 0x3323, 0x3303, 0x3303, 0x3303, 0x3303, 0x3303, 0x3303, 0x3303, 
    0x2AC3, 0x2AC3, 0x2AC3, 0x2AE3, 0x2AE3, 0x2AE3, 0x2AE4, 0x2AE3, 0x0901, 0x1101, 0x5B83, 0x5BA3, 
    0x2A22, 0x0060, 0x00A1, 0x08E1, 0x08E1, 0x0901, 0x0901, 0x0901, 0x08E1, 0x08E1, 0x08E1, 0x0901, 
    0x0901, 0x0901, 0x0901, 0x0901, 0x0901, 0x0901, 0x08E1, 0x08E1, 0x08E1, 0x0901, 0x0901, 0x0901, 
    0x0901, 0x08E1, 0x08E1, 0x0901, 0x0901, 0x0901, 0x0901, 0x0901, 0x0901, 0x0901, 0x0901, 0x0901, 
    0x0901, 0x0901, 0x08E1, 0x08E1, 0x08E1, 0x0901, 0x0901, 0x0901, 0x0901, 0x0901, 0x0901, 0x0901, 
    0x0901, 0x0901, 0x0901, 0x0901, 0x0901, 0x08E1, 0x08E1, 0x0901, 0x0901, 0x0901, 0x0901, 0x0901, 
    0x0901, 0x0901, 0x0901, 0x0901, 0x0901, 0x0901, 0x0901, 0x0901, 0x0901, 0x0901, 0x0901, 0x0901, 
    0x0901, 0x0901, 0x0901, 0x0901, 0x0901, 0x00C1, 0x00C0, 0x08E1, 0x0901, 0x0901, 0x0901, 0x0901, 
    0x0901, 0x0901, 0x0901, 0x0901, 0x0901, 0x0901, 0x08E1, 0x08E1, 0x0901, 0x0901, 0x0901, 0x0901, 
    0x0901, 0x0901, 0x0901, 0x0901, 0x0901, 0x0901, 0x0901, 0x08E1, 0x0901, 0x0901, 0x0901, 0x0901, 
    0x0901, 0x0901, 0x0901, 0x0901, 0x0901, 0x0901, 0x0901, 0x0901, 0x0901, 0x0901, 0x0901, 0x0901, 
    0x0901, 0x0901, 0x0901, 0x0901, 0x0901, 0x0901, 0x0901, 0x0901, 0x0901, 0x0901, 0x0901, 0x0901, 
    0x0901, 0x08E1, 0x0901, 0x0901, 0x0901, 0x0901, 0x0901, 0x0901, 0x0901, 0x0901, 0x08E1, 0x08E1, 
    0x08E1, 0x08E1, 0x0901, 0x0901, 0x0901, 0x0901, 0x0901, 0x0901, 0x0901, 0x0901, 0x0901, 0x0901, 
    0x0901, 0x0901, 0x0901, 0x0901, 0x0901, 0x0901, 0x0901, 0x0901, 0x08E1, 0x08E1, 0x08E1, 0x08E1, 
    0x08E1, 0x08E1, 0x0901, 0x0901, 0x0901, 0x0901, 0x0901, 0x0901, 0x0901, 0x0901, 0x0901, 0x0901, 
    0x0901, 0x0901, 0x0901, 0x0901, 0x0901, 0x0901, 0x0901, 0x0901, 0x0901, 0x08E1, 0x0901, 0x08E1, 
    0x08E1, 0x08E1, 0x08E1, 0x08E1, 0x08E1, 0x08E1, 0x08E1, 0x08E1, 0x08E1, 0x08E1, 0x08E1, 0x08E1, 
    0x08E1, 0x08E1, 0x08E1, 0x08E1, 0x08E1, 0x08E1, 0x08E1, 0x08E1, 0x08E1, 0x00A0, 0x0060, 0x42A2, 
    0x5B83, 0x4B23, 0x0060, 0x0901, 0x2AE3, 0x2AE3, 0x2AE3, 0x2AC3, 0x2AC3, 0x2AC3, 0x2AC3, 0x2AC3, 
    0x3303, 0x3303, 0x3303, 0x3303, 0x3303, 0x3303, 0x3304, 0x3324, 0x1121, 0x08A0, 0x2181, 0x4B03, 
    0x5B83, 0x3A42, 0x08A1, 0x0080, 0x0080, 0x0080, 0x0080, 0x0080, 0x0080, 0x0080, 0x0080, 0x0080, 
    0x0080, 0x0080, 0x0080, 0x0080, 0x0080, 0x0080, 0x0080, 0x0080, 0x0080, 0x0080, 0x0080, 0x0080, 
    0x0080, 0x0080, 0x0080, 0x0080, 0x0080, 0x0080, 0x0080, 0x0080, 0x0081, 0x0080, 0x0080, 0x0080, 
    0x0080, 0x0080, 0x0080, 0x0080, 0x0080, 0x0080, 0x0080, 0x0080, 0x0080, 0x0080, 0x0080, 0x0080, 
    0x0080, 0x0080, 0x0080, 0x0080, 0x0080, 0x0080, 0x0080, 0x0080, 0x0080, 0x0080, 0x0080, 0x0080, 
    0x0080, 0x0081, 0x0080, 0x0080, 0x0080, 0x0080, 0x0080, 0x0081, 0x0081, 0x0081, 0x0080, 0x0080, 
    0x0080, 0x0081, 0x0081, 0x0081, 0x0080, 0x0080, 0x0080, 0x0080, 0x0080, 0x0080, 0x0080, 0x0080, 
    0x0080, 0x0080, 0x0080, 0x0080, 0x0080, 0x0080, 0x0080, 0x0080, 0x0080, 0x0080, 0x0080, 0x0080, 
    0x0080, 0x0080, 0x0080, 0x0080, 0x0080, 0x0080, 0x0080, 0x0080, 0x0080, 0x0081, 0x0080, 0x0080, 
    0x0080, 0x0080, 0x0080, 0x0080, 0x0080, 0x0080, 0x0080, 0x0080, 0x0080, 0x0080, 0x0080, 0x0080, 
    0x0080, 0x0080, 0x0080, 0x0080, 0x0080, 0x0080, 0x0080, 0x0080, 0x0080, 0x0080, 0x0080, 0x0080, 
    0x0080, 0x0080, 0x0080, 0x0080, 0x0080, 0x0080, 0x0080, 0x0080, 0x0080, 0x0080, 0x0080, 0x0080, 
    0x0080, 0x0080, 0x0080, 0x0080, 0x0080, 0x0080, 0x0080, 0x0080, 0x0080, 0x0080, 0x0080, 0x0080, 
    0x0080, 0x0080, 0x0080, 0x0080, 0x0081, 0x0081, 0x0080, 0x0080, 0x0081, 0x0080, 0x0080, 0x0080, 
    0x0080, 0x0080, 0x0080, 0x0080, 0x0080, 0x0080, 0x0080, 0x0080, 0x0081, 0x0080, 0x0080, 0x0080, 
    0x0080, 0x0080, 0x0080, 0x0080, 0x0080, 0x0080, 0x0080, 0x0080, 0x0080, 0x0080, 0x0080, 0x0080, 
    0x0080, 0x0080, 0x0080, 0x0080, 0x0080, 0x0080, 0x0080, 0x0080, 0x0080, 0x0080, 0x0080, 0x0080, 
    0x0080, 0x0080, 0x0080, 0x0080, 0x0080, 0x0080, 0x0080, 0x0080, 0x0060, 0x0880, 0x3A42, 0x6C04, 
    0x4303, 0x19A2, 0x0040, 0x1121, 0x3323, 0x3323, 0x3303, 0x3303, 0x3303, 0x3303, 0x3303, 0x3303, 
    0x3303, 0x3303, 0x2B03, 0x3303, 0x3323, 0x3323, 0x3324, 0x3324, 0x3304, 0x1162, 0x0040, 0x3243, 
    0x6C04, 0x63C3, 0x2181, 0x10C1, 0x10E1, 0x10E1, 0x10E1, 0x10E1, 0x10E1, 0x10E1, 0x10C0, 0x10C0, 
    0x10E0, 0x10E1, 0x10E1, 0x10E1, 0x10E1, 0x10E1, 0x10E1, 0x10E1, 0x10E1, 0x10E1, 0x10E1, 0x10E1, 
    0x10E1, 0x10E1, 0x10E1, 0x10E1, 0x10E1, 0x10E1, 0x10E1, 0x10E1, 0x10E1, 0x10E1, 0x10E1, 0x10E1, 
    0x10E1, 0x10E1, 0x10E1, 0x10E1, 0x10E1, 0x10E1, 0x10E1, 0x10E1, 0x10E1, 0x10E1, 0x10E1, 0x10E0, 
    0x10E1, 0x10E1, 0x10E1, 0x10E1, 0x10E1, 0x10E1, 0x10C1, 0x10C1, 0x10E1, 0x10E1, 0x10E1, 0x10E1, 
    0x10E1, 0x10E1, 0x10E1, 0x10E1, 0x10E1, 0x10E1, 0x10C1, 0x10E1, 0x10E1, 0x10E1, 0x10E1, 0x10E1, 
    0x10E1, 0x10E1, 0x10E1, 0x10E1, 0x10E1, 0x10E1, 0x10E1, 0x10E1, 0x10E1, 0x10E1, 0x10E1, 0x10E1, 
    0x10E1, 0x10E1, 0x10E1, 0x10E1, 0x10E1, 0x10E1, 0x10C0, 0x10C0, 0x10C1, 0x10C1, 0x10C1, 0x10C1, 
    0x10C1, 0x10C1, 0x10C1, 0x10E1, 0x10C0, 0x10C0, 0x10C0, 0x10E0, 0x10E0, 0x10E1, 0x10E1, 0x10E1, 
    0x10E1, 0x10E1, 0x10E1, 0x10E1, 0x10E1, 0x10E1, 0x10E1, 0x10E1, 0x10E1, 0x10E1, 0x10E1, 0x10E1, 
    0x10E1, 0x10E1, 0x10E1, 0x10E1, 0x10C0, 0x10C0, 0x10E1, 0x10E1, 0x10E1, 0x10E1, 0x10C1, 0x10C1, 
    0x10C0, 0x10C0, 0x10C1, 0x10C1, 0x10C0, 0x10E0, 0x10E1, 0x10E1, 0x10E1, 0x10E1, 0x10E1, 0x10E1, 
    0x10E1, 0x10E1, 0x10C0, 0x10E1, 0x10E1, 0x10E1, 0x10E1, 0x10E1, 0x10E1, 0x10E1, 0x10E1, 0x10E1, 
    0x10E1, 0x10E1, 0x10E1, 0x10E1, 0x10E1, 0x10E1, 0x10E1, 0x10E1, 0x10E1, 0x10C1, 0x10C1, 0x10C1, 
    0x10C1, 0x10E1, 0x10E1, 0x10E1, 0x10E1, 0x10E1, 0x10E1, 0x10E1, 0x10C1, 0x10C1, 0x10C0, 0x10C1, 
    0x10C0, 0x10C0, 0x10E1, 0x10E1, 0x10E1, 0x10E0, 0x10C0, 0x10C1, 0x10E1, 0x10E1, 0x10E1, 0x10E0, 
    0x10E1, 0x10E1, 0x10E1, 0x10E1, 0x10E1, 0x10E1, 0x10C1, 0x10C0, 0x10C1, 0x10C1, 0x10C0, 0x10C0, 
    0x10C0, 0x10C1, 0x10C1, 0x10E1, 0x10C0, 0x10E1, 0x10C1, 0x10C1, 0x10C1, 0x2141, 0x63C3, 0x5363, 
    0x2A22, 0x0020, 0x0901, 0x19C2, 0x3303, 0x3324, 0x3323, 0x3323, 0x3323, 0x3323, 0x3323, 0x3323, 
    0x2AC3, 0x2AC3, 0x2AC3, 0x2AC3, 0x2AC3, 0x2AE3, 0x2AE3, 0x2AE4, 0x3304, 0x1A23, 0x08E1, 0x0881, 
    0x2202, 0x5BA4, 0x63C4, 0x63C4, 0x63A4, 0x63C4, 0x63E4, 0x63E4, 0x63C3, 0x63C3, 0x63A3, 0x63C3, 
    0x63C3, 0x63E4, 0x63E4, 0x63E4, 0x63E4, 0x63E4, 0x63E4, 0x63E4, 0x63E4, 0x63C3, 0x63C4, 0x5BC3, 
    0x63C4, 0x63E4, 0x63E4, 0x63E4, 0x63E4, 0x63E4, 0x63E4, 0x6404, 0x63E4, 0x63E3, 0x63E4, 0x63E4, 
    0x63E4, 0x63C3, 0x5BC3, 0x63C4, 0x63E4, 0x63E4, 0x63E4, 0x63E4, 0x63E4, 0x63E3, 0x63E4, 0x63E4, 
    0x63E4, 0x63E4, 0x63E4, 0x63E4, 0x63E4, 0x63E4, 0x63E4, 0x63E4, 0x63C4, 0x63C4, 0x63C4, 0x63C3, 
    0x63C3, 0x5BC3, 0x63C3, 0x63C4, 0x63C3, 0x63C3, 0x63A3, 0x63C3, 0x63E4, 0x63E4, 0x63E4, 0x63E4, 
    0x63E4, 0x63E4, 0x63E4, 0x63E4, 0x63E4, 0x63E3, 0x63C4, 0x63E4, 0x63C4, 0x63C4, 0x63E4, 0x63C4, 
    0x63C3, 0x63E4, 0x63E4, 0x63C4, 0x63C4, 0x63E4, 0x63C3, 0x63E4, 0x63E4, 0x63C4, 0x63E4, 0x6BE4, 
    0x63E4, 0x63E3, 0x63E3, 0x63E3, 0x63E4, 0x63E4, 0x5BA3, 0x63C3, 0x63E4, 0x63E4, 0x63C4, 0x63E4, 
    0x63C3, 0x63C4, 0x63E4, 0x6BE4, 0x6BE4, 0x6BE4, 0x6C04, 0x63E4, 0x63E3, 0x63E4, 0x6BE4, 0x6C04, 
    0x6C04, 0x63E4, 0x63E4, 0x63C4, 0x63C4, 0x63C3, 0x63C4, 0x63C3, 0x63C3, 0x63C3, 0x63C4, 0x63A4, 
    0x5BA3, 0x5BC3, 0x63C3, 0x63C3, 0x5BA3, 0x63C4, 0x63E4, 0x63E4, 0x63C4, 0x63E4, 0x63C4, 0x63E4, 
    0x63E4, 0x63E4, 0x63C3, 0x5BC3, 0x63C4, 0x63C4, 0x63E4, 0x63E4, 0x63E4, 0x63E4, 0x63E4, 0x63E4, 
    0x63E4, 0x63E4, 0x63E4, 0x63C3, 0x63E4, 0x63E4, 0x63E4, 0x63E4, 0x63C3, 0x5BA3, 0x5BA3, 0x63A4, 
    0x63C4, 0x63E4, 0x63E4, 0x63C3, 0x63E4, 0x63E4, 0x63E4, 0x63C4, 0x63C4, 0x63C3, 0x5BC3, 0x63C4, 
    0x63C3, 0x5BC3, 0x63C4, 0x5BC4, 0x63E4, 0x63E4, 0x63E4, 0x63C4, 0x63C3, 0x63C3, 0x63C3, 0x63C3, 
    0x63C3, 0x63C3, 0x5BC4, 0x63C4, 0x63C3, 0x5BC3, 0x5BA3, 0x5BA3, 0x5BA3, 0x5BA3, 0x5BA3, 0x5BA3, 
    0x5BA3, 0x5BA3, 0x5BA3, 0x5BA3, 0x5BA3, 0x5BA3, 0x5BA3, 0x5BA3, 0x5BC4, 0x5BA3, 0x4B23, 0x19A2, 
    0x0060, 0x00E1, 0x11E2, 0x1A42, 0x2AE3, 0x2AE3, 0x2AE3, 0x2AE3, 0x2AE3, 0x2AE3, 0x2AE3, 0x2AC3, 
    0x3303, 0x2B03, 0x2B03, 0x3303, 0x3303, 0x3303, 0x3303, 0x3303, 0x3324, 0x2AE3, 0x2243, 0x0901, 
    0x08C1, 0x1961, 0x1961, 0x1961, 0x1961, 0x1961, 0x1961, 0x1961, 0x1961, 0x1961, 0x1961, 0x1961, 
    0x1961, 0x1961, 0x1961, 0x1961, 0x1981, 0x1981, 0x1981, 0x1961, 0x1961, 0x1961, 0x1961, 0x1961, 
    0x1961, 0x1961, 0x1981, 0x1961, 0x1961, 0x1961, 0x1961, 0x1961, 0x1961, 0x1961, 0x1961, 0x1961, 
    0x1961, 0x1961, 0x1961, 0x1961, 0x1961, 0x1961, 0x1981, 0x1961, 0x1961, 0x1961, 0x1981, 0x1981, 
    0x1981, 0x1981, 0x1981, 0x1981, 0x1961, 0x1981, 0x1981, 0x1981, 0x1981, 0x1981, 0x1961, 0x1961, 
    0x1961, 0x1961, 0x1981, 0x1961, 0x1961, 0x1961, 0x1961, 0x1961, 0x1961, 0x1961, 0x1961, 0x1961, 
    0x1961, 0x1961, 0x1961, 0x1961, 0x1961, 0x1961, 0x1961, 0x1961, 0x1961, 0x1961, 0x1961, 0x1961, 
    0x1981, 0x1981, 0x1961, 0x1961, 0x1961, 0x1961, 0x1961, 0x1961, 0x1961, 0x1961, 0x1961, 0x1961, 
    0x1961, 0x1961, 0x1961, 0x1961, 0x1961, 0x1961, 0x1961, 0x1961, 0x1981, 0x1961, 0x1981, 0x1981, 
    0x1961, 0x1961, 0x1961, 0x1961, 0x1981, 0x1961, 0x1961, 0x1961, 0x1961, 0x1961, 0x1961, 0x1961, 
    0x1981, 0x1961, 0x1961, 0x1961, 0x1961, 0x1961, 0x1961, 0x1961, 0x1961, 0x1961, 0x1961, 0x1961, 
    0x1961, 0x1961, 0x1961, 0x1961, 0x1961, 0x1961, 0x1961, 0x1961, 0x1961, 0x1961, 0x1961, 0x1961, 
    0x1961, 0x1961, 0x1961, 0x1961, 0x1961, 0x1961, 0x1961, 0x1961, 0x1961, 0x1961, 0x1961, 0x1961, 
    0x1961, 0x1961, 0x1961, 0x1961, 0x1961, 0x1961, 0x1961, 0x1961, 0x1961, 0x1961, 0x1961, 0x1961, 
    0x1961, 0x1961, 0x1961, 0x1961, 0x1981, 0x1981, 0x1981, 0x1961, 0x1961, 0x1961, 0x1961, 0x1961, 
    0x1981, 0x1981, 0x1981, 0x1981, 0x1981, 0x1961, 0x1961, 0x1961, 0x1961, 0x1961, 0x1961, 0x1961, 
    0x1961, 0x1961, 0x1961, 0x1961, 0x1961, 0x1961, 0x1961, 0x1961, 0x1961, 0x1961, 0x1961, 0x1961, 
    0x1961, 0x1961, 0x1961, 0x1961, 0x1961, 0x1961, 0x1961, 0x1961, 0x1961, 0x1961, 0x1121, 0x0060, 
    0x0901, 0x0982, 0x1A42, 0x2AA3, 0x3303, 0x3303, 0x3303, 0x3303, 0x3303, 0x3303, 0x3303, 0x2B03, 
    0x3303, 0x3303, 0x3303, 0x3323, 0x3323, 0x3323, 0x3303, 0x3323, 0x3324, 0x3324, 0x3303, 0x1A42, 
    0x0901, 0x0040, 0x0040, 0x0040, 0x0040, 0x0040, 0x0040, 0x0040, 0x0040, 0x0040, 0x0040, 0x0040, 
    0x0040, 0x0040, 0x0040, 0x0040, 0x0040, 0x0040, 0x0040, 0x0020, 0x0040, 0x0040, 0x0040, 0x0040, 
    0x0040, 0x0040, 0x0040, 0x0040, 0x0040, 0x0040, 0x0040, 0x0040, 0x0040, 0x0040, 0x0040, 0x0040, 
    0x0040, 0x0040, 0x0040, 0x0040, 0x0040, 0x0040, 0x0040, 0x0040, 0x0040, 0x0040, 0x0040, 0x0040, 
    0x0040, 0x0040, 0x0040, 0x0040, 0x0040, 0x0040, 0x0040, 0x0040, 0x0040, 0x0040, 0x0040, 0x0020, 
    0x0040, 0x0040, 0x0040, 0x0040, 0x0040, 0x0040, 0x0040, 0x0040, 0x0040, 0x0040, 0x0040, 0x0040, 
    0x0040, 0x0040, 0x0040, 0x0020, 0x0040, 0x0040, 0x0040, 0x0040, 0x0040, 0x0040, 0x0040, 0x0040, 
    0x0040, 0x0040, 0x0040, 0x0040, 0x0040, 0x0040, 0x0040, 0x0040, 0x0040, 0x0040, 0x0040, 0x0040, 
    0x0040, 0x0040, 0x0040, 0x0040, 0x0040, 0x0040, 0x0040, 0x0040, 0x0040, 0x0040, 0x0040, 0x0040, 
    0x0040, 0x0040, 0x0040, 0x0040, 0x0040, 0x0040, 0x0040, 0x0040, 0x0040, 0x0040, 0x0040, 0x0040, 
    0x0040, 0x0040, 0x0040, 0x0040, 0x0040, 0x0040, 0x0040, 0x0040, 0x0040, 0x0040, 0x0040, 0x0040, 
    0x0040, 0x0040, 0x0040, 0x0040, 0x0040, 0x0040, 0x0040, 0x0040, 0x0040, 0x0040, 0x0040, 0x0040, 
    0x0040, 0x0040, 0x0040, 0x0040, 0x0040, 0x0040, 0x0040, 0x0040, 0x0040, 0x0040, 0x0040, 0x0040, 
    0x0040, 0x0040, 0x0040, 0x0040, 0x0040, 0x0020, 0x0040, 0x0040, 0x0040, 0x0040, 0x0040, 0x0040, 
    0x0040, 0x0040, 0x0020, 0x0040, 0x0040, 0x0040, 0x0040, 0x0040, 0x0040, 0x0040, 0x0040, 0x0040, 
    0x0040, 0x0040, 0x0040, 0x0040, 0x0040, 0x0040, 0x0040, 0x0040, 0x0040, 0x0040, 0x0040, 0x0040, 
    0x0040, 0x0040, 0x0040, 0x0040, 0x0040, 0x0040, 0x0040, 0x0040, 0x0040, 0x0040, 0x0040, 0x0040, 
    0x0040, 0x0040, 0x0040, 0x0040, 0x0040, 0x0040, 0x0040, 0x0040, 0x0040, 0x0040, 0x0040, 0x0080, 
    0x1202, 0x1222, 0x2AC3, 0x3323, 0x3303, 0x3323, 0x3323, 0x3323, 0x3323, 0x3323, 0x3323, 0x3323, 
    0x2AC3, 0x2AC3, 0x2AC3, 0x2AC3, 0x2AC3, 0x2AC3, 0x2AC3, 0x2AE3, 0x2AE3, 0x2AE3, 0x2AE3, 0x2AE3, 
    0x2AA3, 0x2243, 0x11C2, 0x11C2, 0x11C2, 0x11C2, 0x11C2, 0x11C2, 0x11C2, 0x11C2, 0x11C2, 0x11C2, 
    0x11C2, 0x11C2, 0x11C2, 0x11C2, 0x11C2, 0x11C2, 0x11C2, 0x11C2, 0x11C2, 0x11C2, 0x11C2, 0x11C2, 
    0x11C2, 0x11C2, 0x11E2, 0x11E2, 0x11C2, 0x11C2, 0x11C2, 0x11C2, 0x11C2, 0x11C2, 0x11C2, 0x11C2, 
    0x11C2, 0x11C2, 0x11C2, 0x11C2, 0x11E2, 0x11C2, 0x11C2, 0x11C2, 0x11C2, 0x11C2, 0x11C2, 0x11C2, 
    0x11C2, 0x11E2, 0x11E2, 0x11C2, 0x11C2, 0x11E2, 0x11E2, 0x11E2, 0x11C2, 0x11C2, 0x11C2, 0x11E2, 
    0x11C2, 0x11C2, 0x11C2, 0x11C2, 0x11C2, 0x11C2, 0x11C2, 0x11C2, 0x11C2, 0x11C2, 0x11C2, 0x11C2, 
    0x11C2, 0x11C2, 0x11C2, 0x11C2, 0x11C2, 0x11C2, 0x11E2, 0x11E2, 0x11E2, 0x11C2, 0x11C2, 0x11C2, 
    0x11C2, 0x11C2, 0x11C2, 0x11C2, 0x11C2, 0x11C2, 0x11C2, 0x11C2, 0x11C2, 0x11C2, 0x11C2, 0x11C2, 
    0x11C2, 0x11E2, 0x11E2, 0x11C2, 0x11E2, 0x11E2, 0x11E2, 0x11E2, 0x11E2, 0x11E2, 0x11E2, 0x11E2, 
    0x11E2, 0x11C2, 0x11C2, 0x11C2, 0x11C2, 0x11C2, 0x11C2, 0x11C2, 0x11E2, 0x11E2, 0x11E2, 0x11E2, 
    0x11C2, 0x11C2, 0x11C2, 0x11C2, 0x11C2, 0x11C2, 0x11C2, 0x11C2, 0x11C2, 0x11E2, 0x11E2, 0x11E2, 
    0x11C2, 0x11E2, 0x11E2, 0x11C2, 0x11C2, 0x11C2, 0x11C2, 0x11C2, 0x11C2, 0x11E2, 0x11C2, 0x11C2, 
    0x11E2, 0x11E2, 0x11E2, 0x11E2, 0x11E2, 0x11E2, 0x11E2, 0x11E2, 0x11E2, 0x11E2, 0x11E2, 0x11C2, 
    0x11C2, 0x11E2, 0x11E2, 0x11E2, 0x11E2, 0x11E2, 0x11E2, 0x11C2, 0x11C2, 0x11C2, 0x11C2, 0x11C2, 
    0x11E2, 0x11E2, 0x11E2, 0x11E2, 0x11E2, 0x11E2, 0x11E2, 0x11E2, 0x11E2, 0x11E2, 0x11E2, 0x11E2, 
    0x11E2, 0x11E2, 0x11E2, 0x11E2, 0x11C2, 0x11C2, 0x11C2, 0x11C2, 0x11E2, 0x11E2, 0x11E2, 0x11C2, 
    0x11C2, 0x11C2, 0x11C2, 0x11C2, 0x11C2, 0x11C2, 0x11C2, 0x11C2, 0x11C2, 0x11C2, 0x11C2, 0x11C2, 
    0x11C2, 0x11C2, 0x11C2, 0x11C2, 0x11C2, 0x11C2, 0x11C2, 0x11C2, 0x11C2, 0x11C2, 0x11C2, 0x1A22, 
    0x2283, 0x2AC3, 0x2AE3, 0x2AE3, 0x2AC3, 0x2AC3, 0x2AC3, 0x2AC3, 0x2AC3, 0x2AE3, 0x2AE3, 0x2AC3, 
    0x2B03, 0x2B03, 0x2B03, 0x2B03, 0x3303, 0x3303, 0x3303, 0x3303, 0x3303, 0x3303, 0x3303, 0x3323, 
    0x3303, 0x2AA3, 0x2262, 0x1A62, 0x1A62, 0x1A62, 0x1A62, 0x1A62, 0x1A62, 0x1A62, 0x1A62, 0x1A62, 
    0x1A62, 0x1A62, 0x1A62, 0x1A62, 0x1A62, 0x1A62, 0x2282, 0x1A62, 0x1A62, 0x1A62, 0x1A62, 0x1A62, 
    0x1A62, 0x1A62, 0x1A82, 0x1A62, 0x1A82, 0x1A82, 0x1A62, 0x1A62, 0x1A62, 0x1A62, 0x1A62, 0x1A62, 
    0x1A62, 0x1A62, 0x1A62, 0x1A62, 0x1A62, 0x1A62, 0x1A62, 0x1A62, 0x2283, 0x2282, 0x1A62, 0x1A62, 
    0x1A62, 0x2283, 0x2282, 0x1A62, 0x1A42, 0x1A62, 0x1A62, 0x1A62, 0x1A62, 0x1A62, 0x1A62, 0x1A62, 
    0x1A62, 0x1A62, 0x1A62, 0x1A62, 0x1A62, 0x1A62, 0x1A62, 0x1A62, 0x1A62, 0x1A62, 0x1A62, 0x1A62, 
    0x1A62, 0x1A62, 0x1A62, 0x1A62, 0x1A62, 0x2282, 0x2282, 0x2282, 0x1A82, 0x1A62, 0x1A62, 0x1A62, 
    0x1A63, 0x2263, 0x1A63, 0x1A62, 0x1A62, 0x1A62, 0x1A62, 0x1A62, 0x1A62, 0x1A62, 0x1A62, 0x2262, 
    0x2282, 0x2282, 0x2282, 0x2282, 0x2283, 0x2283, 0x2283, 0x2283, 0x2282, 0x2282, 0x2282, 0x2282, 
    0x2282, 0x2282, 0x2283, 0x2282, 0x2282, 0x2282, 0x1A62, 0x1A62, 0x2282, 0x2282, 0x2282, 0x2282, 
    0x2282, 0x1A62, 0x1A62, 0x2262, 0x1A62, 0x1A82, 0x2262, 0x2283, 0x2282, 0x2282, 0x2282, 0x2283, 
    0x2282, 0x2282, 0x2283, 0x2283, 0x2282, 0x1A82, 0x1A62, 0x2282, 0x2282, 0x2283, 0x2262, 0x1A62, 
    0x1A62, 0x2262, 0x1A62, 0x1A62, 0x2262, 0x1A63, 0x1A63, 0x1A62, 0x2262, 0x2283, 0x2262, 0x1A62, 
    0x1A62, 0x2262, 0x2282, 0x2283, 0x2282, 0x2283, 0x2282, 0x1A62, 0x1A42, 0x1A42, 0x2262, 0x2282, 
    0x2282, 0x2282, 0x2282, 0x2283, 0x2282, 0x2283, 0x2282, 0x2283, 0x2283, 0x2282, 0x2282, 0x2282, 
    0x2282, 0x2282, 0x2282, 0x2283, 0x2282, 0x1A62, 0x1A62, 0x1A62, 0x1A82, 0x1A62, 0x1A62, 0x1A62, 
    0x1A62, 0x1A62, 0x1A62, 0x1A62, 0x1A62, 0x1A62, 0x1A62, 0x1A62, 0x1A62, 0x1A62, 0x1A62, 0x1A62, 
    0x1A63, 0x1A62, 0x1A62, 0x1A62, 0x2282, 0x1A62, 0x1A62, 0x1A62, 0x1A62, 0x1A62, 0x1A62, 0x2282, 
    0x2AC3, 0x3303, 0x3303, 0x2B03, 0x3303, 0x3303, 0x3303, 0x3303, 0x3303, 0x2B03, 0x3303, 0x2B03, 
    0x3323, 0x3323, 0x3323, 0x3323, 0x3323, 0x3323, 0x3323, 0x3323, 0x3323, 0x3323, 0x3323, 0x3323, 
    0x3B44, 0x3B44, 0x3B44, 0x3344, 0x3323, 0x3323, 0x3323, 0x3323, 0x3323, 0x3323, 0x3323, 0x3323, 
    0x3323, 0x3323, 0x3303, 0x3323, 0x3323, 0x3323, 0x3343, 0x3323, 0x3323, 0x3323, 0x3323, 0x3323, 
    0x3323, 0x3323, 0x3323, 0x3323, 0x3323, 0x3323, 0x3323, 0x3323, 0x3323, 0x3323, 0x3323, 0x3323, 
    0x3323, 0x3323, 0x3323, 0x3323, 0x3323, 0x3323, 0x3323, 0x3343, 0x3344, 0x3323, 0x3323, 0x3323, 
    0x3303, 0x3323, 0x3323, 0x3323, 0x3323, 0x3323, 0x3323, 0x3323, 0x3323, 0x3323, 0x3323, 0x3323, 
    0x3323, 0x3303, 0x3323, 0x3323, 0x3323, 0x3323, 0x3323, 0x3323, 0x3343, 0x3323, 0x3323, 0x3323, 
    0x3323, 0x3323, 0x3323, 0x3323, 0x3323, 0x3343, 0x3343, 0x3344, 0x3324, 0x3323, 0x3323, 0x3323, 
    0x3323, 0x3323, 0x3323, 0x3323, 0x3323, 0x3323, 0x3323, 0x3323, 0x3323, 0x3323, 0x3323, 0x3323, 
    0x3323, 0x3323, 0x3323, 0x3323, 0x3323, 0x3324, 0x3343, 0x3323, 0x3323, 0x3323, 0x3323, 0x3323, 
    0x3343, 0x3343, 0x3323, 0x3323, 0x3323, 0x3323, 0x3323, 0x3323, 0x3343, 0x3323, 0x3323, 0x3323, 
    0x3323, 0x3323, 0x3323, 0x3343, 0x3343, 0x3323, 0x3343, 0x3323, 0x3323, 0x3323, 0x3323, 0x3323, 
    0x3323, 0x3323, 0x3323, 0x3324, 0x3343, 0x3344, 0x3323, 0x3343, 0x3323, 0x3323, 0x3323, 0x3323, 
    0x3323, 0x3303, 0x3303, 0x3303, 0x3303, 0x3323, 0x3303, 0x3323, 0x3323, 0x3323, 0x3323, 0x3323, 
    0x3323, 0x3343, 0x3343, 0x3343, 0x3323, 0x3323, 0x3323, 0x3323, 0x3303, 0x3303, 0x3323, 0x3323, 
    0x3323, 0x3323, 0x3323, 0x3323, 0x3323, 0x3343, 0x3343, 0x3323, 0x3323, 0x3323, 0x3343, 0x3343, 
    0x3343, 0x3343, 0x3343, 0x3323, 0x3323, 0x3323, 0x3323, 0x3323, 0x3343, 0x3323, 0x3303, 0x3303, 
    0x3323, 0x3323, 0x3323, 0x3323, 0x3323, 0x3323, 0x3303, 0x3303, 0x3303, 0x3323, 0x3323, 0x3323, 
    0x3323, 0x3323, 0x3323, 0x3323, 0x3323, 0x3323, 0x3323, 0x3323, 0x3323, 0x3323, 0x3303, 0x3323, 
    0x3323, 0x3323, 0x3323, 0x3303, 0x3303, 0x3323, 0x3323, 0x3323, 0x3303, 0x3303, 0x3323, 0x3323, 
    0x2AE3, 0x2AC3, 0x2AC3, 0x2AE3, 0x2AE3, 0x2AE3, 0x2AE3, 0x2AE3, 0x2AE3, 0x2AE3, 0x2AE3, 0x2B03, 
    0x2B03, 0x2AE3, 0x2B03, 0x3303, 0x2AE3, 0x2AE3, 0x2AE3, 0x2AE3, 0x2AE3, 0x2AE3, 0x2AE3, 0x2B03, 
    0x2B03, 0x2AE3, 0x2AE3, 0x2AE3, 0x2AE3, 0x2AE3, 0x2AE3, 0x2AE3, 0x2AE3, 0x2AE3, 0x2AC3, 0x2AC3, 
    0x2AE3, 0x2AC3, 0x2AC3, 0x2AC3, 0x2AE3, 0x2AE3, 0x2AE3, 0x2AE3, 0x2AE3, 0x2AE3, 0x2AE3, 0x2AE3, 
    0x2AE3, 0x2AE3, 0x2AE3, 0x2AE3, 0x2AE3, 0x2AE3, 0x2AE3, 0x2AE3, 0x2AE3, 0x2AE3, 0x2AE3, 0x2AE3, 
    0x2AE3, 0x2AE3, 0x2AE3, 0x2AE3, 0x2AE3, 0x2B03, 0x2AE3, 0x2B03, 0x2B03, 0x2AE3, 0x2AE3, 0x2AE3, 
    0x2AE3, 0x2AE3, 0x2AE3, 0x2AE3, 0x2AE3, 0x2B03, 0x2B03, 0x2B03, 0x2AE3, 0x2AE3, 0x2AE3, 0x2AE3, 
    0x2AE3, 0x2AE3, 0x2AE3, 0x2AE3, 0x2AE3, 0x2AE3, 0x2AE3, 0x2B03, 0x2B03, 0x2B03, 0x2AE3, 0x2AE3, 
    0x2B03, 0x2B03, 0x2B03, 0x2AE3, 0x2AE3, 0x2AE3, 0x2AE3, 0x2AE3, 0x2AE3, 0x2AE3, 0x2AE3, 0x2AE3, 
    0x2AE3, 0x2AE3, 0x2AE3, 0x2AE3, 0x2B03, 0x2AE3, 0x2AE3, 0x2AE3, 0x2AE3, 0x2AE3, 0x2AE3, 0x2AE3, 
    0x2AE3, 0x2AE3, 0x2AE3, 0x2AE3, 0x2AE3, 0x2AE3, 0x2AE3, 0x2AE3, 0x2AE3, 0x2AE3, 0x2AE3, 0x2AE3, 
    0x2AE3, 0x2AE3, 0x2AE3, 0x2B03, 0x2B03, 0x2AE3, 0x2AE3, 0x2AE3, 0x2AE3, 0x2AE3, 0x2AE3, 0x2AE3, 
    0x2AE3, 0x2AE3, 0x2B03, 0x2AE3, 0x2AE3, 0x2AE3, 0x2AE3, 0x2AE3, 0x2AE3, 0x2AE3, 0x2AE3, 0x2B03, 
    0x2AE3, 0x2AC3, 0x2AE3, 0x2AE3, 0x2AC3, 0x2AE3, 0x2AE3, 0x2AE3, 0x2AE3, 0x2AE3, 0x2AE3, 0x2AE3, 
    0x2AE3, 0x2B03, 0x2B03, 0x2AE3, 0x2B03, 0x2AE3, 0x2AE3, 0x2AE3, 0x2AE3, 0x2AC3, 0x2AE3, 0x2AE3, 
    0x2AE3, 0x2AE3, 0x2AE3, 0x2AE3, 0x2AE3, 0x2AE3, 0x2AE3, 0x2AE3, 0x2AE3, 0x2AE3, 0x2AE3, 0x2AE3, 
    0x2B03, 0x2AE3, 0x2AE3, 0x2AE3, 0x2AE3, 0x2B03, 0x2AE3, 0x2AE3, 0x2AE3, 0x2B03, 0x2AE3, 0x2AE3, 
    0x2AE3, 0x2AE3, 0x2AE3, 0x2AE3, 0x2AE3, 0x2AE3, 0x2AE3, 0x2AE3, 0x2AE3, 0x2AE3, 0x2AE3, 0x2AE3, 
    0x2AE3, 0x2AE3, 0x2AE3, 0x2AE3, 0x2AE3, 0x2AE3, 0x2AE3, 0x2AE3, 0x2AE3, 0x2AE3, 0x2AE3, 0x2AE3, 
    0x2AE3, 0x2AE3, 0x2AC3, 0x2AE3, 0x2AE3, 0x2AE3, 0x2AE3, 0x2AE3, 0x2AE3, 0x2AE3, 0x2AE3, 0x2AE3, 
    0x2B03, 0x2AE3, 0x2B03, 0x3303, 0x3303, 0x2B03, 0x2B03, 0x3303, 0x2B03, 0x3303, 0x3303, 0x2B03, 
    0x2B03, 0x2B03, 0x3303, 0x3303, 0x2B03, 0x2AE3, 0x2AE3, 0x2AE3, 0x2AE3, 0x2AE3, 0x2B03, 0x2B03, 
    0x3303, 0x3303, 0x2B03, 0x2B03, 0x2AE3, 0x2AE3, 0x2AE3, 0x2AE3, 0x2AE3, 0x2AE3, 0x2B03, 0x2AE3, 
    0x2AE3, 0x2AE3, 0x2AE3, 0x2AE3, 0x2AE3, 0x2B03, 0x2B03, 0x2B03, 0x2B03, 0x2AE3, 0x2AE3, 0x2AE3, 
    0x2AE3, 0x2AE3, 0x2B03, 0x2B03, 0x2AE3, 0x2AE3, 0x2B03, 0x2B03, 0x2B03, 0x2B03, 0x3303, 0x3303, 
    0x3303, 0x3303, 0x2B03, 0x2AE3, 0x2AE3, 0x2B03, 0x2B03, 0x2B03, 0x2B03, 0x2B03, 0x2B03, 0x2B03, 
    0x2B03, 0x2B03, 0x2B03, 0x2B03, 0x2B03, 0x2B03, 0x2B03, 0x3303, 0x2B03, 0x2B03, 0x2B03, 0x2B03, 
    0x2B03, 0x2B03, 0x2B03, 0x3303, 0x2B03, 0x2B03, 0x3303, 0x2B03, 0x3303, 0x3303, 0x3303, 0x2B03, 
    0x2B03, 0x2B03, 0x3303, 0x2B03, 0x2B03, 0x2B03, 0x3303, 0x3303, 0x3303, 0x2B03, 0x2B03, 0x2B03, 
    0x2B03, 0x2B03, 0x2B03, 0x2B03, 0x2B03, 0x2B03, 0x3303, 0x3303, 0x2B03, 0x3303, 0x2B03, 0x2B03, 
    0x2B03, 0x3303, 0x2B03, 0x2AE3, 0x2AE3, 0x2AE3, 0x2AE3, 0x2AE3, 0x2AE3, 0x3303, 0x3303, 0x3303, 
    0x3303, 0x2B03, 0x2B03, 0x2B03, 0x2AE3, 0x2AE3, 0x2B03, 0x2B03, 0x2B03, 0x3303, 0x3303, 0x3303, 
    0x2B03, 0x2B03, 0x3303, 0x2B03, 0x2B03, 0x2B03, 0x2B03, 0x2B03, 0x2B03, 0x2B03, 0x2B03, 0x2B03, 
    0x2AE3, 0x2AE3, 0x2AE3, 0x2AE3, 0x2AE3, 0x2AE3, 0x2AE3, 0x2AE3, 0x2AE3, 0x2AE3, 0x2AE3, 0x2B03, 
    0x2B03, 0x2B03, 0x2B03, 0x2B03, 0x2B03, 0x2B03, 0x2AE3, 0x2AE3, 0x3303, 0x2B03, 0x2B03, 0x2B03, 
    0x2B03, 0x2B03, 0x2B03, 0x2B03, 0x2AE3, 0x2AE3, 0x2B03, 0x2B03, 0x2B03, 0x3303, 0x3303, 0x2B03, 
    0x2B03, 0x2B03, 0x2B03, 0x2B03, 0x2AE3, 0x2B03, 0x2B03, 0x2AE3, 0x2B03, 0x2B03, 0x3303, 0x2B03, 
    0x2B03, 0x3303, 0x3303, 0x2B03, 0x2B03, 0x2B03, 0x3303, 0x2B03, 0x2B03, 0x2B03, 0x3303, 0x2B03, 
    0x2B03, 0x2AE3, 0x2AE3, 0x2AE3, 0x2AE3, 0x2AE3, 0x2AE3, 0x2AE3, 0x2AE3, 0x2AE3, 0x2AE3, 0x2B03, 
    0x2B03, 0x2B03, 0x2AE3, 0x2B03, 0x2B03, 0x2B03, 0x2B03, 0x2B03, 0x2AE3, 0x2AE3, 0x2AE3, 0x2AE3, 
    0x3323, 0x3303, 0x3323, 0x3323, 0x3323, 0x3323, 0x3323, 0x3323, 0x3323, 0x3323, 0x3323, 0x3323, 
    0x3323, 0x3323, 0x3323, 0x3323, 0x3323, 0x3323, 0x3323, 0x3303, 0x3303, 0x3323, 0x3323, 0x3323, 
    0x3344, 0x3B44, 0x3323, 0x3323, 0x3323, 0x3323, 0x3303, 0x3323, 0x3323, 0x3323, 0x3323, 0x3323, 
    0x3323, 0x3323, 0x3303, 0x3323, 0x3323, 0x3323, 0x3323, 0x3323, 0x3323, 0x3323, 0x3303, 0x3323, 
    0x3323, 0x3323, 0x3323, 0x3323, 0x3323, 0x3323, 0x3323, 0x3323, 0x3324, 0x3323, 0x3324, 0x3324, 
    0x3324, 0x3324, 0x3324, 0x3323, 0x3323, 0x3323, 0x3323, 0x3303, 0x3323, 0x3323, 0x3323, 0x3323, 
    0x3323, 0x3323, 0x3324, 0x3323, 0x3303, 0x3303, 0x3323, 0x3323, 0x3323, 0x3323, 0x3323, 0x3323, 
    0x3323, 0x3323, 0x3324, 0x3323, 0x3323, 0x3323, 0x3323, 0x3323, 0x3344, 0x3344, 0x3324, 0x3323, 
    0x3323, 0x3323, 0x3324, 0x3324, 0x3323, 0x3324, 0x3324, 0x3323, 0x3323, 0x3323, 0x3323, 0x3323, 
    0x3323, 0x3323, 0x3323, 0x3323, 0x3303, 0x3323, 0x3323, 0x3323, 0x3323, 0x3323, 0x3323, 0x3323, 
    0x3323, 0x3323, 0x3323, 0x3323, 0x3323, 0x3323, 0x3323, 0x3323, 0x3303, 0x3323, 0x3323, 0x3324, 
    0x3324, 0x3324, 0x3324, 0x3303, 0x3303, 0x3303, 0x3323, 0x3323, 0x3323, 0x3323, 0x3324, 0x3323, 
    0x3323, 0x3303, 0x3323, 0x3323, 0x3324, 0x3323, 0x3323, 0x3323, 0x3323, 0x3323, 0x3324, 0x3323, 
    0x3324, 0x3323, 0x3323, 0x3323, 0x3323, 0x3323, 0x3303, 0x3323, 0x3303, 0x3323, 0x3323, 0x3323, 
    0x3323, 0x3323, 0x3323, 0x3323, 0x3323, 0x3323, 0x3323, 0x3323, 0x3323, 0x3323, 0x3324, 0x3324, 
    0x3324, 0x3324, 0x3324, 0x3323, 0x3323, 0x3323, 0x3323, 0x3323, 0x3323, 0x3323, 0x3323, 0x3323, 
    0x3323, 0x3323, 0x3323, 0x3323, 0x3303, 0x3323, 0x3303, 0x3303, 0x3323, 0x3323, 0x3323, 0x3323, 
    0x3323, 0x3323, 0x3344, 0x3324, 0x3323, 0x3323, 0x3323, 0x3323, 0x3323, 0x3323, 0x3323, 0x3323, 
    0x3323, 0x3303, 0x3303, 0x3303, 0x3303, 0x3303, 0x3323, 0x3323, 0x3323, 0x3324, 0x3323, 0x3323, 
    0x3324, 0x3324, 0x3323, 0x3323, 0x3323, 0x3323, 0x3323, 0x3323, 0x3323, 0x3323, 0x3323, 0x3324, 
};