#pragma once
#include <Arduino.h>

#define TOLUENE_SCENE_WIDTH 240
#define TOLUENE_SCENE_HEIGHT 240

const uint16_t tolueneScene[TOLUENE_SCENE_WIDTH * TOLUENE_SCENE_HEIGHT] PROGMEM = {
  0x418A, 0x498A, 0x498A, 0x498A, 0x418A, 0x418A, 0x498A, 0x418A, 0x498A, 0x418A, 0x418A, 0x418A,
  0x498A, 0x498A, 0x498A, 0x498A, 0x498A, 0x498A, 0x498A, 0x498A, 0x498A, 0x418A, 0x418A, 0x418A,
  0x418A, 0x498A, 0x498A, 0x498A, 0x498A, 0x498A, 0x418A, 0x498A, 0x498A, 0x498A, 0x498A, 0x498A,
  0x498A, 0x498A, 0x49AA, 0x498A, 0x418A, 0x418A, 0x498A, 0x498A, 0x498A, 0x498A, 0x498A, 0x498A,
  0x498A, 0x498A, 0x418A, 0x498A, 0x418A, 0x498A, 0x498A, 0x418A, 0x418A, 0x418A, 0x498A, 0x498A,
  0x498A, 0x498A, 0x49AA, 0x49AA, 0x498A, 0x498A, 0x418A, 0x498A, 0x498A, 0x498A, 0x498A, 0x49AA,
  0x498A, 0x498A, 0x498A, 0x498A, 0x498A, 0x498A, 0x498A, 0x498A, 0x498A, 0x498A, 0x498A, 0x498A,
  0x498A, 0x498A, 0x498A, 0x418A, 0x418A, 0x418A, 0x418A, 0x498A, 0x498A, 0x498A, 0x498A, 0x418A,
  0x498A, 0x498A, 0x498A, 0x498A, 0x498A, 0x498A, 0x418A, 0x498A, 0x498A, 0x49AA, 0x49AA, 0x498A,
  0x498A, 0x418A, 0x418A, 0x498A, 0x498A, 0x498A, 0x498A, 0x498A, 0x498A, 0x498A, 0x498A, 0x498A,
  0x498A, 0x498A, 0x418A, 0x418A, 0x418A, 0x418A, 0x418A, 0x418A, 0x498A, 0x498A, 0x498A, 0x498A,
  0x498A, 0x498A, 0x418A, 0x418A, 0x418A, 0x498A, 0x498A, 0x498A, 0x418A, 0x418A, 0x418A, 0x418A,
  0x418A, 0x418A, 0x418A, 0x418A, 0x418A, 0x418A, 0x418A, 0x418A, 0x418A, 0x418A, 0x498A, 0x498A,
  0x498A, 0x498A, 0x418A, 0x418A, 0x418A, 0x418A, 0x498A, 0x498A, 0x498A, 0x418A, 0x418A, 0x418A,
  0x418A, 0x418A, 0x418A, 0x418A, 0x418A, 0x418A, 0x418A, 0x418A, 0x418A, 0x418A, 0x418A, 0x418A,
  0x498A, 0x498A, 0x498A, 0x418A, 0x498A, 0x498A, 0x418A, 0x418A, 0x498A, 0x498A, 0x418A, 0x418A,
  0x418A, 0x498A, 0x498A, 0x418A, 0x418A, 0x418A, 0x498A, 0x498A, 0x498A, 0x498A, 0x498A, 0x498A,
  0x498A, 0x498A, 0x498A, 0x418A, 0x498A, 0x498A, 0x418A, 0x418A, 0x418A, 0x418A, 0x418A, 0x418A,
  0x498A, 0x498A, 0x498A, 0x49AA, 0x498A, 0x498A, 0x418A, 0x418A, 0x418A, 0x418A, 0x418A, 0x418A,
  0x418A, 0x418A, 0x418A, 0x418A, 0x418A, 0x418A, 0x418A, 0x418A, 0x418A, 0x416A, 0x418A, 0x418A,
  0x418A, 0x418A, 0x498A, 0x498A, 0x498A, 0x498A, 0x418A, 0x418A, 0x498A, 0x418A, 0x418A, 0x498A,
  0x498A, 0x498A, 0x498A, 0x498A, 0x498A, 0x498A, 0x498A, 0x498A, 0x498A, 0x498A, 0x418A, 0x418A,
  0x418A, 0x498A, 0x498A, 0x498A, 0x498A, 0x498A, 0x498A, 0x498A, 0x498A, 0x498A, 0x498A, 0x498A,
  0x498A, 0x498A, 0x498A, 0x498A, 0x418A, 0x498A, 0x498A, 0x498A, 0x498A, 0x498A, 0x498A, 0x498A,
  0x498A, 0x498A, 0x498A, 0x498A, 0x498A, 0x498A, 0x498A, 0x418A, 0x418A, 0x418A, 0x418A, 0x498A,
  0x498A, 0x498A, 0x49AA, 0x49AA, 0x498A, 0x498A, 0x498A, 0x498A, 0x498A, 0x498A, 0x498A, 0x498A,
  0x49AA, 0x498A, 0x498A, 0x498A, 0x498A, 0x498A, 0x498A, 0x498A, 0x498A, 0x498A, 0x498A, 0x498A,
  0x498A, 0x498A, 0x498A, 0x498A, 0x418A, 0x498A, 0x418A, 0x498A, 0x498A, 0x498A, 0x498A, 0x498A,
  0x498A, 0x498A, 0x498A, 0x498A, 0x498A, 0x498A, 0x418A, 0x498A, 0x498A, 0x498A, 0x498A, 0x49AA,
  0x498A, 0x498A, 0x498A, 0x498A, 0x498A, 0x498A, 0x498A, 0x498A, 0x498A, 0x498A, 0x498A, 0x498A,
  0x498A, 0x498A, 0x498A, 0x498A, 0x418A, 0x418A, 0x418A, 0x418A, 0x498A, 0x498A, 0x498A, 0x498A,
  0x498A, 0x498A, 0x418A, 0x418A, 0x418A, 0x498A, 0x498A, 0x418A, 0x418A, 0x418A, 0x498A, 0x418A,
  0x418A, 0x418A, 0x418A, 0x418A, 0x418A, 0x418A, 0x418A, 0x418A, 0x418A, 0x418A, 0x418A, 0x498A,
  0x418A, 0x498A, 0x498A, 0x418A, 0x498A, 0x418A, 0x498A, 0x498A, 0x498A, 0x498A, 0x498A, 0x418A,
  0x418A, 0x418A, 0x418A, 0x418A, 0x418A, 0x498A, 0x418A, 0x418A, 0x418A, 0x418A, 0x418A, 0x418A,
  0x498A, 0x498A, 0x498A, 0x418A, 0x418A, 0x418A, 0x418A, 0x418A, 0x498A, 0x418A, 0x418A, 0x418A,
  0x418A, 0x498A, 0x498A, 0x498A, 0x498A, 0x498A, 0x498A, 0x498A, 0x498A, 0x498A, 0x498A, 0x418A,
  0x498A, 0x498A, 0x498A, 0x498A, 0x498A, 0x418A, 0x418A, 0x418A, 0x418A, 0x418A, 0x418A, 0x418A,
  0x498A, 0x498A, 0x498A, 0x49AA, 0x49AA, 0x498A, 0x498A, 0x498A, 0x418A, 0x418A, 0x418A, 0x418A,
  0x418A, 0x418A, 0x418A, 0x418A, 0x418A, 0x418A, 0x418A, 0x418A, 0x418A, 0x418A, 0x418A, 0x418A,
  0x418A, 0x418A, 0x498A, 0x498A, 0x498A, 0x498A, 0x498A, 0x498A, 0x498A, 0x498A, 0x418A, 0x498A,
  0x498A, 0x498A, 0x498A, 0x498A, 0x498A, 0x498A, 0x498A, 0x498A, 0x498A, 0x498A, 0x498A, 0x498A,
  0x498A, 0x498A, 0x498A, 0x498A, 0x498A, 0x498A, 0x498A, 0x498A, 0x498A, 0x498A, 0x498A, 0x498A,
  0x498A, 0x498A, 0x498A, 0x498A, 0x498A, 0x498A, 0x498A, 0x498A, 0x498A, 0x418A, 0x498A, 0x498A,
  0x498A, 0x498A, 0x498A, 0x498A, 0x498A, 0x498A, 0x498A, 0x418A, 0x418A, 0x418A, 0x418A, 0x498A,
  0x498A, 0x498A, 0x498A, 0x498A, 0x498A, 0x498A, 0x498A, 0x498A, 0x498A, 0x498A, 0x498A, 0x498A,
  0x498A, 0x498A, 0x498A, 0x498A, 0x498A, 0x498A, 0x498A, 0x498A, 0x498A, 0x498A, 0x498A, 0x498A,
  0x498A, 0x498A, 0x498A, 0x498A, 0x498A, 0x498A, 0x498A, 0x498A, 0x498A, 0x498A, 0x498A, 0x498A,
  0x498A, 0x498A, 0x498A, 0x498A, 0x498A, 0x498A, 0x498A, 0x498A, 0x498A, 0x498A, 0x498A, 0x49AA,
  0x498A, 0x498A, 0x498A, 0x498A, 0x498A, 0x498A, 0x498A, 0x498A, 0x498A, 0x498A, 0x498A, 0x498A,
  0x498A, 0x498A, 0x498A, 0x498A, 0x498A, 0x418A, 0x418A, 0x418A, 0x498A, 0x498A, 0x498A, 0x498A,
  0x498A, 0x418A, 0x418A, 0x418A, 0x418A, 0x498A, 0x418A, 0x418A, 0x418A, 0x418A, 0x418A, 0x498A,
  0x498A, 0x418A, 0x418A, 0x418A, 0x418A, 0x416A, 0x498A, 0x49AB, 0x49AA, 0x49AB, 0x498A, 0x418A,
  0x418A, 0x498A, 0x498A, 0x498A, 0x498A, 0x498A, 0x498A, 0x498A, 0x498A, 0x498A, 0x498A, 0x418A,
  0x418A, 0x418A, 0x418A, 0x418A, 0x418A, 0x498A, 0x418A, 0x418A, 0x418A, 0x418A, 0x418A, 0x498A,
  0x498A, 0x498A, 0x498A, 0x498A, 0x498A, 0x418A, 0x418A, 0x418A, 0x498A, 0x418A, 0x418A, 0x418A,
  0x418A, 0x498A, 0x498A, 0x498A, 0x498A, 0x498A, 0x498A, 0x498A, 0x498A, 0x498A, 0x498A, 0x418A,
  0x498A, 0x498A, 0x498A, 0x498A, 0x498A, 0x498A, 0x418A, 0x418A, 0x418A, 0x418A, 0x418A, 0x498A,
  0x498A, 0x418A, 0x498A, 0x498A, 0x498A, 0x498A, 0x498A, 0x498A, 0x418A, 0x418A, 0x498A, 0x418A,
  0x418A, 0x418A, 0x418A, 0x418A, 0x418A, 0x418A, 0x418A, 0x418A, 0x418A, 0x418A, 0x418A, 0x418A,
  0x498A, 0x498A, 0x498A, 0x498A, 0x498A, 0x498A, 0x498A, 0x498A, 0x498A, 0x498A, 0x498A, 0x498A,
  0x498A, 0x498A, 0x498A, 0x498A, 0x498A, 0x498A, 0x498A, 0x498A, 0x498A, 0x498A, 0x498A, 0x498A,
  0x498A, 0x498A, 0x498A, 0x498A, 0x49AA, 0x498A, 0x498A, 0x498A, 0x498A, 0x498A, 0x498A, 0x498A,
  0x498A, 0x498A, 0x498A, 0x418A, 0x418A, 0x418A, 0x418A, 0x418A, 0x418A, 0x498A, 0x498A, 0x498A,
  0x498A, 0x498A, 0x498A, 0x498A, 0x498A, 0x498A, 0x498A, 0x418A, 0x418A, 0x498A, 0x418A, 0x498A,
  0x418A, 0x418A, 0x418A, 0x498A, 0x498A, 0x498A, 0x498A, 0x498A, 0x498A, 0x498A, 0x498A, 0x498A,
  0x498A, 0x498A, 0x498A, 0x498A, 0x498A, 0x498A, 0x498A, 0x498A, 0x498A, 0x498A, 0x498A, 0x498A,
  0x498A, 0x498A, 0x498A, 0x498A, 0x498A, 0x498A, 0x498A, 0x498A, 0x498A, 0x498A, 0x418A, 0x418A,
  0x418A, 0x418A, 0x418A, 0x498A, 0x498A, 0x498A, 0x498A, 0x498A, 0x498A, 0x498A, 0x498A, 0x498A,
  0x49AA, 0x498A, 0x498A, 0x498A, 0x498A, 0x498A, 0x498A, 0x498A, 0x498A, 0x498A, 0x418A, 0x498A,
  0x498A, 0x498A, 0x498A, 0x498A, 0x498A, 0x418A, 0x498A, 0x498A, 0x498A, 0x498A, 0x498A, 0x498A,
  0x498A, 0x418A, 0x418A, 0x498A, 0x418A, 0x498A, 0x418A, 0x418A, 0x418A, 0x418A, 0x418A, 0x418A,
  0x418A, 0x418A, 0x418A, 0x418A, 0x418A, 0x49AA, 0x3127, 0x20C5, 0x20E6, 0x20C6, 0x3969, 0x498A,
  0x418A, 0x418A, 0x418A, 0x498A, 0x498A, 0x498A, 0x498A, 0x498A, 0x498A, 0x498A, 0x498A, 0x418A,
  0x418A, 0x418A, 0x418A, 0x418A, 0x418A, 0x418A, 0x418A, 0x418A, 0x418A, 0x418A, 0x418A, 0x418A,
  0x498A, 0x498A, 0x498A, 0x498A, 0x498A, 0x418A, 0x418A, 0x498A, 0x498A, 0x418A, 0x418A, 0x418A,
  0x498A, 0x498A, 0x498A, 0x498A, 0x498A, 0x498A, 0x498A, 0x498A, 0x498A, 0x498A, 0x498A, 0x418A,
  0x418A, 0x418A, 0x498A, 0x498A, 0x498A, 0x418A, 0x498A, 0x418A, 0x418A, 0x498A, 0x418A, 0x498A,
  0x498A, 0x498A, 0x498A, 0x498A, 0x498A, 0x498A, 0x498A, 0x498A, 0x418A, 0x418A, 0x418A, 0x418A,
  0x418A, 0x418A, 0x418A, 0x418A, 0x418A, 0x418A, 0x418A, 0x418A, 0x418A, 0x416A, 0x418A, 0x416A,
  0x498A, 0x418A, 0x498A, 0x498A, 0x498A, 0x498A, 0x498A, 0x498A, 0x498A, 0x498A, 0x498A, 0x498A,
  0x418A, 0x498A, 0x498A, 0x498A, 0x498A, 0x498A, 0x498A, 0x498A, 0x498A, 0x498A, 0x418A, 0x498A,
  0x498A, 0x498A, 0x498A, 0x498A, 0x498A, 0x498A, 0x498A, 0x418A, 0x498A, 0x498A, 0x498A, 0x498A,
  0x498A, 0x498A, 0x498A, 0x418A, 0x498A, 0x498A, 0x498A, 0x418A, 0x418A, 0x498A, 0x418A, 0x498A,
  0x498A, 0x498A, 0x498A, 0x498A, 0x498A, 0x498A, 0x498A, 0x418A, 0x498A, 0x418A, 0x418A, 0x418A,
  0x418A, 0x418A, 0x418A, 0x418A, 0x498A, 0x418A, 0x498A, 0x418A, 0x418A, 0x498A, 0x498A, 0x498A,
  0x498A, 0x498A, 0x498A, 0x498A, 0x498A, 0x498A, 0x498A, 0x498A, 0x498A, 0x498A, 0x498A, 0x498A,
  0x498A, 0x498A, 0x498A, 0x498A, 0x498A, 0x498A, 0x498A, 0x498A, 0x498A, 0x498A, 0x418A, 0x418A,
  0x418A, 0x418A, 0x498A, 0x498A, 0x498A, 0x498A, 0x498A, 0x498A, 0x498A, 0x498A, 0x498A, 0x498A,
  0x498A, 0x498A, 0x49AA, 0x498A, 0x498A, 0x49AA, 0x498A, 0x498A, 0x498A, 0x498A, 0x498A, 0x498A,
  0x498A, 0x418A, 0x498A, 0x498A, 0x418A, 0x418A, 0x498A, 0x498A, 0x498A, 0x498A, 0x498A, 0x498A,
  0x498A, 0x498A, 0x498A, 0x418A, 0x498A, 0x418A, 0x418A, 0x418A, 0x418A, 0x418A, 0x418A, 0x418A,
  0x418A, 0x418A, 0x418A, 0x418A, 0x49AB, 0x3127, 0x0841, 0x28E2, 0x30E2, 0x28E2, 0x1062, 0x3969,
  0x49AA, 0x418A, 0x498A, 0x498A, 0x418A, 0x498A, 0x498A, 0x498A, 0x498A, 0x498A, 0x498A, 0x418A,
  0x418A, 0x418A, 0x418A, 0x418A, 0x418A, 0x418A, 0x418A, 0x418A, 0x418A, 0x418A, 0x418A, 0x498A,
  0x498A, 0x498A, 0x498A, 0x498A, 0x498A, 0x418A, 0x498A, 0x498A, 0x498A, 0x418A, 0x418A, 0x418A,
  0x418A, 0x498A, 0x498A, 0x498A, 0x498A, 0x498A, 0x498A, 0x498A, 0x498A, 0x498A, 0x498A, 0x418A,
  0x418A, 0x418A, 0x498A, 0x418A, 0x418A, 0x418A, 0x498A, 0x418A, 0x418A, 0x418A, 0x498A, 0x498A,
  0x498A, 0x418A, 0x418A, 0x418A, 0x418A, 0x418A, 0x498A, 0x498A, 0x418A, 0x418A, 0x418A, 0x418A,
  0x418A, 0x418A, 0x418A, 0x418A, 0x418A, 0x418A, 0x418A, 0x418A, 0x416A, 0x416A, 0x416A, 0x416A,
  0x418A, 0x418A, 0x418A, 0x418A, 0x498A, 0x498A, 0x498A, 0x418A, 0x418A, 0x418A, 0x418A, 0x498A,
  0x498A, 0x498A, 0x498A, 0x498A, 0x498A, 0x498A, 0x498A, 0x498A, 0x498A, 0x498A, 0x418A, 0x498A,
  0x418A, 0x498A, 0x498A, 0x498A, 0x498A, 0x498A, 0x498A, 0x498A, 0x498A, 0x498A, 0x498A, 0x498A,
  0x418A, 0x498A, 0x418A, 0x498A, 0x498A, 0x418A, 0x418A, 0x498A, 0x418A, 0x418A, 0x498A, 0x498A,
  0x498A, 0x498A, 0x498A, 0x498A, 0x498A, 0x498A, 0x498A, 0x498A, 0x498A, 0x418A, 0x418A, 0x418A,
  0x418A, 0x418A, 0x418A, 0x418A, 0x418A, 0x418A, 0x498A, 0x418A, 0x418A, 0x498A, 0x498A, 0x498A,
  0x498A, 0x498A, 0x498A, 0x498A, 0x498A, 0x498A, 0x498A, 0x498A, 0x498A, 0x498A, 0x498A, 0x498A,
  0x498A, 0x498A, 0x498A, 0x498A, 0x498A, 0x498A, 0x498A, 0x498A, 0x498A, 0x418A, 0x418A, 0x418A,
  0x418A, 0x418A, 0x498A, 0x498A, 0x498A, 0x498A, 0x498A, 0x498A, 0x498A, 0x498A, 0x498A, 0x49AA,
  0x498A, 0x498A, 0x498A, 0x498A, 0x498A, 0x498A, 0x498A, 0x498A, 0x498A, 0x498A, 0x498A, 0x498A,
  0x498A, 0x498A, 0x498A, 0x498A, 0x418A, 0x418A, 0x498A, 0x498A, 0x498A, 0x498A, 0x498A, 0x498A,
  0x498A, 0x498A, 0x418A, 0x418A, 0x418A, 0x418A, 0x418A, 0x418A, 0x418A, 0x418A, 0x418A, 0x418A,
  0x418A, 0x418A, 0x418A, 0x49AB, 0x3127, 0x0840, 0x7A26, 0xB328, 0xB308, 0xB328, 0x5184, 0x0842,
  0x4189, 0x498A, 0x418A, 0x418A, 0x418A, 0x498A, 0x418A, 0x498A, 0x498A, 0x498A, 0x418A, 0x418A,
  0x418A, 0x418A, 0x418A, 0x418A, 0x418A, 0x418A, 0x418A, 0x418A, 0x418A, 0x418A, 0x498A, 0x498A,
  0x498A, 0x498A, 0x498A, 0x498A, 0x498A, 0x498A, 0x498A, 0x498A, 0x498A, 0x418A, 0x498A, 0x418A,
  0x418A, 0x498A, 0x498A, 0x498A, 0x498A, 0x498A, 0x498A, 0x498A, 0x498A, 0x418A, 0x418A, 0x498A,
  0x418A, 0x498A, 0x498A, 0x498A, 0x498A, 0x498A, 0x498A, 0x498A, 0x418A, 0x418A, 0x498A, 0x498A,
  0x498A, 0x418A, 0x418A, 0x418A, 0x418A, 0x418A, 0x498A, 0x498A, 0x498A, 0x418A, 0x418A, 0x418A,
  0x418A, 0x418A, 0x418A, 0x418A, 0x418A, 0x418A, 0x418A, 0x418A, 0x418A, 0x416A, 0x416A, 0x416A,
  0x416A, 0x418A, 0x418A, 0x418A, 0x418A, 0x418A, 0x418A, 0x418A, 0x418A, 0x418A, 0x418A, 0x418A,
  0x498A, 0x498A, 0x498A, 0x498A, 0x498A, 0x418A, 0x498A, 0x498A, 0x498A, 0x498A, 0x498A, 0x418A,
  0x498A, 0x418A, 0x498A, 0x418A, 0x498A, 0x498A, 0x498A, 0x498A, 0x498A, 0x418A, 0x418A, 0x498A,
  0x418A, 0x418A, 0x418A, 0x418A, 0x418A, 0x418A, 0x418A, 0x498A, 0x498A, 0x418A, 0x418A, 0x418A,
  0x498A, 0x418A, 0x418A, 0x498A, 0x498A, 0x498A, 0x498A, 0x498A, 0x498A, 0x418A, 0x418A, 0x418A,
  0x418A, 0x418A, 0x418A, 0x418A, 0x418A, 0x418A, 0x418A, 0x418A, 0x498A, 0x498A, 0x498A, 0x498A,
  0x498A, 0x498A, 0x498A, 0x498A, 0x498A, 0x498A, 0x418A, 0x498A, 0x498A, 0x498A, 0x498A, 0x498A,
  0x498A, 0x498A, 0x498A, 0x498A, 0x498A, 0x498A, 0x498A, 0x498A, 0x498A, 0x498A, 0x498A, 0x418A,
  0x498A, 0x418A, 0x498A, 0x418A, 0x418A, 0x418A, 0x418A, 0x418A, 0x498A, 0x498A, 0x498A, 0x498A,
  0x498A, 0x498A, 0x498A, 0x498A, 0x498A, 0x498A, 0x498A, 0x418A, 0x418A, 0x498A, 0x498A, 0x498A,
  0x498A, 0x418A, 0x498A, 0x498A, 0x418A, 0x418A, 0x498A, 0x498A, 0x498A, 0x498A, 0x498A, 0x498A,
  0x498A, 0x418A, 0x498A, 0x418A, 0x418A, 0x418A, 0x418A, 0x418A, 0x418A, 0x418A, 0x418A, 0x418A,
  0x418A, 0x418A, 0x49AB, 0x2907, 0x1061, 0x7A46, 0xB307, 0x79E5, 0x69C5, 0x71E5, 0xAAE8, 0x59A4,
  0x0842, 0x418A, 0x49AA, 0x418A, 0x498A, 0x498A, 0x498A, 0x498A, 0x498A, 0x418A, 0x418A, 0x418A,
  0x418A, 0x418A, 0x418A, 0x418A, 0x418A, 0x418A, 0x418A, 0x418A, 0x418A, 0x498A, 0x498A, 0x498A,
  0x418A, 0x498A, 0x498A, 0x498A, 0x498A, 0x498A, 0x498A, 0x498A, 0x498A, 0x418A, 0x418A, 0x498A,
  0x498A, 0x498A, 0x418A, 0x418A, 0x498A, 0x418A, 0x418A, 0x418A, 0x418A, 0x418A, 0x418A, 0x418A,
  0x418A, 0x418A, 0x498A, 0x498A, 0x498A, 0x498A, 0x498A, 0x498A, 0x498A, 0x418A, 0x418A, 0x498A,
  0x418A, 0x498A, 0x498A, 0x418A, 0x418A, 0x418A, 0x498A, 0x418A, 0x418A, 0x498A, 0x418A, 0x418A,
  0x418A, 0x418A, 0x418A, 0x418A, 0x418A, 0x418A, 0x418A, 0x418A, 0x418A, 0x416A, 0x416A, 0x416A,
  0x418A, 0x418A, 0x418A, 0x418A, 0x418A, 0x418A, 0x498A, 0x498A, 0x418A, 0x418A, 0x418A, 0x418A,
  0x498A, 0x498A, 0x498A, 0x498A, 0x418A, 0x418A, 0x418A, 0x498A, 0x498A, 0x498A, 0x498A, 0x498A,
  0x498A, 0x418A, 0x498A, 0x498A, 0x498A, 0x498A, 0x418A, 0x418A, 0x498A, 0x498A, 0x418A, 0x418A,
  0x418A, 0x418A, 0x418A, 0x418A, 0x418A, 0x418A, 0x418A, 0x418A, 0x498A, 0x498A, 0x418A, 0x498A,
  0x498A, 0x498A, 0x498A, 0x418A, 0x498A, 0x418A, 0x418A, 0x418A, 0x418A, 0x418A, 0x418A, 0x418A,
  0x418A, 0x418A, 0x418A, 0x418A, 0x418A, 0x418A, 0x418A, 0x498A, 0x498A, 0x498A, 0x498A, 0x498A,
  0x49AA, 0x49AA, 0x498A, 0x498A, 0x498A, 0x498A, 0x418A, 0x498A, 0x418A, 0x498A, 0x498A, 0x498A,
  0x498A, 0x498A, 0x498A, 0x498A, 0x498A, 0x498A, 0x498A, 0x498A, 0x498A, 0x498A, 0x498A, 0x498A,
  0x498A, 0x418A, 0x498A, 0x498A, 0x498A, 0x418A, 0x418A, 0x498A, 0x498A, 0x498A, 0x498A, 0x498A,
  0x498A, 0x498A, 0x498A, 0x498A, 0x498A, 0x498A, 0x418A, 0x418A, 0x418A, 0x498A, 0x498A, 0x498A,
  0x498A, 0x498A, 0x498A, 0x418A, 0x498A, 0x498A, 0x498A, 0x498A, 0x498A, 0x498A, 0x498A, 0x498A,
  0x498A, 0x418A, 0x418A, 0x418A, 0x418A, 0x418A, 0x418A, 0x418A, 0x418A, 0x418A, 0x418A, 0x418A,
  0x418A, 0x51CB, 0x2906, 0x1081, 0x92A7, 0xBB48, 0x5983, 0x1041, 0x0841, 0x1061, 0x71E5, 0xB329,
  0x61C4, 0x1062, 0x418A, 0x49AB, 0x418A, 0x418A, 0x418A, 0x418A, 0x418A, 0x418A, 0x418A, 0x418A,
  0x418A, 0x418A, 0x418A, 0x418A, 0x418A, 0x498A, 0x418A, 0x498A, 0x498A, 0x498A, 0x498A, 0x498A,
  0x418A, 0x498A, 0x498A, 0x498A, 0x498A, 0x498A, 0x498A, 0x498A, 0x498A, 0x418A, 0x418A, 0x498A,
  0x498A, 0x418A, 0x418A, 0x498A, 0x498A, 0x498A, 0x418A, 0x418A, 0x418A, 0x418A, 0x418A, 0x418A,
  0x418A, 0x498A, 0x498A, 0x498A, 0x498A, 0x498A, 0x498A, 0x498A, 0x498A, 0x418A, 0x418A, 0x498A,
  0x498A, 0x498A, 0x498A, 0x418A, 0x418A, 0x418A, 0x418A, 0x418A, 0x418A, 0x498A, 0x418A, 0x418A,
  0x418A, 0x418A, 0x418A, 0x498A, 0x498A, 0x418A, 0x418A, 0x418A, 0x418A, 0x416A, 0x416A, 0x416A,
  0x498A, 0x418A, 0x418A, 0x418A, 0x418A, 0x418A, 0x418A, 0x498A, 0x498A, 0x418A, 0x418A, 0x418A,
  0x418A, 0x498A, 0x498A, 0x498A, 0x498A, 0x498A, 0x418A, 0x498A, 0x498A, 0x498A, 0x498A, 0x498A,
  0x498A, 0x498A, 0x498A, 0x498A, 0x498A, 0x418A, 0x498A, 0x418A, 0x418A, 0x498A, 0x418A, 0x418A,
  0x418A, 0x418A, 0x418A, 0x418A, 0x418A, 0x418A, 0x418A, 0x498A, 0x498A, 0x498A, 0x418A, 0x418A,
  0x498A, 0x498A, 0x418A, 0x498A, 0x498A, 0x498A, 0x418A, 0x498A, 0x418A, 0x418A, 0x418A, 0x418A,
  0x418A, 0x418A, 0x418A, 0x418A, 0x418A, 0x418A, 0x418A, 0x498A, 0x498A, 0x498A, 0x498A, 0x49AA,
  0x498A, 0x498A, 0x49AA, 0x498A, 0x498A, 0x498A, 0x498A, 0x418A, 0x418A, 0x498A, 0x498A, 0x498A,
  0x498A, 0x498A, 0x498A, 0x498A, 0x498A, 0x498A, 0x498A, 0x498A, 0x498A, 0x498A, 0x498A, 0x498A,
  0x498A, 0x498A, 0x418A, 0x498A, 0x498A, 0x498A, 0x498A, 0x498A, 0x498A, 0x498A, 0x498A, 0x498A,
  0x498A, 0x498A, 0x498A, 0x418A, 0x498A, 0x418A, 0x418A, 0x418A, 0x418A, 0x498A, 0x498A, 0x498A,
  0x498A, 0x498A, 0x498A, 0x418A, 0x418A, 0x498A, 0x498A, 0x418A, 0x418A, 0x498A, 0x498A, 0x498A,
  0x418A, 0x418A, 0x418A, 0x418A, 0x418A, 0x418A, 0x418A, 0x418A, 0x498A, 0x49AA, 0x49AA, 0x49AA,
  0x49AB, 0x2907, 0x1061, 0x92A7, 0xBB28, 0x71E4, 0x0841, 0x2927, 0x3969, 0x20C5, 0x1041, 0x8246,
  0xBB48, 0x59A4, 0x0862, 0x418A, 0x498A, 0x418A, 0x418A, 0x418A, 0x418A, 0x418A, 0x418A, 0x498A,
  0x418A, 0x418A, 0x418A, 0x418A, 0x418A, 0x418A, 0x498A, 0x498A, 0x498A, 0x498A, 0x498A, 0x498A,
  0x498A, 0x498A, 0x498A, 0x498A, 0x498A, 0x498A, 0x498A, 0x498A, 0x498A, 0x498A, 0x498A, 0x418A,
  0x418A, 0x418A, 0x418A, 0x418A, 0x418A, 0x498A, 0x418A, 0x418A, 0x418A, 0x418A, 0x418A, 0x418A,
  0x418A, 0x418A, 0x498A, 0x418A, 0x498A, 0x498A, 0x498A, 0x498A, 0x498A, 0x418A, 0x418A, 0x498A,
  0x498A, 0x498A, 0x498A, 0x498A, 0x498A, 0x498A, 0x418A, 0x418A, 0x498A, 0x498A, 0x498A, 0x418A,
  0x498A, 0x418A, 0x418A, 0x498A, 0x498A, 0x498A, 0x418A, 0x418A, 0x418A, 0x418A, 0x418A, 0x418A,
  0x498A, 0x418A, 0x418A, 0x418A, 0x418A, 0x418A, 0x418A, 0x498A, 0x498A, 0x418A, 0x418A, 0x418A,
  0x498A, 0x498A, 0x498A, 0x498A, 0x498A, 0x498A, 0x498A, 0x498A, 0x498A, 0x418A, 0x418A, 0x418A,
  0x418A, 0x418A, 0x498A, 0x498A, 0x498A, 0x418A, 0x418A, 0x498A, 0x418A, 0x418A, 0x418A, 0x418A,
  0x418A, 0x418A, 0x418A, 0x418A, 0x418A, 0x418A, 0x418A, 0x498A, 0x418A, 0x418A, 0x418A, 0x418A,
  0x418A, 0x418A, 0x418A, 0x418A, 0x498A, 0x498A, 0x498A, 0x498A, 0x498A, 0x498A, 0x418A, 0x418A,
  0x418A, 0x418A, 0x418A, 0x418A, 0x418A, 0x418A, 0x418A, 0x498A, 0x498A, 0x498A, 0x498A, 0x49AA,
  0x498A, 0x498A, 0x498A, 0x498A, 0x498A, 0x498A, 0x498A, 0x418A, 0x418A, 0x418A, 0x498A, 0x498A,
  0x498A, 0x498A, 0x498A, 0x498A, 0x418A, 0x498A, 0x418A, 0x418A, 0x418A, 0x418A, 0x498A, 0x498A,
  0x498A, 0x498A, 0x498A, 0x498A, 0x498A, 0x498A, 0x498A, 0x498A, 0x418A, 0x498A, 0x418A, 0x498A,
  0x498A, 0x498A, 0x418A, 0x418A, 0x418A, 0x418A, 0x418A, 0x418A, 0x418A, 0x498A, 0x498A, 0x498A,
  0x418A, 0x418A, 0x418A, 0x418A, 0x418A, 0x418A, 0x418A, 0x418A, 0x418A, 0x498A, 0x498A, 0x418A,
  0x418A, 0x418A, 0x418A, 0x418A, 0x418A, 0x418A, 0x418A, 0x49AB, 0x20C5, 0x1062, 0x1063, 0x18A4,
  0x3127, 0x1881, 0x8A86, 0xB348, 0x71E4, 0x1040, 0x3127, 0x49AB, 0x418A, 0x49AA, 0x18A4, 0x1881,
  0x9286, 0xBB48, 0x4143, 0x1062, 0x49AA, 0x418A, 0x418A, 0x418A, 0x418A, 0x418A, 0x418A, 0x498A,
  0x498A, 0x418A, 0x498A, 0x418A, 0x418A, 0x498A, 0x418A, 0x418A, 0x498A, 0x498A, 0x498A, 0x498A,
  0x498A, 0x498A, 0x498A, 0x498A, 0x498A, 0x498A, 0x498A, 0x498A, 0x498A, 0x498A, 0x418A, 0x418A,
  0x498A, 0x498A, 0x498A, 0x418A, 0x418A, 0x418A, 0x498A, 0x418A, 0x418A, 0x416A, 0x418A, 0x418A,
  0x418A, 0x418A, 0x418A, 0x418A, 0x418A, 0x418A, 0x498A, 0x498A, 0x498A, 0x418A, 0x418A, 0x498A,
  0x418A, 0x498A, 0x498A, 0x418A, 0x498A, 0x418A, 0x418A, 0x418A, 0x418A, 0x498A, 0x418A, 0x418A,
  0x418A, 0x418A, 0x498A, 0x498A, 0x498A, 0x498A, 0x418A, 0x418A, 0x418A, 0x418A, 0x498A, 0x418A,
  0x418A, 0x418A, 0x418A, 0x418A, 0x498A, 0x498A, 0x498A, 0x418A, 0x418A, 0x418A, 0x418A, 0x418A,
  0x498A, 0x498A, 0x498A, 0x498A, 0x418A, 0x418A, 0x418A, 0x418A, 0x498A, 0x418A, 0x418A, 0x418A,
  0x418A, 0x418A, 0x498A, 0x498A, 0x418A, 0x418A, 0x418A, 0x418A, 0x418A, 0x418A, 0x418A, 0x418A,
  0x418A, 0x498A, 0x418A, 0x418A, 0x418A, 0x418A, 0x418A, 0x418A, 0x418A, 0x418A, 0x418A, 0x498A,
  0x418A, 0x418A, 0x418A, 0x418A, 0x498A, 0x498A, 0x498A, 0x498A, 0x498A, 0x498A, 0x418A, 0x418A,
  0x418A, 0x418A, 0x498A, 0x418A, 0x418A, 0x418A, 0x418A, 0x498A, 0x498A, 0x498A, 0x498A, 0x498A,
  0x498A, 0x498A, 0x498A, 0x498A, 0x498A, 0x498A, 0x418A, 0x418A, 0x418A, 0x418A, 0x418A, 0x498A,
  0x498A, 0x418A, 0x498A, 0x418A, 0x418A, 0x498A, 0x418A, 0x418A, 0x418A, 0x418A, 0x418A, 0x498A,
  0x498A, 0x498A, 0x498A, 0x498A, 0x418A, 0x418A, 0x418A, 0x418A, 0x418A, 0x418A, 0x418A, 0x418A,
  0x418A, 0x418A, 0x418A, 0x418A, 0x418A, 0x418A, 0x418A, 0x418A, 0x418A, 0x418A, 0x418A, 0x418A,
  0x418A, 0x418A, 0x418A, 0x418A, 0x418A, 0x418A, 0x418A, 0x418A, 0x418A, 0x418A, 0x418A, 0x418A,
  0x418A, 0x418A, 0x418A, 0x418A, 0x418A, 0x49AA, 0x4189, 0x20A4, 0x2105, 0x2146, 0x2146, 0x18E4,
  0x0000, 0x5184, 0xBB48, 0x8225, 0x1861, 0x2907, 0x49AB, 0x418A, 0x418A, 0x418A, 0x498A, 0x20C5,
  0x20A1, 0x9AA7, 0xBB69, 0x4143, 0x0863, 0x49AA, 0x418A, 0x418A, 0x418A, 0x418A, 0x418A, 0x498A,
  0x498A, 0x498A, 0x498A, 0x418A, 0x418A, 0x418A, 0x418A, 0x418A, 0x498A, 0x498A, 0x498A, 0x498A,
  0x498A, 0x498A, 0x498A, 0x498A, 0x498A, 0x498A, 0x498A, 0x498A, 0x498A, 0x418A, 0x418A, 0x418A,
  0x418A, 0x418A, 0x418A, 0x418A, 0x418A, 0x418A, 0x418A, 0x418A, 0x418A, 0x418A, 0x418A, 0x418A,
  0x418A, 0x418A, 0x418A, 0x418A, 0x418A, 0x418A, 0x418A, 0x498A, 0x418A, 0x498A, 0x418A, 0x498A,
  0x498A, 0x498A, 0x498A, 0x498A, 0x418A, 0x418A, 0x418A, 0x418A, 0x418A, 0x418A, 0x498A, 0x498A,
  0x418A, 0x418A, 0x418A, 0x498A, 0x418A, 0x418A, 0x418A, 0x418A, 0x418A, 0x418A, 0x418A, 0x418A,
  0x498A, 0x418A, 0x418A, 0x498A, 0x498A, 0x498A, 0x498A, 0x498A, 0x498A, 0x498A, 0x418A, 0x418A,
  0x498A, 0x498A, 0x498A, 0x498A, 0x498A, 0x418A, 0x418A, 0x418A, 0x418A, 0x418A, 0x418A, 0x418A,
  0x418A, 0x498A, 0x418A, 0x498A, 0x418A, 0x418A, 0x418A, 0x418A, 0x418A, 0x418A, 0x418A, 0x498A,
  0x418A, 0x498A, 0x498A, 0x498A, 0x418A, 0x418A, 0x418A, 0x418A, 0x418A, 0x418A, 0x498A, 0x498A,
  0x498A, 0x418A, 0x418A, 0x498A, 0x498A, 0x418A, 0x418A, 0x498A, 0x498A, 0x498A, 0x418A, 0x498A,
  0x418A, 0x498A, 0x498A, 0x498A, 0x418A, 0x418A, 0x418A, 0x498A, 0x498A, 0x498A, 0x498A, 0x498A,
  0x498A, 0x498A, 0x498A, 0x498A, 0x498A, 0x498A, 0x418A, 0x418A, 0x418A, 0x418A, 0x418A, 0x418A,
  0x418A, 0x418A, 0x498A, 0x418A, 0x498A, 0x498A, 0x498A, 0x49AA, 0x49AA, 0x498A, 0x49AA, 0x49AB,
  0x49AB, 0x49AB, 0x49AB, 0x49AB, 0x49AB, 0x49AA, 0x49AA, 0x49AA, 0x49AA, 0x498A, 0x498A, 0x498A,
  0x498A, 0x49AB, 0x498A, 0x498A, 0x498A, 0x498A, 0x498A, 0x498A, 0x498A, 0x498A, 0x498A, 0x498A,
  0x498A, 0x498A, 0x498A, 0x49AA, 0x49AB, 0x49AA, 0x49AA, 0x49AA, 0x49AA, 0x498A, 0x498A, 0x49AA,
  0x498A, 0x49AA, 0x49AA, 0x49AA, 0x49AA, 0x4169, 0x1082, 0x10A3, 0x52ED, 0x94B3, 0x73F0, 0x5B0D,
  0x31A7, 0x0841, 0x5984, 0x20A2, 0x2907, 0x51CB, 0x418A, 0x418A, 0x418A, 0x418A, 0x418A, 0x49AA,
  0x18A4, 0x20A2, 0x9AC7, 0xB328, 0x4143, 0x1063, 0x418A, 0x498A, 0x418A, 0x498A, 0x418A, 0x498A,
  0x498A, 0x498A, 0x498A, 0x498A, 0x498A, 0x498A, 0x418A, 0x498A, 0x498A, 0x498A, 0x498A, 0x498A,
  0x498A, 0x498A, 0x498A, 0x498A, 0x49AA, 0x498A, 0x498A, 0x498A, 0x498A, 0x498A, 0x418A, 0x418A,
  0x418A, 0x418A, 0x418A, 0x418A, 0x418A, 0x418A, 0x418A, 0x418A, 0x418A, 0x418A, 0x418A, 0x418A,
  0x418A, 0x418A, 0x418A, 0x418A, 0x418A, 0x418A, 0x418A, 0x418A, 0x498A, 0x498A, 0x418A, 0x498A,
  0x498A, 0x498A, 0x498A, 0x418A, 0x418A, 0x498A, 0x418A, 0x418A, 0x418A, 0x418A, 0x498A, 0x418A,
  0x418A, 0x418A, 0x418A, 0x418A, 0x418A, 0x418A, 0x498A, 0x498A, 0x498A, 0x418A, 0x418A, 0x498A,
  0x418A, 0x418A, 0x418A, 0x418A, 0x418A, 0x418A, 0x418A, 0x418A, 0x418A, 0x498A, 0x418A, 0x418A,
  0x498A, 0x498A, 0x498A, 0x498A, 0x498A, 0x418A, 0x418A, 0x418A, 0x418A, 0x418A, 0x418A, 0x418A,
  0x418A, 0x498A, 0x418A, 0x418A, 0x418A, 0x418A, 0x418A, 0x418A, 0x418A, 0x418A, 0x418A, 0x418A,
  0x498A, 0x498A, 0x498A, 0x498A, 0x498A, 0x418A, 0x418A, 0x418A, 0x418A, 0x418A, 0x498A, 0x418A,
  0x418A, 0x418A, 0x418A, 0x498A, 0x418A, 0x418A, 0x418A, 0x498A, 0x418A, 0x418A, 0x418A, 0x498A,
  0x498A, 0x498A, 0x498A, 0x498A, 0x498A, 0x498A, 0x498A, 0x498A, 0x498A, 0x498A, 0x498A, 0x498A,
  0x498A, 0x498A, 0x498A, 0x418A, 0x498A, 0x498A, 0x418A, 0x418A, 0x418A, 0x418A, 0x418A, 0x418A,
  0x418A, 0x418A, 0x418A, 0x498A, 0x49AA, 0x49AB, 0x4169, 0x2906, 0x3107, 0x3107, 0x2907, 0x3107,
  0x3107, 0x3107, 0x3107, 0x3107, 0x3107, 0x2907, 0x3107, 0x2907, 0x2907, 0x2907, 0x2907, 0x2907,
  0x2907, 0x2907, 0x2907, 0x2907, 0x2906, 0x2906, 0x2906, 0x28E6, 0x28E6, 0x2906, 0x2906, 0x2906,
  0x2907, 0x2906, 0x2906, 0x3107, 0x3107, 0x2907, 0x2907, 0x3107, 0x3107, 0x2907, 0x2907, 0x2907,
  0x3107, 0x3107, 0x3107, 0x3107, 0x3127, 0x1082, 0x0862, 0x2987, 0x52ED, 0xA514, 0xB575, 0x8410,
  0x4A6A, 0x3186, 0x0020, 0x18C4, 0x49AB, 0x418A, 0x49AA, 0x418A, 0x418A, 0x418A, 0x418A, 0x418A,
  0x418A, 0x1063, 0x28C2, 0xA2C7, 0xB307, 0x3902, 0x1083, 0x49AA, 0x498A, 0x498A, 0x498A, 0x498A,
  0x498A, 0x498A, 0x49AA, 0x498A, 0x498A, 0x418A, 0x498A, 0x498A, 0x498A, 0x498A, 0x498A, 0x498A,
  0x498A, 0x498A, 0x498A, 0x498A, 0x498A, 0x498A, 0x498A, 0x498A, 0x498A, 0x418A, 0x418A, 0x418A,
  0x418A, 0x498A, 0x418A, 0x418A, 0x418A, 0x418A, 0x498A, 0x418A, 0x418A, 0x418A, 0x418A, 0x418A,
  0x418A, 0x498A, 0x418A, 0x498A, 0x498A, 0x418A, 0x418A, 0x418A, 0x498A, 0x498A, 0x418A, 0x498A,
  0x498A, 0x498A, 0x418A, 0x498A, 0x418A, 0x418A, 0x418A, 0x418A, 0x418A, 0x498A, 0x498A, 0x418A,
  0x418A, 0x418A, 0x418A, 0x418A, 0x418A, 0x418A, 0x418A, 0x418A, 0x418A, 0x418A, 0x418A, 0x498A,
  0x418A, 0x418A, 0x418A, 0x418A, 0x418A, 0x418A, 0x418A, 0x498A, 0x498A, 0x418A, 0x418A, 0x498A,
  0x498A, 0x498A, 0x498A, 0x498A, 0x418A, 0x418A, 0x418A, 0x418A, 0x418A, 0x418A, 0x418A, 0x418A,
  0x498A, 0x498A, 0x498A, 0x498A, 0x418A, 0x418A, 0x418A, 0x418A, 0x418A, 0x418A, 0x416A, 0x418A,
  0x418A, 0x498A, 0x498A, 0x498A, 0x418A, 0x418A, 0x418A, 0x418A, 0x418A, 0x418A, 0x418A, 0x418A,
  0x418A, 0x418A, 0x418A, 0x498A, 0x418A, 0x418A, 0x418A, 0x418A, 0x418A, 0x418A, 0x418A, 0x498A,
  0x498A, 0x498A, 0x498A, 0x498A, 0x498A, 0x498A, 0x418A, 0x418A, 0x418A, 0x418A, 0x498A, 0x498A,
  0x498A, 0x498A, 0x498A, 0x418A, 0x498A, 0x498A, 0x418A, 0x418A, 0x418A, 0x418A, 0x418A, 0x418A,
  0x498A, 0x418A, 0x418A, 0x418A, 0x3969, 0x418A, 0x3126, 0x1081, 0x1882, 0x1082, 0x1881, 0x1881,
  0x1881, 0x1881, 0x1881, 0x1081, 0x1081, 0x1081, 0x1081, 0x10A1, 0x1081, 0x18A2, 0x1082, 0x1081,
  0x1081, 0x1081, 0x1081, 0x1881, 0x18A2, 0x18A2, 0x18A2, 0x10A1, 0x18A2, 0x18A2, 0x18A2, 0x18A2,
  0x10A2, 0x18A2, 0x10A1, 0x1081, 0x1081, 0x10A1, 0x1081, 0x1081, 0x10A2, 0x18A2, 0x1081, 0x1081,
  0x1082, 0x18A2, 0x1081, 0x1081, 0x0841, 0x10C4, 0x2168, 0x0021, 0x18E5, 0x52AB, 0x7BD0, 0x7BCF,
  0x5ACB, 0x4209, 0x2124, 0x0841, 0x3969, 0x49AA, 0x418A, 0x498A, 0x418A, 0x418A, 0x418A, 0x418A,
  0x418A, 0x418A, 0x1062, 0x28C1, 0x9AA7, 0xAB08, 0x3102, 0x10A4, 0x49AB, 0x498A, 0x498A, 0x498A,
  0x498A, 0x498A, 0x498A, 0x498A, 0x498A, 0x498A, 0x498A, 0x498A, 0x498A, 0x498A, 0x498A, 0x498A,
  0x498A, 0x498A, 0x498A, 0x498A, 0x498A, 0x498A, 0x498A, 0x498A, 0x418A, 0x418A, 0x418A, 0x418A,
  0x418A, 0x498A, 0x498A, 0x418A, 0x418A, 0x418A, 0x418A, 0x418A, 0x418A, 0x418A, 0x418A, 0x418A,
  0x498A, 0x498A, 0x418A, 0x418A, 0x498A, 0x498A, 0x418A, 0x418A, 0x498A, 0x498A, 0x418A, 0x418A,
  0x418A, 0x418A, 0x418A, 0x418A, 0x418A, 0x498A, 0x498A, 0x498A, 0x498A, 0x4169, 0x418A, 0x498A,
  0x498A, 0x418A, 0x418A, 0x418A, 0x418A, 0x418A, 0x498A, 0x418A, 0x418A, 0x418A, 0x418A, 0x418A,
  0x418A, 0x418A, 0x418A, 0x418A, 0x498A, 0x498A, 0x418A, 0x498A, 0x498A, 0x418A, 0x418A, 0x498A,
  0x418A, 0x498A, 0x498A, 0x418A, 0x418A, 0x418A, 0x418A, 0x418A, 0x418A, 0x418A, 0x418A, 0x418A,
  0x498A, 0x498A, 0x498A, 0x498A, 0x418A, 0x418A, 0x418A, 0x418A, 0x418A, 0x416A, 0x418A, 0x418A,
  0x418A, 0x498A, 0x498A, 0x418A, 0x418A, 0x418A, 0x418A, 0x418A, 0x418A, 0x418A, 0x418A, 0x498A,
  0x418A, 0x418A, 0x418A, 0x418A, 0x498A, 0x418A, 0x418A, 0x418A, 0x418A, 0x418A, 0x418A, 0x498A,
  0x498A, 0x498A, 0x498A, 0x498A, 0x498A, 0x418A, 0x418A, 0x418A, 0x498A, 0x498A, 0x418A, 0x498A,
  0x498A, 0x498A, 0x498A, 0x498A, 0x498A, 0x498A, 0x498A, 0x498A, 0x418A, 0x418A, 0x418A, 0x418A,
  0x418A, 0x418A, 0x49CB, 0x3147, 0x0841, 0x0021, 0x49C6, 0x936A, 0x8B4A, 0x8B4A, 0x8B4A, 0x934A,
  0x936A, 0x936A, 0x936A, 0x936A, 0x936A, 0x936A, 0x934A, 0x936A, 0x8B6A, 0x8B4A, 0x8B4A, 0x8B4A,
  0x8B4A, 0x8B4A, 0x8B4A, 0x8B2A, 0x8B6B, 0x8B8B, 0x8B8B, 0x8B8B, 0x8B8B, 0x8B8C, 0x8B8C, 0x8B8C,
  0x8B8B, 0x8B8B, 0x8B6B, 0x8B6B, 0x836B, 0x8B6B, 0x8B6B, 0x8B6B, 0x8B6B, 0x8B6B, 0x8B6B, 0x834A,
  0x834A, 0x832A, 0x832A, 0x5206, 0x1906, 0x2A2E, 0x21ED, 0x21AA, 0x10A3, 0x0861, 0x4229, 0x5ACB,
  0x526A, 0x4209, 0x3187, 0x1082, 0x18A4, 0x49AA, 0x418A, 0x498A, 0x418A, 0x418A, 0x418A, 0x418A,
  0x418A, 0x498A, 0x418A, 0x1083, 0x30E2, 0x9AA7, 0xAAE7, 0x28E2, 0x1083, 0x49AA, 0x498A, 0x418A,
  0x498A, 0x498A, 0x498A, 0x498A, 0x498A, 0x498A, 0x498A, 0x498A, 0x498A, 0x498A, 0x498A, 0x498A,
  0x498A, 0x498A, 0x498A, 0x498A, 0x498A, 0x498A, 0x498A, 0x498A, 0x498A, 0x498A, 0x498A, 0x498A,
  0x418A, 0x418A, 0x498A, 0x498A, 0x498A, 0x418A, 0x418A, 0x418A, 0x418A, 0x418A, 0x418A, 0x418A,
  0x498A, 0x498A, 0x418A, 0x418A, 0x418A, 0x498A, 0x498A, 0x418A, 0x418A, 0x418A, 0x418A, 0x418A,
  0x418A, 0x418A, 0x49AA, 0x49AB, 0x49AA, 0x498A, 0x418A, 0x418A, 0x49AA, 0x1083, 0x3127, 0x49AB,
  0x418A, 0x418A, 0x418A, 0x49AB, 0x49AB, 0x418A, 0x418A, 0x418A, 0x418A, 0x418A, 0x418A, 0x418A,
  0x418A, 0x418A, 0x418A, 0x418A, 0x418A, 0x498A, 0x498A, 0x418A, 0x418A, 0x418A, 0x418A, 0x418A,
  0x418A, 0x498A, 0x418A, 0x418A, 0x418A, 0x418A, 0x418A, 0x418A, 0x418A, 0x418A, 0x418A, 0x418A,
  0x498A, 0x498A, 0x498A, 0x418A, 0x418A, 0x418A, 0x418A, 0x418A, 0x418A, 0x418A, 0x418A, 0x418A,
  0x418A, 0x498A, 0x498A, 0x498A, 0x498A, 0x418A, 0x418A, 0x418A, 0x418A, 0x418A, 0x418A, 0x418A,
  0x418A, 0x498A, 0x418A, 0x418A, 0x418A, 0x418A, 0x418A, 0x418A, 0x418A, 0x418A, 0x418A, 0x418A,
  0x498A, 0x498A, 0x498A, 0x498A, 0x418A, 0x418A, 0x418A, 0x418A, 0x418A, 0x498A, 0x498A, 0x498A,
  0x418A, 0x498A, 0x418A, 0x498A, 0x498A, 0x498A, 0x498A, 0x498A, 0x418A, 0x418A, 0x498A, 0x418A,
  0x49AA, 0x49AA, 0x0842, 0x2904, 0x7AC8, 0x7AE8, 0x5A07, 0x2925, 0x3145, 0x2945, 0x2925, 0x2925,
  0x2925, 0x2925, 0x2925, 0x2925, 0x2925, 0x2925, 0x2924, 0x2924, 0x2924, 0x2925, 0x2925, 0x2925,
  0x2925, 0x2925, 0x2925, 0x2925, 0x2925, 0x2945, 0x2945, 0x2945, 0x2125, 0x2945, 0x2945, 0x2946,
  0x2946, 0x2125, 0x2946, 0x2946, 0x2946, 0x2126, 0x2946, 0x2946, 0x2946, 0x2946, 0x2946, 0x2946,
  0x2946, 0x2125, 0x2125, 0x2147, 0x2A2E, 0x4331, 0x7C74, 0x326F, 0x21AA, 0x1083, 0x0020, 0x2104,
  0x4208, 0x39C8, 0x2125, 0x0861, 0x20C5, 0x49AB, 0x418A, 0x418A, 0x418A, 0x418A, 0x418A, 0x418A,
  0x418A, 0x418A, 0x418A, 0x4189, 0x0842, 0x4123, 0xAAE7, 0x9AC7, 0x20A1, 0x18A4, 0x49AA, 0x418A,
  0x498A, 0x498A, 0x498A, 0x498A, 0x498A, 0x498A, 0x498A, 0x498A, 0x498A, 0x498A, 0x498A, 0x498A,
  0x498A, 0x498A, 0x498A, 0x498A, 0x498A, 0x498A, 0x498A, 0x498A, 0x498A, 0x498A, 0x498A, 0x498A,
  0x418A, 0x498A, 0x498A, 0x498A, 0x418A, 0x418A, 0x418A, 0x418A, 0x418A, 0x418A, 0x418A, 0x498A,
  0x498A, 0x418A, 0x418A, 0x418A, 0x418A, 0x418A, 0x418A, 0x418A, 0x418A, 0x418A, 0x418A, 0x418A,
  0x418A, 0x498A, 0x3948, 0x10A5, 0x3948, 0x49AB, 0x498A, 0x49AA, 0x0884, 0x9142, 0x38A2, 0x2107,
  0x49CB, 0x49AA, 0x49CB, 0x18E5, 0x18C4, 0x3969, 0x498A, 0x418A, 0x418A, 0x416A, 0x418A, 0x418A,
  0x418A, 0x418A, 0x418A, 0x418A, 0x498A, 0x418A, 0x418A, 0x418A, 0x418A, 0x418A, 0x418A, 0x418A,
  0x418A, 0x418A, 0x418A, 0x418A, 0x418A, 0x418A, 0x418A, 0x418A, 0x418A, 0x418A, 0x418A, 0x418A,
  0x418A, 0x418A, 0x418A, 0x418A, 0x418A, 0x418A, 0x418A, 0x418A, 0x418A, 0x418A, 0x418A, 0x418A,
  0x418A, 0x418A, 0x418A, 0x498A, 0x498A, 0x418A, 0x418A, 0x418A, 0x418A, 0x498A, 0x418A, 0x418A,
  0x418A, 0x418A, 0x418A, 0x418A, 0x418A, 0x418A, 0x418A, 0x418A, 0x418A, 0x418A, 0x418A, 0x418A,
  0x498A, 0x498A, 0x418A, 0x418A, 0x418A, 0x418A, 0x418A, 0x418A, 0x418A, 0x498A, 0x498A, 0x498A,
  0x418A, 0x418A, 0x418A, 0x418A, 0x498A, 0x498A, 0x49AA, 0x498A, 0x498A, 0x418A, 0x418A, 0x51CB,
  0x3148, 0x1083, 0x49C5, 0x7288, 0x5A27, 0x41A6, 0x31A8, 0x198A, 0x21CB, 0x29CB, 0x21CB, 0x21EB,
  0x29EB, 0x21EB, 0x21CB, 0x21CB, 0x21CB, 0x21CB, 0x21AB, 0x21CB, 0x21AB, 0x21CB, 0x21CB, 0x21CB,
  0x21CB, 0x21AB, 0x21AB, 0x21AB, 0x21AB, 0x21AB, 0x21CB, 0x21CB, 0x21CB, 0x21AB, 0x21CB, 0x21AB,
  0x21CB, 0x21AB, 0x21AB, 0x21CB, 0x21CC, 0x21CB, 0x21AB, 0x21AB, 0x19AB, 0x19AB, 0x21AB, 0x21AB,
  0x198A, 0x21AB, 0x1928, 0x1107, 0x3AAF, 0x84B5, 0x6414, 0x4B52, 0x322D, 0x1927, 0x10C4, 0x1082,
  0x18C3, 0x18C3, 0x1082, 0x0861, 0x1083, 0x3969, 0x49AB, 0x418A, 0x418A, 0x418A, 0x418A, 0x418A,
  0x418A, 0x418A, 0x418A, 0x49AA, 0x4189, 0x0841, 0x4943, 0xAAE7, 0xA2C7, 0x20A1, 0x18A4, 0x49AB,
  0x498A, 0x498A, 0x418A, 0x498A, 0x498A, 0x498A, 0x498A, 0x498A, 0x418A, 0x418A, 0x498A, 0x498A,
  0x498A, 0x418A, 0x498A, 0x498A, 0x498A, 0x498A, 0x498A, 0x498A, 0x498A, 0x498A, 0x498A, 0x498A,
  0x498A, 0x498A, 0x498A, 0x418A, 0x418A, 0x418A, 0x498A, 0x418A, 0x418A, 0x418A, 0x418A, 0x498A,
  0x418A, 0x418A, 0x418A, 0x418A, 0x418A, 0x418A, 0x418A, 0x418A, 0x418A, 0x418A, 0x418A, 0x418A,
  0x418A, 0x49AA, 0x18A3, 0x6922, 0x2882, 0x10A4, 0x4189, 0x10A4, 0x58A2, 0xD264, 0x9162, 0x0822,
  0x2948, 0x3969, 0x1084, 0x58E2, 0x3060, 0x2927, 0x49AB, 0x418A, 0x418A, 0x416A, 0x416A, 0x416A,
  0x498A, 0x418A, 0x418A, 0x418A, 0x498A, 0x498A, 0x418A, 0x418A, 0x418A, 0x418A, 0x418A, 0x418A,
  0x418A, 0x418A, 0x498A, 0x498A, 0x498A, 0x498A, 0x498A, 0x418A, 0x418A, 0x418A, 0x418A, 0x418A,
  0x418A, 0x418A, 0x418A, 0x418A, 0x418A, 0x498A, 0x498A, 0x498A, 0x498A, 0x498A, 0x418A, 0x418A,
  0x418A, 0x418A, 0x418A, 0x418A, 0x418A, 0x418A, 0x498A, 0x498A, 0x418A, 0x418A, 0x418A, 0x418A,
  0x418A, 0x418A, 0x418A, 0x418A, 0x418A, 0x418A, 0x418A, 0x418A, 0x418A, 0x418A, 0x418A, 0x498A,
  0x498A, 0x498A, 0x498A, 0x418A, 0x418A, 0x498A, 0x418A, 0x418A, 0x418A, 0x418A, 0x418A, 0x418A,
  0x418A, 0x418A, 0x418A, 0x418A, 0x498A, 0x498A, 0x498A, 0x498A, 0x498A, 0x418A, 0x49AB, 0x3127,
  0x2904, 0x4185, 0x7AC9, 0x5A06, 0x2106, 0x08C6, 0x322C, 0x5B92, 0x4B31, 0x3AB0, 0x326F, 0x326F,
  0x326F, 0x324E, 0x324E, 0x324E, 0x2A4E, 0x324F, 0x2A4F, 0x2A4F, 0x2A4F, 0x2A4F, 0x2A4F, 0x2A4E,
  0x2A4E, 0x2A2E, 0x2A2E, 0x2A2E, 0x2A2E, 0x2A4E, 0x2A2E, 0x2A4E, 0x2A4E, 0x2A2E, 0x2A2E, 0x2A2E,
  0x2A2E, 0x2A2E, 0x2A4E, 0x2A4E, 0x2A4E, 0x2A2E, 0x2A2E, 0x2A0E, 0x2A2E, 0x2A2E, 0x2A2E, 0x2A2E,
  0x2A2E, 0x2A2E, 0x21EC, 0x1948, 0x29A9, 0x5BB3, 0x5373, 0x4B32, 0x324E, 0x21AB, 0x1949, 0x10E6,
  0x10A3, 0x0883, 0x0841, 0x18C3, 0x18C2, 0x18A3, 0x3107, 0x49AA, 0x418A, 0x418A, 0x498A, 0x498A,
  0x418A, 0x418A, 0x418A, 0x418A, 0x49AA, 0x3969, 0x0021, 0x4963, 0xAB07, 0xA2E7, 0x1881, 0x18C5,
  0x49AB, 0x418A, 0x418A, 0x418A, 0x418A, 0x498A, 0x498A, 0x498A, 0x418A, 0x418A, 0x418A, 0x498A,
  0x498A, 0x418A, 0x498A, 0x498A, 0x498A, 0x498A, 0x498A, 0x498A, 0x498A, 0x498A, 0x498A, 0x498A,
  0x418A, 0x498A, 0x498A, 0x498A, 0x498A, 0x498A, 0x498A, 0x498A, 0x498A, 0x498A, 0x418A, 0x418A,
  0x498A, 0x498A, 0x418A, 0x418A, 0x418A, 0x418A, 0x418A, 0x418A, 0x418A, 0x418A, 0x418A, 0x418A,
  0x418A, 0x49AA, 0x2106, 0x9183, 0xA9C3, 0x40E1, 0x0821, 0x5102, 0xC1E3, 0xD3C4, 0xD2A4, 0x7122,
  0x2062, 0x2062, 0x6182, 0xA962, 0x48E3, 0x3969, 0x49AB, 0x418A, 0x418A, 0x418A, 0x416A, 0x416A,
  0x418A, 0x418A, 0x418A, 0x498A, 0x418A, 0x418A, 0x418A, 0x418A, 0x418A, 0x418A, 0x418A, 0x418A,
  0x498A, 0x418A, 0x498A, 0x418A, 0x498A, 0x498A, 0x498A, 0x418A, 0x418A, 0x418A, 0x418A, 0x418A,
  0x418A, 0x418A, 0x418A, 0x418A, 0x418A, 0x498A, 0x498A, 0x498A, 0x418A, 0x498A, 0x418A, 0x418A,
  0x418A, 0x418A, 0x418A, 0x418A, 0x418A, 0x498A, 0x498A, 0x498A, 0x498A, 0x498A, 0x418A, 0x418A,
  0x418A, 0x418A, 0x418A, 0x418A, 0x418A, 0x418A, 0x418A, 0x418A, 0x418A, 0x418A, 0x418A, 0x418A,
  0x498A, 0x498A, 0x498A, 0x498A, 0x498A, 0x418A, 0x418A, 0x418A, 0x418A, 0x418A, 0x418A, 0x418A,
  0x418A, 0x498A, 0x418A, 0x418A, 0x498A, 0x498A, 0x498A, 0x498A, 0x49AA, 0x498A, 0x3968, 0x18C3,
  0x49C6, 0x8B2A, 0x49C6, 0x10E6, 0x29EC, 0x3AAF, 0x6392, 0x6BD2, 0x324E, 0x2A2E, 0x21CC, 0x21AB,
  0x21AB, 0x218B, 0x218B, 0x21AB, 0x21AB, 0x21AB, 0x21AB, 0x21AB, 0x21AB, 0x21AB, 0x21AB, 0x21AB,
  0x21AB, 0x21AB, 0x21AB, 0x21AB, 0x21AB, 0x21AB, 0x21AB, 0x21AB, 0x21AB, 0x21AB, 0x21AB, 0x21AB,
  0x21AB, 0x21AB, 0x21AB, 0x21AB, 0x21AB, 0x21AB, 0x218B, 0x218A, 0x218A, 0x21AB, 0x21AB, 0x21AB,
  0x21AB, 0x21AB, 0x21CC, 0x198A, 0x1106, 0x21EC, 0x42F1, 0x2A0D, 0x2A0D, 0x21CC, 0x198A, 0x1969,
  0x1906, 0x10C5, 0x10A3, 0x2104, 0x3165, 0x20C2, 0x1062, 0x3948, 0x4169, 0x498A, 0x498A, 0x498A,
  0x418A, 0x418A, 0x418A, 0x418A, 0x418A, 0x418A, 0x4169, 0x0821, 0x5163, 0xB308, 0x92C7, 0x2081,
  0x20C5, 0x49AB, 0x418A, 0x418A, 0x418A, 0x418A, 0x418A, 0x418A, 0x418A, 0x418A, 0x418A, 0x418A,
  0x498A, 0x498A, 0x418A, 0x498A, 0x498A, 0x498A, 0x418A, 0x418A, 0x498A, 0x498A, 0x418A, 0x418A,
  0x418A, 0x418A, 0x498A, 0x418A, 0x498A, 0x498A, 0x498A, 0x498A, 0x418A, 0x418A, 0x418A, 0x498A,
  0x498A, 0x418A, 0x418A, 0x418A, 0x418A, 0x418A, 0x418A, 0x418A, 0x418A, 0x498A, 0x418A, 0x418A,
  0x418A, 0x49AA, 0x4189, 0x0821, 0xC264, 0xE3A5, 0xAA43, 0xD223, 0xDB44, 0xE5E8, 0xE465, 0xE304,
  0xB1E2, 0xBAA3, 0xE3A4, 0x50C1, 0x18C5, 0x51CB, 0x418A, 0x418A, 0x418A, 0x418A, 0x416A, 0x416A,
  0x418A, 0x418A, 0x418A, 0x418A, 0x418A, 0x418A, 0x418A, 0x418A, 0x418A, 0x418A, 0x498A, 0x498A,
  0x498A, 0x418A, 0x418A, 0x418A, 0x418A, 0x418A, 0x418A, 0x418A, 0x418A, 0x418A, 0x418A, 0x418A,
  0x418A, 0x418A, 0x418A, 0x418A, 0x418A, 0x418A, 0x418A, 0x498A, 0x418A, 0x418A, 0x418A, 0x418A,
  0x418A, 0x418A, 0x418A, 0x418A, 0x498A, 0x498A, 0x498A, 0x498A, 0x498A, 0x498A, 0x418A, 0x418A,
  0x418A, 0x418A, 0x418A, 0x418A, 0x418A, 0x418A, 0x418A, 0x418A, 0x418A, 0x418A, 0x418A, 0x418A,
  0x418A, 0x418A, 0x498A, 0x418A, 0x498A, 0x418A, 0x418A, 0x498A, 0x498A, 0x498A, 0x498A, 0x418A,
  0x418A, 0x418A, 0x418A, 0x498A, 0x418A, 0x418A, 0x418A, 0x418A, 0x49AA, 0x4189, 0x0021, 0x5A06,
  0x82E9, 0x5207, 0x10C5, 0x3A6E, 0x5B51, 0x5310, 0x3A6E, 0x19CC, 0x21CC, 0x21AB, 0x21AB, 0x21AB,
  0x21AB, 0x21AB, 0x21AB, 0x21AB, 0x21AB, 0x21AB, 0x21AB, 0x21AB, 0x21AB, 0x21AB, 0x21AB, 0x21AB,
  0x21AB, 0x21AB, 0x21AB, 0x21AC, 0x21CC, 0x21AB, 0x21AB, 0x21AB, 0x21AB, 0x21AB, 0x21AB, 0x21AB,
  0x21AB, 0x21AB, 0x21AB, 0x21AB, 0x21AC, 0x21AB, 0x21AB, 0x21AB, 0x21AB, 0x21AB, 0x21AB, 0x21AB,
  0x21AB, 0x21AB, 0x21AB, 0x21AB, 0x1969, 0x10C5, 0x196A, 0x21AB, 0x1969, 0x1969, 0x1949, 0x1107,
  0x10C4, 0x1083, 0x1948, 0x10C5, 0x18A2, 0x3965, 0x20C3, 0x0020, 0x28E6, 0x49CB, 0x418A, 0x418A,
  0x418A, 0x418A, 0x418A, 0x418A, 0x418A, 0x418A, 0x498A, 0x3948, 0x0841, 0x5963, 0xB308, 0x9AC7,
  0x1860, 0x20C5, 0x49AB, 0x416A, 0x418A, 0x418A, 0x498A, 0x498A, 0x498A, 0x418A, 0x418A, 0x498A,
  0x498A, 0x418A, 0x498A, 0x418A, 0x498A, 0x498A, 0x498A, 0x418A, 0x498A, 0x498A, 0x418A, 0x418A,
  0x418A, 0x418A, 0x498A, 0x418A, 0x418A, 0x418A, 0x418A, 0x418A, 0x418A, 0x418A, 0x418A, 0x418A,
  0x418A, 0x418A, 0x418A, 0x418A, 0x418A, 0x418A, 0x418A, 0x418A, 0x418A, 0x498A, 0x418A, 0x418A,
  0x418A, 0x418A, 0x51AB, 0x2106, 0x4861, 0xE403, 0xE545, 0xD425, 0xDD04, 0xE62A, 0xE629, 0xDCC3,
  0xD4A4, 0xED44, 0xA222, 0x1863, 0x49AA, 0x418A, 0x418A, 0x418A, 0x418A, 0x418A, 0x418A, 0x416A,
  0x498A, 0x418A, 0x418A, 0x418A, 0x418A, 0x418A, 0x418A, 0x418A, 0x418A, 0x498A, 0x498A, 0x418A,
  0x418A, 0x418A, 0x418A, 0x418A, 0x418A, 0x418A, 0x418A, 0x418A, 0x418A, 0x418A, 0x418A, 0x418A,
  0x418A, 0x418A, 0x418A, 0x418A, 0x498A, 0x498A, 0x418A, 0x418A, 0x418A, 0x418A, 0x418A, 0x418A,
  0x418A, 0x418A, 0x418A, 0x418A, 0x498A, 0x498A, 0x498A, 0x498A, 0x498A, 0x498A, 0x498A, 0x418A,
  0x418A, 0x418A, 0x418A, 0x418A, 0x418A, 0x418A, 0x418A, 0x418A, 0x418A, 0x418A, 0x418A, 0x418A,
  0x418A, 0x418A, 0x418A, 0x498A, 0x418A, 0x498A, 0x498A, 0x498A, 0x418A, 0x498A, 0x498A, 0x498A,
  0x418A, 0x418A, 0x498A, 0x498A, 0x498A, 0x498A, 0x418A, 0x498A, 0x49AA, 0x18C4, 0x51E6, 0x7AC8,
  0x41A6, 0x2147, 0x3A90, 0x42D0, 0x326E, 0x21CC, 0x21CC, 0x21EC, 0x21CC, 0x21AC, 0x21AB, 0x21AB,
  0x21AB, 0x21AB, 0x21AB, 0x21AB, 0x21AB, 0x21AB, 0x21AB, 0x21AB, 0x21AB, 0x21AC, 0x21AB, 0x21AB,
  0x21AB, 0x21AB, 0x21AB, 0x21CC, 0x21CB, 0x21AB, 0x21AB, 0x21AB, 0x21AB, 0x21AB, 0x21AB, 0x21AB,
  0x21AB, 0x21AB, 0x21AB, 0x21AB, 0x21CC, 0x21CC, 0x21AB, 0x21AB, 0x21AB, 0x21AB, 0x21AB, 0x21AB,
  0x21AB, 0x21CC, 0x21AB, 0x21AB, 0x21AB, 0x196A, 0x10E6, 0x1907, 0x1107, 0x1106, 0x1106, 0x10C4,
  0x10C4, 0x1969, 0x1969, 0x1948, 0x10C4, 0x1082, 0x3965, 0x18A2, 0x1082, 0x3127, 0x418A, 0x418A,
  0x418A, 0x418A, 0x418A, 0x418A, 0x418A, 0x418A, 0x418A, 0x49AA, 0x3948, 0x0021, 0x5984, 0xB328,
  0x9286, 0x1061, 0x2906, 0x49AA, 0x498A, 0x498A, 0x498A, 0x49AA, 0x498A, 0x49AA, 0x498A, 0x498A,
  0x498A, 0x498A, 0x49AA, 0x49AA, 0x49AA, 0x49AA, 0x49AA, 0x49AA, 0x49AA, 0x49AA, 0x49AA, 0x498A,
  0x498A, 0x49AA, 0x49AA, 0x49AA, 0x49AA, 0x498A, 0x498A, 0x498A, 0x498A, 0x498A, 0x49AA, 0x49AA,
  0x498A, 0x498A, 0x498A, 0x498A, 0x49AA, 0x49AA, 0x49AA, 0x498A, 0x49AA, 0x49AA, 0x49AA, 0x49AA,
  0x49AA, 0x418A, 0x20E5, 0x0863, 0x78C2, 0xD2A1, 0xDD46, 0xEF13, 0xEE29, 0xF759, 0xEE8E, 0xEE6C,
  0xE629, 0xDBE3, 0xA963, 0x1882, 0x18C5, 0x498A, 0x418A, 0x418A, 0x418A, 0x418A, 0x418A, 0x418A,
  0x418A, 0x418A, 0x418A, 0x416A, 0x418A, 0x418A, 0x418A, 0x418A, 0x418A, 0x498A, 0x498A, 0x418A,
  0x418A, 0x418A, 0x418A, 0x418A, 0x418A, 0x418A, 0x418A, 0x418A, 0x418A, 0x418A, 0x418A, 0x418A,
  0x418A, 0x418A, 0x418A, 0x418A, 0x418A, 0x418A, 0x418A, 0x418A, 0x418A, 0x418A, 0x418A, 0x418A,
  0x418A, 0x418A, 0x498A, 0x498A, 0x498A, 0x498A, 0x498A, 0x498A, 0x498A, 0x498A, 0x498A, 0x418A,
  0x418A, 0x418A, 0x418A, 0x418A, 0x418A, 0x418A, 0x418A, 0x418A, 0x418A, 0x418A, 0x418A, 0x418A,
  0x418A, 0x418A, 0x418A, 0x498A, 0x418A, 0x498A, 0x498A, 0x498A, 0x418A, 0x418A, 0x498A, 0x418A,
  0x418A, 0x418A, 0x498A, 0x498A, 0x498A, 0x418A, 0x418A, 0x49CB, 0x20E6, 0x1082, 0x8309, 0x3944,
  0x29A9, 0x328F, 0x2A2E, 0x19AB, 0x19AA, 0x21AA, 0x218A, 0x198A, 0x198A, 0x198A, 0x198A, 0x196A,
  0x2169, 0x218A, 0x218A, 0x218A, 0x218A, 0x218A, 0x218A, 0x218B, 0x218B, 0x218A, 0x218A, 0x218A,
  0x1969, 0x218A, 0x21AB, 0x21AB, 0x21AB, 0x218A, 0x218A, 0x218A, 0x198A, 0x1969, 0x2189, 0x218A,
  0x218A, 0x218A, 0x218A, 0x198A, 0x218A, 0x198A, 0x1969, 0x1969, 0x198A, 0x218A, 0x1969, 0x1969,
  0x218A, 0x218A, 0x1969, 0x1969, 0x1969, 0x198A, 0x198A, 0x1948, 0x1107, 0x1928, 0x1948, 0x1927,
  0x1927, 0x1948, 0x1948, 0x1127, 0x1927, 0x1906, 0x18C3, 0x3144, 0x20C2, 0x0862, 0x498B, 0x418A,
  0x418A, 0x418A, 0x498A, 0x498A, 0x418A, 0x418A, 0x418A, 0x418A, 0x498A, 0x2907, 0x0841, 0x69C4,
  0xAAE7, 0x8A87, 0x1881, 0x0022, 0x0022, 0x0022, 0x0021, 0x0022, 0x0022, 0x0021, 0x0021, 0x0021,
  0x0021, 0x0022, 0x0022, 0x0022, 0x0022, 0x0842, 0x0022, 0x0022, 0x0022, 0x0022, 0x0022, 0x0022,
  0x0022, 0x0022, 0x0022, 0x0022, 0x0022, 0x0021, 0x0021, 0x0021, 0x0021, 0x0021, 0x0021, 0x0021,
  0x0021, 0x0021, 0x0021, 0x0022, 0x0022, 0x0042, 0x0042, 0x0022, 0x0022, 0x0022, 0x0022, 0x0022,
  0x1062, 0x1882, 0x0800, 0x70E2, 0xD223, 0xDBA4, 0xDD45, 0xEE4A, 0xEF18, 0xF77D, 0xEF3A, 0xEED0,
  0xE585, 0xD3C3, 0xD2A4, 0x9962, 0x3061, 0x1063, 0x4169, 0x498A, 0x418A, 0x418A, 0x418A, 0x418A,
  0x418A, 0x418A, 0x418A, 0x418A, 0x418A, 0x418A, 0x418A, 0x418A, 0x498A, 0x418A, 0x498A, 0x418A,
  0x418A, 0x418A, 0x498A, 0x498A, 0x498A, 0x498A, 0x498A, 0x498A, 0x498A, 0x418A, 0x418A, 0x418A,
  0x418A, 0x418A, 0x418A, 0x418A, 0x418A, 0x418A, 0x418A, 0x418A, 0x498A, 0x498A, 0x418A, 0x498A,
  0x498A, 0x498A, 0x498A, 0x498A, 0x418A, 0x498A, 0x498A, 0x498A, 0x498A, 0x498A, 0x418A, 0x418A,
  0x418A, 0x418A, 0x498A, 0x418A, 0x418A, 0x418A, 0x418A, 0x418A, 0x418A, 0x418A, 0x418A, 0x418A,
  0x418A, 0x418A, 0x418A, 0x418A, 0x418A, 0x418A, 0x418A, 0x418A, 0x418A, 0x418A, 0x418A, 0x418A,
  0x418A, 0x498A, 0x418A, 0x418A, 0x498A, 0x418A, 0x49AA, 0x2906, 0x3124, 0x59E6, 0x82E9, 0x2903,
  0x218A, 0x3290, 0x21AB, 0x0883, 0x0841, 0x0841, 0x0841, 0x0841, 0x0841, 0x0841, 0x0862, 0x0861,
  0x10E5, 0x1947, 0x0020, 0x0021, 0x0021, 0x0841, 0x0841, 0x1968, 0x21AB, 0x0862, 0x0841, 0x0841,
  0x0841, 0x10C4, 0x21AB, 0x21AB, 0x21AB, 0x10C4, 0x0841, 0x0041, 0x0842, 0x0862, 0x0862, 0x0841,
  0x0841, 0x0862, 0x0862, 0x0861, 0x0841, 0x0841, 0x0841, 0x0021, 0x0841, 0x0861, 0x0862, 0x0862,
  0x0841, 0x0021, 0x0841, 0x10C5, 0x0861, 0x0862, 0x0882, 0x0862, 0x0861, 0x0862, 0x0862, 0x0041,
  0x0021, 0x0041, 0x0841, 0x0841, 0x10A4, 0x1969, 0x0882, 0x3964, 0x3964, 0x20C3, 0x20C5, 0x4169,
  0x418A, 0x418A, 0x498A, 0x498A, 0x498A, 0x418A, 0x418A, 0x418A, 0x418A, 0x498A, 0x3127, 0x0841,
  0x69A4, 0xBB28, 0x9286, 0x5183, 0x59A4, 0x59A4, 0x59A4, 0x59A4, 0x59A4, 0x59A4, 0x59A4, 0x59A4,
  0x59A4, 0x59A3, 0x51A3, 0x5183, 0x51A3, 0x59A4, 0x59A4, 0x59A4, 0x59A4, 0x59A4, 0x59A4, 0x59A4,
  0x59A4, 0x59A4, 0x59C4, 0x59A4, 0x59A4, 0x59A4, 0x51A4, 0x51A3, 0x59A4, 0x59A4, 0x59A4, 0x51A3,
  0x51A4, 0x59A4, 0x59C4, 0x51A3, 0x59A3, 0x59A3, 0x59A4, 0x59A4, 0x59A3, 0x51A4, 0x51A4, 0x61C4,
  0x28E2, 0x5881, 0xC943, 0xD344, 0xDC03, 0xE566, 0xEE8D, 0xEF17, 0xEF5C, 0xEF7D, 0xEF7D, 0xEED4,
  0xEE91, 0xE5EA, 0xDD63, 0xD384, 0xD244, 0x78C2, 0x0862, 0x4169, 0x418A, 0x418A, 0x418A, 0x418A,
  0x418A, 0x498A, 0x498A, 0x418A, 0x418A, 0x498A, 0x498A, 0x498A, 0x498A, 0x498A, 0x418A, 0x418A,
  0x418A, 0x418A, 0x498A, 0x498A, 0x498A, 0x498A, 0x498A, 0x498A, 0x418A, 0x418A, 0x418A, 0x418A,
  0x498A, 0x418A, 0x418A, 0x418A, 0x418A, 0x418A, 0x418A, 0x418A, 0x498A, 0x498A, 0x498A, 0x418A,
  0x418A, 0x418A, 0x418A, 0x418A, 0x418A, 0x498A, 0x418A, 0x498A, 0x498A, 0x498A, 0x418A, 0x418A,
  0x418A, 0x418A, 0x418A, 0x418A, 0x418A, 0x418A, 0x416A, 0x418A, 0x418A, 0x418A, 0x418A, 0x418A,
  0x418A, 0x418A, 0x418A, 0x498A, 0x418A, 0x498A, 0x498A, 0x418A, 0x418A, 0x418A, 0x418A, 0x418A,
  0x498A, 0x498A, 0x498A, 0x498A, 0x498A, 0x418A, 0x49AA, 0x1063, 0x4164, 0x8AE9, 0x49A6, 0x29A9,
  0x2A0D, 0x2A0D, 0x21CB, 0x0863, 0x7B24, 0xAC66, 0xA446, 0xAC67, 0xA446, 0xA426, 0xB4A7, 0x5A44,
  0x0042, 0x0862, 0x8B85, 0xA426, 0x9BE5, 0xAC46, 0x7B04, 0x0002, 0x18E5, 0x0861, 0x8B85, 0xB487,
  0x5223, 0x0863, 0x21CB, 0x21AB, 0x21AB, 0x0863, 0x6283, 0xB4A7, 0x8BA5, 0x1082, 0x0041, 0x7B25,
  0xBCC7, 0x6284, 0x0001, 0x5A64, 0xBCA6, 0xA446, 0xAC47, 0xA447, 0xAC67, 0x93E6, 0x1082, 0x18C2,
  0x9BE5, 0xAC45, 0x3163, 0x0002, 0x41A3, 0xB487, 0x9C06, 0x20E2, 0x0841, 0x8B85, 0xAC66, 0xA446,
  0xA426, 0xA426, 0xB487, 0x5223, 0x0863, 0x2169, 0x10E6, 0x18E3, 0x3944, 0x3944, 0x0020, 0x3948,
  0x498A, 0x418A, 0x498A, 0x498A, 0x498A, 0x498A, 0x498A, 0x418A, 0x418A, 0x418A, 0x49AA, 0x2906,
  0x1041, 0x6184, 0x9A86, 0xA2C7, 0xAAE7, 0xAAE7, 0xAAE7, 0xAB07, 0xAAE7, 0xAB08, 0xB308, 0xAB08,
  0xAAE7, 0xAAE7, 0xAAE7, 0xAAE7, 0xAAE7, 0xAAE7, 0xAAE7, 0xAB07, 0xAB08, 0xAAE7, 0xAAE7, 0xAAE7,
  0xAB07, 0xAB07, 0xAB08, 0xAB08, 0xAAE7, 0xAAE7, 0xAAE7, 0xAAE7, 0xAAE7, 0xAAE7, 0xAB07, 0xAB07,
  0xAB07, 0xAAE7, 0xAAE7, 0xAAE7, 0xAAE7, 0xAAE7, 0xAAE7, 0xAAE7, 0xAAE7, 0xAAE7, 0xAAE7, 0xB328,
  0x7205, 0x38A2, 0x70C2, 0xBA04, 0xD343, 0xE4E4, 0xEE2A, 0xEEF5, 0xEF5C, 0xF79E, 0xF79E, 0xEF18,
  0xE60C, 0xE587, 0xD3C3, 0xCA43, 0x7922, 0x40A2, 0x20E5, 0x4169, 0x418A, 0x418A, 0x418A, 0x418A,
  0x498A, 0x498A, 0x498A, 0x498A, 0x418A, 0x498A, 0x498A, 0x498A, 0x498A, 0x498A, 0x498A, 0x418A,
  0x418A, 0x498A, 0x498A, 0x498A, 0x498A, 0x498A, 0x498A, 0x498A, 0x498A, 0x418A, 0x418A, 0x418A,
  0x418A, 0x418A, 0x418A, 0x418A, 0x498A, 0x498A, 0x418A, 0x498A, 0x498A, 0x498A, 0x498A, 0x498A,
  0x498A, 0x418A, 0x418A, 0x418A, 0x418A, 0x418A, 0x418A, 0x498A, 0x498A, 0x498A, 0x418A, 0x418A,
  0x418A, 0x418A, 0x418A, 0x418A, 0x418A, 0x418A, 0x418A, 0x418A, 0x418A, 0x418A, 0x418A, 0x418A,
  0x418A, 0x498A, 0x418A, 0x498A, 0x418A, 0x418A, 0x498A, 0x498A, 0x418A, 0x418A, 0x418A, 0x498A,
  0x498A, 0x498A, 0x498A, 0x498A, 0x418A, 0x418A, 0x49AA, 0x1083, 0x3943, 0x82A8, 0x18A3, 0x21ED,
  0x2A0E, 0x218A, 0x21AA, 0x0042, 0x9C06, 0xE5C8, 0xD568, 0xD588, 0xDDA9, 0xD568, 0xE5C8, 0x6284,
  0x1081, 0x72E5, 0xCD48, 0xDD88, 0xCD47, 0xD547, 0xB4A7, 0x5223, 0x1081, 0x0861, 0xB4A7, 0xEE09,
  0x6AC4, 0x0063, 0x21CB, 0x218B, 0x21AB, 0x0043, 0x8365, 0xEE29, 0xB4A7, 0x1082, 0x0021, 0xA446,
  0xF649, 0x8345, 0x0000, 0x6AE4, 0xE5E8, 0xD588, 0xD588, 0xD588, 0xDDA8, 0xC4E8, 0x1082, 0x20E2,
  0xC507, 0xDDA8, 0x7B25, 0x18A2, 0x41C3, 0xDDA8, 0xC528, 0x20E2, 0x0041, 0xAC66, 0xDDA8, 0xD588,
  0xD567, 0xD548, 0xE5A8, 0x6AA4, 0x0063, 0x1968, 0x1948, 0x08A3, 0x2903, 0x3944, 0x0021, 0x3948,
  0x498A, 0x418A, 0x498A, 0x498A, 0x498A, 0x498A, 0x498A, 0x498A, 0x418A, 0x418A, 0x418A, 0x49AA,
  0x3127, 0x0841, 0x38C2, 0x4102, 0x4102, 0x4102, 0x4102, 0x40E2, 0x4102, 0x40E2, 0x4102, 0x4102,
  0x4102, 0x4102, 0x4102, 0x4102, 0x40E2, 0x40E2, 0x40E2, 0x40E2, 0x4102, 0x40E2, 0x40E2, 0x40E2,
  0x40E2, 0x40E2, 0x40E2, 0x4102, 0x4102, 0x4102, 0x40E2, 0x4102, 0x40E2, 0x40E2, 0x40E2, 0x4102,
  0x4102, 0x40E2, 0x4102, 0x4102, 0x40E2, 0x40E2, 0x40E2, 0x40E2, 0x40E2, 0x40E2, 0x40E2, 0x40E2,
  0x4902, 0x30A2, 0x0021, 0x4021, 0x9922, 0xCA83, 0xD463, 0xEE27, 0xEF16, 0xEF38, 0xEED4, 0xE66C,
  0xD4A1, 0xCAE3, 0xB983, 0x60C1, 0x1042, 0x2107, 0x49AB, 0x418A, 0x418A, 0x418A, 0x418A, 0x418A,
  0x498A, 0x498A, 0x498A, 0x498A, 0x418A, 0x418A, 0x418A, 0x418A, 0x498A, 0x498A, 0x498A, 0x498A,
  0x418A, 0x498A, 0x498A, 0x498A, 0x498A, 0x498A, 0x498A, 0x498A, 0x498A, 0x498A, 0x498A, 0x418A,
  0x418A, 0x418A, 0x418A, 0x418A, 0x498A, 0x498A, 0x498A, 0x498A, 0x498A, 0x498A, 0x498A, 0x498A,
  0x418A, 0x418A, 0x418A, 0x418A, 0x498A, 0x498A, 0x498A, 0x498A, 0x498A, 0x498A, 0x418A, 0x418A,
  0x418A, 0x418A, 0x418A, 0x418A, 0x418A, 0x418A, 0x418A, 0x418A, 0x418A, 0x418A, 0x418A, 0x418A,
  0x498A, 0x498A, 0x498A, 0x498A, 0x498A, 0x498A, 0x498A, 0x418A, 0x418A, 0x418A, 0x498A, 0x498A,
  0x498A, 0x498A, 0x498A, 0x498A, 0x418A, 0x418A, 0x49AA, 0x1083, 0x3943, 0x82A8, 0x18C3, 0x21ED,
  0x21ED, 0x218A, 0x1969, 0x0841, 0x2101, 0x3143, 0x62A4, 0xDD88, 0xBCC7, 0x3983, 0x3142, 0x0861,
  0x3142, 0xDDA8, 0xD568, 0x5A64, 0x20E1, 0x72C4, 0xD567, 0xC527, 0x20E2, 0x0861, 0xB487, 0xDDC8,
  0x6AA4, 0x0043, 0x21CB, 0x218B, 0x21AB, 0x0043, 0x7B24, 0xDDC8, 0xA446, 0x0861, 0x0041, 0x9C26,
  0xE608, 0x7B25, 0x0000, 0x62A4, 0xDDC8, 0xBCE7, 0x3963, 0x2922, 0x3143, 0x2922, 0x0841, 0x20E2,
  0xC507, 0xCD28, 0xDDA8, 0x41C3, 0x3142, 0xD547, 0xBCE7, 0x20E2, 0x0021, 0xA426, 0xDDA8, 0x7B45,
  0x2902, 0x3163, 0x3163, 0x18A1, 0x0883, 0x1948, 0x1928, 0x10A4, 0x2903, 0x3124, 0x0020, 0x3948,
  0x498A, 0x418A, 0x498A, 0x498A, 0x498A, 0x498A, 0x498A, 0x498A, 0x418A, 0x418A, 0x418A, 0x418A,
  0x49AB, 0x3107, 0x0021, 0x0021, 0x0021, 0x0021, 0x0021, 0x0021, 0x0021, 0x0021, 0x0021, 0x0041,
  0x0041, 0x0041, 0x0041, 0x0041, 0x0021, 0x0021, 0x0021, 0x0021, 0x0021, 0x0041, 0x0041, 0x0021,
  0x0021, 0x0021, 0x0021, 0x0021, 0x0021, 0x0021, 0x0021, 0x0041, 0x0041, 0x0041, 0x0021, 0x0021,
  0x0021, 0x0021, 0x0041, 0x0021, 0x0021, 0x0021, 0x0021, 0x0021, 0x0021, 0x0021, 0x0021, 0x0021,
  0x0021, 0x0841, 0x1062, 0x0021, 0x4821, 0xD2A2, 0xDD66, 0xE5A7, 0xE5A5, 0xEE6E, 0xE5C7, 0xD4E2,
  0xDD44, 0xDC04, 0x9142, 0x0001, 0x3928, 0x498A, 0x4169, 0x418A, 0x418A, 0x418A, 0x418A, 0x418A,
  0x498A, 0x498A, 0x498A, 0x498A, 0x498A, 0x418A, 0x418A, 0x418A, 0x418A, 0x498A, 0x498A, 0x498A,
  0x498A, 0x498A, 0x498A, 0x498A, 0x498A, 0x498A, 0x498A, 0x498A, 0x498A, 0x498A, 0x498A, 0x418A,
  0x498A, 0x418A, 0x418A, 0x418A, 0x418A, 0x498A, 0x418A, 0x498A, 0x498A, 0x498A, 0x498A, 0x498A,
  0x418A, 0x418A, 0x418A, 0x418A, 0x418A, 0x49AA, 0x498A, 0x498A, 0x498A, 0x498A, 0x498A, 0x418A,
  0x418A, 0x418A, 0x418A, 0x418A, 0x418A, 0x418A, 0x418A, 0x418A, 0x418A, 0x418A, 0x418A, 0x418A,
  0x418A, 0x418A, 0x498A, 0x418A, 0x498A, 0x498A, 0x498A, 0x498A, 0x418A, 0x418A, 0x498A, 0x498A,
  0x498A, 0x498A, 0x418A, 0x498A, 0x418A, 0x418A, 0x49AA, 0x1083, 0x3943, 0x7A87, 0x18A3, 0x21CC,
  0x21ED, 0x218A, 0x218A, 0x1906, 0x10E6, 0x0023, 0x49E3, 0xDDA8, 0xB4A7, 0x0841, 0x08A5, 0x0884,
  0x3142, 0xCD27, 0xCD47, 0x3162, 0x0000, 0x5A64, 0xD568, 0xB4A7, 0x18C2, 0x0861, 0xB487, 0xE5C8,
  0x6AA4, 0x0043, 0x21AB, 0x218A, 0x21AB, 0x0043, 0x7B24, 0xE5C8, 0xA466, 0x0861, 0x0841, 0xA426,
  0xE608, 0x7B45, 0x0000, 0x62A4, 0xDDA8, 0xB4A7, 0x0021, 0x0001, 0x0021, 0x0883, 0x0884, 0x20E2,
  0xCD28, 0xCD48, 0xCD68, 0x62A4, 0x3962, 0xD568, 0xC4E8, 0x20E2, 0x0041, 0xA426, 0xDDA7, 0x5A64,
  0x0001, 0x0021, 0x0041, 0x10A4, 0x18E6, 0x1928, 0x1948, 0x08A3, 0x28E3, 0x3124, 0x0020, 0x3948,
  0x498A, 0x498A, 0x498A, 0x498A, 0x498A, 0x498A, 0x498A, 0x498A, 0x498A, 0x498A, 0x498A, 0x498A,
  0x418A, 0x418A, 0x418A, 0x4189, 0x418A, 0x418A, 0x418A, 0x418A, 0x418A, 0x418A, 0x418A, 0x418A,
  0x418A, 0x498A, 0x498A, 0x418A, 0x498A, 0x498A, 0x418A, 0x418A, 0x418A, 0x418A, 0x418A, 0x418A,
  0x418A, 0x418A, 0x418A, 0x418A, 0x418A, 0x418A, 0x418A, 0x418A, 0x418A, 0x418A, 0x418A, 0x418A,
  0x418A, 0x418A, 0x418A, 0x418A, 0x418A, 0x4189, 0x4169, 0x418A, 0x418A, 0x418A, 0x418A, 0x418A,
  0x418A, 0x416A, 0x3948, 0x1883, 0x8962, 0xEC44, 0xDBC4, 0xCA63, 0xD402, 0xDDCA, 0xE548, 0xCAA2,
  0xD323, 0xEC84, 0xCB03, 0x40E2, 0x2907, 0x418A, 0x418A, 0x418A, 0x418A, 0x418A, 0x418A, 0x418A,
  0x498A, 0x498A, 0x498A, 0x498A, 0x498A, 0x498A, 0x418A, 0x418A, 0x418A, 0x498A, 0x498A, 0x498A,
  0x498A, 0x418A, 0x418A, 0x498A, 0x498A, 0x498A, 0x498A, 0x498A, 0x498A, 0x498A, 0x498A, 0x418A,
  0x498A, 0x418A, 0x418A, 0x418A, 0x418A, 0x498A, 0x498A, 0x498A, 0x498A, 0x498A, 0x498A, 0x498A,
  0x498A, 0x418A, 0x418A, 0x418A, 0x498A, 0x498A, 0x498A, 0x418A, 0x418A, 0x418A, 0x418A, 0x418A,
  0x418A, 0x418A, 0x418A, 0x418A, 0x418A, 0x418A, 0x418A, 0x418A, 0x418A, 0x418A, 0x418A, 0x418A,
  0x418A, 0x418A, 0x418A, 0x498A, 0x418A, 0x418A, 0x498A, 0x498A, 0x418A, 0x418A, 0x498A, 0x498A,
  0x498A, 0x498A, 0x498A, 0x498A, 0x418A, 0x418A, 0x49AA, 0x1083, 0x3943, 0x7A88, 0x10A3, 0x21AB,
  0x21ED, 0x218A, 0x21AB, 0x21AB, 0x21CB, 0x08A4, 0x5203, 0xDDA8, 0xB4A7, 0x1081, 0x1969, 0x10E7,
  0x3142, 0xCD28, 0xCD68, 0x39A3, 0x0001, 0x6284, 0xDD88, 0xBCC7, 0x18C2, 0x0841, 0xB487, 0xE5C8,
  0x6AA4, 0x0043, 0x21AB, 0x218A, 0x21AB, 0x0063, 0x7B24, 0xDDC8, 0xAC66, 0x0861, 0x0841, 0xA426,
  0xE5E8, 0x7B45, 0x0001, 0x6AC4, 0xDDA7, 0xBCC6, 0x5A44, 0x5A44, 0x2922, 0x10C4, 0x1927, 0x20E2,
  0xC508, 0xCD27, 0xCD47, 0xAC66, 0x5A64, 0xD568, 0xC508, 0x20E2, 0x0841, 0xA426, 0xDD87, 0x8385,
  0x4A04, 0x5224, 0x1081, 0x1906, 0x1949, 0x1928, 0x1948, 0x0883, 0x28E3, 0x3123, 0x0020, 0x3948,
  0x498A, 0x498A, 0x498A, 0x498A, 0x498A, 0x498A, 0x498A, 0x498A, 0x498A, 0x498A, 0x498A, 0x498A,
  0x418A, 0x418A, 0x418A, 0x418A, 0x418A, 0x418A, 0x498A, 0x418A, 0x498A, 0x498A, 0x498A, 0x498A,
  0x498A, 0x498A, 0x498A, 0x498A, 0x498A, 0x498A, 0x498A, 0x498A, 0x498A, 0x498A, 0x498A, 0x418A,
  0x418A, 0x498A, 0x498A, 0x498A, 0x498A, 0x498A, 0x498A, 0x498A, 0x498A, 0x418A, 0x498A, 0x418A,
  0x498A, 0x418A, 0x418A, 0x418A, 0x418A, 0x418A, 0x418A, 0x418A, 0x418A, 0x418A, 0x418A, 0x418A,
  0x418A, 0x498A, 0x2927, 0x4061, 0xEAC4, 0xBA83, 0x60A1, 0x90C3, 0xC9E4, 0xD482, 0xCAE3, 0xC183,
  0x78E2, 0x7141, 0xEB84, 0xA1C2, 0x1883, 0x418A, 0x418A, 0x418A, 0x418A, 0x418A, 0x418A, 0x498A,
  0x498A, 0x498A, 0x498A, 0x498A, 0x498A, 0x498A, 0x498A, 0x418A, 0x418A, 0x418A, 0x498A, 0x498A,
  0x498A, 0x418A, 0x418A, 0x418A, 0x498A, 0x498A, 0x498A, 0x498A, 0x498A, 0x498A, 0x498A, 0x498A,
  0x418A, 0x418A, 0x498A, 0x418A, 0x498A, 0x498A, 0x498A, 0x498A, 0x498A, 0x498A, 0x498A, 0x498A,
  0x498A, 0x498A, 0x418A, 0x418A, 0x418A, 0x498A, 0x418A, 0x418A, 0x498A, 0x418A, 0x418A, 0x418A,
  0x418A, 0x418A, 0x418A, 0x418A, 0x418A, 0x418A, 0x418A, 0x418A, 0x418A, 0x418A, 0x418A, 0x418A,
  0x418A, 0x418A, 0x498A, 0x498A, 0x418A, 0x418A, 0x418A, 0x498A, 0x498A, 0x498A, 0x498A, 0x498A,
  0x498A, 0x498A, 0x498A, 0x498A, 0x418A, 0x418A, 0x49AA, 0x1083, 0x3923, 0x7A67, 0x18A3, 0x198A,
  0x21CC, 0x21AB, 0x21AB, 0x218A, 0x21AB, 0x0084, 0x5203, 0xDDA8, 0xB4C7, 0x1081, 0x1948, 0x08C6,
  0x3142, 0xCD48, 0xD588, 0x41C3, 0x0001, 0x6284, 0xDD87, 0xBCC6, 0x18A2, 0x0841, 0xB487, 0xE5C8,
  0x6AC4, 0x0043, 0x21AB, 0x218A, 0x29CB, 0x0063, 0x7B24, 0xDDC8, 0xAC66, 0x1082, 0x0841, 0xA426,
  0xE5E8, 0x7B45, 0x0001, 0x6AC4, 0xDD87, 0xCD27, 0xD588, 0xE5C8, 0x6284, 0x0063, 0x1948, 0x20E2,
  0xC4E7, 0xCD27, 0xC527, 0xC508, 0xCD27, 0xCD27, 0xC508, 0x20E2, 0x0841, 0xAC46, 0xCD47, 0xCD47,
  0xDDA8, 0xCD47, 0x20E2, 0x10E6, 0x1949, 0x1948, 0x1928, 0x0883, 0x20E3, 0x3123, 0x0020, 0x3948,
  0x498A, 0x418A, 0x498A, 0x498A, 0x498A, 0x498A, 0x498A, 0x418A, 0x418A, 0x418A, 0x418A, 0x418A,
  0x418A, 0x418A, 0x418A, 0x418A, 0x418A, 0x418A, 0x418A, 0x418A, 0x498A, 0x498A, 0x498A, 0x498A,
  0x498A, 0x498A, 0x498A, 0x498A, 0x498A, 0x418A, 0x418A, 0x418A, 0x498A, 0x498A, 0x418A, 0x418A,
  0x418A, 0x418A, 0x418A, 0x418A, 0x418A, 0x418A, 0x418A, 0x418A, 0x418A, 0x418A, 0x418A, 0x418A,
  0x418A, 0x418A, 0x418A, 0x418A, 0x418A, 0x418A, 0x418A, 0x418A, 0x418A, 0x418A, 0x418A, 0x418A,
  0x418A, 0x418A, 0x1083, 0xA142, 0x78E1, 0x1841, 0x1083, 0x1041, 0xA162, 0xD3A4, 0xCA23, 0x5082,
  0x0863, 0x1083, 0x2061, 0xA142, 0x68C1, 0x2907, 0x49AA, 0x418A, 0x418A, 0x418A, 0x418A, 0x418A,
  0x498A, 0x498A, 0x498A, 0x498A, 0x498A, 0x498A, 0x498A, 0x498A, 0x498A, 0x418A, 0x498A, 0x498A,
  0x498A, 0x418A, 0x418A, 0x498A, 0x498A, 0x418A, 0x498A, 0x498A, 0x498A, 0x498A, 0x498A, 0x498A,
  0x498A, 0x498A, 0x498A, 0x498A, 0x498A, 0x498A, 0x498A, 0x498A, 0x498A, 0x498A, 0x498A, 0x498A,
  0x498A, 0x418A, 0x418A, 0x498A, 0x498A, 0x498A, 0x498A, 0x498A, 0x418A, 0x418A, 0x418A, 0x418A,
  0x418A, 0x418A, 0x418A, 0x418A, 0x418A, 0x418A, 0x418A, 0x418A, 0x418A, 0x418A, 0x418A, 0x418A,
  0x418A, 0x498A, 0x498A, 0x498A, 0x418A, 0x498A, 0x498A, 0x418A, 0x498A, 0x498A, 0x498A, 0x498A,
  0x498A, 0x498A, 0x498A, 0x498A, 0x498A, 0x418A, 0x49AA, 0x1083, 0x3103, 0x6A27, 0x18A3, 0x198A,
  0x21CC, 0x218B, 0x21AB, 0x21AB, 0x21CB, 0x0064, 0x5203, 0xDDA8, 0xB4C7, 0x1081, 0x1948, 0x08C6,
  0x3142, 0xD568, 0xD588, 0x41E3, 0x0001, 0x6284, 0xD567, 0xBCC6, 0x18C2, 0x0841, 0xB487, 0xE5C8,
  0x6AC4, 0x0063, 0x29CB, 0x21AB, 0x29CC, 0x0043, 0x7B04, 0xE5C8, 0xAC87, 0x1082, 0x0841, 0xA426,
  0xE5E8, 0x7B25, 0x0001, 0x62A4, 0xDDA8, 0xBCC7, 0x39A3, 0x3983, 0x18C1, 0x10A4, 0x1907, 0x20E1,
  0xC4E7, 0xCD47, 0x8345, 0xC507, 0xC507, 0xCD27, 0xC508, 0x20E2, 0x0841, 0xA426, 0xDD67, 0x7B25,
  0x3143, 0x39A3, 0x1082, 0x1906, 0x1969, 0x1948, 0x1927, 0x0883, 0x20E3, 0x3103, 0x0020, 0x3948,
  0x498A, 0x418A, 0x498A, 0x498A, 0x498A, 0x498A, 0x498A, 0x498A, 0x418A, 0x418A, 0x498A, 0x418A,
  0x418A, 0x418A, 0x418A, 0x418A, 0x418A, 0x418A, 0x418A, 0x418A, 0x418A, 0x498A, 0x498A, 0x498A,
  0x498A, 0x498A, 0x498A, 0x498A, 0x418A, 0x418A, 0x418A, 0x418A, 0x498A, 0x498A, 0x498A, 0x498A,
  0x418A, 0x418A, 0x418A, 0x418A, 0x418A, 0x418A, 0x418A, 0x418A, 0x418A, 0x418A, 0x418A, 0x418A,
  0x418A, 0x418A, 0x418A, 0x418A, 0x418A, 0x418A, 0x418A, 0x418A, 0x418A, 0x418A, 0x418A, 0x498A,
  0x418A, 0x418A, 0x3148, 0x28A3, 0x28E6, 0x3148, 0x49AA, 0x3127, 0x1861, 0xB163, 0x60C1, 0x0883,
  0x4189, 0x4189, 0x2928, 0x28C5, 0x1883, 0x3948, 0x498A, 0x418A, 0x418A, 0x418A, 0x418A, 0x418A,
  0x498A, 0x498A, 0x498A, 0x498A, 0x498A, 0x498A, 0x498A, 0x418A, 0x418A, 0x498A, 0x498A, 0x498A,
  0x498A, 0x498A, 0x498A, 0x418A, 0x418A, 0x418A, 0x498A, 0x498A, 0x498A, 0x498A, 0x498A, 0x498A,
  0x498A, 0x498A, 0x498A, 0x498A, 0x498A, 0x498A, 0x498A, 0x418A, 0x498A, 0x498A, 0x498A, 0x498A,
  0x498A, 0x498A, 0x498A, 0x498A, 0x498A, 0x49AA, 0x498A, 0x498A, 0x418A, 0x418A, 0x418A, 0x418A,
  0x418A, 0x418A, 0x418A, 0x418A, 0x498A, 0x418A, 0x418A, 0x418A, 0x418A, 0x418A, 0x418A, 0x418A,
  0x418A, 0x418A, 0x418A, 0x498A, 0x498A, 0x498A, 0x498A, 0x418A, 0x498A, 0x498A, 0x498A, 0x498A,
  0x498A, 0x498A, 0x498A, 0x498A, 0x498A, 0x418A, 0x49AA, 0x1083, 0x3103, 0x6A06, 0x10A3, 0x198B,
  0x21CC, 0x218B, 0x21AB, 0x218B, 0x21CB, 0x0064, 0x5203, 0xDDA8, 0xB4C7, 0x1081, 0x1948, 0x08C6,
  0x3142, 0xCD48, 0xD568, 0x3983, 0x0000, 0x5A43, 0xD567, 0xB4A6, 0x18C2, 0x0841, 0xB487, 0xE5C8,
  0x6284, 0x0001, 0x08A4, 0x0884, 0x10C5, 0x0001, 0x7304, 0xDDA8, 0xAC67, 0x0021, 0x0001, 0x9C06,
  0xE5C8, 0x7304, 0x0000, 0x6263, 0xDDA7, 0xB4A7, 0x0022, 0x0001, 0x0001, 0x0042, 0x0883, 0x18C1,
  0xBCC7, 0xD588, 0x4A04, 0x62A4, 0xD547, 0xC507, 0xC4E7, 0x20E2, 0x0841, 0xA426, 0xDD87, 0x6284,
  0x0001, 0x0001, 0x0001, 0x0883, 0x18E5, 0x1948, 0x1927, 0x0883, 0x20E3, 0x2903, 0x0020, 0x3948,
  0x498A, 0x418A, 0x498A, 0x498A, 0x498A, 0x498A, 0x498A, 0x498A, 0x498A, 0x498A, 0x498A, 0x498A,
  0x498A, 0x418A, 0x418A, 0x418A, 0x418A, 0x418A, 0x418A, 0x418A, 0x418A, 0x498A, 0x498A, 0x498A,
  0x498A, 0x498A, 0x498A, 0x498A, 0x418A, 0x418A, 0x418A, 0x498A, 0x418A, 0x498A, 0x498A, 0x498A,
  0x418A, 0x418A, 0x418A, 0x418A, 0x418A, 0x418A, 0x498A, 0x418A, 0x418A, 0x418A, 0x418A, 0x418A,
  0x418A, 0x418A, 0x418A, 0x418A, 0x418A, 0x418A, 0x418A, 0x418A, 0x418A, 0x418A, 0x418A, 0x418A,
  0x498A, 0x418A, 0x49AA, 0x418A, 0x49AA, 0x498A, 0x418A, 0x498A, 0x2927, 0x3861, 0x2883, 0x3949,
  0x498A, 0x418A, 0x49AA, 0x41AA, 0x418A, 0x418A, 0x418A, 0x418A, 0x418A, 0x418A, 0x418A, 0x418A,
  0x498A, 0x498A, 0x498A, 0x498A, 0x498A, 0x498A, 0x418A, 0x418A, 0x418A, 0x418A, 0x418A, 0x498A,
  0x498A, 0x498A, 0x498A, 0x418A, 0x418A, 0x418A, 0x498A, 0x498A, 0x498A, 0x498A, 0x498A, 0x498A,
  0x498A, 0x498A, 0x498A, 0x498A, 0x498A, 0x498A, 0x498A, 0x498A, 0x498A, 0x498A, 0x498A, 0x498A,
  0x498A, 0x498A, 0x498A, 0x498A, 0x498A, 0x49AA, 0x49AA, 0x498A, 0x498A, 0x418A, 0x418A, 0x418A,
  0x418A, 0x498A, 0x498A, 0x498A, 0x498A, 0x498A, 0x418A, 0x418A, 0x418A, 0x418A, 0x418A, 0x418A,
  0x418A, 0x418A, 0x498A, 0x498A, 0x498A, 0x418A, 0x418A, 0x418A, 0x418A, 0x498A, 0x498A, 0x498A,
  0x498A, 0x498A, 0x498A, 0x498A, 0x498A, 0x418A, 0x498A, 0x1083, 0x3103, 0x6A27, 0x18A3, 0x198A,
  0x21CC, 0x21AB, 0x21AB, 0x218A, 0x21CB, 0x0084, 0x5203, 0xDDA8, 0xB4C7, 0x1081, 0x1948, 0x10C6,
  0x3982, 0xDDA8, 0xCD27, 0x6AC4, 0x41A2, 0x8365, 0xD568, 0xC527, 0x18C2, 0x0841, 0xAC66, 0xD567,
  0x8BA5, 0x4A03, 0x5A44, 0x5A64, 0x20E1, 0x0000, 0x8386, 0xE5E8, 0xB486, 0x5203, 0x5223, 0xAC67,
  0xE5E8, 0x7B45, 0x0000, 0x6284, 0xDD88, 0xBCE7, 0x5A44, 0x5223, 0x5A64, 0x4A04, 0x0841, 0x2102,
  0xBCA6, 0xD547, 0x41C3, 0x18A1, 0x93C5, 0xC507, 0xBCE7, 0x20E2, 0x0841, 0xA426, 0xD567, 0x8B85,
  0x41C3, 0x5223, 0x5A64, 0x2922, 0x0883, 0x1948, 0x1927, 0x08A3, 0x20E3, 0x2903, 0x0021, 0x3948,
  0x418A, 0x418A, 0x498A, 0x498A, 0x498A, 0x498A, 0x498A, 0x498A, 0x498A, 0x498A, 0x498A, 0x418A,
  0x498A, 0x498A, 0x418A, 0x418A, 0x418A, 0x418A, 0x418A, 0x418A, 0x418A, 0x498A, 0x498A, 0x498A,
  0x498A, 0x498A, 0x498A, 0x498A, 0x498A, 0x498A, 0x498A, 0x498A, 0x498A, 0x418A, 0x418A, 0x498A,
  0x418A, 0x418A, 0x418A, 0x418A, 0x418A, 0x418A, 0x418A, 0x418A, 0x418A, 0x418A, 0x498A, 0x498A,
  0x418A, 0x418A, 0x418A, 0x498A, 0x498A, 0x418A, 0x418A, 0x418A, 0x418A, 0x418A, 0x418A, 0x418A,
  0x418A, 0x418A, 0x418A, 0x498A, 0x418A, 0x418A, 0x418A, 0x418A, 0x49AA, 0x20E6, 0x3148, 0x49AB,
  0x418A, 0x418A, 0x418A, 0x418A, 0x418A, 0x418A, 0x418A, 0x418A, 0x418A, 0x418A, 0x418A, 0x418A,
  0x498A, 0x418A, 0x498A, 0x498A, 0x418A, 0x498A, 0x498A, 0x418A, 0x418A, 0x418A, 0x498A, 0x498A,
  0x498A, 0x498A, 0x498A, 0x498A, 0x498A, 0x418A, 0x498A, 0x498A, 0x498A, 0x498A, 0x498A, 0x498A,
  0x498A, 0x498A, 0x49AA, 0x49AA, 0x498A, 0x498A, 0x498A, 0x498A, 0x498A, 0x498A, 0x498A, 0x498A,
  0x498A, 0x498A, 0x498A, 0x498A, 0x498A, 0x498A, 0x498A, 0x498A, 0x498A, 0x498A, 0x418A, 0x418A,
  0x418A, 0x498A, 0x498A, 0x498A, 0x498A, 0x498A, 0x418A, 0x418A, 0x418A, 0x418A, 0x418A, 0x418A,
  0x418A, 0x418A, 0x498A, 0x498A, 0x498A, 0x498A, 0x418A, 0x418A, 0x498A, 0x498A, 0x498A, 0x498A,
  0x498A, 0x498A, 0x498A, 0x498A, 0x498A, 0x418A, 0x498A, 0x1083, 0x28E3, 0x6A27, 0x10A3, 0x1949,
  0x21CC, 0x21AB, 0x21AB, 0x21AA, 0x21CB, 0x0064, 0x5A23, 0xEE08, 0xBCE7, 0x1061, 0x1927, 0x1928,
  0x2103, 0x7B25, 0xC507, 0xD567, 0xD547, 0xD567, 0xBCC6, 0x7304, 0x1081, 0x0861, 0xBCC7, 0xDD88,
  0xDD88, 0xDDA8, 0xDD88, 0xEE08, 0x4A03, 0x0001, 0x5204, 0xA446, 0xD567, 0xD567, 0xDDA8, 0xDD87,
  0xA446, 0x49E3, 0x0001, 0x6AE5, 0xE5E8, 0xD547, 0xDDA7, 0xDDA8, 0xEE09, 0xC508, 0x0861, 0x2102,
  0xC507, 0xD567, 0x49E3, 0x0000, 0x41A3, 0xDDA7, 0xC527, 0x2103, 0x0861, 0xB466, 0xD567, 0xCD47,
  0xD547, 0xD547, 0xEDE8, 0x6AC4, 0x0043, 0x1927, 0x1907, 0x08A3, 0x20E3, 0x2903, 0x0020, 0x3948,
  0x418A, 0x418A, 0x498A, 0x498A, 0x498A, 0x498A, 0x498A, 0x498A, 0x498A, 0x498A, 0x498A, 0x498A,
  0x498A, 0x418A, 0x418A, 0x418A, 0x418A, 0x418A, 0x418A, 0x498A, 0x498A, 0x498A, 0x498A, 0x498A,
  0x498A, 0x498A, 0x498A, 0x498A, 0x498A, 0x498A, 0x498A, 0x498A, 0x498A, 0x498A, 0x498A, 0x498A,
  0x498A, 0x498A, 0x498A, 0x418A, 0x498A, 0x498A, 0x498A, 0x498A, 0x418A, 0x418A, 0x498A, 0x498A,
  0x498A, 0x418A, 0x418A, 0x498A, 0x498A, 0x418A, 0x418A, 0x418A, 0x418A, 0x418A, 0x418A, 0x418A,
  0x418A, 0x498A, 0x498A, 0x418A, 0x418A, 0x418A, 0x418A, 0x418A, 0x418A, 0x49AB, 0x498A, 0x418A,
  0x418A, 0x418A, 0x418A, 0x418A, 0x418A, 0x418A, 0x418A, 0x418A, 0x418A, 0x418A, 0x418A, 0x418A,
  0x498A, 0x498A, 0x498A, 0x498A, 0x498A, 0x498A, 0x498A, 0x418A, 0x418A, 0x418A, 0x498A, 0x498A,
  0x498A, 0x498A, 0x498A, 0x498A, 0x498A, 0x498A, 0x498A, 0x498A, 0x498A, 0x498A, 0x498A, 0x498A,
  0x498A, 0x498A, 0x498A, 0x498A, 0x498A, 0x498A, 0x498A, 0x498A, 0x498A, 0x498A, 0x498A, 0x498A,
  0x498A, 0x498A, 0x498A, 0x498A, 0x498A, 0x498A, 0x498A, 0x498A, 0x498A, 0x418A, 0x498A, 0x498A,
  0x418A, 0x498A, 0x418A, 0x498A, 0x498A, 0x498A, 0x418A, 0x418A, 0x418A, 0x418A, 0x418A, 0x498A,
  0x418A, 0x418A, 0x418A, 0x498A, 0x498A, 0x498A, 0x498A, 0x498A, 0x498A, 0x498A, 0x498A, 0x498A,
  0x498A, 0x498A, 0x498A, 0x498A, 0x498A, 0x418A, 0x498A, 0x18C4, 0x28E3, 0x49A5, 0x2904, 0x1906,
  0x1969, 0x21AB, 0x21AB, 0x21AB, 0x21AB, 0x0884, 0x41A2, 0xAC66, 0x8BA5, 0x1061, 0x1927, 0x21AB,
  0x1928, 0x0021, 0x8345, 0xA406, 0x93C5, 0x9BE5, 0x72E4, 0x0001, 0x0883, 0x0861, 0x8B85, 0xA426,
  0x9C06, 0x9BE5, 0x9BE5, 0x9BE5, 0x3162, 0x0883, 0x0043, 0x3162, 0xA405, 0x93C5, 0x93C5, 0xA405,
  0x3162, 0x0063, 0x0863, 0x5223, 0xAC46, 0x9BE5, 0x93C5, 0x9BE5, 0xA426, 0x8365, 0x0861, 0x18C2,
  0x8B85, 0x9BE5, 0x3983, 0x0021, 0x39A3, 0xAC46, 0x93C5, 0x18C2, 0x0861, 0x8345, 0xA405, 0x93C5,
  0x93C5, 0x93C5, 0x9BE5, 0x49E2, 0x0884, 0x1928, 0x10A4, 0x10A3, 0x20E3, 0x20E3, 0x1062, 0x3949,
  0x418A, 0x418A, 0x498A, 0x498A, 0x498A, 0x498A, 0x498A, 0x498A, 0x498A, 0x498A, 0x498A, 0x498A,
  0x498A, 0x498A, 0x418A, 0x418A, 0x418A, 0x418A, 0x498A, 0x498A, 0x498A, 0x498A, 0x498A, 0x498A,
  0x498A, 0x498A, 0x498A, 0x498A, 0x498A, 0x498A, 0x498A, 0x498A, 0x498A, 0x498A, 0x498A, 0x498A,
  0x498A, 0x498A, 0x498A, 0x498A, 0x498A, 0x498A, 0x498A, 0x498A, 0x418A, 0x498A, 0x498A, 0x498A,
  0x498A, 0x498A, 0x498A, 0x418A, 0x498A, 0x418A, 0x418A, 0x418A, 0x418A, 0x418A, 0x418A, 0x418A,
  0x418A, 0x418A, 0x418A, 0x418A, 0x418A, 0x418A, 0x418A, 0x418A, 0x418A, 0x418A, 0x418A, 0x418A,
  0x418A, 0x418A, 0x418A, 0x418A, 0x418A, 0x418A, 0x418A, 0x418A, 0x418A, 0x418A, 0x418A, 0x418A,
  0x498A, 0x498A, 0x498A, 0x498A, 0x498A, 0x498A, 0x498A, 0x498A, 0x418A, 0x418A, 0x418A, 0x498A,
  0x498A, 0x498A, 0x498A, 0x498A, 0x498A, 0x498A, 0x498A, 0x498A, 0x498A, 0x498A, 0x498A, 0x498A,
  0x498A, 0x498A, 0x498A, 0x498A, 0x498A, 0x498A, 0x498A, 0x498A, 0x498A, 0x498A, 0x498A, 0x498A,
  0x498A, 0x498A, 0x498A, 0x498A, 0x498A, 0x498A, 0x498A, 0x498A, 0x498A, 0x418A, 0x418A, 0x418A,
  0x418A, 0x418A, 0x418A, 0x418A, 0x418A, 0x418A, 0x418A, 0x418A, 0x418A, 0x418A, 0x498A, 0x498A,
  0x498A, 0x418A, 0x418A, 0x418A, 0x418A, 0x418A, 0x418A, 0x498A, 0x498A, 0x498A, 0x498A, 0x498A,
  0x498A, 0x498A, 0x498A, 0x498A, 0x498A, 0x418A, 0x418A, 0x49AA, 0x28E6, 0x18A2, 0x5A07, 0x18A2,
  0x10E6, 0x218A, 0x218A, 0x218A, 0x21AB, 0x10C5, 0x0841, 0x0842, 0x0862, 0x1062, 0x1948, 0x218A,
  0x21AB, 0x1906, 0x0041, 0x0862, 0x0841, 0x0041, 0x0861, 0x18E5, 0x218A, 0x0862, 0x0841, 0x0041,
  0x0842, 0x0862, 0x0862, 0x0042, 0x0862, 0x1927, 0x1948, 0x0841, 0x0021, 0x0862, 0x0862, 0x0041,
  0x0861, 0x1969, 0x10E5, 0x0841, 0x0041, 0x0841, 0x0841, 0x0841, 0x0041, 0x0841, 0x0882, 0x0862,
  0x0041, 0x0842, 0x0882, 0x10E4, 0x0862, 0x0842, 0x0841, 0x0861, 0x1082, 0x0862, 0x0862, 0x0862,
  0x0862, 0x0841, 0x0021, 0x0841, 0x10C4, 0x1927, 0x0882, 0x20C3, 0x18A2, 0x1083, 0x418A, 0x418A,
  0x418A, 0x418A, 0x418A, 0x498A, 0x498A, 0x498A, 0x498A, 0x498A, 0x498A, 0x498A, 0x498A, 0x498A,
  0x498A, 0x498A, 0x418A, 0x498A, 0x418A, 0x418A, 0x418A, 0x498A, 0x498A, 0x498A, 0x498A, 0x498A,
  0x498A, 0x498A, 0x498A, 0x498A, 0x498A, 0x498A, 0x418A, 0x498A, 0x498A, 0x498A, 0x498A, 0x498A,
  0x498A, 0x498A, 0x498A, 0x498A, 0x498A, 0x498A, 0x498A, 0x498A, 0x498A, 0x498A, 0x498A, 0x498A,
  0x498A, 0x498A, 0x418A, 0x418A, 0x418A, 0x418A, 0x418A, 0x418A, 0x418A, 0x418A, 0x418A, 0x418A,
  0x418A, 0x418A, 0x418A, 0x418A, 0x498A, 0x418A, 0x418A, 0x418A, 0x418A, 0x418A, 0x418A, 0x418A,
  0x418A, 0x418A, 0x418A, 0x418A, 0x418A, 0x418A, 0x418A, 0x418A, 0x418A, 0x418A, 0x418A, 0x418A,
  0x498A, 0x498A, 0x498A, 0x498A, 0x498A, 0x498A, 0x498A, 0x498A, 0x498A, 0x498A, 0x498A, 0x498A,
  0x498A, 0x498A, 0x498A, 0x498A, 0x498A, 0x498A, 0x498A, 0x498A, 0x498A, 0x498A, 0x498A, 0x498A,
  0x498A, 0x498A, 0x498A, 0x498A, 0x49AA, 0x49AA, 0x498A, 0x498A, 0x498A, 0x498A, 0x498A, 0x498A,
  0x498A, 0x498A, 0x498A, 0x498A, 0x498A, 0x498A, 0x498A, 0x498A, 0x498A, 0x418A, 0x418A, 0x418A,
  0x418A, 0x418A, 0x418A, 0x418A, 0x418A, 0x418A, 0x498A, 0x498A, 0x418A, 0x498A, 0x498A, 0x498A,
  0x498A, 0x498A, 0x498A, 0x418A, 0x418A, 0x498A, 0x498A, 0x498A, 0x498A, 0x498A, 0x498A, 0x498A,
  0x498A, 0x498A, 0x498A, 0x498A, 0x418A, 0x418A, 0x418A, 0x49AB, 0x20E6, 0x1081, 0x4185, 0x3965,
  0x2104, 0x1106, 0x218A, 0x218A, 0x218A, 0x1969, 0x1969, 0x2189, 0x218A, 0x218A, 0x218A, 0x218A,
  0x218A, 0x218A, 0x218A, 0x2189, 0x2169, 0x2189, 0x2189, 0x2189, 0x218A, 0x218A, 0x218A, 0x2189,
  0x1969, 0x2169, 0x2169, 0x2169, 0x1969, 0x218A, 0x2169, 0x1969, 0x1969, 0x2189, 0x218A, 0x1969,
  0x1969, 0x218A, 0x2169, 0x1948, 0x1949, 0x2169, 0x2169, 0x1969, 0x1969, 0x1969, 0x1969, 0x1969,
  0x2169, 0x2189, 0x2169, 0x1969, 0x1948, 0x1948, 0x1948, 0x1948, 0x1948, 0x1948, 0x1948, 0x1948,
  0x1948, 0x1927, 0x1927, 0x1906, 0x1906, 0x10A3, 0x20E3, 0x2903, 0x1081, 0x1083, 0x418A, 0x418A,
  0x418A, 0x418A, 0x418A, 0x498A, 0x498A, 0x498A, 0x498A, 0x498A, 0x418A, 0x498A, 0x498A, 0x498A,
  0x498A, 0x498A, 0x498A, 0x498A, 0x498A, 0x498A, 0x498A, 0x498A, 0x498A, 0x498A, 0x498A, 0x498A,
  0x498A, 0x498A, 0x498A, 0x498A, 0x498A, 0x498A, 0x498A, 0x498A, 0x498A, 0x498A, 0x498A, 0x498A,
  0x498A, 0x498A, 0x498A, 0x498A, 0x498A, 0x418A, 0x418A, 0x418A, 0x498A, 0x498A, 0x498A, 0x498A,
  0x498A, 0x498A, 0x498A, 0x418A, 0x418A, 0x418A, 0x498A, 0x498A, 0x418A, 0x418A, 0x418A, 0x418A,
  0x418A, 0x418A, 0x418A, 0x418A, 0x498A, 0x418A, 0x418A, 0x418A, 0x418A, 0x418A, 0x418A, 0x418A,
  0x418A, 0x418A, 0x418A, 0x418A, 0x418A, 0x418A, 0x418A, 0x498A, 0x418A, 0x418A, 0x418A, 0x418A,
  0x498A, 0x498A, 0x498A, 0x498A, 0x498A, 0x498A, 0x498A, 0x498A, 0x498A, 0x498A, 0x498A, 0x498A,
  0x498A, 0x498A, 0x498A, 0x498A, 0x498A, 0x498A, 0x418A, 0x418A, 0x418A, 0x498A, 0x498A, 0x498A,
  0x498A, 0x498A, 0x498A, 0x498A, 0x49AA, 0x49AA, 0x498A, 0x498A, 0x498A, 0x498A, 0x498A, 0x498A,
  0x498A, 0x498A, 0x418A, 0x498A, 0x498A, 0x498A, 0x498A, 0x498A, 0x418A, 0x418A, 0x418A, 0x418A,
  0x418A, 0x418A, 0x418A, 0x418A, 0x418A, 0x498A, 0x498A, 0x498A, 0x418A, 0x498A, 0x498A, 0x498A,
  0x498A, 0x498A, 0x498A, 0x418A, 0x418A, 0x418A, 0x498A, 0x498A, 0x498A, 0x418A, 0x418A, 0x498A,
  0x498A, 0x498A, 0x498A, 0x498A, 0x418A, 0x418A, 0x418A, 0x498A, 0x3969, 0x2906, 0x0841, 0x49C5,
  0x3145, 0x08A5, 0x1948, 0x218A, 0x218A, 0x218A, 0x218A, 0x21AA, 0x218A, 0x218A, 0x218A, 0x218A,
  0x218A, 0x218A, 0x218A, 0x218A, 0x218A, 0x218A, 0x218A, 0x218A, 0x218A, 0x218A, 0x218A, 0x218A,
  0x218A, 0x218A, 0x218A, 0x218A, 0x218A, 0x218A, 0x2189, 0x218A, 0x218A, 0x218A, 0x218A, 0x218A,
  0x218A, 0x218A, 0x218A, 0x218A, 0x216A, 0x218A, 0x218A, 0x218A, 0x218A, 0x216A, 0x218A, 0x218A,
  0x218A, 0x218A, 0x218A, 0x1969, 0x1969, 0x1969, 0x1969, 0x1969, 0x1969, 0x1949, 0x1948, 0x1949,
  0x1949, 0x1948, 0x1928, 0x1906, 0x1083, 0x18A2, 0x2904, 0x1082, 0x18C4, 0x3969, 0x418A, 0x418A,
  0x418A, 0x418A, 0x418A, 0x498A, 0x498A, 0x498A, 0x498A, 0x498A, 0x418A, 0x418A, 0x498A, 0x498A,
  0x498A, 0x498A, 0x498A, 0x418A, 0x418A, 0x418A, 0x498A, 0x498A, 0x498A, 0x418A, 0x418A, 0x498A,
  0x418A, 0x418A, 0x418A, 0x418A, 0x498A, 0x498A, 0x418A, 0x418A, 0x498A, 0x498A, 0x418A, 0x418A,
  0x418A, 0x418A, 0x418A, 0x498A, 0x498A, 0x498A, 0x418A, 0x418A, 0x498A, 0x418A, 0x498A, 0x498A,
  0x498A, 0x498A, 0x498A, 0x418A, 0x418A, 0x418A, 0x418A, 0x498A, 0x418A, 0x418A, 0x418A, 0x418A,
  0x418A, 0x418A, 0x418A, 0x418A, 0x498A, 0x418A, 0x418A, 0x418A, 0x418A, 0x418A, 0x418A, 0x418A,
  0x418A, 0x418A, 0x418A, 0x418A, 0x418A, 0x418A, 0x418A, 0x498A, 0x418A, 0x418A, 0x418A, 0x418A,
  0x49AB, 0x49AB, 0x49AB, 0x49AB, 0x51AB, 0x51AB, 0x51AB, 0x49AB, 0x51AB, 0x51AB, 0x51AB, 0x49AB,
  0x49AB, 0x49AB, 0x49AB, 0x51AB, 0x49AB, 0x49AB, 0x49AB, 0x49AB, 0x49AB, 0x49AB, 0x49AB, 0x49AB,
  0x49AB, 0x49AB, 0x49AB, 0x51CB, 0x51CB, 0x51CB, 0x51CB, 0x51AB, 0x51AB, 0x49AB, 0x49AA, 0x49AB,
  0x49AB, 0x49AB, 0x49AB, 0x49AA, 0x49AB, 0x49AB, 0x49AB, 0x51CB, 0x49AB, 0x49AB, 0x49AB, 0x49AB,
  0x49AB, 0x49AB, 0x49AB, 0x49AB, 0x49AB, 0x49AB, 0x49AB, 0x49AB, 0x49AB, 0x49AB, 0x49AB, 0x49AB,
  0x49AB, 0x49AB, 0x49AB, 0x49AB, 0x49AB, 0x49AB, 0x49AB, 0x49AB, 0x49AB, 0x49AA, 0x49AA, 0x49AA,
  0x49AA, 0x49AB, 0x49AB, 0x49AB, 0x49AB, 0x49AB, 0x49AB, 0x49AB, 0x49AB, 0x418A, 0x28E6, 0x18A2,
  0x2924, 0x2925, 0x10C4, 0x10E5, 0x1969, 0x218A, 0x21AA, 0x218A, 0x218A, 0x218A, 0x218A, 0x218A,
  0x218A, 0x218A, 0x218A, 0x218A, 0x198A, 0x218A, 0x218A, 0x216A, 0x218A, 0x218A, 0x218A, 0x218A,
  0x218A, 0x198A, 0x218A, 0x218A, 0x218A, 0x2169, 0x2169, 0x218A, 0x198A, 0x1989, 0x196A, 0x198A,
  0x218A, 0x218A, 0x1989, 0x196A, 0x1969, 0x1969, 0x1969, 0x1969, 0x1969, 0x1969, 0x1969, 0x1969,
  0x1969, 0x1969, 0x1969, 0x1969, 0x1969, 0x1969, 0x1969, 0x1949, 0x1948, 0x1948, 0x1948, 0x1948,
  0x1928, 0x1927, 0x10C5, 0x10A3, 0x18A2, 0x20E3, 0x1061, 0x20E5, 0x4189, 0x51CB, 0x49AA, 0x498A,
  0x49AA, 0x49AB, 0x49AB, 0x49AB, 0x51AB, 0x51AB, 0x51AB, 0x49AB, 0x51AB, 0x49AB, 0x49AB, 0x49AB,
  0x49AB, 0x49AB, 0x49AB, 0x49AB, 0x49AB, 0x49AB, 0x49AA, 0x49AA, 0x49AA, 0x49AB, 0x49AB, 0x49AB,
  0x49AB, 0x49AB, 0x49AA, 0x49AA, 0x49AA, 0x49AB, 0x49AB, 0x49AB, 0x49AA, 0x49AB, 0x49AB, 0x49AB,
  0x49AB, 0x51AB, 0x49AB, 0x51AB, 0x51AB, 0x51AB, 0x49AB, 0x49AB, 0x49AB, 0x49AB, 0x49AB, 0x49AB,
  0x49AB, 0x49AA, 0x49AA, 0x49AA, 0x49AB, 0x49AA, 0x49AB, 0x49AB, 0x49AA, 0x49AA, 0x49AA, 0x49AA,
  0x49AB, 0x49AA, 0x49AA, 0x49AB, 0x49AB, 0x49AB, 0x49AB, 0x49AA, 0x49AB, 0x49AB, 0x49AB, 0x49AB,
  0x49AA, 0x49AA, 0x49AA, 0x49AA, 0x49AA, 0x49AA, 0x49AA, 0x49AA, 0x49AB, 0x49AB, 0x49AA, 0x49AA,
  0x51AB, 0x51AB, 0x51CB, 0x51AB, 0x51CB, 0x51CB, 0x51AB, 0x51CB, 0x51AB, 0x51AB, 0x51AB, 0x51AB,
  0x51AB, 0x51AB, 0x51AB, 0x51AB, 0x51AB, 0x51AB, 0x51AB, 0x51CB, 0x51AB, 0x51AB, 0x51AB, 0x51AB,
  0x51AB, 0x51AB, 0x51CB, 0x51CB, 0x51CB, 0x51CB, 0x51CB, 0x51CB, 0x51CB, 0x51AB, 0x51AB, 0x51AB,
  0x51AB, 0x51AB, 0x51CB, 0x51AB, 0x51AB, 0x51CB, 0x51CB, 0x51AB, 0x49AB, 0x49AB, 0x49AB, 0x51AB,
  0x49AB, 0x51AB, 0x49AB, 0x51AB, 0x51AB, 0x51CB, 0x51CB, 0x51AB, 0x49AB, 0x51AB, 0x51AB, 0x51AB,
  0x51AB, 0x51AB, 0x51AB, 0x51AB, 0x51AB, 0x51AB, 0x51AB, 0x51AB, 0x51AB, 0x51AB, 0x51AB, 0x51AB,
  0x51AB, 0x51AB, 0x51AB, 0x51AB, 0x51AB, 0x51CB, 0x51AB, 0x51AB, 0x49AB, 0x51CB, 0x49AB, 0x28E6,
  0x20C3, 0x20C2, 0x20E3, 0x18E4, 0x1106, 0x1927, 0x1948, 0x218A, 0x218A, 0x218A, 0x218A, 0x218A,
  0x218A, 0x218A, 0x218A, 0x198A, 0x198A, 0x218A, 0x218A, 0x218A, 0x218A, 0x218A, 0x218A, 0x218A,
  0x218A, 0x218A, 0x218A, 0x218A, 0x218A, 0x218A, 0x218A, 0x218A, 0x196A, 0x196A, 0x198A, 0x218A,
  0x218A, 0x218A, 0x218A, 0x218A, 0x196A, 0x1969, 0x2169, 0x1969, 0x1969, 0x1969, 0x2169, 0x1969,
  0x1969, 0x1969, 0x1969, 0x1989, 0x1969, 0x1969, 0x1949, 0x1949, 0x1948, 0x1948, 0x1948, 0x1907,
  0x10C5, 0x10C5, 0x10A3, 0x18A2, 0x18C3, 0x18A2, 0x18C4, 0x4169, 0x51CB, 0x49AA, 0x49AA, 0x49AA,
  0x49AA, 0x51AB, 0x51CB, 0x51CB, 0x51AB, 0x51AB, 0x51AB, 0x51CB, 0x51CB, 0x51AB, 0x49AB, 0x49AB,
  0x49AB, 0x49AB, 0x51AB, 0x51AB, 0x51AB, 0x51AB, 0x51AB, 0x49AB, 0x49AB, 0x49AB, 0x49AB, 0x49AB,
  0x49AB, 0x49AB, 0x49AB, 0x49AB, 0x49AB, 0x51AB, 0x51AB, 0x51AB, 0x51AB, 0x51AB, 0x51AB, 0x51AB,
  0x49AB, 0x51AB, 0x51AB, 0x51CB, 0x51AB, 0x51AB, 0x51CB, 0x51CB, 0x51AB, 0x49AB, 0x49AB, 0x51AB,
  0x51CB, 0x51AB, 0x49AA, 0x51AB, 0x49AB, 0x49AB, 0x51AB, 0x51AB, 0x51AB, 0x49AB, 0x49AB, 0x49AB,
  0x49AB, 0x49AB, 0x51CB, 0x51CB, 0x51CB, 0x51CB, 0x51AB, 0x49AB, 0x51AB, 0x51CB, 0x51CB, 0x51CB,
  0x49AB, 0x49AA, 0x49AA, 0x49AB, 0x49AB, 0x49AA, 0x49AA, 0x49AB, 0x51CB, 0x51CB, 0x51AB, 0x51AB,
  0x49AB, 0x49AB, 0x51AB, 0x51AB, 0x49AB, 0x51AB, 0x51AB, 0x49AB, 0x49AB, 0x49AB, 0x51AB, 0x51AB,
  0x51AB, 0x49AB, 0x49AB, 0x49AB, 0x51AB, 0x51AB, 0x51AB, 0x51AB, 0x49AB, 0x49AB, 0x49AA, 0x49AB,
  0x49AB, 0x49AB, 0x49AB, 0x51AB, 0x51AB, 0x51AB, 0x51AB, 0x51AB, 0x51AB, 0x51AB, 0x51AB, 0x51AB,
  0x49AB, 0x49AB, 0x51AB, 0x51AB, 0x51AB, 0x51AB, 0x51AB, 0x49AB, 0x49AB, 0x49AB, 0x49AB, 0x51AB,
  0x49AB, 0x51AB, 0x51AB, 0x51AB, 0x49AB, 0x49AB, 0x49AB, 0x49AA, 0x49AA, 0x49AB, 0x49AB, 0x49AB,
  0x49AB, 0x49AB, 0x49AB, 0x49AB, 0x49AB, 0x49AB, 0x51AB, 0x51AB, 0x51AB, 0x51AB, 0x49AB, 0x49AA,
  0x51AB, 0x51AB, 0x51AB, 0x51AB, 0x51AB, 0x51AB, 0x51CB, 0x49AB, 0x49AB, 0x49AB, 0x49AB, 0x51CB,
  0x20E5, 0x10A3, 0x20E3, 0x2904, 0x18C3, 0x10A3, 0x18C4, 0x1927, 0x1927, 0x1927, 0x1927, 0x1927,
  0x1927, 0x1927, 0x1927, 0x1927, 0x1927, 0x1927, 0x1927, 0x1927, 0x1927, 0x1927, 0x1927, 0x1927,
  0x1927, 0x1907, 0x1927, 0x1927, 0x1927, 0x1927, 0x1907, 0x1907, 0x1907, 0x1927, 0x1107, 0x1927,
  0x1927, 0x1927, 0x1927, 0x1927, 0x1927, 0x1927, 0x1927, 0x1927, 0x1927, 0x1907, 0x1907, 0x1907,
  0x1907, 0x1927, 0x1927, 0x1927, 0x1907, 0x1106, 0x1906, 0x1906, 0x1906, 0x1906, 0x10E5, 0x10A3,
  0x10A2, 0x18A3, 0x18C3, 0x18A2, 0x18A2, 0x18A4, 0x49AA, 0x51AB, 0x49AA, 0x49AA, 0x49AA, 0x49AA,
  0x49AB, 0x49AB, 0x51AB, 0x51AB, 0x51AB, 0x51AB, 0x51AB, 0x51AB, 0x51AB, 0x49AB, 0x49AA, 0x49AA,
  0x49AB, 0x49AA, 0x49AB, 0x49AB, 0x49AB, 0x51AB, 0x51AB, 0x49AB, 0x49AB, 0x49AB, 0x49AB, 0x49AB,
  0x49AB, 0x49AB, 0x49AB, 0x49AB, 0x51AB, 0x51AB, 0x51AB, 0x49AB, 0x49AB, 0x49AB, 0x49AB, 0x49AA,
  0x49AA, 0x49AB, 0x49AB, 0x49AB, 0x49AB, 0x49AB, 0x51AB, 0x51AB, 0x49AB, 0x49AB, 0x49AA, 0x49AA,
  0x49AB, 0x51AB, 0x49AB, 0x49AA, 0x49AB, 0x49AB, 0x49AB, 0x49AB, 0x49AB, 0x49AB, 0x49AB, 0x51AB,
  0x49AB, 0x49AB, 0x51AB, 0x51AB, 0x51AB, 0x51AB, 0x49AB, 0x49AB, 0x49AA, 0x49AB, 0x49AB, 0x49AB,
  0x49AA, 0x49AA, 0x49AA, 0x49AA, 0x49AA, 0x49AA, 0x49AA, 0x49AB, 0x49AB, 0x49AB, 0x49AB, 0x51AB,
  0x498A, 0x498A, 0x498A, 0x498A, 0x498A, 0x498A, 0x498A, 0x498A, 0x498A, 0x498A, 0x498A, 0x498A,
  0x498A, 0x498A, 0x498A, 0x498A, 0x49AA, 0x498A, 0x498A, 0x498A, 0x49AA, 0x49AA, 0x49AA, 0x498A,
  0x498A, 0x498A, 0x498A, 0x498A, 0x498A, 0x498A, 0x498A, 0x498A, 0x498A, 0x498A, 0x498A, 0x498A,
  0x498A, 0x498A, 0x498A, 0x498A, 0x49AA, 0x498A, 0x49AA, 0x498A, 0x498A, 0x498A, 0x498A, 0x498A,
  0x498A, 0x49AA, 0x49AA, 0x498A, 0x498A, 0x498A, 0x498A, 0x498A, 0x498A, 0x498A, 0x498A, 0x498A,
  0x498A, 0x498A, 0x498A, 0x498A, 0x498A, 0x498A, 0x498A, 0x498A, 0x498A, 0x498A, 0x498A, 0x498A,
  0x498A, 0x498A, 0x498A, 0x498A, 0x498A, 0x498A, 0x49AA, 0x498A, 0x498A, 0x498A, 0x498A, 0x418A,
  0x49AA, 0x3948, 0x1082, 0x18A2, 0x20E3, 0x20E3, 0x18A2, 0x1082, 0x10A3, 0x1082, 0x1082, 0x1082,
  0x1083, 0x1083, 0x1083, 0x1082, 0x1082, 0x1082, 0x1082, 0x1082, 0x1082, 0x1082, 0x1083, 0x1083,
  0x1082, 0x1082, 0x1082, 0x1082, 0x1082, 0x1082, 0x1082, 0x1082, 0x1082, 0x1082, 0x1083, 0x1082,
  0x1083, 0x1082, 0x1082, 0x1082, 0x1082, 0x1082, 0x1082, 0x1082, 0x1083, 0x10A3, 0x1083, 0x1082,
  0x1082, 0x1083, 0x10A3, 0x10A3, 0x1082, 0x1082, 0x1082, 0x1082, 0x1082, 0x1082, 0x1082, 0x10A2,
  0x18C3, 0x20C3, 0x18A3, 0x1082, 0x28E5, 0x51AB, 0x498A, 0x498A, 0x498A, 0x498A, 0x498A, 0x498A,
  0x498A, 0x498A, 0x498A, 0x498A, 0x498A, 0x49AA, 0x49AA, 0x49AA, 0x498A, 0x498A, 0x498A, 0x498A,
  0x498A, 0x498A, 0x498A, 0x498A, 0x498A, 0x498A, 0x498A, 0x498A, 0x498A, 0x498A, 0x498A, 0x498A,
  0x498A, 0x49AA, 0x49AA, 0x49AA, 0x49AA, 0x498A, 0x498A, 0x498A, 0x498A, 0x498A, 0x498A, 0x498A,
  0x498A, 0x498A, 0x49AA, 0x498A, 0x49AA, 0x498A, 0x49AA, 0x498A, 0x498A, 0x498A, 0x498A, 0x498A,
  0x498A, 0x498A, 0x49AA, 0x498A, 0x498A, 0x498A, 0x498A, 0x498A, 0x498A, 0x498A, 0x498A, 0x498A,
  0x498A, 0x498A, 0x49AA, 0x49AA, 0x498A, 0x498A, 0x498A, 0x498A, 0x498A, 0x498A, 0x498A, 0x498A,
  0x498A, 0x498A, 0x498A, 0x498A, 0x498A, 0x418A, 0x498A, 0x498A, 0x498A, 0x498A, 0x498A, 0x498A,
  0x51CB, 0x51CB, 0x51AB, 0x51AB, 0x51AB, 0x51AB, 0x51AB, 0x51AB, 0x51AB, 0x51AB, 0x49AB, 0x49AB,
  0x49AB, 0x49AB, 0x49AB, 0x51AB, 0x51AB, 0x51AB, 0x51AB, 0x51AB, 0x51CB, 0x51CB, 0x51CB, 0x51AB,
  0x51AB, 0x51AB, 0x51AB, 0x51AB, 0x51AB, 0x51AB, 0x51AB, 0x51AB, 0x51AB, 0x51AB, 0x51AB, 0x51AB,
  0x51AB, 0x51AB, 0x51AB, 0x51AB, 0x51CB, 0x51CB, 0x51CB, 0x51AB, 0x51AB, 0x51AB, 0x51AB, 0x51AB,
  0x51AB, 0x51AB, 0x51AB, 0x49AB, 0x49AB, 0x49AB, 0x49AB, 0x49AB, 0x49AB, 0x51AB, 0x51AB, 0x51AB,
  0x51AB, 0x51AB, 0x51AB, 0x51AB, 0x51AB, 0x51AB, 0x49AB, 0x49AB, 0x49AB, 0x51AB, 0x51AB, 0x51AB,
  0x51AB, 0x49AB, 0x49AB, 0x49AB, 0x49AB, 0x49AB, 0x51AB, 0x49AB, 0x49AB, 0x49AA, 0x49AA, 0x49AA,
  0x49AB, 0x49AA, 0x51AB, 0x20E5, 0x1082, 0x1082, 0x18A2, 0x20E3, 0x20E3, 0x20E3, 0x20E3, 0x20E3,
  0x20E3, 0x20E3, 0x20E3, 0x20E3, 0x20C3, 0x20E3, 0x20C3, 0x20C3, 0x20C3, 0x20C3, 0x20C3, 0x20C3,
  0x20C3, 0x20C3, 0x20C3, 0x20C3, 0x20E3, 0x20E3, 0x20E3, 0x20C3, 0x20C3, 0x20E3, 0x20E3, 0x20E3,
  0x20E3, 0x20E3, 0x20E3, 0x20E3, 0x20E3, 0x20E3, 0x20E3, 0x20C3, 0x20E3, 0x20E3, 0x20C3, 0x20C3,
  0x20C3, 0x20E3, 0x20E3, 0x20E3, 0x20E3, 0x20E3, 0x20E3, 0x20E3, 0x20C3, 0x20C3, 0x20C3, 0x1082,
  0x1082, 0x1082, 0x1883, 0x49AA, 0x51CB, 0x49AB, 0x49AB, 0x51AB, 0x51AB, 0x49AB, 0x49AB, 0x51AB,
  0x51AB, 0x51AB, 0x51AB, 0x51AB, 0x51AB, 0x51AB, 0x51CB, 0x51AB, 0x51AB, 0x51AB, 0x49AB, 0x49AB,
  0x49AB, 0x49AB, 0x49AB, 0x49AB, 0x49AB, 0x51AB, 0x51AB, 0x49AB, 0x49AB, 0x51AB, 0x51AB, 0x49AB,
  0x49AB, 0x51AB, 0x51CB, 0x51AB, 0x51AB, 0x51AB, 0x51AB, 0x51AB, 0x51AB, 0x51AB, 0x51AB, 0x51AB,
  0x51AB, 0x51AB, 0x51AB, 0x51AB, 0x51AB, 0x51AB, 0x51AB, 0x51AB, 0x51AB, 0x51AB, 0x51AB, 0x49AB,
  0x49AB, 0x49AB, 0x51CB, 0x51CB, 0x51AB, 0x51AB, 0x51AB, 0x51AB, 0x49AB, 0x49AB, 0x49AB, 0x51AB,
  0x51AB, 0x51AB, 0x51AB, 0x49AB, 0x49AB, 0x49AB, 0x51AB, 0x51CB, 0x51AB, 0x51AB, 0x51AB, 0x49AB,
  0x49AB, 0x49AB, 0x49AB, 0x49AB, 0x49AB, 0x49AB, 0x49AB, 0x49AB, 0x51AB, 0x51AB, 0x49AB, 0x49AB,
  0x51AB, 0x51CB, 0x51CB, 0x51AB, 0x49AB, 0x49AB, 0x49AB, 0x49AB, 0x49AB, 0x49AB, 0x49AB, 0x49AB,
  0x49AB, 0x49AB, 0x49AB, 0x49AB, 0x49AB, 0x51AB, 0x49AB, 0x49AB, 0x51AB, 0x51AB, 0x51AB, 0x49AB,
  0x51AB, 0x49AB, 0x51AB, 0x51AB, 0x49AB, 0x51AB, 0x51AB, 0x49AB, 0x49AB, 0x51AB, 0x51AB, 0x49AB,
  0x51AB, 0x49AB, 0x49AB, 0x49AB, 0x49AB, 0x51AB, 0x51AB, 0x49AB, 0x49AB, 0x51AB, 0x51AB, 0x51AB,
  0x51AB, 0x49AB, 0x49AB, 0x49AB, 0x49AB, 0x49AB, 0x49AB, 0x49AB, 0x49AB, 0x49AB, 0x49AB, 0x51AB,
  0x51AB, 0x51AB, 0x51AB, 0x51AB, 0x51AB, 0x49AB, 0x51AB, 0x49AB, 0x49AB, 0x51AB, 0x51AB, 0x49AB,
  0x51AB, 0x49AB, 0x49AB, 0x49AB, 0x49AB, 0x51AB, 0x49AB, 0x51AB, 0x49AB, 0x49AA, 0x49AA, 0x49AB,
  0x49AB, 0x49AA, 0x498A, 0x49AA, 0x49AA, 0x51CB, 0x2906, 0x0841, 0x0861, 0x0861, 0x0841, 0x0861,
  0x0861, 0x0861, 0x0841, 0x0841, 0x0841, 0x0841, 0x0861, 0x0861, 0x0861, 0x0861, 0x0861, 0x0861,
  0x0861, 0x0861, 0x0861, 0x0861, 0x0861, 0x0861, 0x0861, 0x0861, 0x0861, 0x0861, 0x0861, 0x0861,
  0x0861, 0x0841, 0x0841, 0x0841, 0x0841, 0x0841, 0x0841, 0x0841, 0x0841, 0x0841, 0x0841, 0x0841,
  0x0841, 0x0841, 0x0841, 0x0841, 0x0841, 0x0841, 0x0861, 0x0841, 0x0841, 0x0861, 0x0841, 0x28E5,
  0x49CA, 0x498A, 0x498A, 0x51AB, 0x51CB, 0x51AB, 0x49AA, 0x49AB, 0x51AB, 0x51AB, 0x49AB, 0x51AB,
  0x51AB, 0x51AB, 0x51AB, 0x51AB, 0x51AB, 0x51AB, 0x51AB, 0x51AB, 0x51AB, 0x51AB, 0x49AB, 0x49AB,
  0x49AB, 0x49AB, 0x49AB, 0x49AB, 0x49AB, 0x49AB, 0x49AB, 0x49AA, 0x49AA, 0x51AB, 0x49AB, 0x49AB,
  0x49AB, 0x51AB, 0x51AB, 0x51AB, 0x51AB, 0x49AB, 0x51AB, 0x49AA, 0x49AB, 0x51AB, 0x51AB, 0x51AB,
  0x51AB, 0x49AB, 0x49AA, 0x49AB, 0x49AB, 0x49AB, 0x49AB, 0x49AB, 0x49AB, 0x49AB, 0x49AB, 0x49AB,
  0x49AB, 0x49AB, 0x49AB, 0x51AB, 0x51AB, 0x51AB, 0x51AB, 0x51AB, 0x49AB, 0x49AB, 0x49AB, 0x49AB,
  0x49AB, 0x51AB, 0x49AB, 0x49AB, 0x49AB, 0x49AB, 0x51AB, 0x51AB, 0x51AB, 0x51AB, 0x51AB, 0x51AB,
  0x49AB, 0x51AB, 0x49AB, 0x49AA, 0x49AB, 0x51AB, 0x51AB, 0x51AB, 0x51AB, 0x49AB, 0x49AB, 0x49AB,
  0x51CB, 0x51CB, 0x51CB, 0x51CB, 0x51CB, 0x51CB, 0x51CB, 0x51CB, 0x51CB, 0x51AB, 0x51AB, 0x51AB,
  0x51CB, 0x51CB, 0x51AB, 0x51AB, 0x51CB, 0x51CB, 0x51CB, 0x51CB, 0x51CB, 0x51CB, 0x51CB, 0x51CB,
  0x51CB, 0x51CB, 0x51CB, 0x51CB, 0x51AB, 0x51CB, 0x51CB, 0x51AB, 0x51CB, 0x51CB, 0x51CB, 0x51AB,
  0x51CB, 0x51CB, 0x51AB, 0x51AB, 0x51AB, 0x51CB, 0x51CB, 0x51CB, 0x51CB, 0x51CB, 0x51CB, 0x51CB,
  0x51CB, 0x51CB, 0x51CB, 0x51CB, 0x51CB, 0x51CB, 0x51CB, 0x51CB, 0x51CB, 0x51CB, 0x51CB, 0x51CB,
  0x51CB, 0x51AB, 0x51AB, 0x51CB, 0x51CB, 0x51CB, 0x51CB, 0x51CB, 0x51CB, 0x51CB, 0x51CB, 0x51AB,
  0x51CB, 0x51CB, 0x51CB, 0x51AB, 0x51CB, 0x51CB, 0x51CB, 0x51CB, 0x51CB, 0x51AB, 0x51AB, 0x51AB,
  0x51AB, 0x51AB, 0x51AB, 0x51CB, 0x51CB, 0x51CB, 0x49AA, 0x3968, 0x4168, 0x4168, 0x4168, 0x4168,
  0x4168, 0x4148, 0x3968, 0x3948, 0x3948, 0x3948, 0x3968, 0x4168, 0x4168, 0x4168, 0x4168, 0x4168,
  0x4168, 0x4168, 0x4168, 0x4168, 0x4168, 0x4168, 0x3968, 0x3948, 0x3948, 0x3968, 0x3948, 0x3948,
  0x3948, 0x3948, 0x3948, 0x3948, 0x3948, 0x3948, 0x3968, 0x4168, 0x3968, 0x3968, 0x3968, 0x3968,
  0x3968, 0x4168, 0x3968, 0x3968, 0x4168, 0x4168, 0x4168, 0x4168, 0x4168, 0x4168, 0x3968, 0x4989,
  0x51CB, 0x51AB, 0x51AB, 0x51CB, 0x51AB, 0x51AB, 0x51AB, 0x51AB, 0x51AB, 0x51AB, 0x51CB, 0x51AB,
  0x51AB, 0x51AB, 0x51AB, 0x51CB, 0x51AB, 0x51AB, 0x51AB, 0x51CB, 0x51CB, 0x51CB, 0x51CB, 0x51CB,
  0x51CB, 0x51AB, 0x51AB, 0x51AB, 0x51AB, 0x51AB, 0x51AB, 0x51AB, 0x51AB, 0x51AB, 0x51AB, 0x51CB,
  0x51CB, 0x51CB, 0x51CB, 0x51CB, 0x51CB, 0x51CB, 0x51CB, 0x51AB, 0x51CB, 0x51CB, 0x51CB, 0x51CB,
  0x51CB, 0x51CB, 0x51AB, 0x51AB, 0x51AB, 0x51AB, 0x51AB, 0x51AB, 0x51AB, 0x51AB, 0x51AB, 0x51AB,
  0x51AB, 0x51CB, 0x51CB, 0x51CB, 0x51CB, 0x51CB, 0x51CB, 0x51CB, 0x51AB, 0x51AB, 0x51AB, 0x51AB,
  0x51CB, 0x51CB, 0x51AB, 0x51AB, 0x51AB, 0x51AB, 0x51CB, 0x51CB, 0x51CB, 0x51CB, 0x51CB, 0x51CB,
  0x51CB, 0x51CB, 0x51AB, 0x51AB, 0x51AB, 0x51CB, 0x51CB, 0x51CB, 0x51CB, 0x51CB, 0x51AB, 0x51AB,
  0x49AB, 0x49AB, 0x51AB, 0x51AB, 0x51AB, 0x49AB, 0x51AB, 0x51AB, 0x51AB, 0x49AB, 0x49AB, 0x49AB,
  0x49AB, 0x49AB, 0x49AB, 0x49AB, 0x49AB, 0x51AB, 0x51AB, 0x51CB, 0x51CB, 0x51AB, 0x51AB, 0x51AB,
  0x51AB, 0x51AB, 0x49AB, 0x49AB, 0x49AB, 0x49AB, 0x49AB, 0x49AB, 0x51AB, 0x51AB, 0x49AB, 0x51AB,
  0x51AB, 0x51AB, 0x51AB, 0x49AB, 0x49AB, 0x49AB, 0x51AB, 0x51AB, 0x49AB, 0x49AB, 0x49AB, 0x51AB,
  0x51AB, 0x51AB, 0x51AB, 0x51AB, 0x51AB, 0x51AB, 0x51AB, 0x49AB, 0x49AB, 0x51AB, 0x51AB, 0x49AB,
  0x49AB, 0x49AA, 0x49AB, 0x49AB, 0x51CB, 0x51AB, 0x51AB, 0x49AB, 0x49AB, 0x49AB, 0x49AB, 0x49AB,
  0x49AB, 0x49AB, 0x49AB, 0x49AB, 0x49AB, 0x49AB, 0x49AB, 0x49AB, 0x49AB, 0x49AB, 0x49AB, 0x49AB,
  0x49AB, 0x49AB, 0x49AB, 0x49AB, 0x49AB, 0x49AB, 0x51CB, 0x51CB, 0x51CB, 0x51CB, 0x51CB, 0x51CB,
  0x51CB, 0x51AB, 0x51CB, 0x49AB, 0x51AB, 0x51CB, 0x51CB, 0x51CB, 0x51CB, 0x51CB, 0x51CB, 0x51CB,
  0x51CB, 0x51CB, 0x51CB, 0x51CB, 0x51CB, 0x51CB, 0x51CB, 0x49AB, 0x51AB, 0x51CB, 0x51CB, 0x49CB,
  0x49CB, 0x51CB, 0x51CB, 0x51CB, 0x51CB, 0x51CB, 0x51CB, 0x51CB, 0x51CB, 0x51CB, 0x51CB, 0x51CB,
  0x51CB, 0x51CB, 0x51CB, 0x51CB, 0x51CB, 0x51CB, 0x51CB, 0x51CB, 0x51CB, 0x51CB, 0x51CB, 0x49AB,
  0x49AA, 0x49AA, 0x49AA, 0x49AB, 0x49AA, 0x49AA, 0x49AA, 0x49AA, 0x49AA, 0x49AA, 0x49AB, 0x51AB,
  0x51AB, 0x49AB, 0x49AB, 0x51AB, 0x49AB, 0x49AB, 0x49AB, 0x51AB, 0x51AB, 0x51AB, 0x51AB, 0x51AB,
  0x51AB, 0x51AB, 0x51AB, 0x49AB, 0x49AA, 0x49AA, 0x49AA, 0x49AA, 0x49AB, 0x49AB, 0x49AB, 0x49AB,
  0x49AB, 0x49AB, 0x49AB, 0x49AB, 0x49AB, 0x49AB, 0x49AB, 0x49AB, 0x49CB, 0x49CB, 0x51CB, 0x51CB,
  0x51AB, 0x49AB, 0x49AB, 0x49AB, 0x49AB, 0x49AB, 0x49AB, 0x49AB, 0x49AA, 0x49AB, 0x49AB, 0x49AB,
  0x49AB, 0x51AB, 0x51AB, 0x51AB, 0x51CB, 0x51CB, 0x51CB, 0x51AB, 0x49AB, 0x49AB, 0x49AB, 0x49AB,
  0x49AB, 0x49AB, 0x49AB, 0x49AA, 0x49AA, 0x49AB, 0x49AB, 0x49AB, 0x49AB, 0x49AB, 0x49AB, 0x49AB,
  0x51AB, 0x49AB, 0x49AB, 0x49AB, 0x49AB, 0x49AB, 0x49AB, 0x51AB, 0x49AB, 0x49AB, 0x49AB, 0x49AB,
  0x49AB, 0x49AB, 0x49AB, 0x49AA, 0x49AB, 0x49AB, 0x49AB, 0x49AB, 0x49AB, 0x49AB, 0x49AA, 0x498A,
  0x498A, 0x498A, 0x49AA, 0x49AA, 0x49AB, 0x49AB, 0x49AA, 0x49AA, 0x49AB, 0x49AB, 0x49AB, 0x49AB,
  0x49AB, 0x49AB, 0x498A, 0x49AA, 0x49AB, 0x49AB, 0x49AB, 0x49AA, 0x49AA, 0x49AA, 0x49AB, 0x49AB,
  0x49AA, 0x49AA, 0x49AA, 0x49AA, 0x49AA, 0x49AA, 0x49AA, 0x49AA, 0x49AA, 0x49AA, 0x49AA, 0x49AA,
  0x49AA, 0x49AB, 0x49AB, 0x49AB, 0x49AB, 0x49AB, 0x49AB, 0x49AB, 0x49AA, 0x49AB, 0x49AB, 0x49AA,
  0x498A, 0x498A, 0x498A, 0x49AA, 0x49AB, 0x49AB, 0x49AB, 0x49AA, 0x498A, 0x498A, 0x498A, 0x49AA,
  0x49AB, 0x49AB, 0x49AB, 0x49AB, 0x49AB, 0x49AB, 0x49AA, 0x49AB, 0x49AA, 0x49AA, 0x49AA, 0x49AB,
  0x49AB, 0x49AA, 0x49AB, 0x49AB, 0x49AA, 0x49AA, 0x49AA, 0x49AA, 0x49AA, 0x49AA, 0x49AA, 0x498A,
  0x498A, 0x498A, 0x49AA, 0x49AA, 0x49AA, 0x498A, 0x498A, 0x498A, 0x49AA, 0x49AA, 0x49AA, 0x49AA,
  0x49AA, 0x49AA, 0x49AA, 0x498A, 0x498A, 0x49AA, 0x49AA, 0x49AA, 0x49AA, 0x49AA, 0x49AA, 0x49AA,
  0x49AA, 0x49AA, 0x49AA, 0x498A, 0x498A, 0x49AA, 0x49AA, 0x49AA, 0x49AA, 0x49AA, 0x49AA, 0x498A,
  0x498A, 0x498A, 0x498A, 0x498A, 0x498A, 0x498A, 0x49AA, 0x49AA, 0x49AA, 0x49AA, 0x49AA, 0x498A,
  0x498A, 0x49AA, 0x49AB, 0x49AA, 0x498A, 0x498A, 0x498A, 0x498A, 0x498A, 0x498A, 0x49AA, 0x49AA,
  0x49AA, 0x49AA, 0x498A, 0x49AA, 0x49AA, 0x49AA, 0x49AA, 0x49AB, 0x49AB, 0x49AB, 0x49AA, 0x49AA,
  0x49AA, 0x49AB, 0x49AB, 0x49AA, 0x49AA, 0x49AA, 0x49AA, 0x49AA, 0x49AA, 0x49AA, 0x49AB, 0x49AA,
  0x49AA, 0x49AA, 0x49AA, 0x49AA, 0x49AB, 0x49AB, 0x49AA, 0x49AA, 0x49AB, 0x49AB, 0x49AB, 0x49AB,
  0x49AB, 0x49AA, 0x49AA, 0x49AA, 0x49AA, 0x49AA, 0x49AB, 0x49AA, 0x49AA, 0x49AA, 0x49AA, 0x49AA,
  0x49AA, 0x49AA, 0x49AB, 0x49AB, 0x49AB, 0x49AB, 0x49AB, 0x49AB, 0x49AB, 0x49AB, 0x49AB, 0x49AB,
  0x49AB, 0x49AB, 0x49AA, 0x49AA, 0x498A, 0x498A, 0x49AA, 0x49AA, 0x49AA, 0x49AA, 0x49AA, 0x49AB,
  0x49AA, 0x49AA, 0x49AA, 0x49AA, 0x498A, 0x49AA, 0x49AA, 0x49AB, 0x49AB, 0x49AB, 0x49AA, 0x49AA,
  0x51AB, 0x51AB, 0x51AB, 0x51AB, 0x51AB, 0x51AB, 0x51AB, 0x51AB, 0x51AB, 0x51AB, 0x51AB, 0x51AB,
  0x51AB, 0x51AB, 0x51AB, 0x51AB, 0x51AB, 0x51AB, 0x51AB, 0x51AB, 0x51AB, 0x51AB, 0x51AB, 0x51AB,
  0x51AB, 0x51AB, 0x51AA, 0x51AB, 0x51CB, 0x51AB, 0x51CB, 0x51CB, 0x51AB, 0x51AB, 0x51AB, 0x51AB,
  0x51CB, 0x51AB, 0x51CB, 0x51CB, 0x51CB, 0x51AB, 0x51AB, 0x51AB, 0x51AB, 0x51AB, 0x51AB, 0x51CB,
  0x51AB, 0x51AB, 0x51AB, 0x51AB, 0x51AB, 0x51AB, 0x51CB, 0x51CB, 0x51CB, 0x51CB, 0x51CB, 0x51AB,
  0x51AB, 0x51AB, 0x51AB, 0x51AB, 0x51CB, 0x51CB, 0x51CB, 0x51CB, 0x51AB, 0x51AB, 0x51AB, 0x51CB,
  0x51AB, 0x51AB, 0x51AB, 0x51CB, 0x51CB, 0x51CB, 0x51CB, 0x51CB, 0x51CB, 0x51CB, 0x51CB, 0x51CB,
  0x51AB, 0x51AB, 0x51AB, 0x51AB, 0x51AB, 0x51AB, 0x51AB, 0x51AB, 0x51CB, 0x51CB, 0x51CB, 0x51AB,
  0x51AB, 0x51AB, 0x51AB, 0x51CB, 0x51AB, 0x51AB, 0x51AB, 0x51AB, 0x51AB, 0x51AB, 0x51AB, 0x51AB,
  0x51CB, 0x51CB, 0x51CB, 0x51CB, 0x51AB, 0x51AB, 0x51AB, 0x51AB, 0x51AB, 0x51AB, 0x51AB, 0x51AB,
  0x51CB, 0x51CB, 0x51CB, 0x51AB, 0x51AB, 0x51CB, 0x51CB, 0x51AB, 0x51AB, 0x51AB, 0x51AB, 0x51AB,
  0x51AB, 0x51AB, 0x51AB, 0x51AB, 0x51AB, 0x51AB, 0x51AB, 0x51AB, 0x51AB, 0x51CB, 0x51CB, 0x51CB,
  0x51AB, 0x51AB, 0x51CB, 0x51AB, 0x51AB, 0x51AB, 0x51AB, 0x51AB, 0x51AB, 0x51AB, 0x51AB, 0x51CB,
  0x51AB, 0x51AB, 0x51CB, 0x51AB, 0x51AB, 0x51AB, 0x51AB, 0x51AB, 0x51AB, 0x51AB, 0x51AB, 0x51AB,
  0x51AB, 0x51AB, 0x51AB, 0x51AB, 0x51AB, 0x51AB, 0x51AB, 0x51AB, 0x51AB, 0x51AB, 0x51AB, 0x51AB,
  0x51AB, 0x51AB, 0x51AB, 0x51AB, 0x51CB, 0x51CB, 0x51CB, 0x51CB, 0x51CB, 0x51CB, 0x51CB, 0x51CB,
  0x51AB, 0x51AB, 0x51AB, 0x51AB, 0x51AB, 0x51CB, 0x51CB, 0x51CB, 0x51CB, 0x51CB, 0x51CB, 0x51AB,
  0x51AB, 0x51CB, 0x51CB, 0x51AB, 0x51AB, 0x51AB, 0x51AB, 0x51CB, 0x51AB, 0x51AB, 0x51CB, 0x51CB,
  0x51CB, 0x51CB, 0x51CB, 0x51AB, 0x51AB, 0x51AB, 0x51AB, 0x51AB, 0x51AB, 0x51AB, 0x51AB, 0x51AB,
  0x51AB, 0x51AB, 0x49AB, 0x51AB, 0x51AB, 0x51AB, 0x51AB, 0x51AB, 0x51AB, 0x51AB, 0x51AB, 0x51AB,
  0x51AB, 0x51AB, 0x51AB, 0x51AB, 0x51AB, 0x51AB, 0x51AB, 0x51AB, 0x51AB, 0x51AB, 0x51AB, 0x51AB,
  0x51AB, 0x51AB, 0x51AB, 0x51AB, 0x51AB, 0x51AB, 0x51AB, 0x51AB, 0x51AB, 0x51AB, 0x51AB, 0x51AB,
  0x51AB, 0x49AB, 0x51AB, 0x51AB, 0x51CB, 0x51AB, 0x51AB, 0x51AB, 0x51AB, 0x51AB, 0x51AB, 0x51AB,
  0x51AB, 0x51AB, 0x51AB, 0x51AB, 0x51AB, 0x51AB, 0x51AB, 0x51AB, 0x51AB, 0x51AB, 0x51AB, 0x51AB,
  0x51CB, 0x51AB, 0x51AB, 0x51AB, 0x51AB, 0x51CB, 0x51CB, 0x51CB, 0x51AB, 0x51AB, 0x51AB, 0x51AB,
  0x51AB, 0x51AB, 0x51AB, 0x51AB, 0x51CB, 0x51AB, 0x51AB, 0x51AB, 0x51AB, 0x51AB, 0x51AB, 0x51AB,
  0x51AB, 0x51AB, 0x51AB, 0x51CB, 0x51CB, 0x51AB, 0x51CB, 0x51CB, 0x51CB, 0x51CB, 0x51CB, 0x51AB,
  0x51AB, 0x51AB, 0x51AB, 0x51AB, 0x51AB, 0x51AB, 0x51AB, 0x51AB, 0x51CB, 0x51AB, 0x51AB, 0x51AB,
  0x51AB, 0x51AB, 0x51CB, 0x51CB, 0x51AB, 0x51AB, 0x51AB, 0x51AB, 0x51AB, 0x51AB, 0x51AB, 0x51AB,
  0x51AB, 0x51AB, 0x51CB, 0x51CB, 0x51AB, 0x51AB, 0x51AB, 0x51AB, 0x51AB, 0x51AB, 0x51CB, 0x51AB,
  0x51CB, 0x51CB, 0x51AB, 0x51AB, 0x51AB, 0x51CB, 0x51CB, 0x51CB, 0x51AB, 0x51AB, 0x51CB, 0x51AB,
  0x51AB, 0x51AB, 0x51AB, 0x51AB, 0x51AB, 0x51AB, 0x51AB, 0x51AB, 0x51CB, 0x51CB, 0x51CB, 0x51AB,
  0x51AB, 0x51AB, 0x51AB, 0x51AB, 0x51AB, 0x51AB, 0x51AB, 0x51AB, 0x51AB, 0x51AB, 0x51AB, 0x51AB,
  0x51AB, 0x51AB, 0x51CB, 0x51AB, 0x51AB, 0x51AB, 0x51AB, 0x51AB, 0x51AB, 0x51AB, 0x51AB, 0x51AB,
  0x51AB, 0x51AB, 0x51AB, 0x51AB, 0x51AB, 0x51AB, 0x51AB, 0x51AB, 0x51AB, 0x51AB, 0x51AB, 0x51AB,
  0x51AB, 0x51AB, 0x51CB, 0x51AB, 0x51CB, 0x51CB, 0x51AB, 0x51AB, 0x51CB, 0x51AB, 0x51AB, 0x51AB,
  0x51AB, 0x51AB, 0x51AB, 0x51AB, 0x51CB, 0x51CB, 0x51CB, 0x51AB, 0x51AB, 0x51CB, 0x51AB, 0x51AB,
  0x51AB, 0x51AB, 0x51AB, 0x51AB, 0x51AB, 0x51AB, 0x51AB, 0x51AB, 0x51AB, 0x51AB, 0x51AB, 0x51AB,
  0x51CB, 0x51CB, 0x51CB, 0x51CB, 0x51AB, 0x51AB, 0x51AB, 0x51AB, 0x51AB, 0x51AB, 0x51AB, 0x51AB,
  0x51AB, 0x49AB, 0x49AB, 0x49AA, 0x49AB, 0x49AA, 0x49AB, 0x51AB, 0x51AB, 0x51AB, 0x51AB, 0x51AB,
  0x49AA, 0x498A, 0x49AA, 0x49AA, 0x49AA, 0x49AA, 0x498A, 0x498A, 0x498A, 0x498A, 0x498A, 0x498A,
  0x498A, 0x498A, 0x498A, 0x498A, 0x498A, 0x498A, 0x498A, 0x498A, 0x498A, 0x49AA, 0x49AA, 0x49AA,
  0x498A, 0x498A, 0x498A, 0x498A, 0x49AA, 0x49AA, 0x49AA, 0x49AA, 0x498A, 0x498A, 0x498A, 0x498A,
  0x498A, 0x49AA, 0x498A, 0x498A, 0x49AA, 0x498A, 0x49AA, 0x49AA, 0x49AA, 0x49AA, 0x49AB, 0x49AA,
  0x49AA, 0x498A, 0x498A, 0x498A, 0x498A, 0x49AA, 0x498A, 0x498A, 0x498A, 0x498A, 0x498A, 0x498A,
  0x49AA, 0x49AA, 0x49AA, 0x49AA, 0x49AA, 0x49AA, 0x49AA, 0x498A, 0x49AA, 0x49AA, 0x498A, 0x49AA,
  0x49AA, 0x49AA, 0x49AA, 0x49AA, 0x49AA, 0x49AB, 0x49AA, 0x49AA, 0x49AA, 0x49AA, 0x49AA, 0x49AA,
  0x49AA, 0x498A, 0x498A, 0x498A, 0x498A, 0x49AA, 0x498A, 0x498A, 0x49AA, 0x49AB, 0x49AA, 0x49AB,
  0x49AB, 0x49AA, 0x49AB, 0x49AB, 0x49AA, 0x498A, 0x498A, 0x49AA, 0x49AA, 0x49AA, 0x49AA, 0x49AA,
  0x49AA, 0x49AA, 0x49AA, 0x498A, 0x498A, 0x498A, 0x49AA, 0x49AA, 0x49AA, 0x49AA, 0x49AA, 0x49AA,
  0x49AA, 0x49AA, 0x49AA, 0x49AA, 0x49AA, 0x49AA, 0x49AA, 0x49AB, 0x49AB, 0x49AA, 0x49AA, 0x49AB,
  0x49AB, 0x49AA, 0x49AA, 0x49AA, 0x498A, 0x49AA, 0x49AB, 0x49AB, 0x49AA, 0x49AA, 0x49AA, 0x498A,
  0x498A, 0x498A, 0x498A, 0x498A, 0x498A, 0x49AA, 0x49AA, 0x49AA, 0x49AA, 0x49AA, 0x49AA, 0x49AA,
  0x498A, 0x49AA, 0x49AA, 0x49AA, 0x49AA, 0x49AA, 0x49AA, 0x49AA, 0x49AA, 0x498A, 0x498A, 0x49AA,
  0x49AA, 0x49AB, 0x49AA, 0x49AA, 0x49AA, 0x49AA, 0x49AA, 0x49AA, 0x49AA, 0x49AA, 0x49AA, 0x49AA,
  0x49AA, 0x498A, 0x49AA, 0x49AA, 0x49AA, 0x49AA, 0x49AA, 0x49AA, 0x49AA, 0x49AA, 0x49AA, 0x49AA,
  0x49AA, 0x49AA, 0x49AB, 0x49AB, 0x49AB, 0x49AB, 0x49AA, 0x498A, 0x498A, 0x498A, 0x49AA, 0x49AA,
  0x49AA, 0x498A, 0x498A, 0x49AA, 0x498A, 0x49AA, 0x49AA, 0x498A, 0x498A, 0x498A, 0x49AA, 0x49AA,
  0x49AA, 0x49AA, 0x49AA, 0x49AA, 0x498A, 0x498A, 0x498A, 0x498A, 0x498A, 0x49AA, 0x49AA, 0x49AA,
  0x498A, 0x498A, 0x498A, 0x498A, 0x498A, 0x498A, 0x498A, 0x498A, 0x49AA, 0x498A, 0x498A, 0x498A,
  0x51AB, 0x51AB, 0x51AB, 0x51AB, 0x51CB, 0x51AB, 0x51AB, 0x51AB, 0x51AB, 0x49AB, 0x51AB, 0x51AB,
  0x49AA, 0x51AB, 0x51AB, 0x51AB, 0x51AB, 0x51AB, 0x49AB, 0x51AB, 0x51AB, 0x51AB, 0x51AB, 0x51AB,
  0x51AB, 0x51AB, 0x51AB, 0x51AB, 0x51AB, 0x51AB, 0x51AB, 0x49AB, 0x51AB, 0x49AB, 0x51AB, 0x51AB,
  0x51AB, 0x51AB, 0x51AB, 0x51AB, 0x51AB, 0x51AB, 0x51AB, 0x51AB, 0x51AB, 0x51AB, 0x51CB, 0x51AB,
  0x51CB, 0x51AB, 0x51AB, 0x51AB, 0x51AB, 0x51AB, 0x49AB, 0x49AB, 0x49AB, 0x51AB, 0x51AB, 0x51AB,
  0x51AB, 0x51AB, 0x51AB, 0x51AB, 0x51AB, 0x51AB, 0x51AB, 0x51AB, 0x51CB, 0x51AB, 0x51AB, 0x51CB,
  0x51CB, 0x51CB, 0x51CB, 0x51CB, 0x51CB, 0x51CB, 0x51AB, 0x51AB, 0x51AB, 0x51CB, 0x51AB, 0x51CB,
  0x51CB, 0x51CB, 0x51AB, 0x51AB, 0x51AB, 0x51AB, 0x51AB, 0x51AB, 0x51AB, 0x51AB, 0x51CB, 0x51CB,
  0x51CB, 0x51AB, 0x51AB, 0x51CB, 0x51AB, 0x51AB, 0x51AB, 0x51AB, 0x51CB, 0x51CB, 0x51CB, 0x51CB,
  0x51CB, 0x51CB, 0x51AB, 0x51AB, 0x51AB, 0x51AB, 0x51AB, 0x51AB, 0x51CB, 0x51AB, 0x51CB, 0x51CB,
  0x51CB, 0x51CB, 0x51CB, 0x51CB, 0x51CB, 0x51CB, 0x51CB, 0x51CB, 0x51CB, 0x51CB, 0x51CB, 0x51AB,
  0x51AB, 0x51AB, 0x51AB, 0x51AB, 0x51AB, 0x51AB, 0x51CB, 0x51CB, 0x51AB, 0x51AB, 0x51AB, 0x51AB,
  0x51AB, 0x51CB, 0x51CB, 0x51AB, 0x51CB, 0x51CB, 0x51CB, 0x51AB, 0x51AB, 0x51AB, 0x51AB, 0x51CB,
  0x51AB, 0x51AB, 0x51AB, 0x51CB, 0x51CB, 0x51CB, 0x51CB, 0x51CB, 0x51AB, 0x51AB, 0x51AB, 0x51CB,
  0x51CB, 0x51CB, 0x51CB, 0x51AB, 0x51AB, 0x51AB, 0x51CB, 0x51CB, 0x51CB, 0x51CB, 0x51AB, 0x51AB,
  0x51AB, 0x51AB, 0x51AB, 0x51CB, 0x51AB, 0x51AB, 0x51AB, 0x51AB, 0x51CB, 0x51CB, 0x51CB, 0x51CB,
  0x51CB, 0x51CB, 0x51CB, 0x51CB, 0x51CB, 0x51CB, 0x51AB, 0x51AB, 0x51AB, 0x51AB, 0x51AB, 0x51CB,
  0x51CB, 0x51AB, 0x51AB, 0x49AB, 0x51AB, 0x51AB, 0x51AB, 0x51AB, 0x51AB, 0x51AB, 0x51AB, 0x51AB,
  0x51AB, 0x51CB, 0x51CB, 0x51CB, 0x51AB, 0x51AB, 0x49AB, 0x51AB, 0x51AB, 0x51CB, 0x51CB, 0x51CB,
  0x51CB, 0x51AB, 0x51AB, 0x49AA, 0x49AB, 0x51AB, 0x51AB, 0x51AB, 0x51AB, 0x51AB, 0x51AB, 0x49AA,
  0x49AB, 0x49AB, 0x49AB, 0x49AB, 0x49AB, 0x51AB, 0x51AB, 0x51AB, 0x49AB, 0x49AA, 0x49AA, 0x49AA,
  0x49AA, 0x49AA, 0x49AA, 0x49AB, 0x49AB, 0x49AB, 0x49AB, 0x49AB, 0x49AB, 0x49AB, 0x49AB, 0x49AB,
  0x49AB, 0x49AB, 0x49AB, 0x49AB, 0x49AB, 0x49AB, 0x49AA, 0x49AB, 0x49AB, 0x49AB, 0x49AB, 0x49AB,
  0x49AB, 0x49AB, 0x49AB, 0x49AA, 0x49AB, 0x49AB, 0x49AB, 0x49AB, 0x49AB, 0x49AB, 0x49AB, 0x49AB,
  0x51AB, 0x51AB, 0x51AB, 0x49AB, 0x49AB, 0x49AB, 0x49AB, 0x49AB, 0x49AB, 0x49AB, 0x49AB, 0x49AB,
  0x49AA, 0x49AB, 0x49AB, 0x51AB, 0x51AB, 0x51AB, 0x51AB, 0x51AB, 0x51AB, 0x49AB, 0x49AB, 0x51AB,
  0x51AB, 0x51CB, 0x51CB, 0x51CB, 0x51CB, 0x51AB, 0x51AB, 0x51AB, 0x49AB, 0x49AB, 0x49AB, 0x49AB,
  0x51AB, 0x51AB, 0x51AB, 0x49AB, 0x49AB, 0x49AB, 0x49AB, 0x49AB, 0x51AB, 0x51AB, 0x51AB, 0x51AB,
  0x51AB, 0x51AB, 0x49AB, 0x51AB, 0x51AB, 0x49AB, 0x49AB, 0x51AB, 0x49AB, 0x49AB, 0x49AB, 0x49AB,
  0x51AB, 0x51AB, 0x49AB, 0x49AB, 0x49AB, 0x49AB, 0x49AB, 0x51AB, 0x51AB, 0x51AB, 0x49AB, 0x49AB,
  0x51AB, 0x51AB, 0x49AB, 0x51AB, 0x51AB, 0x51AB, 0x51AB, 0x51CB, 0x51AB, 0x49AB, 0x49AB, 0x49AB,
  0x49AB, 0x49AB, 0x49AA, 0x49AB, 0x49AB, 0x51AB, 0x51AB, 0x49AB, 0x49AB, 0x49AB, 0x49AB, 0x49AB,
  0x49AB, 0x49AB, 0x49AB, 0x49AB, 0x51CB, 0x51AB, 0x49AB, 0x49AB, 0x49AB, 0x49AB, 0x49AB, 0x49AB,
  0x49AB, 0x49AB, 0x49AB, 0x51AB, 0x51CB, 0x51CB, 0x51CB, 0x49AB, 0x49AB, 0x49AB, 0x49AB, 0x51AB,
  0x49AB, 0x51AB, 0x49AB, 0x49AB, 0x49AB, 0x49AB, 0x51AB, 0x51CB, 0x51CB, 0x49AB, 0x49AB, 0x49AB,
  0x49AB, 0x49AB, 0x49AB, 0x49AB, 0x49AB, 0x49AB, 0x49AB, 0x49AB, 0x51AB, 0x51AB, 0x51CB, 0x51CB,
  0x51AB, 0x49AB, 0x49AB, 0x51CB, 0x51AB, 0x49AB, 0x49AB, 0x49AB, 0x49AB, 0x49AB, 0x49AB, 0x49AB,
  0x49AB, 0x49AB, 0x49AB, 0x49AB, 0x49AB, 0x49AB, 0x49AB, 0x49AB, 0x49AB, 0x49AB, 0x49AB, 0x49AB,
  0x51AB, 0x49AB, 0x51AB, 0x49AB, 0x49AB, 0x49AB, 0x49AB, 0x49AB, 0x49AB, 0x49AB, 0x49AB, 0x49AB,
  0x49AB, 0x49AB, 0x49AB, 0x49AB, 0x49AB, 0x49AB, 0x49AB, 0x49AB, 0x49AB, 0x49AB, 0x49AB, 0x49AA,
  0x49AB, 0x49AB, 0x49AA, 0x49AB, 0x49AB, 0x49AB, 0x49AB, 0x49AB, 0x49AB, 0x49AA, 0x49AA, 0x49AA,
  0x49AB, 0x49AB, 0x49AA, 0x49AA, 0x49AB, 0x49AB, 0x49AB, 0x49AB, 0x49AA, 0x49AA, 0x49AA, 0x49AA,
  0x49AA, 0x49AA, 0x49AA, 0x49AA, 0x49AB, 0x49AB, 0x49AB, 0x49AB, 0x49AB, 0x49AB, 0x49AB, 0x49AA,
  0x49AA, 0x49AA, 0x49AA, 0x49AA, 0x49AB, 0x49AB, 0x49AB, 0x49AB, 0x49AB, 0x49AB, 0x49AB, 0x49AB,
  0x49AB, 0x49AB, 0x49AB, 0x49AB, 0x49AA, 0x49AA, 0x49AB, 0x49AB, 0x49AB, 0x49AB, 0x49AA, 0x49AA,
  0x49AA, 0x49AA, 0x49AA, 0x49AB, 0x49AB, 0x49AB, 0x49AB, 0x51AB, 0x49AB, 0x49AB, 0x49AB, 0x49AB,
  0x51AB, 0x49AB, 0x49AB, 0x51CB, 0x51CB, 0x51CB, 0x51AB, 0x49AB, 0x49AB, 0x49AA, 0x49AA, 0x49AB,
  0x51AB, 0x49AB, 0x49AB, 0x49AB, 0x49AB, 0x49AB, 0x49AB, 0x49AB, 0x49AB, 0x49AB, 0x49AB, 0x49AB,
  0x49AB, 0x49AB, 0x49AB, 0x49AB, 0x49AB, 0x49AB, 0x49AB, 0x49AB, 0x49AB, 0x49AB, 0x49AB, 0x49AB,
  0x49AA, 0x49AB, 0x49AB, 0x49AB, 0x49AB, 0x49AB, 0x51AB, 0x51AB, 0x51AB, 0x49AB, 0x49AB, 0x49AB,
  0x51AB, 0x49AB, 0x49AB, 0x49AB, 0x49AB, 0x49AB, 0x49AB, 0x49AB, 0x49AB, 0x49AB, 0x49AB, 0x49AA,
  0x49AB, 0x49AB, 0x49AB, 0x49AB, 0x49AA, 0x49AB, 0x49AB, 0x49AB, 0x51AB, 0x49AB, 0x49AB, 0x49AB,
  0x49AB, 0x49AB, 0x49AB, 0x49AB, 0x51AB, 0x49AB, 0x49AB, 0x49AB, 0x49AB, 0x49AA, 0x49AA, 0x49AB,
  0x49AB, 0x49AB, 0x49AB, 0x49AB, 0x49AB, 0x51CB, 0x49AB, 0x49AB, 0x49AB, 0x49AB, 0x49AB, 0x49AB,
  0x49AB, 0x49AB, 0x49AB, 0x49AA, 0x49AA, 0x49AB, 0x49AB, 0x49AB, 0x49AB, 0x49AB, 0x49AB, 0x49AB,
  0x49AB, 0x49AA, 0x49AA, 0x49AB, 0x49AB, 0x49AB, 0x49AB, 0x49AB, 0x49AB, 0x49AB, 0x49AB, 0x49AB,
  0x49AB, 0x49AB, 0x49AB, 0x49AB, 0x49AB, 0x49AB, 0x49AB, 0x49AB, 0x49AA, 0x498A, 0x49AA, 0x49AA,
  0x49AB, 0x49AB, 0x49AA, 0x49AB, 0x49AB, 0x49AB, 0x49AB, 0x49AB, 0x49AB, 0x49AB, 0x49AB, 0x49AB,
  0x49AB, 0x49AB, 0x49AB, 0x49AA, 0x49AA, 0x49AB, 0x49AB, 0x49AB, 0x49AB, 0x49AB, 0x49AB, 0x49AB,
  0x49AB, 0x49AB, 0x49AB, 0x498A, 0x49AA, 0x49AB, 0x49AB, 0x49AB, 0x49AB, 0x49AB, 0x49AA, 0x49AA,
  0x51CB, 0x51CB, 0x51CB, 0x51CB, 0x51CB, 0x51CB, 0x51CB, 0x51CB, 0x51AB, 0x51AB, 0x51AB, 0x51AB,
  0x51AB, 0x51AB, 0x51CB, 0x51CB, 0x51CB, 0x51CB, 0x51CB, 0x51CB, 0x51AB, 0x51AB, 0x51AB, 0x51AB,
  0x51AB, 0x51AB, 0x51CB, 0x51CB, 0x51CB, 0x51AB, 0x51AB, 0x51CB, 0x51CB, 0x51CB, 0x51CB, 0x51AB,
  0x51AB, 0x51AB, 0x51AB, 0x51AB, 0x51CB, 0x51CB, 0x51CB, 0x51CB, 0x51CB, 0x51CB, 0x51CB, 0x51AB,
  0x51CB, 0x51AB, 0x49AB, 0x49AB, 0x49AB, 0x49AB, 0x51AB, 0x51CB, 0x51CB, 0x51CB, 0x51AB, 0x51AB,
  0x51AB, 0x51CB, 0x51CB, 0x51CB, 0x51CB, 0x51CB, 0x51CB, 0x51CB, 0x51CB, 0x51CB, 0x51CB, 0x51CB,
  0x51CB, 0x51CB, 0x51CB, 0x51CB, 0x51CB, 0x51CB, 0x51CB, 0x51CB, 0x51CB, 0x51AB, 0x51AB, 0x51CB,
  0x51CB, 0x51CB, 0x51CB, 0x51CB, 0x51CB, 0x51CB, 0x51CB, 0x51AB, 0x51AB, 0x51CB, 0x51CB, 0x51CB,
  0x51CB, 0x51CB, 0x51CB, 0x51CB, 0x51CB, 0x51CB, 0x51AB, 0x51CB, 0x51CB, 0x51CB, 0x51CB, 0x51CB,
  0x51CB, 0x51CB, 0x51CB, 0x51CB, 0x51CB, 0x51CB, 0x51CB, 0x51CB, 0x51CB, 0x51CB, 0x51AB, 0x51CB,
  0x51CB, 0x51CB, 0x51CB, 0x51CB, 0x51CB, 0x51CB, 0x51CB, 0x51CB, 0x51CB, 0x51CB, 0x51CB, 0x51CB,
  0x51CB, 0x51CB, 0x51CB, 0x51CB, 0x51CB, 0x51CB, 0x51CB, 0x51CB, 0x51CB, 0x51CB, 0x51CB, 0x51CB,
  0x51CB, 0x51CB, 0x51CB, 0x51CB, 0x51CB, 0x51CB, 0x51CB, 0x51CB, 0x51AB, 0x51AB, 0x51AB, 0x51AB,
  0x51CB, 0x51CB, 0x51CB, 0x51CB, 0x51CB, 0x51CB, 0x51CB, 0x51CB, 0x51CB, 0x51CB, 0x51CB, 0x51CB,
  0x51CB, 0x51CB, 0x51CB, 0x51CB, 0x51AB, 0x51AB, 0x51CB, 0x51CB, 0x51CB, 0x51AB, 0x51AB, 0x51AB,
  0x51AB, 0x51AB, 0x51AB, 0x51CB, 0x51CB, 0x51CB, 0x51CB, 0x51CB, 0x51CB, 0x51CB, 0x51CB, 0x51CB,
  0x51CB, 0x51CB, 0x51CB, 0x51CB, 0x51CB, 0x51CB, 0x51CB, 0x51CB, 0x51AB, 0x51AB, 0x51CB, 0x51CB,
  0x51CB, 0x51CB, 0x51AB, 0x51AB, 0x51CB, 0x51CB, 0x51CB, 0x51CB, 0x51CB, 0x51CB, 0x51CB, 0x51CB,
  0x51CB, 0x51CB, 0x51CB, 0x51CB, 0x51CB, 0x51CB, 0x51CB, 0x51CB, 0x51CB, 0x51CB, 0x51CB, 0x51CB,
  0x51CB, 0x51CB, 0x51AB, 0x51AB, 0x51CB, 0x51CB, 0x51CB, 0x51CB, 0x51CB, 0x51AB, 0x51AB, 0x51AB,
  0x51CB, 0x51CB, 0x51AB, 0x51AB, 0x51AB, 0x51AB, 0x49AB, 0x49AB, 0x49AA, 0x49AA, 0x498A, 0x498A,
  0x49AA, 0x49AA, 0x49AA, 0x49AB, 0x49AA, 0x49AB, 0x49AB, 0x49CB, 0x49AA, 0x49AB, 0x49AB, 0x49AA,
  0x49AA, 0x49AA, 0x49AB, 0x49AA, 0x49AA, 0x49AA, 0x49AA, 0x49AA, 0x49AA, 0x49AA, 0x49AA, 0x49AA,
  0x49AA, 0x49AA, 0x49AA, 0x49AA, 0x49AA, 0x49AA, 0x49AA, 0x49AA, 0x49AA, 0x49AA, 0x49AA, 0x49AA,
  0x49AA, 0x498A, 0x498A, 0x49AA, 0x498A, 0x498A, 0x49AA, 0x49AB, 0x49AB, 0x49AB, 0x49AB, 0x51AB,
  0x49AB, 0x49AB, 0x49AB, 0x49AB, 0x49AB, 0x49AB, 0x49AB, 0x49AB, 0x49AB, 0x49AB, 0x51AB, 0x51AB,
  0x51AB, 0x51AB, 0x51AB, 0x51AB, 0x51CB, 0x51CB, 0x51CB, 0x51CB, 0x51AB, 0x49AB, 0x49AB, 0x51AB,
  0x51AB, 0x51CB, 0x49AB, 0x49AB, 0x49AB, 0x49AB, 0x49AB, 0x49AB, 0x49AB, 0x49AB, 0x51AB, 0x51AB,
  0x49AB, 0x49AB, 0x49AB, 0x49AB, 0x51AB, 0x49AB, 0x49AB, 0x51AB, 0x51AB, 0x51AB, 0x51AB, 0x51CB,
  0x51CB, 0x51CB, 0x51CB, 0x51AB, 0x49AB, 0x49AB, 0x49AB, 0x49AB, 0x51CB, 0x51AB, 0x51AB, 0x51AB,
  0x51AB, 0x49AB, 0x49AB, 0x49AB, 0x49AB, 0x51AB, 0x51CB, 0x51CB, 0x51CB, 0x51CB, 0x51CB, 0x49AB,
  0x49AB, 0x49AB, 0x49AB, 0x49AA, 0x49AA, 0x49AB, 0x49AB, 0x49AB, 0x49AB, 0x49AB, 0x49AB, 0x49AB,
  0x49AB, 0x49AB, 0x49AB, 0x49AB, 0x49CB, 0x49AB, 0x49AB, 0x49AB, 0x49AB, 0x49AB, 0x49AB, 0x49AB,
  0x49AB, 0x51AB, 0x51AB, 0x51AB, 0x51CB, 0x51AB, 0x51AB, 0x51CB, 0x51AB, 0x49AB, 0x49AB, 0x49AB,
  0x51AB, 0x51AB, 0x49AB, 0x49AA, 0x49AA, 0x49AB, 0x49AB, 0x49AB, 0x49AB, 0x49AB, 0x49AB, 0x49AA,
  0x49AB, 0x49AB, 0x51AB, 0x51AB, 0x51CB, 0x51CB, 0x51AB, 0x51AB, 0x51AB, 0x51CB, 0x51CB, 0x51CB,
  0x51CB, 0x51CB, 0x51CB, 0x51CB, 0x51AB, 0x51AB, 0x51AB, 0x49AB, 0x49AB, 0x49AB, 0x51AB, 0x51CB,
  0x51AB, 0x51AB, 0x49AB, 0x49AB, 0x49AB, 0x51AB, 0x51AB, 0x51AB, 0x51AB, 0x51AB, 0x49AB, 0x49AB,
  0x49AB, 0x49AA, 0x49AB, 0x49AB, 0x51AB, 0x49AB, 0x49AB, 0x51AB, 0x49AB, 0x51CB, 0x51CB, 0x51CB,
  0x51AB, 0x49AB, 0x49AB, 0x49AB, 0x49AB, 0x49AB, 0x49AB, 0x49AB, 0x49AB, 0x49AB, 0x498A, 0x498A,
  0x49AB, 0x49AB, 0x49AB, 0x49AB, 0x49AB, 0x51AB, 0x51AB, 0x49AB, 0x49AB, 0x49AB, 0x49AB, 0x49AB,
  0x51AB, 0x51AB, 0x51AB, 0x51AB, 0x51CB, 0x51CB, 0x51CB, 0x51CB, 0x51CB, 0x49AB, 0x49AB, 0x49AB,
  0x51EB, 0x59EC, 0x51EB, 0x51CB, 0x51CB, 0x51CB, 0x1062, 0x0000, 0x0000, 0x0001, 0x0001, 0x0001,
  0x0000, 0x0000, 0x0000, 0x0000, 0x0000, 0x0000, 0x0001, 0x0000, 0x0000, 0x0001, 0x0021, 0x0862,
  0x498A, 0x51CB, 0x51CB, 0x51CB, 0x51CB, 0x51CB, 0x49AA, 0x49AA, 0x51AB, 0x49AB, 0x49AB, 0x51AB,
  0x51AB, 0x51AB, 0x51AB, 0x51AB, 0x51AB, 0x51AB, 0x51CB, 0x51CB, 0x51CB, 0x51AB, 0x51CB, 0x51CB,
  0x51CB, 0x51CB, 0x51CB, 0x51CB, 0x51CB, 0x51CB, 0x51CB, 0x51CB, 0x51CB, 0x51CB, 0x51CB, 0x51CB,
  0x51CB, 0x51AB, 0x51CB, 0x51CB, 0x51CB, 0x51CB, 0x51CB, 0x51CB, 0x51AB, 0x51AB, 0x51AB, 0x51AB,
  0x51AB, 0x51AB, 0x51AB, 0x51AB, 0x51AB, 0x51AB, 0x51AB, 0x51AB, 0x51AB, 0x51AB, 0x51CB, 0x51CB,
  0x51CB, 0x51CB, 0x51CB, 0x51CB, 0x51CB, 0x51CB, 0x51CB, 0x51CB, 0x51CB, 0x51AB, 0x51AB, 0x51AB,
  0x51AB, 0x51AB, 0x51AB, 0x51AB, 0x51AB, 0x51AB, 0x51CB, 0x51CB, 0x51CB, 0x51CB, 0x51CB, 0x51AB,
  0x51AB, 0x51AB, 0x51AB, 0x51AB, 0x51AB, 0x51AB, 0x51CB, 0x51CB, 0x51CB, 0x51CB, 0x51CB, 0x51CB,
  0x51CB, 0x51AB, 0x51CB, 0x51CB, 0x51CB, 0x51CB, 0x51AB, 0x51AB, 0x51AB, 0x49AB, 0x49AB, 0x49AB,
  0x51AB, 0x51AB, 0x51AB, 0x51AB, 0x51AB, 0x51CB, 0x51CB, 0x51CB, 0x51CB, 0x51AB, 0x51AB, 0x51AB,
  0x51AB, 0x51AB, 0x51AB, 0x51AB, 0x51AB, 0x51CB, 0x51CB, 0x51AB, 0x51CB, 0x51CB, 0x51CB, 0x51CB,
  0x51CB, 0x51CB, 0x51CB, 0x51AB, 0x51CB, 0x51CB, 0x51AB, 0x51AB, 0x51CB, 0x51CB, 0x51CB, 0x51CB,
  0x51CB, 0x51CB, 0x51CB, 0x51CB, 0x51CB, 0x51CB, 0x51CB, 0x51AB, 0x51AB, 0x51CB, 0x51CB, 0x51CB,
  0x51CB, 0x51CB, 0x51AB, 0x51AB, 0x51AB, 0x49AB, 0x51AB, 0x51AB, 0x51AB, 0x51AB, 0x51AB, 0x51AB,
  0x51AB, 0x51AB, 0x51AB, 0x51AB, 0x51AB, 0x51CB, 0x51CB, 0x51CB, 0x49AB, 0x51AB, 0x51AB, 0x49AB,
  0x49AB, 0x49AB, 0x49AB, 0x49AB, 0x51AB, 0x51AB, 0x51AB, 0x51AB, 0x51AB, 0x49AB, 0x49AB, 0x49AB,
  0x51CB, 0x51CB, 0x51CB, 0x51CB, 0x51CB, 0x51CB, 0x51CB, 0x51AB, 0x51AB, 0x51AB, 0x51AB, 0x51AB,
  0x51AB, 0x49AB, 0x49AB, 0x51AB, 0x51AB, 0x51CB, 0x51CB, 0x51CB, 0x59EC, 0x51EC, 0x59EC, 0x498A,
  0x1063, 0x1883, 0x1883, 0x1063, 0x1063, 0x1063, 0x4A28, 0x62CA, 0x62EA, 0x62EA, 0x6B0A, 0x6B0A,
  0x6B2B, 0x734B, 0x734B, 0x6B4B, 0x6B2B, 0x6B2B, 0x6B2B, 0x6B0B, 0x6B0A, 0x62EA, 0x5AA9, 0x41E6,
  0x1883, 0x1063, 0x1863, 0x1883, 0x1883, 0x20A4, 0x51CB, 0x51EC, 0x51CB, 0x51AB, 0x49AA, 0x51AA,
  0x51AA, 0x51AB, 0x51AB, 0x51AB, 0x51AB, 0x51AB, 0x51AB, 0x51AB, 0x51AB, 0x51AB, 0x51AB, 0x51CB,
  0x51CB, 0x51CB, 0x51CB, 0x51CB, 0x51CB, 0x51CB, 0x51CB, 0x51CB, 0x51CB, 0x51CB, 0x51CB, 0x51CB,
  0x51AB, 0x51AB, 0x51CB, 0x51CB, 0x51AB, 0x51CB, 0x51CB, 0x51AB, 0x51AB, 0x51AB, 0x51AB, 0x51AB,
  0x51AB, 0x51AB, 0x49AB, 0x51AB, 0x51AB, 0x51AB, 0x51AB, 0x51AB, 0x51CB, 0x51CB, 0x51AB, 0x51AB,
  0x51AB, 0x51CB, 0x51CB, 0x51CB, 0x51CB, 0x51CB, 0x51CB, 0x51CB, 0x51AB, 0x51AB, 0x51AB, 0x51AB,
  0x51AB, 0x51AB, 0x51AB, 0x49AB, 0x49AB, 0x49AB, 0x49AB, 0x49AB, 0x51AB, 0x51AB, 0x49AB, 0x51AB,
  0x51AB, 0x51AB, 0x51AB, 0x51AB, 0x49AB, 0x49AB, 0x51AB, 0x51AB, 0x51AB, 0x51CB, 0x51CB, 0x51CB,
  0x51AB, 0x51AB, 0x51CB, 0x51CB, 0x51CB, 0x51CB, 0x51AB, 0x51AB, 0x51AB, 0x51AB, 0x51AB, 0x51CB,
  0x51AB, 0x51AB, 0x51AB, 0x51AB, 0x51AB, 0x51CB, 0x51CB, 0x51CB, 0x51AB, 0x51AB, 0x51AB, 0x51AB,
  0x51AB, 0x51AB, 0x51AB, 0x51AB, 0x51AB, 0x51AB, 0x51AB, 0x51AB, 0x51AB, 0x51AB, 0x51AB, 0x51AB,
  0x51CB, 0x51CB, 0x51AB, 0x51AB, 0x51AB, 0x51AB, 0x51AB, 0x51AB, 0x51CB, 0x51CB, 0x51CB, 0x51CB,
  0x51CB, 0x51CB, 0x51CB, 0x51CB, 0x51CB, 0x51CB, 0x51CB, 0x51CB, 0x51AB, 0x51AB, 0x51AB, 0x51CB,
  0x51CB, 0x51CB, 0x51AB, 0x51AB, 0x51AB, 0x51AB, 0x49AB, 0x51AB, 0x51AB, 0x51AB, 0x51AB, 0x51CB,
  0x51AB, 0x51AB, 0x51AB, 0x49AB, 0x51CB, 0x51CB, 0x51CB, 0x51CB, 0x51CB, 0x51AB, 0x51AB, 0x51AB,
  0x49AB, 0x51AB, 0x51AB, 0x51AB, 0x51AB, 0x51AB, 0x51AB, 0x49AB, 0x51AB, 0x49AB, 0x49AB, 0x49AB,
  0x49AA, 0x49AB, 0x49AA, 0x49AA, 0x49AA, 0x49AA, 0x49AA, 0x49AA, 0x49AA, 0x498A, 0x498A, 0x498A,
  0x498A, 0x49AA, 0x49AA, 0x49AA, 0x49AA, 0x49AB, 0x51AB, 0x49CB, 0x3127, 0x3127, 0x3127, 0x20E5,
  0x2103, 0x2923, 0x2944, 0x3165, 0x3165, 0x3185, 0x940F, 0x940F, 0x8C2F, 0x9430, 0x8C2F, 0x942F,
  0x9450, 0x9C91, 0x9C91, 0x9CB1, 0x9CB1, 0x9CB1, 0x9CB1, 0x9C91, 0x9C91, 0x9CB1, 0xACF2, 0x8BEE,
  0x39A5, 0x3164, 0x3165, 0x2924, 0x2924, 0x10A2, 0x2906, 0x3127, 0x28E6, 0x3127, 0x49AA, 0x498A,
  0x498A, 0x498A, 0x49AA, 0x49AA, 0x49AA, 0x49AA, 0x498A, 0x498A, 0x49AB, 0x498A, 0x498A, 0x49AA,
  0x49AB, 0x49AB, 0x49AB, 0x49AB, 0x49AB, 0x49AB, 0x49AA, 0x49AB, 0x49AB, 0x49AB, 0x49AA, 0x49AA,
  0x49AA, 0x49AA, 0x49AA, 0x49AA, 0x49AA, 0x49AA, 0x49AA, 0x498A, 0x49AA, 0x49AA, 0x49AA, 0x498A,
  0x498A, 0x498A, 0x498A, 0x498A, 0x498A, 0x498A, 0x49AA, 0x49AA, 0x49AB, 0x49AB, 0x49AB, 0x49AA,
  0x49AA, 0x49AA, 0x49AA, 0x49AA, 0x49AA, 0x49AA, 0x49AB, 0x49AA, 0x498A, 0x498A, 0x498A, 0x49AA,
  0x49AA, 0x49AA, 0x49AB, 0x49AA, 0x498A, 0x498A, 0x49AA, 0x49AA, 0x49AA, 0x49AA, 0x498A, 0x49AA,
  0x49AA, 0x49AA, 0x49AA, 0x498A, 0x49AA, 0x498A, 0x498A, 0x49AA, 0x49AB, 0x49AA, 0x49AA, 0x49AA,
  0x49AA, 0x49AA, 0x49AB, 0x49AB, 0x49AA, 0x49AA, 0x49AA, 0x49AA, 0x498A, 0x49AA, 0x49AA, 0x49AA,
  0x49AA, 0x49AA, 0x498A, 0x498A, 0x498A, 0x49AA, 0x49AA, 0x49AA, 0x49AA, 0x498A, 0x49AA, 0x498A,
  0x498A, 0x49AA, 0x498A, 0x498A, 0x49AA, 0x49AA, 0x49AA, 0x49AA, 0x49AA, 0x49AB, 0x49AB, 0x49AA,
  0x49AA, 0x49AB, 0x49AB, 0x49AA, 0x49AA, 0x498A, 0x49AA, 0x49AA, 0x49AA, 0x49AB, 0x49AB, 0x49AA,
  0x49AA, 0x49AB, 0x49AB, 0x49AB, 0x49AA, 0x49AB, 0x49AB, 0x49AB, 0x49AA, 0x49AA, 0x49AA, 0x49AA,
  0x49AA, 0x49AA, 0x49AA, 0x49AA, 0x498A, 0x49AA, 0x49AA, 0x49AA, 0x49AA, 0x49AA, 0x49AB, 0x49AA,
  0x49AA, 0x49AA, 0x49AA, 0x498A, 0x49AA, 0x498A, 0x498A, 0x498A, 0x498A, 0x498A, 0x498A, 0x498A,
  0x498A, 0x49AA, 0x49AA, 0x498A, 0x49AA, 0x49AA, 0x49AA, 0x49AA, 0x49AA, 0x49AA, 0x49AA, 0x49AA,
  0x51AB, 0x51AB, 0x51AB, 0x51AB, 0x51AB, 0x51CB, 0x51AB, 0x51AB, 0x51AB, 0x51AB, 0x51AB, 0x51AB,
  0x51AB, 0x51CB, 0x51CB, 0x51CB, 0x51CB, 0x4189, 0x49A9, 0x4188, 0x10A2, 0x18C3, 0x2103, 0x2103,
  0x7B8C, 0x940F, 0x9C90, 0xACF2, 0xAD12, 0x8C0F, 0x734C, 0x4A27, 0x2103, 0x2124, 0x2924, 0x2124,
  0x2924, 0x2104, 0x2924, 0x2945, 0x3165, 0x3165, 0x2944, 0x2945, 0x3165, 0x39A6, 0x8C2F, 0x942F,
  0xACF2, 0xBD94, 0xAD13, 0x9C4F, 0x9C70, 0x5268, 0x1082, 0x10A2, 0x0861, 0x1083, 0x4189, 0x4168,
  0x4189, 0x51AB, 0x51CB, 0x51CB, 0x51CB, 0x51CB, 0x51CB, 0x51AB, 0x51AB, 0x51AB, 0x51AB, 0x51AB,
  0x51AB, 0x51AB, 0x51AB, 0x51AB, 0x51AB, 0x51AB, 0x51AB, 0x51CB, 0x51CB, 0x51CB, 0x51AB, 0x51AB,
  0x51AB, 0x51AB, 0x51AB, 0x51AB, 0x51AB, 0x51AB, 0x51AB, 0x51CB, 0x51AB, 0x51AB, 0x51AB, 0x51AB,
  0x51AB, 0x51AB, 0x51AB, 0x51AB, 0x51AB, 0x51AB, 0x51CB, 0x51AB, 0x51AB, 0x51AB, 0x51AB, 0x51AB,
  0x51AB, 0x51AB, 0x51AB, 0x51AB, 0x51AB, 0x51AB, 0x51AB, 0x51AB, 0x51AB, 0x51CB, 0x51CB, 0x51CB,
  0x51AB, 0x51CB, 0x51CB, 0x51CB, 0x51AB, 0x51AB, 0x51CB, 0x51CB, 0x51CB, 0x51AB, 0x51AB, 0x51AB,
  0x51AB, 0x51AB, 0x51AB, 0x51AB, 0x51CB, 0x51CB, 0x51AB, 0x51AB, 0x51AB, 0x51AB, 0x51AB, 0x51AB,
  0x51AB, 0x51CB, 0x51AB, 0x51CB, 0x51CB, 0x51CB, 0x51AB, 0x51AB, 0x51AB, 0x51AB, 0x51CB, 0x51AB,
  0x51AB, 0x51AB, 0x51AB, 0x51AB, 0x51AB, 0x51AB, 0x51CB, 0x51AB, 0x51CB, 0x51CB, 0x51CB, 0x51AB,
  0x51AB, 0x51AB, 0x51AB, 0x51AB, 0x51AB, 0x51AB, 0x51CB, 0x51CB, 0x51CB, 0x51AB, 0x51CB, 0x51CB,
  0x51AB, 0x51AB, 0x51AB, 0x51AB, 0x51AB, 0x51AB, 0x51AB, 0x51AB, 0x51AB, 0x51AB, 0x51AB, 0x51AB,
  0x51AB, 0x51CB, 0x51AB, 0x51CB, 0x51CB, 0x51AB, 0x51AB, 0x51CB, 0x51CB, 0x51CB, 0x51AB, 0x51AB,
  0x51AB, 0x51AB, 0x49AB, 0x51AB, 0x51AB, 0x51AB, 0x51AB, 0x51AB, 0x51AB, 0x51CB, 0x51CB, 0x51CB,
  0x51AB, 0x51AB, 0x51AB, 0x51AB, 0x51AB, 0x51AB, 0x51AB, 0x49AA, 0x49AA, 0x51AB, 0x51AB, 0x51AB,
  0x51AB, 0x51AB, 0x51AB, 0x51AB, 0x51AB, 0x51AB, 0x51CB, 0x51CB, 0x51CB, 0x51CB, 0x51CB, 0x51CB,
  0x498A, 0x49AA, 0x49AA, 0x49AA, 0x49AA, 0x49AA, 0x49AA, 0x49AA, 0x498A, 0x49AA, 0x498A, 0x498A,
  0x49AA, 0x49AA, 0x51CB, 0x51EC, 0x49AA, 0x0841, 0x0020, 0x0000, 0x4A28, 0x940F, 0xACD1, 0xA4B1,
  0x83AD, 0x5249, 0x2104, 0x2104, 0x2124, 0x18C3, 0x18C3, 0x2945, 0x5228, 0x5A69, 0x5AA9, 0x62AA,
  0x62CA, 0x62CA, 0x6AEA, 0x6B0B, 0x732B, 0x732B, 0x6B0B, 0x6B0B, 0x734C, 0x4A28, 0x3165, 0x2945,
  0x2945, 0x3185, 0x2945, 0x39C7, 0x8C0E, 0xACF2, 0xA4B1, 0x83AD, 0x7B8C, 0x2104, 0x0000, 0x0000,
  0x18A3, 0x51EB, 0x49AA, 0x49AA, 0x49AA, 0x49AB, 0x49AB, 0x49AA, 0x498A, 0x498A, 0x49AA, 0x49AA,
  0x49AA, 0x49AA, 0x49AA, 0x49AA, 0x49AA, 0x49AA, 0x49AA, 0x49AA, 0x49AA, 0x49AA, 0x49AA, 0x49AA,
  0x49AA, 0x49AA, 0x49AA, 0x49AA, 0x49AA, 0x49AA, 0x49AA, 0x49AA, 0x498A, 0x498A, 0x498A, 0x49AA,
  0x49AA, 0x49AA, 0x49AA, 0x49AA, 0x49AA, 0x49AA, 0x49AA, 0x49AA, 0x49AA, 0x49AA, 0x49AA, 0x49AA,
  0x49AA, 0x49AA, 0x49AA, 0x49AA, 0x498A, 0x498A, 0x498A, 0x498A, 0x498A, 0x498A, 0x498A, 0x49AA,
  0x49AA, 0x49AA, 0x49AB, 0x49AA, 0x49AA, 0x49AA, 0x49AB, 0x49AB, 0x49AB, 0x49AB, 0x49AA, 0x49AA,
  0x49AA, 0x49AA, 0x49AA, 0x49AA, 0x49AB, 0x49AA, 0x49AA, 0x49AA, 0x498A, 0x498A, 0x49AA, 0x49AA,
  0x49AA, 0x49AA, 0x49AA, 0x49AA, 0x49AA, 0x49AA, 0x49AA, 0x49AA, 0x49AA, 0x49AA, 0x49AA, 0x498A,
  0x498A, 0x498A, 0x49AA, 0x49AA, 0x49AA, 0x498A, 0x49AA, 0x49AA, 0x49AA, 0x49AB, 0x49AA, 0x49AA,
  0x49AA, 0x49AA, 0x49AA, 0x49AA, 0x49AA, 0x49AA, 0x49AA, 0x49AA, 0x49AA, 0x49AA, 0x49AA, 0x49AA,
  0x49AA, 0x498A, 0x498A, 0x498A, 0x498A, 0x498A, 0x498A, 0x49AA, 0x49AA, 0x49AA, 0x49AA, 0x49AA,
  0x49AA, 0x49AA, 0x49AA, 0x49AA, 0x49AA, 0x49AA, 0x49AA, 0x49AA, 0x49AA, 0x49AA, 0x49AA, 0x498A,
  0x498A, 0x498A, 0x498A, 0x498A, 0x498A, 0x498A, 0x498A, 0x498A, 0x498A, 0x498A, 0x49AA, 0x49AA,
  0x49AA, 0x49AA, 0x49AA, 0x49AA, 0x49AA, 0x49AA, 0x498A, 0x498A, 0x498A, 0x498A, 0x49AA, 0x49AA,
  0x49AB, 0x49AA, 0x498A, 0x498A, 0x498A, 0x49AA, 0x498A, 0x498A, 0x49AA, 0x49AA, 0x49AA, 0x49AA,
  0x51AB, 0x51AB, 0x49AB, 0x49AB, 0x49AB, 0x49AB, 0x49AB, 0x49AB, 0x49AB, 0x49AA, 0x49AA, 0x49AA,
  0x49AB, 0x51CB, 0x51CB, 0x20E5, 0x0001, 0x5248, 0x734B, 0x83CD, 0x8BEE, 0x62CA, 0x3185, 0x2104,
  0x2104, 0x2945, 0x39C6, 0x4A07, 0x4A07, 0x5248, 0x5248, 0x5248, 0x5A89, 0x5A89, 0x5AA9, 0x62AA,
  0x62CA, 0x6AEB, 0x6B0B, 0x6B0B, 0x6B0B, 0x732B, 0x732B, 0x732B, 0x734C, 0x6B0B, 0x62EA, 0x62CA,
  0x62CA, 0x5A69, 0x4A07, 0x2945, 0x3165, 0x3186, 0x39A6, 0x6B0B, 0xAD12, 0x83AD, 0x62CA, 0x5268,
  0x2945, 0x0842, 0x49AA, 0x51CB, 0x49AB, 0x51AB, 0x51AB, 0x51AB, 0x49AB, 0x51AB, 0x51AB, 0x51AB,
  0x49AB, 0x51AB, 0x51AB, 0x51AB, 0x51AB, 0x51AB, 0x51AB, 0x51AB, 0x51CB, 0x51CB, 0x51CB, 0x51CB,
  0x51AB, 0x51AB, 0x51AB, 0x51AB, 0x51AB, 0x51CB, 0x51AB, 0x49AB, 0x49AB, 0x49AB, 0x49AA, 0x49AA,
  0x49AB, 0x51AB, 0x51AB, 0x49AB, 0x51AB, 0x51AB, 0x51AB, 0x51AB, 0x51AB, 0x51AB, 0x51CB, 0x51CB,
  0x51CB, 0x51AB, 0x51CB, 0x51AB, 0x51AB, 0x51AB, 0x51AB, 0x51AB, 0x51AB, 0x49AB, 0x51AB, 0x51AB,
  0x51AB, 0x51AB, 0x51AB, 0x49AB, 0x51AB, 0x51CB, 0x51AB, 0x51CB, 0x51CB, 0x51CB, 0x51CB, 0x51CB,
  0x51CB, 0x51CB, 0x51CB, 0x51AB, 0x49AB, 0x49AB, 0x49AB, 0x51AB, 0x51AB, 0x51AB, 0x51AB, 0x49AB,
  0x51AB, 0x49AB, 0x49AB, 0x49AB, 0x49AB, 0x49AA, 0x49AB, 0x51AB, 0x49AB, 0x49AB, 0x49AB, 0x49AA,
  0x49AA, 0x51AB, 0x51AB, 0x49AB, 0x49AA, 0x49AA, 0x49AB, 0x49AB, 0x51AB, 0x51AB, 0x51CB, 0x51CB,
  0x51CB, 0x51AB, 0x51AB, 0x51AB, 0x51AB, 0x51AB, 0x51AB, 0x51AB, 0x51AB, 0x51AB, 0x51AB, 0x49AB,
  0x49AB, 0x51AB, 0x51AB, 0x51AB, 0x51AB, 0x51AB, 0x51AB, 0x51AB, 0x51AB, 0x51AB, 0x51AB, 0x51AB,
  0x51AB, 0x51AB, 0x51AB, 0x51AB, 0x51AB, 0x51AB, 0x49AB, 0x51AB, 0x51AB, 0x51AB, 0x49AB, 0x49AB,
  0x49AA, 0x49AB, 0x51AB, 0x51AB, 0x49AB, 0x49AA, 0x49AA, 0x49AA, 0x49AA, 0x49AA, 0x49AA, 0x49AA,
  0x49AB, 0x49AB, 0x49AB, 0x51AB, 0x51AB, 0x51AB, 0x49AB, 0x49AB, 0x49AB, 0x51AB, 0x51AB, 0x51AB,
  0x51CB, 0x51CB, 0x49AB, 0x49AB, 0x49AB, 0x49AB, 0x49AB, 0x49AA, 0x49AA, 0x49AB, 0x49AB, 0x49AB,
  0x51AB, 0x51AB, 0x51CB, 0x51AB, 0x51AB, 0x51CB, 0x51AB, 0x51AB, 0x51AB, 0x51AB, 0x51AB, 0x51AB,
  0x51AB, 0x418A, 0x2905, 0x2924, 0x5AA9, 0x942F, 0x9C4F, 0x5269, 0x3185, 0x18C3, 0x1082, 0x2104,
  0x3165, 0x39A6, 0x5248, 0x5269, 0x5248, 0x5269, 0x5A69, 0x5A89, 0x5268, 0x5248, 0x5248, 0x5269,
  0x5A89, 0x5AAA, 0x62AA, 0x62AA, 0x62CA, 0x62CA, 0x62EA, 0x6B0B, 0x6AEB, 0x6AEA, 0x732B, 0x734C,
  0x734C, 0x6B0B, 0x62CA, 0x62AA, 0x5248, 0x39A6, 0x2944, 0x2944, 0x41E7, 0x39C6, 0x942F, 0x9C70,
  0x62EA, 0x2944, 0x20C4, 0x3948, 0x51CB, 0x49AA, 0x49AB, 0x49AB, 0x49AB, 0x49AB, 0x49AB, 0x49AA,
  0x49AA, 0x49AA, 0x49AA, 0x49AA, 0x49AA, 0x49AA, 0x49AB, 0x49AB, 0x49AB, 0x49AB, 0x49AB, 0x49AB,
  0x49AB, 0x49AB, 0x49AB, 0x49AA, 0x49AB, 0x49AB, 0x49AB, 0x49AA, 0x49AA, 0x49AA, 0x49AA, 0x498A,
  0x498A, 0x49AA, 0x49AB, 0x49AB, 0x49AB, 0x49AB, 0x49AB, 0x49AB, 0x49AB, 0x49AB, 0x49AB, 0x49AB,
  0x49AB, 0x49AB, 0x49AB, 0x49AB, 0x49AB, 0x49AB, 0x49AB, 0x49AB, 0x49AB, 0x49AB, 0x49AB, 0x49AB,
  0x49AB, 0x49AB, 0x49AA, 0x49AB, 0x49AB, 0x49AB, 0x49AA, 0x49AA, 0x49AB, 0x49AB, 0x49AB, 0x49AB,
  0x49AB, 0x51AB, 0x51AB, 0x49AB, 0x49AA, 0x49AA, 0x49AA, 0x49AA, 0x49AA, 0x49AB, 0x49AB, 0x49AB,
  0x49AB, 0x49AB, 0x49AA, 0x49AA, 0x49AA, 0x49AA, 0x49AA, 0x49AB, 0x49AB, 0x49AB, 0x49AB, 0x49AB,
  0x51AB, 0x51AB, 0x51AB, 0x51AB, 0x51AB, 0x51AB, 0x51AB, 0x49AB, 0x49AB, 0x49AB, 0x51CB, 0x51CB,
  0x51AB, 0x51AB, 0x51AB, 0x49AB, 0x49AB, 0x49AB, 0x49AB, 0x49AB, 0x49AB, 0x49AB, 0x49AB, 0x49AA,
  0x49AA, 0x49AB, 0x49AB, 0x49AB, 0x49AB, 0x49AB, 0x49AB, 0x49AB, 0x49AB, 0x49AB, 0x49AB, 0x49AB,
  0x49AB, 0x49AA, 0x49AB, 0x49AA, 0x49AA, 0x49AA, 0x49AB, 0x49AB, 0x49AB, 0x49AB, 0x49AA, 0x49AB,
  0x49AB, 0x49AB, 0x49AB, 0x49AB, 0x49AA, 0x49AA, 0x49AA, 0x49AA, 0x49AA, 0x49AA, 0x49AA, 0x49AA,
  0x498A, 0x49AA, 0x49AA, 0x49AB, 0x49AB, 0x49AB, 0x49AB, 0x49AA, 0x49AA, 0x49AB, 0x49AB, 0x49AB,
  0x49AB, 0x49AB, 0x49AA, 0x49AB, 0x49AB, 0x49AA, 0x49AA, 0x498A, 0x498A, 0x498A, 0x498A, 0x49AA,
  0x49AB, 0x49AB, 0x49AB, 0x49AB, 0x49AB, 0x49AB, 0x49AB, 0x49AB, 0x49AB, 0x49AB, 0x49AB, 0x49AA,
  0x51CB, 0x28E6, 0x0861, 0x7B6C, 0xACF2, 0x83CD, 0x41E7, 0x1082, 0x1082, 0x2944, 0x39A6, 0x41E7,
  0x41E7, 0x4A07, 0x5268, 0x5269, 0x5268, 0x5248, 0x5268, 0x4A07, 0x10C3, 0x10A2, 0x10A2, 0x10A2,
  0x10A2, 0x10A2, 0x10A2, 0x10A2, 0x10A2, 0x10A2, 0x18C3, 0x18E3, 0x18C3, 0x2925, 0x6B0B, 0x6B0B,
  0x732B, 0x732B, 0x62EA, 0x62CA, 0x5A89, 0x5A69, 0x5A89, 0x41E6, 0x20E3, 0x1082, 0x41C6, 0x736C,
  0x9C70, 0x7B6C, 0x10A1, 0x20E5, 0x49AA, 0x49AB, 0x49AB, 0x51AB, 0x51AB, 0x51AB, 0x51AB, 0x49AB,
  0x49AB, 0x49AA, 0x49AA, 0x49AA, 0x49AB, 0x49AB, 0x51AB, 0x51AB, 0x51AB, 0x51AB, 0x51AB, 0x49AB,
  0x51AB, 0x51AB, 0x49AB, 0x49AB, 0x49AB, 0x49AB, 0x49AB, 0x51AB, 0x51AB, 0x49AA, 0x49AA, 0x49AA,
  0x49AA, 0x49AA, 0x49AB, 0x51AB, 0x49AA, 0x49AA, 0x49AA, 0x51AB, 0x49AB, 0x51AB, 0x49AB, 0x49AB,
  0x49AB, 0x49AB, 0x49AB, 0x49AB, 0x49AA, 0x49AA, 0x49AB, 0x49AB, 0x49AB, 0x49AB, 0x49AB, 0x49AB,
  0x49AB, 0x49AB, 0x49AB, 0x49AB, 0x49AB, 0x49AA, 0x49AB, 0x49AB, 0x49AA, 0x49AB, 0x51AB, 0x51AB,
  0x51CB, 0x51AB, 0x49AA, 0x49AA, 0x49AA, 0x49AA, 0x49AA, 0x49AA, 0x49AA, 0x49AA, 0x49AB, 0x49AB,
  0x49AB, 0x49AB, 0x49AA, 0x49AA, 0x49AB, 0x49AB, 0x49AB, 0x49AA, 0x49AB, 0x49AB, 0x49AB, 0x49AB,
  0x49AB, 0x49AB, 0x49AB, 0x49AB, 0x49AB, 0x49AB, 0x49AB, 0x49AB, 0x49AB, 0x49AB, 0x49AB, 0x49AB,
  0x49AB, 0x49AB, 0x49AB, 0x49AB, 0x49AB, 0x49AB, 0x49AB, 0x49AB, 0x49AB, 0x49AA, 0x49AA, 0x49AA,
  0x49AB, 0x49AB, 0x49AB, 0x51AB, 0x51AB, 0x51AB, 0x51AB, 0x51AB, 0x49AB, 0x49AB, 0x51AB, 0x49AB,
  0x49AB, 0x49AA, 0x49AA, 0x49AA, 0x49AA, 0x49AA, 0x49AB, 0x49AB, 0x49AB, 0x49AB, 0x49AB, 0x49AB,
  0x49AB, 0x49AB, 0x49AB, 0x49AB, 0x49AA, 0x49AA, 0x49AA, 0x49AA, 0x49AA, 0x49AB, 0x49AA, 0x49AA,
  0x49AA, 0x49AA, 0x49AA, 0x49AB, 0x49AB, 0x49AA, 0x49AA, 0x49AB, 0x49AB, 0x51AB, 0x51AB, 0x49AB,
  0x49AB, 0x49AB, 0x51AB, 0x51AB, 0x49AB, 0x49AB, 0x49AA, 0x498A, 0x49AA, 0x49AA, 0x49AA, 0x49AA,
  0x51CB, 0x51CB, 0x51CB, 0x51CB, 0x51CB, 0x51CB, 0x51CB, 0x51CB, 0x51CB, 0x51CB, 0x51CB, 0x59EC,
  0x3127, 0x20E3, 0x5A89, 0xA4B0, 0x732B, 0x20E3, 0x1082, 0x3165, 0x3986, 0x39A6, 0x41E6, 0x41E7,
  0x49E7, 0x39C6, 0x2945, 0x18E3, 0x18E3, 0x20E4, 0x18E3, 0x20E4, 0x20E6, 0x20C6, 0x20C6, 0x20C6,
  0x20C6, 0x20C6, 0x20C6, 0x28C7, 0x28C7, 0x28E7, 0x28E7, 0x28E7, 0x28E6, 0x28E6, 0x2906, 0x2926,
  0x2925, 0x2124, 0x20E4, 0x2944, 0x5AA9, 0x5A89, 0x5A89, 0x5228, 0x4A07, 0x4A28, 0x18C3, 0x18A2,
  0x6B0A, 0x942F, 0x6AEA, 0x2924, 0x1063, 0x51CB, 0x51CB, 0x51CB, 0x51CB, 0x51CB, 0x51CB, 0x51CB,
  0x51CB, 0x51AB, 0x51AB, 0x51AB, 0x51CB, 0x51CB, 0x51CB, 0x51CB, 0x51CB, 0x51CB, 0x51CB, 0x51CB,
  0x51CB, 0x51CB, 0x51CB, 0x51CB, 0x51CB, 0x51AB, 0x51CB, 0x51CB, 0x51CB, 0x51CB, 0x51CB, 0x51CB,
  0x51CB, 0x51CB, 0x51CB, 0x498B, 0x498B, 0x51AB, 0x51AB, 0x51CB, 0x51CB, 0x51CB, 0x51CB, 0x51AB,
  0x51AB, 0x51AB, 0x51AB, 0x51CB, 0x51CB, 0x51AB, 0x51AB, 0x51AB, 0x51CB, 0x51CB, 0x51CB, 0x51AB,
  0x51AB, 0x51CB, 0x51CB, 0x51CB, 0x51AB, 0x51AB, 0x51AB, 0x51CB, 0x51CB, 0x51CB, 0x51CB, 0x51CB,
  0x51CB, 0x51CB, 0x51CB, 0x51AB, 0x51AB, 0x51AB, 0x51AB, 0x51CB, 0x51AB, 0x51AB, 0x51CB, 0x51CB,
  0x51CB, 0x51CB, 0x51CB, 0x51CB, 0x51CB, 0x51AB, 0x51CB, 0x51CB, 0x51CB, 0x51CB, 0x51CB, 0x51CB,
  0x51CB, 0x51CB, 0x51CB, 0x51CB, 0x51CB, 0x51CB, 0x51CB, 0x51CB, 0x51CB, 0x51CB, 0x51CB, 0x51CB,
  0x51CB, 0x51CB, 0x51AB, 0x51CB, 0x51AB, 0x51AB, 0x51AB, 0x51AB, 0x51AB, 0x51AB, 0x51CB, 0x51AB,
  0x51CB, 0x51CB, 0x51CB, 0x51CB, 0x51CB, 0x51CB, 0x51CB, 0x51CB, 0x51CB, 0x51CB, 0x51CB, 0x51CB,
  0x51CB, 0x51CB, 0x51CB, 0x51AB, 0x51AB, 0x51AB, 0x51AB, 0x51AB, 0x51AB, 0x51CB, 0x51CB, 0x51AB,
  0x51AB, 0x51AB, 0x51CB, 0x51AB, 0x51CB, 0x51AB, 0x51AB, 0x51CB, 0x51CB, 0x51CB, 0x51CB, 0x51CB,
  0x51AB, 0x51AB, 0x51AB, 0x51AB, 0x51AB, 0x51AB, 0x51AB, 0x51AB, 0x51CB, 0x51CB, 0x51CB, 0x51CB,
  0x51CB, 0x51CB, 0x51CB, 0x51CB, 0x51CB, 0x51CB, 0x51AB, 0x51AB, 0x51AB, 0x49AA, 0x51AB, 0x51AB,
  0x49AB, 0x49AB, 0x49AB, 0x49AB, 0x49AB, 0x49AB, 0x49AB, 0x49AB, 0x49AB, 0x49AB, 0x49AA, 0x51EC,
  0x28E5, 0x2944, 0xA4D1, 0xB533, 0x18E3, 0x0861, 0x2103, 0x3985, 0x39A6, 0x41E7, 0x39A6, 0x2924,
  0x18E3, 0x18C3, 0x18A4, 0x18A4, 0x18A5, 0x20A5, 0x20A5, 0x20A6, 0x28C7, 0x28E6, 0x28C6, 0x20C6,
  0x20C6, 0x28C7, 0x28C7, 0x28E7, 0x28E8, 0x30E8, 0x30E8, 0x28E8, 0x28E8, 0x30E8, 0x28C7, 0x28C7,
  0x28C7, 0x20C6, 0x18A5, 0x20A5, 0x2924, 0x18C3, 0x41C6, 0x5A89, 0x5248, 0x4A27, 0x39A6, 0x18C3,
  0x18A2, 0x8C0E, 0x8C0E, 0x3185, 0x0821, 0x51CB, 0x49AB, 0x49AB, 0x49AB, 0x49AB, 0x49AB, 0x49AB,
  0x49AB, 0x49AA, 0x49AB, 0x49AB, 0x49AA, 0x49AB, 0x49AB, 0x49AB, 0x49AB, 0x49AB, 0x49AB, 0x49AB,
  0x49AB, 0x49AB, 0x49AA, 0x49AA, 0x49AA, 0x49AB, 0x49AB, 0x49AA, 0x49AB, 0x49AB, 0x49AA, 0x49AA,
  0x49AA, 0x49AA, 0x418A, 0x7288, 0x6229, 0x498B, 0x49AB, 0x49AB, 0x49AB, 0x49AB, 0x49AB, 0x49AA,
  0x49AA, 0x49AA, 0x49AB, 0x49AB, 0x49AA, 0x49AA, 0x49AB, 0x49AB, 0x49AA, 0x49AA, 0x49AB, 0x49AB,
  0x49AB, 0x49AB, 0x49AA, 0x49AA, 0x49AA, 0x49AA, 0x49AA, 0x49AA, 0x49AA, 0x49AA, 0x49AB, 0x49AA,
  0x49AA, 0x49AB, 0x49AB, 0x49AB, 0x49AA, 0x49AA, 0x49AA, 0x49AA, 0x49AA, 0x49AA, 0x49AA, 0x49AA,
  0x49AA, 0x49AB, 0x49AB, 0x49AB, 0x49AB, 0x49AB, 0x49AB, 0x49AB, 0x49AB, 0x49AB, 0x49AB, 0x49AB,
  0x49AA, 0x49AA, 0x49AB, 0x49AB, 0x49AB, 0x49AB, 0x49AB, 0x49AB, 0x49AB, 0x49AB, 0x49AB, 0x49AB,
  0x49AA, 0x49AB, 0x49AB, 0x49AA, 0x49AA, 0x49AA, 0x49AA, 0x49AA, 0x498A, 0x49AA, 0x49AA, 0x49AA,
  0x49AA, 0x49AB, 0x49AB, 0x49AB, 0x49AB, 0x49AB, 0x49AA, 0x49AB, 0x49AB, 0x49AB, 0x49AB, 0x49AB,
  0x49AB, 0x49AB, 0x49AA, 0x49AA, 0x49AA, 0x49AA, 0x49AA, 0x49AA, 0x49AA, 0x49AB, 0x49AA, 0x49AA,
  0x49AA, 0x49AA, 0x49AA, 0x49AA, 0x49AA, 0x498A, 0x49AA, 0x49AA, 0x49AA, 0x49AB, 0x49AB, 0x49AB,
  0x49AA, 0x498A, 0x498A, 0x498A, 0x498A, 0x49AA, 0x49AA, 0x49AA, 0x49AB, 0x49AB, 0x49AB, 0x49AB,
  0x49AA, 0x49AB, 0x49AB, 0x49AB, 0x49AB, 0x49AB, 0x49AB, 0x498A, 0x498A, 0x498A, 0x49AA, 0x49AA,
  0x51CB, 0x51CB, 0x51CB, 0x51CB, 0x51AB, 0x51CB, 0x51CB, 0x51CB, 0x51CB, 0x51CB, 0x51CB, 0x59EC,
  0x28E5, 0x2124, 0xA4B1, 0x9CB1, 0x10A2, 0x10A2, 0x3165, 0x3185, 0x2944, 0x2924, 0x18C3, 0x1083,
  0x18A4, 0x1884, 0x20A5, 0x20C6, 0x20C5, 0x20A5, 0x18A5, 0x20A5, 0x18A4, 0x18A5, 0x18A4, 0x1884,
  0x1884, 0x18A5, 0x18A5, 0x18A5, 0x20A6, 0x20A6, 0x20A5, 0x18A4, 0x18A4, 0x20C5, 0x20C5, 0x20C5,
  0x20A5, 0x20A6, 0x20C6, 0x28C7, 0x20A5, 0x1884, 0x20E5, 0x3165, 0x2944, 0x41C6, 0x41C6, 0x3145,
  0x0841, 0x83AD, 0x940E, 0x39A5, 0x0842, 0x51EC, 0x51CB, 0x51CB, 0x51CB, 0x51CB, 0x51CB, 0x51CB,
  0x51CB, 0x51CB, 0x51CB, 0x51CB, 0x51CB, 0x51CB, 0x51CB, 0x51CB, 0x51CB, 0x51CB, 0x51CB, 0x51CB,
  0x51CB, 0x51CB, 0x51CB, 0x51CB, 0x51CB, 0x51CB, 0x51CB, 0x51AB, 0x51CB, 0x51CB, 0x51AB, 0x51AB,
  0x51CB, 0x51CB, 0x498B, 0xC465, 0x9B67, 0x418B, 0x51CB, 0x51AB, 0x51CB, 0x51CB, 0x51CB, 0x51CB,
  0x51CB, 0x51CB, 0x51CB, 0x51CB, 0x51AB, 0x51CB, 0x51CB, 0x51CB, 0x51AB, 0x51AB, 0x51CB, 0x51CB,
  0x51CB, 0x51CB, 0x51AB, 0x51AB, 0x51AB, 0x51AB, 0x51AB, 0x51AB, 0x51CB, 0x51CB, 0x51CB, 0x51AB,
  0x51CB, 0x51AB, 0x51CB, 0x51CB, 0x51CB, 0x51CB, 0x51AB, 0x51AB, 0x51AB, 0x51AB, 0x51AB, 0x51AB,
  0x51AB, 0x51CB, 0x51CB, 0x51AB, 0x51CB, 0x51CB, 0x51CB, 0x51CB, 0x51CB, 0x51CB, 0x51AB, 0x51AB,
  0x51CB, 0x51CB, 0x51CB, 0x51CB, 0x51CB, 0x51CB, 0x51CB, 0x51CB, 0x51CB, 0x51CB, 0x51CB, 0x51CB,
  0x51CB, 0x51CB, 0x51CB, 0x51CB, 0x51CB, 0x51AB, 0x51AB, 0x51AB, 0x51AB, 0x51AB, 0x51AB, 0x51CB,
  0x51CB, 0x51CB, 0x51CB, 0x51CB, 0x51CB, 0x51CB, 0x51CB, 0x51CB, 0x51CB, 0x51CB, 0x51CB, 0x51CB,
  0x51CB, 0x51CB, 0x51CB, 0x51AB, 0x51AB, 0x51AB, 0x51AB, 0x51AB, 0x51CB, 0x51AB, 0x51AB, 0x51AB,
  0x51AB, 0x51AB, 0x51AB, 0x51AB, 0x49AA, 0x51AB, 0x49AB, 0x51AB, 0x51AB, 0x51AB, 0x51CB, 0x51CB,
  0x51CB, 0x51AB, 0x51AB, 0x51AB, 0x51AB, 0x51AB, 0x51CB, 0x51CB, 0x51CB, 0x51CB, 0x51CB, 0x51CB,
  0x51CB, 0x51CB, 0x51CB, 0x51CB, 0x51CB, 0x51CB, 0x51AB, 0x51AB, 0x49AB, 0x51AB, 0x51AB, 0x51AB,
  0x49AB, 0x49AB, 0x49AB, 0x49AB, 0x49AB, 0x49AB, 0x49AB, 0x49AB, 0x49AB, 0x49AB, 0x49AA, 0x51EB,
  0x20C5, 0x2103, 0xACD1, 0x944F, 0x0861, 0x18A2, 0x3185, 0x2124, 0x1082, 0x1082, 0x1884, 0x20A6,
  0x20A5, 0x18A5, 0x20A5, 0x18A4, 0x1084, 0x1083, 0x1884, 0x18A4, 0x18A4, 0x28C7, 0x28E8, 0x30E8,
  0x30E9, 0x30E9, 0x30E9, 0x30E9, 0x30E9, 0x30E9, 0x28C7, 0x20A5, 0x20C5, 0x20A5, 0x20A5, 0x18A5,
  0x1883, 0x1884, 0x18A5, 0x18A5, 0x20A5, 0x28C6, 0x20C6, 0x1884, 0x18A3, 0x2104, 0x3985, 0x2124,
  0x0861, 0x83AD, 0x8BEE, 0x39C6, 0x1042, 0x51CB, 0x49AA, 0x49AB, 0x49AB, 0x49AB, 0x49AB, 0x49CB,
  0x51CB, 0x51CB, 0x49AB, 0x49AB, 0x49AB, 0x49AB, 0x49AB, 0x49AB, 0x51AB, 0x49AB, 0x49AB, 0x49AA,
  0x49AA, 0x49AB, 0x49AB, 0x49AB, 0x49AB, 0x49AB, 0x49AB, 0x49AB, 0x49AB, 0x49AB, 0x49AB, 0x49AB,
  0x49AB, 0x49AA, 0x418B, 0xB425, 0x9347, 0x416B, 0x49AA, 0x49AA, 0x49AB, 0x49AB, 0x49AB, 0x49AB,
  0x49AB, 0x49AB, 0x49AB, 0x49AB, 0x49AA, 0x49AB, 0x49AB, 0x49AB, 0x49AB, 0x49AB, 0x49AA, 0x49AA,
  0x49AB, 0x49AB, 0x49AB, 0x49AB, 0x49AB, 0x49AB, 0x49AA, 0x49AA, 0x49AB, 0x49AB, 0x49AB, 0x49AB,
  0x49AB, 0x49AB, 0x49AB, 0x49AB, 0x49AB, 0x49AB, 0x49AB, 0x49AB, 0x49AA, 0x49AA, 0x49AB, 0x49AB,
  0x49AB, 0x49AB, 0x49AB, 0x49AB, 0x49AB, 0x49AB, 0x49AB, 0x498B, 0x49AB, 0x49AB, 0x49AA, 0x49AB,
  0x51AB, 0x51CB, 0x51CB, 0x51CB, 0x51CB, 0x51CB, 0x51CB, 0x49AB, 0x49AB, 0x49AB, 0x49AB, 0x49AB,
  0x49AB, 0x49AB, 0x49AB, 0x51AB, 0x49AB, 0x49AB, 0x49AB, 0x49AB, 0x49AB, 0x49AB, 0x49AB, 0x49AB,
  0x49AB, 0x49AB, 0x49AB, 0x51CB, 0x51CB, 0x49AB, 0x49AB, 0x49AB, 0x49AB, 0x49AB, 0x49AB, 0x49AB,
  0x49AB, 0x49AB, 0x49AB, 0x49AB, 0x49AB, 0x49AA, 0x49AA, 0x49AA, 0x49AA, 0x49AA, 0x49AA, 0x49AA,
  0x49AA, 0x49AB, 0x49AA, 0x49AA, 0x49AA, 0x49AA, 0x49AA, 0x49AA, 0x49AA, 0x49AA, 0x49AA, 0x49AA,
  0x49AB, 0x49AA, 0x49AA, 0x49AA, 0x49AA, 0x49AA, 0x49AB, 0x49AB, 0x49AB, 0x49AB, 0x49AB, 0x49AB,
  0x49AB, 0x49AB, 0x49AB, 0x49AB, 0x49AB, 0x49AB, 0x49AB, 0x49AB, 0x49AB, 0x49AA, 0x49AA, 0x49AA,
  0x51CB, 0x51CB, 0x51AB, 0x51AB, 0x51AB, 0x51CB, 0x51CB, 0x51CB, 0x51CB, 0x49AB, 0x49AB, 0x51EC,
  0x20E5, 0x10A2, 0x8BEE, 0xA4B1, 0x2924, 0x18A2, 0x2104, 0x1082, 0x18A4, 0x20A5, 0x18A5, 0x1885,
  0x1884, 0x1083, 0x18A4, 0x18A4, 0x28E8, 0x310A, 0x310A, 0x310A, 0x390A, 0x494E, 0x494E, 0x516F,
  0x516F, 0x516F, 0x516F, 0x598F, 0x5990, 0x5990, 0x598F, 0x59AF, 0x598F, 0x518F, 0x496D, 0x494D,
  0x310A, 0x28C9, 0x28C7, 0x1083, 0x1884, 0x18A4, 0x20A5, 0x20C6, 0x20C6, 0x1083, 0x0861, 0x1081,
  0x41E7, 0x9C90, 0x734C, 0x3165, 0x1062, 0x51CB, 0x51AB, 0x51AB, 0x51AB, 0x51AB, 0x51AB, 0x51CB,
  0x51CB, 0x51CB, 0x51CB, 0x51CB, 0x51CB, 0x51CB, 0x51AB, 0x51CB, 0x51CB, 0x51CB, 0x51CB, 0x51AB,
  0x51AB, 0x51AB, 0x51AB, 0x51CB, 0x51CB, 0x49AB, 0x49AB, 0x49AB, 0x49CB, 0x51AB, 0x49AB, 0x51AB,
  0x49AB, 0x51AA, 0x418A, 0xABE5, 0xDD23, 0x9367, 0x498B, 0x51CB, 0x49AB, 0x51CB, 0x51AB, 0x51AB,
  0x51CB, 0x51CB, 0x51AB, 0x49AB, 0x51AB, 0x49AB, 0x49AB, 0x49AB, 0x49CB, 0x49AB, 0x49AB, 0x49AB,
  0x51CB, 0x51CB, 0x51AB, 0x51AB, 0x49AB, 0x49AB, 0x49AB, 0x51AB, 0x51AB, 0x49AB, 0x49AB, 0x51AB,
  0x51AB, 0x51CB, 0x51AB, 0x49AB, 0x49AB, 0x49AA, 0x49AB, 0x51CB, 0x51CB, 0x51CB, 0x51AB, 0x49AB,
  0x49AB, 0x49AB, 0x49AB, 0x51CB, 0x51CB, 0x51CB, 0x49AB, 0x9B87, 0x9348, 0x418B, 0x51CB, 0x51AB,
  0x49AB, 0x49AB, 0x51AB, 0x49AB, 0x49AB, 0x49AB, 0x49AB, 0x49AB, 0x49AB, 0x49AB, 0x49AB, 0x49AB,
  0x49AB, 0x51AB, 0x51CB, 0x51AB, 0x51AB, 0x51AB, 0x51AB, 0x49AB, 0x49AB, 0x49AB, 0x49AB, 0x49AB,
  0x51AB, 0x51AB, 0x51AB, 0x51CB, 0x51CB, 0x51CB, 0x51CB, 0x51CB, 0x51CB, 0x51CB, 0x49AB, 0x49AB,
  0x49AB, 0x49AB, 0x49AB, 0x51CB, 0x51AB, 0x49AB, 0x49AB, 0x49AA, 0x49AA, 0x49AB, 0x49AA, 0x51CB,
  0x4169, 0x0821, 0x0821, 0x0821, 0x0821, 0x0821, 0x0821, 0x0001, 0x3948, 0x51CB, 0x49AA, 0x49AA,
  0x49AB, 0x49AB, 0x49AB, 0x49AA, 0x49AA, 0x49AA, 0x49AB, 0x49AB, 0x51AB, 0x51CB, 0x51CB, 0x51CB,
  0x49AB, 0x49AB, 0x49AB, 0x49AB, 0x49AB, 0x49AB, 0x49AB, 0x51AB, 0x51AB, 0x49AB, 0x49AB, 0x49AB,
  0x49AB, 0x49AB, 0x49AB, 0x51CB, 0x51CB, 0x51CB, 0x51CB, 0x51CB, 0x51CB, 0x51CB, 0x49AB, 0x51EB,
  0x20E5, 0x1081, 0x734C, 0xAD12, 0x944F, 0x18E3, 0x0020, 0x20E5, 0x18A5, 0x1083, 0x1062, 0x1062,
  0x18A5, 0x390A, 0x390B, 0x412C, 0x412C, 0x412C, 0x412C, 0x514F, 0x516F, 0x596F, 0x5970, 0x61B0,
  0x596F, 0x516F, 0x516F, 0x516F, 0x514F, 0x516F, 0x598F, 0x69D1, 0x7212, 0x69F1, 0x496E, 0x598F,
  0x61AF, 0x598F, 0x494E, 0x412C, 0x38EA, 0x30E9, 0x20A5, 0x1083, 0x20C6, 0x20E5, 0x0000, 0x4A27,
  0x9C4F, 0x942F, 0x5268, 0x10A2, 0x1062, 0x51CB, 0x51AB, 0x51CB, 0x51AB, 0x51AB, 0x51AB, 0x51CB,
  0x51CB, 0x51CB, 0x51CB, 0x51CB, 0x51CB, 0x51AB, 0x51CB, 0x51CB, 0x51CB, 0x49AB, 0x51AB, 0x51CB,
  0x51AB, 0x51AB, 0x51CB, 0x51AB, 0x51CB, 0x51CB, 0x51AB, 0x51AB, 0x51CB, 0x51AB, 0x51CB, 0x51CB,
  0x49AB, 0x51AA, 0x498B, 0xAC06, 0xED82, 0xA3E6, 0x498B, 0x51AA, 0x49AB, 0x51AB, 0x51CB, 0x51CB,
  0x51CB, 0x51AB, 0x51AB, 0x51AB, 0x51CB, 0x51AB, 0x51AB, 0x51CB, 0x51CB, 0x51AB, 0x51CB, 0x51CB,
  0x51CB, 0x51CB, 0x51CB, 0x51AB, 0x49AB, 0x51AB, 0x51AB, 0x51CB, 0x51AB, 0x51AB, 0x51AB, 0x51AB,
  0x51AB, 0x51AB, 0x51AB, 0x51AB, 0x49AB, 0x49AA, 0x51AB, 0x51AB, 0x51CB, 0x51CB, 0x51CB, 0x51AB,
  0x51AB, 0x51AB, 0x51AB, 0x51CB, 0x51CB, 0x51EB, 0x416C, 0xB426, 0xA3C6, 0x418B, 0x51CB, 0x51CB,
  0x51CB, 0x51CB, 0x51CB, 0x51CB, 0x51CB, 0x51CB, 0x51CB, 0x51AB, 0x51AB, 0x51AB, 0x51CB, 0x51CB,
  0x51CB, 0x51CB, 0x51CB, 0x51CB, 0x51CB, 0x51CB, 0x51AB, 0x51AB, 0x51AB, 0x51AB, 0x51AB, 0x51AB,
  0x51AB, 0x51AB, 0x51AB, 0x51AB, 0x51CB, 0x51CB, 0x51CB, 0x51CB, 0x51CB, 0x51CB, 0x51AB, 0x51AB,
  0x51AB, 0x51AB, 0x49AB, 0x51CB, 0x51AB, 0x51AB, 0x51AB, 0x49AA, 0x49AA, 0x49AA, 0x51CB, 0x3127,
  0x3145, 0x6B2B, 0x734C, 0x6B2B, 0x6B2B, 0x6B2B, 0x62EA, 0x5A68, 0x2904, 0x2906, 0x51CB, 0x49AA,
  0x49AB, 0x49AB, 0x51AB, 0x51AB, 0x51AB, 0x51AB, 0x51CB, 0x51CB, 0x51CB, 0x51CB, 0x51CB, 0x51CB,
  0x51CB, 0x51AB, 0x51CB, 0x51CB, 0x51CB, 0x51CB, 0x51CB, 0x51CB, 0x51CB, 0x51AB, 0x51AB, 0x51AB,
  0x498A, 0x49AA, 0x49AA, 0x49AB, 0x49AB, 0x49AB, 0x49AB, 0x49AB, 0x49AB, 0x49AA, 0x49AA, 0x51CB,
  0x20C5, 0x0841, 0x5268, 0x83AD, 0xACD1, 0x942E, 0x3185, 0x0000, 0x0020, 0x1083, 0x28E9, 0x30EA,
  0x38EB, 0x390B, 0x390B, 0x414D, 0x516F, 0x494E, 0x494E, 0x514F, 0x514F, 0x514F, 0x514F, 0x516F,
  0x514F, 0x5170, 0x516F, 0x516F, 0x514F, 0x5990, 0x61B1, 0x61B1, 0x598F, 0x61B0, 0x69D0, 0x61B0,
  0x69F1, 0x69F1, 0x516F, 0x514E, 0x514F, 0x514E, 0x412C, 0x2086, 0x0000, 0x0841, 0x6B0B, 0x8C0E,
  0x83AD, 0x5A89, 0x39A6, 0x0861, 0x1062, 0x49AB, 0x49AA, 0x49AA, 0x49AA, 0x49AA, 0x49AA, 0x49AA,
  0x49AA, 0x49AB, 0x49AB, 0x49AB, 0x49AA, 0x49AA, 0x49AA, 0x49AA, 0x49AA, 0x49AA, 0x498A, 0x49AA,
  0x49AA, 0x49AA, 0x49AA, 0x49AA, 0x49AA, 0x49AA, 0x49AA, 0x498A, 0x49AA, 0x49AA, 0x49AA, 0x49AA,
  0x49AA, 0x49AA, 0x418B, 0xB406, 0xE562, 0x9B86, 0x394B, 0x49AA, 0x498A, 0x498A, 0x498A, 0x49AA,
  0x49AA, 0x49AA, 0x49AA, 0x49AB, 0x49AA, 0x49AA, 0x49AA, 0x49AB, 0x49AA, 0x49AA, 0x49AA, 0x49AA,
  0x49AB, 0x49AB, 0x49AB, 0x49AA, 0x49AA, 0x49AB, 0x49AB, 0x49AB, 0x49AB, 0x49AA, 0x49AA, 0x49AA,
  0x49AA, 0x49AA, 0x498A, 0x498A, 0x498A, 0x498A, 0x498A, 0x498A, 0x49AA, 0x49AB, 0x49AA, 0x49AA,
  0x49AA, 0x49AA, 0x49AA, 0x49AB, 0x49CB, 0x418B, 0x8308, 0xD4E4, 0x9B86, 0x416B, 0x51CA, 0x49AA,
  0x49AA, 0x49AB, 0x49AB, 0x49AB, 0x49AB, 0x49AB, 0x49AB, 0x49AA, 0x49AA, 0x49AB, 0x49AA, 0x49AB,
  0x49AB, 0x49AB, 0x49AA, 0x49AB, 0x49AB, 0x49AB, 0x49AA, 0x49AA, 0x49AA, 0x49AA, 0x49AA, 0x49AA,
  0x49AA, 0x49AB, 0x49AB, 0x49AA, 0x49AA, 0x49AA, 0x49AA, 0x49AA, 0x49AA, 0x49AA, 0x49AA, 0x49AA,
  0x49AA, 0x49AA, 0x49AA, 0x49AA, 0x49AA, 0x49AA, 0x498A, 0x498A, 0x498A, 0x498A, 0x51CB, 0x18A4,
  0x3185, 0xBD73, 0x62EA, 0x5AA9, 0x5A89, 0x5A89, 0x940E, 0xB512, 0x2923, 0x1884, 0x51CB, 0x418A,
  0x498A, 0x498A, 0x498A, 0x498A, 0x498A, 0x498A, 0x49AA, 0x49AA, 0x49AA, 0x49AA, 0x49AA, 0x49AA,
  0x49AA, 0x498A, 0x498A, 0x49AA, 0x49AA, 0x49AA, 0x49AA, 0x49AA, 0x49AA, 0x49AA, 0x498A, 0x498A,
  0x51AB, 0x51AB, 0x51AB, 0x51CB, 0x51CB, 0x51CB, 0x51CB, 0x51CB, 0x51CB, 0x51CB, 0x51CB, 0x51EC,
  0x4189, 0x0841, 0x18A2, 0x5248, 0x734B, 0xBD53, 0x9470, 0x62C9, 0x2926, 0x1044, 0x1885, 0x20A6,
  0x30E9, 0x412C, 0x412D, 0x516F, 0x5170, 0x5170, 0x514F, 0x492E, 0x494E, 0x494E, 0x494F, 0x514F,
  0x514F, 0x514F, 0x514F, 0x514F, 0x514F, 0x514F, 0x5990, 0x61B1, 0x61B0, 0x516F, 0x5990, 0x5990,
  0x69D1, 0x61D1, 0x516E, 0x38EA, 0x30E8, 0x28C8, 0x1865, 0x3147, 0x6B0B, 0x734C, 0x9470, 0x7B8D,
  0x5248, 0x2944, 0x0841, 0x0000, 0x2906, 0x51CC, 0x51CB, 0x51CB, 0x51CB, 0x51CB, 0x51CB, 0x51CB,
  0x51CB, 0x51CB, 0x51CB, 0x51CB, 0x51CB, 0x51CB, 0x51CB, 0x51CB, 0x51AB, 0x51AB, 0x51AB, 0x51AB,
  0x51CB, 0x51CB, 0x51CB, 0x51CB, 0x51CB, 0x51CB, 0x51AB, 0x51AB, 0x51AB, 0x51CB, 0x51CB, 0x51CB,
  0x51CB, 0x51CB, 0x418B, 0xABE6, 0xE542, 0xB425, 0x6A69, 0x51AB, 0x51AB, 0x51AB, 0x51AB, 0x51AB,
  0x51AB, 0x51AB, 0x51AB, 0x51AB, 0x51AB, 0x51CB, 0x51CB, 0x51CB, 0x51CB, 0x51CB, 0x51AB, 0x51AB,
  0x51CB, 0x51CB, 0x51CB, 0x51CB, 0x51CB, 0x51CB, 0x51CB, 0x51CB, 0x51CB, 0x51CB, 0x51CB, 0x51CB,
  0x51CB, 0x51AB, 0x51AB, 0x51AB, 0x51AB, 0x51AB, 0x51AB, 0x51AB, 0x51AB, 0x51CB, 0x51CB, 0x51AB,
  0x51AB, 0x51CB, 0x51CB, 0x51CB, 0x51CB, 0x7AC8, 0xD4E4, 0xCCA5, 0x7AA8, 0x498B, 0x51CB, 0x51CB,
  0x51CB, 0x51CB, 0x51CB, 0x51CB, 0x51CB, 0x51CB, 0x51CB, 0x51CB, 0x51CB, 0x51CB, 0x51CB, 0x51CB,
  0x51CB, 0x51AB, 0x51AB, 0x51CB, 0x51CB, 0x51CB, 0x51CB, 0x51CB, 0x51AB, 0x51AB, 0x51AB, 0x51CB,
  0x51CB, 0x51CB, 0x51CB, 0x51CB, 0x51CB, 0x51AB, 0x51AB, 0x51AB, 0x51AB, 0x51CB, 0x51CB, 0x51AB,
  0x51CB, 0x51CB, 0x51CB, 0x51CB, 0x51CB, 0x51AB, 0x51AA, 0x49AA, 0x49AA, 0x49AA, 0x51CB, 0x20C5,
  0x3165, 0xA4B0, 0x8C0F, 0xACF2, 0x9C70, 0x83CD, 0x734C, 0x62CA, 0x10A2, 0x20A4, 0x51CB, 0x49AA,
  0x49AA, 0x49AA, 0x49AA, 0x49AA, 0x49AA, 0x51AB, 0x51AB, 0x51CB, 0x51CB, 0x51AB, 0x51AB, 0x51AB,
  0x51CB, 0x51AB, 0x51AB, 0x51AB, 0x51AB, 0x51CB, 0x51CB, 0x51CB, 0x51CB, 0x51AB, 0x51AB, 0x51AB,
  0x49AB, 0x49AB, 0x49AB, 0x51AB, 0x51AB, 0x51CB, 0x51CB, 0x51CB, 0x51CB, 0x49AB, 0x49AB, 0x51CB,
  0x49CB, 0x0842, 0x1082, 0x18A2, 0x3165, 0x732C, 0x9C70, 0xC594, 0x7AD0, 0x59CD, 0x51AC, 0x28C7,
  0x20A6, 0x2086, 0x20A7, 0x30E9, 0x30E9, 0x410C, 0x492E, 0x514F, 0x514F, 0x494F, 0x514F, 0x514F,
  0x514F, 0x514F, 0x5170, 0x514F, 0x514F, 0x5170, 0x516F, 0x494E, 0x598F, 0x598E, 0x410B, 0x390B,
  0x390A, 0x28C8, 0x2086, 0x20A7, 0x3109, 0x49AC, 0x498C, 0x6ACD, 0xBD52, 0x8C0F, 0x6AEB, 0x39C6,
  0x18C2, 0x0861, 0x18E3, 0x0020, 0x2906, 0x51CB, 0x49AB, 0x49AB, 0x49AB, 0x49AB, 0x49AB, 0x51AB,
  0x51AB, 0x51AB, 0x49AB, 0x51AB, 0x51AB, 0x51AB, 0x51AB, 0x49AB, 0x49AB, 0x49AB, 0x49AB, 0x49AB,
  0x49AB, 0x49AB, 0x51AB, 0x51AB, 0x51AB, 0x49AB, 0x49AB, 0x49AB, 0x49AB, 0x49AB, 0x51AB, 0x49AB,
  0x51CB, 0x51CB, 0x418B, 0xAC06, 0xDD23, 0xDD23, 0xB425, 0x498B, 0x49AB, 0x49AA, 0x49AA, 0x49AB,
  0x49AB, 0x49AB, 0x49AB, 0x49AB, 0x51AB, 0x51AB, 0x51AB, 0x49AB, 0x49AB, 0x49AB, 0x49AB, 0x49AB,
  0x51AB, 0x51AB, 0x51AB, 0x51AB, 0x51CB, 0x51CB, 0x51CB, 0x51CB, 0x51AB, 0x49AB, 0x49AB, 0x49AA,
  0x49AB, 0x49AB, 0x49AA, 0x49AA, 0x49AA, 0x49AA, 0x49AB, 0x49AB, 0x49AB, 0x49AB, 0x49AB, 0x49AB,
  0x49AB, 0x49AB, 0x49AB, 0x49CB, 0x6A89, 0xD4E4, 0xE563, 0x7AE8, 0x416B, 0x51CB, 0x51AB, 0x51CB,
  0x51CB, 0x51AB, 0x51AB, 0x51AB, 0x51AB, 0x51AB, 0x51AB, 0x51AB, 0x51CB, 0x51AB, 0x51AB, 0x49AB,
  0x49AB, 0x49AB, 0x49AB, 0x51AB, 0x51CB, 0x51CB, 0x51AB, 0x49AB, 0x49AB, 0x49AB, 0x49AB, 0x51AB,
  0x51AB, 0x51AB, 0x51AB, 0x51AB, 0x51AB, 0x49AB, 0x49AB, 0x49AB, 0x49AB, 0x49AB, 0x49AB, 0x49AA,
  0x49AA, 0x49AB, 0x49AB, 0x51AB, 0x49AA, 0x49AA, 0x49AA, 0x49AA, 0x49AA, 0x49AA, 0x51CB, 0x20A5,
  0x2944, 0x8BCD, 0x83AD, 0x942F, 0x7B8C, 0x734B, 0x18E4, 0x5A68, 0x18C2, 0x1884, 0x51AB, 0x498A,
  0x49AB, 0x49AA, 0x49AA, 0x49AA, 0x49AA, 0x49AB, 0x49AB, 0x49AB, 0x49AB, 0x49AB, 0x49AB, 0x49AB,
  0x49AB, 0x49AB, 0x49AB, 0x49AB, 0x49AB, 0x49AB, 0x51AB, 0x51AB, 0x51AB, 0x49AB, 0x49AB, 0x49AB,
  0x49AA, 0x49AA, 0x49AB, 0x49AB, 0x49AB, 0x49AB, 0x49AA, 0x49AA, 0x49AA, 0x49AA, 0x49AA, 0x49AA,
  0x418A, 0x0821, 0x20E3, 0x1082, 0x0841, 0x3165, 0x5248, 0x946F, 0x7AF1, 0xA377, 0x9316, 0x6A11,
  0x498C, 0x30E7, 0x20A6, 0x28C6, 0x28C7, 0x28A6, 0x30C9, 0x410C, 0x390C, 0x412C, 0x410C, 0x410C,
  0x412C, 0x412D, 0x410C, 0x410C, 0x410C, 0x410D, 0x410C, 0x390B, 0x390B, 0x28C7, 0x28C7, 0x28A7,
  0x28C7, 0x3107, 0x28E6, 0x516D, 0x69D1, 0x9316, 0x8AB5, 0x72B0, 0x83AD, 0x41E7, 0x2944, 0x10A2,
  0x0841, 0x18C3, 0x39C6, 0x0020, 0x3107, 0x51CB, 0x498A, 0x49AA, 0x49AA, 0x49AA, 0x49AA, 0x49AA,
  0x49AA, 0x49AA, 0x49AA, 0x49AA, 0x49AB, 0x49AB, 0x49AA, 0x49AA, 0x49AA, 0x49AA, 0x49AA, 0x49AA,
  0x49AA, 0x49AA, 0x49AA, 0x49AA, 0x49AA, 0x498A, 0x498A, 0x498A, 0x49AA, 0x49AA, 0x49AB, 0x49AB,
  0x49AB, 0x51CB, 0x498B, 0xAC06, 0xDD23, 0xDD23, 0xABE5, 0x416A, 0x49AA, 0x49AA, 0x49AA, 0x49AA,
  0x498A, 0x498A, 0x49AA, 0x49AA, 0x49AA, 0x49AA, 0x49AA, 0x49AB, 0x49AB, 0x49AB, 0x49AA, 0x49AA,
  0x49AB, 0x49AB, 0x49AB, 0x49AB, 0x49AB, 0x49AB, 0x51AB, 0x51AB, 0x49AB, 0x49AA, 0x49AA, 0x49AA,
  0x49AA, 0x49AA, 0x49AA, 0x49AA, 0x49AA, 0x49AA, 0x49AA, 0x49AA, 0x49AB, 0x49AB, 0x49AA, 0x49AA,
  0x49AA, 0x49AA, 0x49AB, 0x5A2A, 0xD4E4, 0xD4E4, 0xD4E4, 0x82C8, 0x416A, 0x49AA, 0x49AA, 0x49AA,
  0x49AA, 0x49AA, 0x49AA, 0x49AA, 0x49AA, 0x49AA, 0x49AA, 0x49AA, 0x49AB, 0x49AB, 0x49AB, 0x49AB,
  0x49AB, 0x49AA, 0x49AA, 0x49AA, 0x49AB, 0x49AB, 0x49AA, 0x49AA, 0x49AA, 0x49AA, 0x49AA, 0x49AA,
  0x49AA, 0x49AA, 0x49AA, 0x49AA, 0x49AB, 0x49AA, 0x49AA, 0x49AA, 0x49AA, 0x49AA, 0x49AA, 0x49AA,
  0x49AA, 0x49AA, 0x49AA, 0x49AA, 0x49AA, 0x498A, 0x498A, 0x49AA, 0x498A, 0x49AB, 0x51EC, 0x18A4,
  0x3164, 0x942F, 0x9C70, 0x942F, 0x6B0A, 0x734C, 0x2924, 0x5A89, 0x18E3, 0x18A4, 0x51CB, 0x49CB,
  0x49AA, 0x49AB, 0x49AA, 0x498A, 0x498A, 0x498A, 0x49AA, 0x49AA, 0x498A, 0x498A, 0x498A, 0x498A,
  0x49AA, 0x49AA, 0x49AB, 0x49AA, 0x49AB, 0x49AB, 0x49AB, 0x49AB, 0x49AB, 0x49AB, 0x49AA, 0x49AA,
  0x51CB, 0x51CB, 0x51CB, 0x51CB, 0x51CB, 0x51CB, 0x51CB, 0x51CB, 0x51AB, 0x51AB, 0x51CB, 0x51CB,
  0x49AA, 0x0821, 0x2924, 0x4A28, 0x18C3, 0x0841, 0x3165, 0x4A28, 0x3949, 0x490E, 0x7A93, 0xA396,
  0x9315, 0x9B76, 0x7252, 0x7232, 0x7232, 0x59AE, 0x20C6, 0x18A4, 0x20A5, 0x20C6, 0x20C6, 0x20C6,
  0x20C6, 0x20C6, 0x20C6, 0x20A6, 0x20E5, 0x20C5, 0x18A4, 0x18A4, 0x28E6, 0x496C, 0x61B0, 0x7212,
  0x7A73, 0x9B35, 0x9B55, 0x8AB4, 0x6A12, 0x516E, 0x30EA, 0x3108, 0x39A6, 0x2924, 0x0861, 0x0861,
  0x3986, 0x49E7, 0x39A6, 0x0020, 0x3107, 0x51CC, 0x51AB, 0x51AB, 0x51CB, 0x51CB, 0x51CB, 0x51CB,
  0x51CB, 0x51CB, 0x51CB, 0x51AB, 0x51CB, 0x51AB, 0x51CB, 0x51CB, 0x51CB, 0x51CB, 0x51AB, 0x51AB,
  0x51AB, 0x51AB, 0x51AB, 0x51AB, 0x51AB, 0x51AB, 0x51AB, 0x51AB, 0x51AB, 0x51CB, 0x51CB, 0x51CB,
  0x51CB, 0x51CB, 0x49AB, 0xABE5, 0xDD23, 0xDD43, 0xB425, 0x498B, 0x51AB, 0x51CB, 0x51CB, 0x49AB,
  0x49AA, 0x49AB, 0x51AB, 0x51AB, 0x51CB, 0x51AB, 0x51CB, 0x51CB, 0x51CB, 0x51AB, 0x51AB, 0x51AB,
  0x51CB, 0x51CB, 0x51CB, 0x51CB, 0x51CB, 0x51CB, 0x51CB, 0x51CB, 0x51CB, 0x51AB, 0x51CB, 0x51AB,
  0x51AB, 0x51AB, 0x51AB, 0x51AB, 0x51CB, 0x51CB, 0x51CB, 0x51CB, 0x51CB, 0x51CB, 0x51CB, 0x51CB,
  0x51CB, 0x49AB, 0x6229, 0xCCA4, 0xD4E4, 0xDD43, 0x9367, 0x49AB, 0x51CB, 0x51AB, 0x51CB, 0x51CB,
  0x51CB, 0x51CB, 0x51AB, 0x51AB, 0x51AB, 0x51AB, 0x51AB, 0x51CB, 0x51CB, 0x51CB, 0x51CB, 0x51CB,
  0x51CB, 0x51CB, 0x51AB, 0x51AB, 0x51AB, 0x51AB, 0x51AB, 0x51CB, 0x51CB, 0x51AB, 0x51AB, 0x51AB,
  0x51AB, 0x51CB, 0x51CB, 0x51CB, 0x51CB, 0x51CB, 0x51CB, 0x51CB, 0x51CB, 0x51AB, 0x51AB, 0x49AB,
  0x49AB, 0x51AB, 0x51AB, 0x51AB, 0x51AB, 0x49AA, 0x49AA, 0x49AA, 0x51CB, 0x3147, 0x1083, 0x0000,
  0x39A6, 0x942F, 0x9C91, 0x9C4F, 0x732B, 0x6B2B, 0x18E3, 0x5227, 0x20E3, 0x0841, 0x1062, 0x1883,
  0x0841, 0x0001, 0x1042, 0x51CB, 0x51EB, 0x51AB, 0x49AA, 0x49AA, 0x49AB, 0x49AB, 0x49AB, 0x49AA,
  0x49AB, 0x51AB, 0x51CB, 0x51CB, 0x51CB, 0x51CB, 0x51CB, 0x51CB, 0x51CB, 0x51AB, 0x51AB, 0x51AB,
  0x49AB, 0x49AB, 0x49AB, 0x49AB, 0x49AB, 0x49AB, 0x49AB, 0x49AA, 0x49AA, 0x49AA, 0x49AB, 0x49AA,
  0x4189, 0x0841, 0x3165, 0x62AA, 0x5A69, 0x41C6, 0x0861, 0x0841, 0x1884, 0x30EA, 0x494D, 0x412D,
  0x412D, 0x59B0, 0x8B14, 0xABD6, 0xA376, 0xABD6, 0xA395, 0xABD5, 0xA3B5, 0x8AD4, 0x7232, 0x7232,
  0x69F2, 0x69F1, 0x6A12, 0x6191, 0x9C12, 0xAD12, 0x9C50, 0x9C91, 0xC5B6, 0xABF5, 0x8274, 0x8AB5,
  0x7A93, 0x59B0, 0x414C, 0x410C, 0x412D, 0x38EA, 0x20A7, 0x1884, 0x0841, 0x0020, 0x2924, 0x41E7,
  0x41E7, 0x41C6, 0x39A6, 0x0020, 0x28E6, 0x51AB, 0x49AA, 0x49AB, 0x49AB, 0x49AB, 0x49AA, 0x49AA,
  0x49AA, 0x49AB, 0x49AB, 0x49AB, 0x49AB, 0x49AA, 0x49AA, 0x49AA, 0x49AA, 0x49AA, 0x49AA, 0x49AA,
  0x49AA, 0x49AA, 0x49AA, 0x49AA, 0x49AA, 0x49AA, 0x49AB, 0x49AA, 0x49AA, 0x49AA, 0x49AA, 0x49AA,
  0x49AA, 0x49AA, 0x49AB, 0x7288, 0xCCC4, 0xDD43, 0xB426, 0x498B, 0x51CA, 0x418B, 0x418A, 0x49AA,
  0x49AA, 0x49AA, 0x49AB, 0x49AB, 0x49AB, 0x49AB, 0x49AB, 0x49AB, 0x49AB, 0x49AA, 0x49AA, 0x49AA,
  0x49AB, 0x49AB, 0x49AB, 0x49AB, 0x49AB, 0x49AB, 0x49AB, 0x49AB, 0x49AB, 0x49AA, 0x49AA, 0x49AA,
  0x49AA, 0x498A, 0x418A, 0x49AA, 0x49AB, 0x49AB, 0x49AB, 0x49AA, 0x49AA, 0x49AA, 0x49AA, 0x51CB,
  0x418B, 0x6229, 0xC485, 0xDD03, 0xCCC4, 0xE543, 0x9367, 0x416B, 0x49AA, 0x49AA, 0x49AB, 0x49AB,
  0x49AB, 0x49AB, 0x49AB, 0x49AB, 0x49AB, 0x49AB, 0x49AB, 0x49AB, 0x49AB, 0x49AB, 0x49AB, 0x49AB,
  0x49AA, 0x49AA, 0x49AA, 0x49AA, 0x49AA, 0x49AA, 0x49AB, 0x49AB, 0x49AB, 0x49AB, 0x49AA, 0x49AA,
  0x49AA, 0x49AB, 0x49AB, 0x49AA, 0x49AB, 0x49AB, 0x49AB, 0x49AB, 0x49AA, 0x49AA, 0x498A, 0x49AA,
  0x49AA, 0x49AA, 0x49AA, 0x49AA, 0x49AA, 0x498A, 0x418A, 0x498A, 0x2906, 0x0861, 0x4206, 0x2924,
  0x18C2, 0x6AEA, 0xB533, 0xA490, 0x732B, 0x83AD, 0x2924, 0x49E7, 0x1081, 0x1082, 0x39C6, 0x1081,
  0x41C6, 0x5AA9, 0x5248, 0x18A4, 0x1043, 0x3107, 0x51EC, 0x51CB, 0x49AA, 0x49AA, 0x49AA, 0x49AA,
  0x49AA, 0x49AB, 0x49AB, 0x49AB, 0x49AB, 0x49AB, 0x49AB, 0x49AB, 0x49AB, 0x49AA, 0x498A, 0x498A,
  0x51CB, 0x51AB, 0x51AB, 0x51AB, 0x51CB, 0x51CB, 0x51CB, 0x51AB, 0x51AB, 0x51AB, 0x51EB, 0x3968,
  0x0021, 0x0000, 0x2944, 0x62AA, 0x6B0B, 0x5A89, 0x4A07, 0x41C6, 0x2924, 0x20A6, 0x494E, 0x390B,
  0x30E9, 0x412C, 0x492F, 0x59B0, 0x518F, 0x518F, 0x61F0, 0x6A31, 0x6A11, 0x61F1, 0x6A12, 0x69F2,
  0x5990, 0x598F, 0x5990, 0x8AB3, 0x8BAF, 0x83EE, 0x7B8D, 0x7B8C, 0x7B6D, 0x59CD, 0x496D, 0x412D,
  0x390B, 0x30E9, 0x30C9, 0x28C8, 0x390B, 0x20C6, 0x0021, 0x1082, 0x41C7, 0x39A6, 0x41E7, 0x5248,
  0x5228, 0x41C6, 0x3985, 0x0020, 0x28E6, 0x51CC, 0x51AB, 0x51AB, 0x51AB, 0x51AB, 0x51AB, 0x51AB,
  0x51AB, 0x51AB, 0x51CB, 0x51AB, 0x51AB, 0x51AB, 0x51AB, 0x51AB, 0x51AB, 0x51AB, 0x51AB, 0x49AB,
  0x51AB, 0x51AB, 0x51AB, 0x51AB, 0x51CB, 0x51AB, 0x51AB, 0x51AB, 0x51CB, 0x51CB, 0x51CB, 0x51CB,
  0x51CB, 0x51CB, 0x51CB, 0x51CB, 0xC485, 0xDD43, 0xABE6, 0x418B, 0x418B, 0x8B07, 0x8308, 0x498B,
  0x51CB, 0x51AB, 0x51CB, 0x51CB, 0x51CB, 0x51CB, 0x51CB, 0x51CB, 0x51AB, 0x51AB, 0x51AB, 0x51AB,
  0x51CB, 0x51CB, 0x51CB, 0x51CB, 0x51CB, 0x51CB, 0x51CB, 0x51CB, 0x51CB, 0x51AB, 0x51AB, 0x51CB,
  0x49AB, 0x7AC8, 0x7AE8, 0x49AB, 0x51CB, 0x51CB, 0x51AB, 0x51AA, 0x51AB, 0x51AB, 0x51CA, 0x498B,
  0x624A, 0xB425, 0xDD03, 0xD4E3, 0xD503, 0xA3C6, 0x6A49, 0x51CB, 0x51CB, 0x51AB, 0x51AB, 0x51AB,
  0x51AB, 0x51AB, 0x51AB, 0x51AB, 0x51AB, 0x51AB, 0x51AB, 0x51CB, 0x51CB, 0x51CB, 0x51AB, 0x51CB,
  0x51CB, 0x51AB, 0x51AB, 0x51AB, 0x51AB, 0x51AB, 0x51AB, 0x51AB, 0x51AB, 0x51AB, 0x51CB, 0x51AB,
  0x51AB, 0x51CB, 0x51AB, 0x51AB, 0x51AB, 0x51AB, 0x51AB, 0x51AB, 0x51AB, 0x51AB, 0x51AB, 0x51AB,
  0x51AA, 0x49AA, 0x51AA, 0x51AA, 0x51CB, 0x51CB, 0x51CB, 0x51CB, 0x0021, 0x6B0A, 0x9C70, 0x5A89,
  0x2104, 0x1061, 0x4207, 0x39A6, 0x2944, 0x39A6, 0x1082, 0x0861, 0x0861, 0x41E6, 0x838C, 0x4A28,
  0x3165, 0x62CA, 0x62EA, 0x4A07, 0x41E6, 0x2925, 0x1885, 0x20C5, 0x51CB, 0x51CB, 0x51CB, 0x49AA,
  0x51CB, 0x51CB, 0x51CB, 0x51CB, 0x51CB, 0x51CB, 0x51CB, 0x51CB, 0x51CB, 0x51AB, 0x51AB, 0x51AB,
  0x49AA, 0x49AB, 0x49AB, 0x49AB, 0x49AB, 0x49AB, 0x49AB, 0x49AB, 0x49AB, 0x49AA, 0x51AB, 0x3146,
  0x2124, 0x0020, 0x2924, 0x5A89, 0x6B0B, 0x732B, 0x7B6C, 0x734C, 0x4A07, 0x1885, 0x412D, 0x28C8,
  0x0842, 0x20A6, 0x494D, 0x494E, 0x410D, 0x410D, 0x412D, 0x410C, 0x38CB, 0x38EB, 0x412C, 0x410C,
  0x412D, 0x412D, 0x410C, 0x518C, 0x2925, 0x2103, 0x2104, 0x2103, 0x18A2, 0x0843, 0x28C9, 0x30EA,
  0x1885, 0x0842, 0x1063, 0x28A8, 0x390B, 0x18A5, 0x20E3, 0x41E7, 0x62CA, 0x62AA, 0x5A89, 0x5268,
  0x4A28, 0x41E7, 0x41C6, 0x0020, 0x28E6, 0x49AB, 0x498A, 0x49AA, 0x49AA, 0x49AA, 0x49AA, 0x49AA,
  0x49AA, 0x49AA, 0x49AA, 0x49AA, 0x49AA, 0x49AA, 0x49AA, 0x49AB, 0x49AA, 0x49AA, 0x49AA, 0x49AA,
  0x49AA, 0x49AA, 0x49AA, 0x49AB, 0x49AA, 0x49AA, 0x49AA, 0x49AB, 0x49AB, 0x49AA, 0x49AA, 0x49AB,
  0x49AA, 0x49AA, 0x49AB, 0x51EA, 0xC484, 0xD503, 0xBC64, 0x7269, 0x82C8, 0xCCC3, 0xB425, 0x416B,
  0x49AA, 0x49AA, 0x49AA, 0x49AB, 0x49AB, 0x498B, 0x49AB, 0x49AB, 0x49AA, 0x49AA, 0x49AB, 0x49AB,
  0x49AB, 0x49AB, 0x49AB, 0x49AB, 0x49AB, 0x49AB, 0x49AB, 0x49AB, 0x49AB, 0x49AA, 0x49AA, 0x49AA,
  0x416B, 0xA3A6, 0xA3A6, 0x394B, 0x51CA, 0x49AB, 0x49AB, 0x49AA, 0x49AA, 0x51CB, 0x418B, 0x624A,
  0xB426, 0xE543, 0xCCC4, 0xD4E3, 0xDD23, 0x72A8, 0x396B, 0x51CB, 0x49AB, 0x49AB, 0x49AB, 0x49AB,
  0x49AB, 0x49AB, 0x49AA, 0x49AA, 0x49AA, 0x49AA, 0x49AA, 0x49AB, 0x49AB, 0x49AA, 0x49AB, 0x51AB,
  0x49AB, 0x49AB, 0x49AB, 0x49AA, 0x49AA, 0x49AB, 0x49AB, 0x49AA, 0x49AB, 0x49AB, 0x49AB, 0x49AB,
  0x49AB, 0x49AB, 0x49AB, 0x49AA, 0x49AB, 0x49AA, 0x49AA, 0x49AA, 0x49AB, 0x49AA, 0x49AA, 0x49AA,
  0x49AB, 0x51CB, 0x51CB, 0x49AB, 0x49AB, 0x3127, 0x3127, 0x28E6, 0x0000, 0x62CA, 0xA4D1, 0x9C90,
  0x7B6C, 0x3165, 0x2924, 0x2103, 0x2124, 0x2944, 0x2944, 0x2103, 0x5248, 0x7B6C, 0x7B6C, 0x5248,
  0x0020, 0x1082, 0x2944, 0x732B, 0x83AD, 0x5A89, 0x3185, 0x3185, 0x3127, 0x3107, 0x3948, 0x49AB,
  0x49AA, 0x49AA, 0x49AA, 0x49AA, 0x49AB, 0x49AB, 0x49AB, 0x49AB, 0x49AB, 0x49AB, 0x49AA, 0x49AA,
  0x49AB, 0x49AB, 0x49AB, 0x51AB, 0x51CB, 0x51AB, 0x51AB, 0x51AB, 0x49AA, 0x51CB, 0x20C5, 0x3165,
  0x62EA, 0x0020, 0x2944, 0x5A89, 0x6AEA, 0x732B, 0x838D, 0x8BEE, 0x62EA, 0x20A6, 0x412C, 0x28E6,
  0x3165, 0x2905, 0x30E9, 0x494E, 0x492D, 0x412C, 0x412C, 0x410C, 0x20A6, 0x1864, 0x1885, 0x28C8,
  0x410C, 0x412D, 0x28A7, 0x0823, 0x0841, 0x1082, 0x18C3, 0x18A2, 0x1082, 0x10A2, 0x20A6, 0x30C9,
  0x20C4, 0x3185, 0x3165, 0x20C6, 0x412C, 0x1886, 0x39A6, 0x62CA, 0x6AEA, 0x62CA, 0x5A89, 0x5268,
  0x41C6, 0x18C3, 0x18C3, 0x0020, 0x28E6, 0x51CB, 0x49AA, 0x49AB, 0x51AB, 0x49AB, 0x49AB, 0x49AB,
  0x49AB, 0x49AB, 0x49AB, 0x49AB, 0x49AB, 0x49AB, 0x49AB, 0x49AB, 0x49AB, 0x49AA, 0x49AB, 0x49AB,
  0x49AB, 0x49AB, 0x49AB, 0x49AB, 0x49AB, 0x49AB, 0x49AB, 0x49AB, 0x51AB, 0x51AB, 0x49AB, 0x49AB,
  0x49AB, 0x49AB, 0x49AB, 0x51EA, 0xCCA4, 0xD503, 0xD502, 0xB424, 0xCCC3, 0xDD22, 0xB406, 0x49AB,
  0x51CB, 0x49AA, 0x49AA, 0x49AB, 0x622A, 0x622A, 0x49AB, 0x51AB, 0x49AB, 0x49AA, 0x49AB, 0x51AB,
  0x51AB, 0x51AB, 0x51AB, 0x51AB, 0x51AB, 0x51CB, 0x51CB, 0x51AB, 0x51AB, 0x49AB, 0x49AB, 0x51AA,
  0x416B, 0x9B66, 0xB425, 0x5A2A, 0x498B, 0x49AA, 0x49AB, 0x49AA, 0x49AB, 0x49AB, 0x5A09, 0xB445,
  0xE563, 0xD4C4, 0xD4E3, 0xBC45, 0xC484, 0x7AC7, 0x416A, 0x49AA, 0x49AB, 0x49AB, 0x49AB, 0x49AA,
  0x49AA, 0x49AA, 0x49AA, 0x49AA, 0x49AA, 0x49AA, 0x498A, 0x49AA, 0x49AA, 0x49AA, 0x49AB, 0x51AB,
  0x51AB, 0x49AB, 0x49AB, 0x49AB, 0x49AA, 0x49AA, 0x49AB, 0x49AB, 0x49AB, 0x49AB, 0x49AB, 0x49AA,
  0x49AB, 0x51AB, 0x49AA, 0x49AA, 0x49AB, 0x49AA, 0x49AA, 0x49AB, 0x49AB, 0x49AB, 0x49AB, 0x49AB,
  0x418A, 0x3948, 0x3948, 0x3948, 0x3106, 0x18E3, 0x18C3, 0x18C2, 0x0020, 0x41E7, 0x62EA, 0x9470,
  0xC5D5, 0xACD1, 0xACF1, 0xA490, 0x9450, 0x940E, 0x944F, 0xA4B1, 0xA490, 0x6B0B, 0x39A6, 0x20E3,
  0x0841, 0x3165, 0x18E3, 0x0841, 0x10A2, 0x62CA, 0xA4B1, 0x83CD, 0x2103, 0x18C2, 0x18A3, 0x3969,
  0x51CB, 0x49AA, 0x49AB, 0x49AA, 0x49AA, 0x49AA, 0x49AB, 0x51AB, 0x51AB, 0x51AB, 0x49AB, 0x49AB,
  0x51AB, 0x51AB, 0x51AB, 0x51AB, 0x51CB, 0x51CB, 0x51CB, 0x51CB, 0x49AB, 0x5A0C, 0x1063, 0x39A6,
  0x8C0E, 0x0000, 0x3165, 0x5AA9, 0x6AEB, 0x732B, 0x7B6C, 0x8BEE, 0x6B0B, 0x28C7, 0x494D, 0x2946,
  0x7B8C, 0x4A28, 0x20A6, 0x516F, 0x494E, 0x390B, 0x30E9, 0x28C8, 0x2925, 0x2944, 0x18C2, 0x20C5,
  0x390B, 0x494D, 0x18A4, 0x18C3, 0x39A6, 0x5228, 0x5248, 0x4A28, 0x5248, 0x41E7, 0x28E6, 0x390B,
  0x3987, 0x732B, 0x62AA, 0x20E5, 0x414D, 0x20A6, 0x4207, 0x6B0B, 0x62CA, 0x62A9, 0x5248, 0x41C7,
  0x2104, 0x18C3, 0x1082, 0x0000, 0x1062, 0x3948, 0x51CB, 0x51AB, 0x51AB, 0x51AB, 0x51AB, 0x51AB,
  0x51AB, 0x51AB, 0x51AB, 0x51AB, 0x51AB, 0x51AB, 0x51AB, 0x51AB, 0x51AB, 0x51AB, 0x51AB, 0x51CB,
  0x51CB, 0x51AB, 0x51AB, 0x51AB, 0x51AB, 0x51AB, 0x51AB, 0x51AB, 0x51CB, 0x51CB, 0x51CB, 0x51CB,
  0x51CB, 0x51CB, 0x51CB, 0x5A0B, 0xCCC4, 0xDD23, 0xD4E3, 0xD4C3, 0xCCC3, 0xD503, 0xC464, 0x6A2A,
  0x51CB, 0x51CB, 0x51CB, 0x416B, 0x9B67, 0x9BA6, 0x416B, 0x51AA, 0x49AA, 0x49AB, 0x51AB, 0x51AB,
  0x51AB, 0x51AB, 0x51CB, 0x51CB, 0x51CB, 0x51AB, 0x51CB, 0x51AB, 0x51AB, 0x51AB, 0x51AB, 0x51CB,
  0x416B, 0x9347, 0xED63, 0xB426, 0x5A0A, 0x51AB, 0x51AB, 0x49AA, 0x49AA, 0x5A09, 0xCC84, 0xDD03,
  0xD4E3, 0xD4E4, 0xDD03, 0x82E7, 0x9B87, 0x82E8, 0x416B, 0x51AA, 0x51AB, 0x51CB, 0x51AB, 0x51AB,
  0x51AB, 0x51AB, 0x51AB, 0x51AB, 0x51AB, 0x51AB, 0x51AB, 0x51AB, 0x51AB, 0x51AB, 0x51AB, 0x51AB,
  0x51AB, 0x51AB, 0x51CB, 0x51AB, 0x51AB, 0x51AB, 0x51AB, 0x51AB, 0x51AB, 0x51AB, 0x51AB, 0x51AB,
  0x51CB, 0x51CB, 0x51AB, 0x51AB, 0x51AB, 0x51AB, 0x51AB, 0x51CB, 0x51CB, 0x49AA, 0x49AA, 0x49CA,
  0x3947, 0x0840, 0x0861, 0x1081, 0x1061, 0x734B, 0x8BCD, 0x8BCE, 0x20E3, 0x39A6, 0x7B6C, 0x83AD,
  0x62A9, 0x5A89, 0xD616, 0xCE16, 0xC5D5, 0xACD1, 0x8BCE, 0x62EA, 0x41E7, 0x3185, 0x2924, 0x18E3,
  0x0861, 0x39A6, 0x41E6, 0x41A6, 0x2924, 0x18E3, 0x20E3, 0x41E6, 0xA490, 0xA4D1, 0x5268, 0x0841,
  0x4169, 0x51AB, 0x49AB, 0x49AB, 0x49AA, 0x49AA, 0x49AA, 0x49AB, 0x51AB, 0x49AB, 0x49AB, 0x51AB,
  0x49AA, 0x49AA, 0x49AA, 0x49AA, 0x498A, 0x49AA, 0x49AA, 0x49AA, 0x49AB, 0x4169, 0x3166, 0x41E7,
  0x39C6, 0x0000, 0x3165, 0x62CA, 0x6B0B, 0x732B, 0x7B6C, 0x8BEE, 0x6B4B, 0x28C8, 0x410B, 0x3166,
  0x9C4F, 0x5AAA, 0x20A7, 0x59B1, 0x516F, 0x390B, 0x20A6, 0x18C4, 0x5269, 0x6AEA, 0x5AA9, 0x3146,
  0x28C8, 0x412C, 0x20C5, 0x62AA, 0x62CA, 0x62CA, 0x62CA, 0x62CA, 0x7B6C, 0x62CA, 0x4149, 0x61AF,
  0x3987, 0x7B8C, 0x62CA, 0x20C5, 0x494D, 0x20C7, 0x4A08, 0x6AEA, 0x62CA, 0x62CA, 0x4A27, 0x18A2,
  0x39A6, 0x5AA9, 0x3985, 0x2924, 0x1082, 0x18A3, 0x49AA, 0x49AA, 0x49AB, 0x49AB, 0x49AA, 0x49AA,
  0x498A, 0x49AA, 0x49AA, 0x49AA, 0x49AA, 0x49AA, 0x49AA, 0x49AA, 0x49AA, 0x49AA, 0x49AA, 0x49AA,
  0x49AA, 0x49AA, 0x49AA, 0x49AA, 0x49AA, 0x49AA, 0x49AA, 0x49AA, 0x49AB, 0x49AB, 0x49AA, 0x49AB,
  0x49AB, 0x49AB, 0x49AB, 0x5A0A, 0xD4C3, 0xD503, 0xD4E3, 0xD4C3, 0xD4E3, 0xD4E3, 0xDD23, 0x8308,
  0x418B, 0x51CB, 0x49AB, 0x416A, 0xBC44, 0x9B87, 0x416B, 0x49AA, 0x498A, 0x498A, 0x498A, 0x498A,
  0x49AA, 0x49AA, 0x49AA, 0x49AA, 0x49AB, 0x49AB, 0x49AB, 0x49AB, 0x49AA, 0x49AB, 0x49AB, 0x49AA,
  0x416A, 0x8B46, 0xDD23, 0xDD23, 0xBC66, 0x498B, 0x49AA, 0x498A, 0x49C9, 0xC464, 0xDD03, 0xD4E3,
  0xD503, 0xD503, 0xC483, 0x51E9, 0x51CA, 0x51CA, 0x49AA, 0x498A, 0x498A, 0x49AA, 0x49AA, 0x49AA,
  0x49AA, 0x49AA, 0x498A, 0x498A, 0x498A, 0x49AA, 0x49AA, 0x49AA, 0x498A, 0x498A, 0x498A, 0x498A,
  0x49AA, 0x49AB, 0x49AB, 0x49AB, 0x49AA, 0x49AA, 0x49AA, 0x498A, 0x49AA, 0x498A, 0x498A, 0x498A,
  0x49AA, 0x49AA, 0x49AA, 0x49AA, 0x49AA, 0x49AA, 0x49AA, 0x49AA, 0x51EB, 0x18A3, 0x0020, 0x0021,
  0x1082, 0x7B6C, 0x8BEE, 0x942F, 0x6B0B, 0x3165, 0x20E3, 0x2104, 0x0862, 0x0841, 0x41C6, 0x732B,
  0x9C90, 0xBD53, 0x944F, 0x7B8D, 0x732B, 0x62CA, 0x4A27, 0x41E6, 0x4207, 0x39A6, 0x18A2, 0x0841,
  0x2944, 0x39A5, 0x5248, 0x5A69, 0x5A89, 0x5228, 0x39A6, 0x2924, 0x18A2, 0x0861, 0x6B0B, 0x62CA,
  0x0000, 0x49AA, 0x49AA, 0x49AA, 0x498A, 0x498A, 0x498A, 0x49AA, 0x49AA, 0x49AA, 0x498A, 0x498A,
  0x51CB, 0x51CB, 0x51AB, 0x51AB, 0x51AB, 0x51AB, 0x51CB, 0x51CB, 0x51CB, 0x0842, 0x62EA, 0x6B0B,
  0x0882, 0x0000, 0x3144, 0x5AA9, 0x6B0B, 0x732B, 0x7B6C, 0x8BEE, 0x6B2C, 0x49AB, 0x6A30, 0x3166,
  0xACD1, 0x6B0B, 0x1885, 0x59B0, 0x516F, 0x410C, 0x1064, 0x3185, 0x732B, 0x7B8D, 0x8C0E, 0x4208,
  0x28C8, 0x412C, 0x20E5, 0x7B6C, 0x7B8D, 0x7B6C, 0x7B4C, 0x734C, 0x7B8D, 0x62EA, 0x3929, 0x516D,
  0x3166, 0x7B6C, 0x5A89, 0x18A4, 0x496E, 0x28C8, 0x41E7, 0x732B, 0x62A9, 0x6AEA, 0x20E3, 0x3165,
  0x736C, 0x39C6, 0x7B8D, 0x942F, 0x4A28, 0x0020, 0x20C4, 0x51CB, 0x51AB, 0x51CB, 0x51CB, 0x51AB,
  0x51AB, 0x51AB, 0x51AB, 0x51CB, 0x51CB, 0x51AB, 0x51AB, 0x51CB, 0x51CB, 0x51CB, 0x51AB, 0x51AB,
  0x51CB, 0x51AB, 0x51AB, 0x51AB, 0x51AB, 0x51AB, 0x51AB, 0x51AB, 0x51CB, 0x51CB, 0x51CB, 0x51CB,
  0x51CB, 0x51CB, 0x49AB, 0x5A09, 0xCCC3, 0xD4E3, 0xD4E3, 0xDCE3, 0xD503, 0xD4E3, 0xD523, 0x7AE7,
  0x498B, 0x51CB, 0x5A0A, 0xBC25, 0xD4E2, 0x9367, 0x498B, 0x51CB, 0x51AB, 0x51AB, 0x51AB, 0x51AB,
  0x49AB, 0x51AB, 0x51AB, 0x51AB, 0x51AB, 0x51AB, 0x51AB, 0x51CB, 0x51AB, 0x51AB, 0x51AB, 0x51AA,
  0x416B, 0x9367, 0xDD23, 0xDD03, 0xB425, 0x49AB, 0x51AB, 0x59EA, 0xBC64, 0xD4C3, 0xD4E4, 0xD4E3,
  0xD4E3, 0xDD23, 0xCCA4, 0x51CA, 0x498A, 0x49AB, 0x51CB, 0x49AB, 0x49AB, 0x49AB, 0x51AB, 0x51AB,
  0x51AB, 0x51AB, 0x49AA, 0x49AB, 0x51AB, 0x51AB, 0x51AB, 0x49AB, 0x49AB, 0x49AB, 0x49AB, 0x49AB,
  0x51AB, 0x51AB, 0x51CB, 0x51CB, 0x51AB, 0x51AB, 0x51AB, 0x51AB, 0x51AB, 0x49AB, 0x49AB, 0x49AB,
  0x49AB, 0x51AB, 0x51AB, 0x51AB, 0x51AB, 0x51AB, 0x51AB, 0x49AA, 0x0842, 0x5AA9, 0x7B8C, 0x7BAD,
  0x7B6C, 0x5A89, 0x39A6, 0x2965, 0x18C3, 0x18A2, 0x39A6, 0x5A89, 0x5248, 0x2944, 0x0020, 0x1081,
  0x39A6, 0x83AD, 0x734B, 0x5AA9, 0x5248, 0x4A27, 0x3985, 0x3165, 0x18C3, 0x0841, 0x0841, 0x2103,
  0x4A07, 0x5248, 0x62A9, 0x6ACA, 0x4A27, 0x2104, 0x0820, 0x0000, 0x2104, 0x5AA9, 0x83AD, 0x5268,
  0x0821, 0x49AA, 0x51AB, 0x51AB, 0x51AB, 0x51AB, 0x51AB, 0x51AB, 0x51AB, 0x51AB, 0x51AB, 0x49AB,
  0x49AB, 0x49AA, 0x498A, 0x498A, 0x49AA, 0x49AB, 0x49AB, 0x498A, 0x49AB, 0x0000, 0x62CA, 0x62EA,
  0x0020, 0x0020, 0x3165, 0x5AA9, 0x6AEB, 0x732B, 0x7B6C, 0x8BEE, 0x6B2B, 0x414B, 0x61D0, 0x41C8,
  0xB533, 0x734C, 0x1865, 0x61D0, 0x516F, 0x390B, 0x1864, 0x5AA9, 0x83CD, 0x83AD, 0x944F, 0x4A29,
  0x30EA, 0x494E, 0x20E5, 0x7B6C, 0x7B8D, 0x7B6C, 0x7B4C, 0x734C, 0x736C, 0x736C, 0x2926, 0x0823,
  0x4A07, 0x7B6C, 0x5AA9, 0x18A4, 0x494E, 0x28C8, 0x39A7, 0x732B, 0x62A9, 0x62CA, 0x10A2, 0x5268,
  0x5AA9, 0x39A6, 0xA490, 0x9C90, 0x83AD, 0x3185, 0x1083, 0x51CB, 0x498A, 0x49AB, 0x49AB, 0x49AB,
  0x49AB, 0x49AB, 0x49AB, 0x49AB, 0x49AB, 0x49AA, 0x49AA, 0x49AA, 0x49AA, 0x49AA, 0x49AB, 0x49AB,
  0x49AA, 0x49AB, 0x49AA, 0x49AA, 0x49AA, 0x49AA, 0x49AB, 0x49AB, 0x49AA, 0x49AA, 0x49AA, 0x49AB,
  0x49AB, 0x49AA, 0x418A, 0x5A09, 0xD4E3, 0xDD22, 0xABE5, 0x6269, 0xD4E3, 0xD503, 0xDD23, 0x8B26,
  0x394B, 0x51E9, 0xC484, 0xDD03, 0xDD03, 0x8B26, 0x416B, 0x49AA, 0x49AA, 0x49AA, 0x498A, 0x498A,
  0x49AA, 0x498A, 0x49AA, 0x49AA, 0x49AA, 0x49AA, 0x49AB, 0x49AB, 0x49AB, 0x49AA, 0x49AA, 0x49AA,
  0x416B, 0xA3A7, 0xE522, 0xD4C3, 0xCCA3, 0x8B26, 0x51C9, 0xC464, 0xD4E2, 0xD4C3, 0xCCC3, 0xCCC3,
  0xD4E3, 0xC484, 0x6229, 0x49AA, 0x49AA, 0x49AA, 0x49AA, 0x49AA, 0x49AA, 0x49AA, 0x49AA, 0x49AA,
  0x49AB, 0x49AA, 0x49AA, 0x49AA, 0x49AA, 0x49AA, 0x498A, 0x498A, 0x49AA, 0x498A, 0x498A, 0x498A,
  0x498A, 0x49AA, 0x49AA, 0x49AB, 0x49AA, 0x498A, 0x49AA, 0x49AA, 0x498A, 0x49AA, 0x49AA, 0x49AA,
  0x49AA, 0x49AA, 0x49AA, 0x49AA, 0x49AA, 0x49AB, 0x4169, 0x1083, 0x62EA, 0x940E, 0x5AA9, 0x41E7,
  0x41E7, 0x1082, 0x18C3, 0x39A5, 0x5268, 0x62CA, 0x734B, 0x838D, 0x83AD, 0x730B, 0x4A27, 0x39C6,
  0x2924, 0x0020, 0x0020, 0x0020, 0x0841, 0x0861, 0x0020, 0x0000, 0x0861, 0x2944, 0x41E6, 0x6AEA,
  0x62A9, 0x3165, 0x18A2, 0x18A2, 0x0841, 0x2124, 0x6B0B, 0x6B0A, 0x940E, 0x734C, 0x5248, 0x2103,
  0x0841, 0x49AA, 0x49AB, 0x498A, 0x498A, 0x49AA, 0x49AA, 0x49AA, 0x49AA, 0x49AA, 0x49AA, 0x49AB,
  0x49AA, 0x498A, 0x498A, 0x49AA, 0x49AB, 0x49AB, 0x51AB, 0x498A, 0x1883, 0x5269, 0x734C, 0x41E7,
  0x0020, 0x0020, 0x3165, 0x5A89, 0x6B0B, 0x7B6C, 0x7B6D, 0x8BEE, 0x7BAD, 0x28E7, 0x2088, 0x4208,
  0xB553, 0x736D, 0x20A6, 0x61B0, 0x494E, 0x38EA, 0x1884, 0x6B2B, 0x8C0E, 0x83AD, 0x942F, 0x4A09,
  0x496D, 0x61D1, 0x18A4, 0x734C, 0x7B6C, 0x7B6C, 0x734C, 0x7B6C, 0x7B6C, 0x7B6C, 0x5AAA, 0x4A28,
  0x6B0B, 0x7B6C, 0x62AA, 0x18A5, 0x598F, 0x28C8, 0x39A6, 0x6B0B, 0x62CA, 0x62CA, 0x10A2, 0x3165,
  0x39C6, 0x3185, 0x20E3, 0x62CA, 0x8C0E, 0x39A6, 0x1063, 0x51CB, 0x49AB, 0x49AB, 0x49AB, 0x49AB,
  0x49AB, 0x49AB, 0x49AB, 0x49AB, 0x49AB, 0x51AB, 0x49AB, 0x49AB, 0x49AA, 0x49AA, 0x49AB, 0x49AB,
  0x49AB, 0x49AB, 0x49AB, 0x49AB, 0x49AA, 0x49AA, 0x49AB, 0x49AB, 0x49AB, 0x49AA, 0x49AA, 0x49AB,
  0x49AA, 0x49AA, 0x498B, 0x5A2A, 0xDD03, 0xA3C5, 0x5A0A, 0x49AA, 0xCCA3, 0xD4E3, 0xDD42, 0xABE5,
  0x5A29, 0xAC04, 0xD503, 0xD4E3, 0xDD23, 0x8B26, 0x416B, 0x51CB, 0x49AA, 0x49AA, 0x498A, 0x49AA,
  0x49AA, 0x49AA, 0x49AA, 0x49AB, 0x49AB, 0x49AB, 0x51AB, 0x49AB, 0x49AA, 0x49AA, 0x49AA, 0x49AA,
  0x498B, 0x6A49, 0xCC84, 0xDD03, 0xD503, 0xC483, 0xA3A5, 0xDD03, 0xDD02, 0xCC83, 0xD4E3, 0xD4E3,
  0xD502, 0x9B85, 0x394B, 0x49AA, 0x49AA, 0x49AA, 0x49AA, 0x49AA, 0x49AB, 0x49AB, 0x49AB, 0x49AA,
  0x49AA, 0x51CA, 0x498B, 0x416B, 0x49AA, 0x498A, 0x49AA, 0x49AA, 0x49AA, 0x49AA, 0x49AA, 0x49AA,
  0x49AA, 0x49AA, 0x49AA, 0x49AA, 0x49AB, 0x49AB, 0x49AA, 0x49AA, 0x49AA, 0x49AB, 0x49AA, 0x49AA,
  0x49AB, 0x49AB, 0x49AA, 0x49AA, 0x49AA, 0x49AB, 0x4169, 0x0841, 0xA4B1, 0x39A6, 0x0000, 0x18C3,
  0x39A6, 0x41E7, 0x5A89, 0x734B, 0x8BCE, 0x83CE, 0x7B8D, 0x7B6C, 0x8BEE, 0x9C4F, 0x944F, 0x83AD,
  0x62CA, 0x4A07, 0x41E6, 0x39C6, 0x39C6, 0x41C6, 0x4A27, 0x5228, 0x4A07, 0x5A89, 0x5A89, 0x2944,
  0x18A2, 0x0000, 0x41E6, 0x5A89, 0x5A89, 0x732B, 0x83AD, 0x734C, 0x4A27, 0x18C3, 0x0861, 0x0040,
  0x0841, 0x498A, 0x49AA, 0x49AA, 0x49AA, 0x49AA, 0x49AA, 0x49AB, 0x49AB, 0x49AA, 0x49AA, 0x49AB,
  0x49AB, 0x49AB, 0x49AB, 0x51AB, 0x51AB, 0x51CB, 0x51CB, 0x49AA, 0x0821, 0x942F, 0x5AA9, 0x0861,
  0x1082, 0x0020, 0x3185, 0x5A89, 0x732B, 0x7B8D, 0x7B8D, 0x83CE, 0xA4B1, 0x4A28, 0x1083, 0x62CA,
  0xB532, 0x734D, 0x20A7, 0x71F2, 0x494E, 0x30EA, 0x1884, 0x7B8D, 0x9C70, 0x83AD, 0x942F, 0x39A7,
  0x622F, 0x7A73, 0x18A5, 0x734C, 0x7B6C, 0x734C, 0x736C, 0x7B6C, 0x7B6C, 0x7B6C, 0x7B6C, 0x7B6C,
  0x7B6C, 0x732B, 0x4A08, 0x20A5, 0x7A52, 0x20A7, 0x3186, 0x732B, 0x62CA, 0x62EA, 0x18C3, 0x0861,
  0x20E3, 0x0000, 0x4207, 0x736C, 0x62C9, 0x2944, 0x1063, 0x51CB, 0x51AB, 0x51AB, 0x51AB, 0x51AB,
  0x51AB, 0x51AB, 0x51AB, 0x51AB, 0x51AB, 0x51AB, 0x51CB, 0x51CB, 0x51AB, 0x51AB, 0x51AB, 0x51CB,
  0x51CB, 0x51CB, 0x51CB, 0x51CB, 0x416B, 0x498B, 0x51CB, 0x49AB, 0x51AB, 0x51AB, 0x51AB, 0x51AB,
  0x51AB, 0x51AB, 0x49AB, 0x6249, 0xB425, 0x5A0A, 0x418C, 0x51E9, 0xCC83, 0xD4E3, 0xD503, 0xC484,
  0xB426, 0xDD02, 0xCCC3, 0xCCC4, 0xDD23, 0x9347, 0x498B, 0x51CB, 0x51AB, 0x49AA, 0x49AA, 0x49AA,
  0x51AB, 0x51AB, 0x51AB, 0x51AB, 0x51CB, 0x51CB, 0x51CB, 0x51AB, 0x51AB, 0x49AB, 0x51AB, 0x49AB,
  0x49AB, 0x416B, 0xB405, 0xE523, 0xD4E4, 0xD4E3, 0xDD03, 0xCCC3, 0x8307, 0x8B27, 0xD4E3, 0xD4E3,
  0xDD23, 0x82E7, 0x416B, 0x51CB, 0x51CB, 0x498B, 0x49AA, 0x49AB, 0x51AB, 0x51CB, 0x51AB, 0x51CB,
  0x51AA, 0x394B, 0x6A69, 0xA386, 0x49AB, 0x49AB, 0x51AB, 0x51AB, 0x51AB, 0x51AB, 0x51AB, 0x51AB,
  0x51AB, 0x51AB, 0x51AB, 0x51CB, 0x51CB, 0x51CB, 0x51AB, 0x51AB, 0x51AB, 0x49AB, 0x51AB, 0x51AB,
  0x51AB, 0x51AB, 0x51AB, 0x49AB, 0x49AA, 0x51CB, 0x4189, 0x0841, 0x83CD, 0x9C90, 0x41E7, 0x0020,
  0x3165, 0x7B4C, 0x8BCD, 0x942F, 0x83CD, 0x8BEE, 0x8BCE, 0x8BEE, 0x9C4F, 0x944F, 0x942F, 0x942F,
  0x942F, 0x942F, 0x942F, 0x9C70, 0x940E, 0x83CD, 0x83AD, 0x7B8C, 0x2944, 0x0841, 0x10A2, 0x39C6,
  0x41E7, 0x83CD, 0x942F, 0x7B6C, 0x62CA, 0x4A28, 0x18A2, 0x0861, 0x0861, 0x10A2, 0x2082, 0x1841,
  0x0841, 0x418A, 0x49AB, 0x49AB, 0x49AB, 0x49AB, 0x51AB, 0x51AB, 0x51AB, 0x49AB, 0x51AB, 0x51AB,
  0x49AA, 0x49AA, 0x498A, 0x49AA, 0x49AA, 0x49AA, 0x49AB, 0x49AA, 0x0841, 0x734B, 0x39A6, 0x0000,
  0x2906, 0x0821, 0x3185, 0x62AA, 0x732B, 0x7B8D, 0x7B6C, 0x83AD, 0x9C90, 0x83CD, 0x8C0F, 0xA4B1,
  0xACF2, 0x734C, 0x2086, 0x7A33, 0x516F, 0x30EA, 0x1063, 0x7B8D, 0x9C70, 0x83CE, 0x944F, 0x39C8,
  0x28A9, 0x516E, 0x20C5, 0x7B6C, 0x7B8C, 0x734C, 0x734C, 0x734C, 0x734C, 0x734C, 0x734C, 0x732B,
  0x734C, 0x732C, 0x4A28, 0x1884, 0x412C, 0x20A7, 0x3986, 0x732B, 0x62CA, 0x62EA, 0x2104, 0x0841,
  0x0840, 0x0861, 0x942E, 0x62EA, 0x2944, 0x1082, 0x3106, 0x49AB, 0x49AA, 0x49AA, 0x498A, 0x498A,
  0x498A, 0x498A, 0x498A, 0x49AA, 0x49AB, 0x49AA, 0x49AA, 0x49AA, 0x49AA, 0x49AA, 0x49AA, 0x49AA,
  0x49AA, 0x49AA, 0x49AA, 0x418A, 0x82E7, 0x7268, 0x416B, 0x49AA, 0x498A, 0x49AA, 0x49AA, 0x49AA,
  0x49AA, 0x49AA, 0x418A, 0x51EA, 0x6A69, 0x418B, 0x49CB, 0x5A0A, 0xCC64, 0xD4E3, 0xCCC3, 0xCCA3,
  0xDD03, 0xD4C3, 0xD4C3, 0xCCA4, 0xD503, 0x9347, 0x416B, 0x49AA, 0x498A, 0x498A, 0x498A, 0x498A,
  0x49AA, 0x49AA, 0x49AA, 0x49AA, 0x49AB, 0x49AA, 0x49AA, 0x49AA, 0x49AA, 0x49AA, 0x49AA, 0x49AA,
  0x49AA, 0x416A, 0xB425, 0xDD03, 0xD4C3, 0xD4E3, 0xD4C3, 0x9347, 0x416B, 0x5A09, 0xCCC3, 0xD503,
  0xB405, 0x6229, 0x498B, 0x498A, 0x49AB, 0x7AC8, 0x51CA, 0x498A, 0x49AA, 0x49AA, 0x49AB, 0x416B,
  0x51C9, 0x8306, 0x9B66, 0x9346, 0x498B, 0x49AA, 0x498A, 0x49AA, 0x49AA, 0x49AA, 0x49AA, 0x49AA,
  0x49AA, 0x49AB, 0x49AA, 0x49AB, 0x49AA, 0x49AA, 0x498A, 0x49AA, 0x49AA, 0x49AA, 0x49AA, 0x49AB,
  0x49AA, 0x49AA, 0x498A, 0x49AA, 0x49AA, 0x49AB, 0x4169, 0x0841, 0x5248, 0x9C70, 0x83CD, 0x62CA,
  0x5248, 0x20E3, 0x2924, 0x4A07, 0x940E, 0x942F, 0x8BEE, 0x8C0E, 0x8C0E, 0x940F, 0x8BEE, 0x8BCD,
  0x8BEE, 0x9C70, 0x9C50, 0x5A89, 0x39C6, 0x2944, 0x0841, 0x0841, 0x39A6, 0x4A48, 0x5AA9, 0x8BEE,
  0x83AD, 0x7B6C, 0x4A07, 0x20E3, 0x18A2, 0x0882, 0x0021, 0x1082, 0x1840, 0x38E3, 0x50E3, 0x3861,
  0x0841, 0x416A, 0x498A, 0x49AA, 0x498A, 0x498A, 0x49AA, 0x49AA, 0x49AA, 0x498A, 0x498A, 0x498A,
  0x51CB, 0x51AB, 0x51AB, 0x51AB, 0x51CB, 0x51CB, 0x51CB, 0x51CA, 0x0000, 0x5A89, 0x2964, 0x1063,
  0x418A, 0x0000, 0x3165, 0x62A9, 0x732B, 0x7B8D, 0x7B6C, 0x83AD, 0x9C70, 0x942F, 0xA4B1, 0xACF2,
  0xACD1, 0x734C, 0x2087, 0x8274, 0x516F, 0x30EA, 0x1064, 0x7B8C, 0x9C70, 0x83EE, 0x942F, 0x6B2C,
  0x2906, 0x1865, 0x39A7, 0x7BAD, 0x7B8D, 0x7B6C, 0x734C, 0x734C, 0x734C, 0x734C, 0x734C, 0x732C,
  0x734C, 0x6B2B, 0x5228, 0x39A7, 0x1885, 0x2906, 0x5A89, 0x6B0B, 0x62CA, 0x5A89, 0x5268, 0x10A2,
  0x2924, 0x8C0E, 0x5A69, 0x3165, 0x1081, 0x1883, 0x59EC, 0x49AA, 0x51AB, 0x51AB, 0x51AB, 0x49AA,
  0x49AA, 0x49AA, 0x51AB, 0x51CB, 0x51CB, 0x51CB, 0x51CB, 0x51AB, 0x51AB, 0x51AB, 0x51AB, 0x51CB,
  0x51AB, 0x49AB, 0x51AA, 0x418B, 0x9BA6, 0xBC25, 0x51E9, 0x418A, 0x51AA, 0x51CB, 0x51CB, 0x49AB,
  0x49AB, 0x49AA, 0x49AA, 0x49AB, 0x49AB, 0x51CB, 0x49AB, 0x622B, 0xABA6, 0xCCA3, 0xD4C3, 0xCCC3,
  0xBC44, 0x9B67, 0xBC25, 0xD4C3, 0xD4E3, 0x8B47, 0x498B, 0x51CB, 0x51AB, 0x49AB, 0x49AB, 0x49AB,
  0x49AB, 0x51AB, 0x51CB, 0x51CB, 0x51AB, 0x51AB, 0x51AB, 0x51AB, 0x51AB, 0x49AB, 0x49AB, 0x49AA,
  0x51CB, 0x59EB, 0xB425, 0xD4E2, 0xC443, 0xCC83, 0x9B66, 0x498B, 0x49AB, 0x6249, 0xD4E3, 0xDD03,
  0x6249, 0x414B, 0x416B, 0x418A, 0x8307, 0xD504, 0x5A2B, 0x51CB, 0x51AB, 0x498B, 0x51CA, 0x72A9,
  0x9B87, 0xD4C3, 0x82E7, 0x394B, 0x51CB, 0x51AB, 0x51AB, 0x51AB, 0x51AB, 0x51AB, 0x51AB, 0x51CB,
  0x51CB, 0x51CB, 0x51AB, 0x51AB, 0x51AB, 0x51AB, 0x51AB, 0x51AB, 0x51AB, 0x51CB, 0x51AB, 0x51CB,
  0x51AB, 0x51AB, 0x51AB, 0x51AB, 0x49AB, 0x51CB, 0x4189, 0x0841, 0x20E3, 0x2924, 0x62A9, 0x9C4F,
  0x942F, 0x6AEA, 0x39C6, 0x2924, 0x41E7, 0x6AEA, 0x942F, 0x944F, 0x942F, 0x940E, 0x8C0E, 0x940E,
  0x6AEA, 0x4A07, 0x5248, 0x0841, 0x2104, 0x3165, 0x3985, 0x4A48, 0x8BCE, 0x942F, 0x6B0A, 0x3165,
  0x2103, 0x20E3, 0x0861, 0x0861, 0x1082, 0x2041, 0x28A2, 0x4145, 0x50A2, 0x58A2, 0x50A2, 0x3061,
  0x0842, 0x498A, 0x49AB, 0x49AB, 0x51AB, 0x51AB, 0x51AB, 0x49AA, 0x49AA, 0x49AA, 0x51AB, 0x51AB,
  0x49AB, 0x49AB, 0x49AA, 0x49AA, 0x49AA, 0x51CB, 0x3948, 0x20C4, 0x62CA, 0x39A6, 0x1081, 0x20C4,
  0x49AB, 0x0000, 0x3165, 0x5A89, 0x732B, 0x7B8D, 0x7B6C, 0x83AD, 0x9C90, 0x8C0E, 0x9C70, 0xACD1,
  0xA4D1, 0x734D, 0x28A7, 0x8273, 0x516F, 0x38EA, 0x1864, 0x7B8D, 0x9450, 0x83CE, 0x8C0E, 0x8C0E,
  0x5269, 0x3145, 0x734C, 0x7B8D, 0x7B6C, 0x736C, 0x732B, 0x734B, 0x734C, 0x734C, 0x734C, 0x732B,
  0x734C, 0x6B0B, 0x4A28, 0x5248, 0x2945, 0x4A07, 0x6AEA, 0x6AEA, 0x62CA, 0x5AA9, 0x2104, 0x41E6,
  0x7B8C, 0x8BCD, 0x20E3, 0x0840, 0x20C4, 0x49AA, 0x49AA, 0x49AA, 0x49AB, 0x49AA, 0x49AA, 0x49AA,
  0x49AA, 0x49AA, 0x49AA, 0x49AB, 0x49AB, 0x49AB, 0x49AB, 0x49AB, 0x49AB, 0x49AB, 0x49AB, 0x49AB,
  0x49AA, 0x49AA, 0x49AB, 0x49AB, 0x49CB, 0xC484, 0xB404, 0x51CA, 0x49AB, 0x51CB, 0x49AA, 0x51CA,
  0x51EA, 0x498A, 0x498A, 0x49AA, 0x49AA, 0x49AB, 0x49AB, 0x51CB, 0x7289, 0xCCA4, 0xD4E3, 0xDD03,
  0x9367, 0x396C, 0x6A8A, 0xCC84, 0xDCE2, 0x8B26, 0x416B, 0x49AA, 0x49AB, 0x49AA, 0x49AA, 0x49AA,
  0x49AA, 0x49AB, 0x49AB, 0x49AB, 0x49AB, 0x49AB, 0x49AB, 0x49AB, 0x49AA, 0x49AA, 0x49AA, 0x49AA,
  0x49AB, 0xA387, 0xCCA4, 0xCCA3, 0x82C6, 0x9B66, 0x418A, 0x49AA, 0x49AB, 0x72A9, 0xD503, 0xD4E3,
  0x6248, 0x5A0A, 0x9346, 0xABC4, 0xD503, 0xC485, 0x59EA, 0x49AB, 0x51EA, 0x5A09, 0x6A68, 0xD503,
  0xDD04, 0x7AC9, 0x394B, 0x49AA, 0x49AA, 0x49AA, 0x49AA, 0x49AA, 0x49AB, 0x49AB, 0x49AB, 0x49AB,
  0x49AB, 0x49AB, 0x49AB, 0x49AB, 0x49AB, 0x51AB, 0x49AB, 0x49AA, 0x49AB, 0x51AB, 0x51AB, 0x49AB,
  0x49AB, 0x49AB, 0x49AB, 0x49AA, 0x49AA, 0x49AB, 0x4189, 0x0862, 0x1861, 0x1082, 0x18C3, 0x2945,
  0x5A89, 0xB512, 0xACD1, 0x83CD, 0x2103, 0x2103, 0x39C6, 0x7B8C, 0x734C, 0x732B, 0x7B6C, 0x4A48,
  0x2104, 0x18C2, 0x10A2, 0x6B0B, 0xB532, 0xA490, 0x940E, 0x7B6C, 0x4A07, 0x2944, 0x18C3, 0x0000,
  0x0841, 0x1061, 0x1041, 0x3144, 0x4944, 0x60C2, 0x58A2, 0x5881, 0x50A2, 0x58A2, 0x50A2, 0x2861,
  0x0842, 0x498A, 0x49AA, 0x49AA, 0x49AB, 0x49AB, 0x49AB, 0x49AA, 0x49AA, 0x49AA, 0x49AA, 0x49AB,
  0x49AA, 0x49AA, 0x49AA, 0x49AA, 0x49AA, 0x49CB, 0x3127, 0x0881, 0x942E, 0x2103, 0x0842, 0x3948,
  0x4189, 0x0000, 0x39A5, 0x62A9, 0x6B2B, 0x7B8D, 0x7B6C, 0x83AD, 0x9C90, 0x8BEE, 0x9C6F, 0xA4D1,
  0xACD1, 0x736D, 0x28C8, 0xA335, 0x598F, 0x38EB, 0x1864, 0x7BAD, 0x9C50, 0x83CD, 0x8BEE, 0x8BCE,
  0x8BCE, 0x83AD, 0x734C, 0x7B6C, 0x7B6C, 0x734C, 0x732B, 0x734C, 0x734B, 0x734C, 0x734C, 0x732B,
  0x734C, 0x6B0B, 0x5228, 0x5228, 0x5229, 0x62AA, 0x6AEA, 0x62CA, 0x5AA9, 0x41C6, 0x0020, 0x734B,
  0x9C6F, 0x41C6, 0x0841, 0x0000, 0x20C5, 0x51CB, 0x49AA, 0x49AA, 0x49AA, 0x49AA, 0x49AB, 0x49AA,
  0x49AA, 0x49AB, 0x49AA, 0x49AA, 0x49AA, 0x51AB, 0x51AB, 0x51AB, 0x51AB, 0x49AA, 0x49AA, 0x49AA,
  0x49AA, 0x49AA, 0x49AB, 0x49AA, 0x416A, 0x8B46, 0xE542, 0xABE6, 0x498A, 0x51AA, 0x416B, 0x8307,
  0xB425, 0x416A, 0x498A, 0x49AA, 0x49AA, 0x49AA, 0x49AA, 0x49AA, 0x51CA, 0xCCA4, 0xD4E3, 0xDD22,
  0x9366, 0x498A, 0x498A, 0xABE5, 0xC425, 0x6A49, 0x418A, 0x49AA, 0x49AB, 0x49AA, 0x498A, 0x49AA,
  0x49AA, 0x49AA, 0x49AA, 0x49AA, 0x49AA, 0x49AA, 0x49AA, 0x49AA, 0x49AA, 0x49AA, 0x49AB, 0x49AA,
  0x418A, 0xABE5, 0xDD02, 0xC464, 0x51CA, 0x49AA, 0x49AA, 0x498A, 0x51C9, 0xBC04, 0xD4E3, 0xD4E3,
  0x8B06, 0xCC84, 0xE523, 0xDD23, 0xD4E4, 0xBC44, 0x51C9, 0x49CA, 0x8B47, 0xD4E3, 0xC483, 0xC484,
  0x7268, 0x498B, 0x51AA, 0x498A, 0x498A, 0x49AA, 0x49AA, 0x49AB, 0x49AA, 0x49AA, 0x49AA, 0x49AA,
  0x49AA, 0x49AB, 0x49AB, 0x49AA, 0x49AA, 0x498A, 0x49AA, 0x49AA, 0x49AA, 0x49AA, 0x49AA, 0x51AA,
  0x49AA, 0x49AA, 0x49AA, 0x49AB, 0x49AA, 0x49AB, 0x3969, 0x0861, 0x7123, 0x6A48, 0x2944, 0x0861,
  0x18A2, 0x41C6, 0x5268, 0x942F, 0xB4F2, 0xB532, 0x62CA, 0x0861, 0x1082, 0x0841, 0x1082, 0x10A2,
  0x9C70, 0xA490, 0xA4B1, 0x83CD, 0x5A69, 0x4A28, 0x39C6, 0x0841, 0x0000, 0x0020, 0x0841, 0x18A2,
  0x4185, 0x4964, 0x58C2, 0x58A2, 0x58A2, 0x58A2, 0x58A2, 0x58A2, 0x50A2, 0x58A2, 0x50A2, 0x2861,
  0x0842, 0x498A, 0x49AA, 0x49AA, 0x49AA, 0x49AB, 0x49AB, 0x49AA, 0x49AB, 0x49AB, 0x49AA, 0x49AA,
  0x49AB, 0x51AB, 0x51AB, 0x51AB, 0x49AA, 0x51CB, 0x3948, 0x1082, 0x83CD, 0x18C2, 0x1063, 0x51CC,
  0x4189, 0x0020, 0x2925, 0x5269, 0x732B, 0x7B6C, 0x734C, 0x7B8D, 0xA490, 0x8BEE, 0x9C70, 0xACF2,
  0xACF1, 0x734D, 0x20A7, 0x92F5, 0x69D1, 0x412C, 0x1885, 0x7B8D, 0x9C50, 0x8BCE, 0x8BEE, 0x8BEE,
  0x8BEE, 0x8BEE, 0x83CD, 0x83AD, 0x734C, 0x732C, 0x732B, 0x732B, 0x732B, 0x734C, 0x732C, 0x732B,
  0x734C, 0x6B0B, 0x4A09, 0x41A9, 0x3968, 0x5A8A, 0x6B2B, 0x62AA, 0x41E7, 0x0000, 0x5248, 0x7B8D,
  0x5268, 0x10A2, 0x1082, 0x0020, 0x20C5, 0x51CB, 0x51CB, 0x51CB, 0x51CB, 0x4169, 0x28E7, 0x4149,
  0x51CB, 0x51CB, 0x51CB, 0x51AB, 0x51AB, 0x51CB, 0x51CB, 0x51CB, 0x51AB, 0x51AB, 0x51AA, 0x51AB,
  0x51AB, 0x51AB, 0x51CB, 0x51CB, 0x418B, 0x9347, 0xDD03, 0xDD03, 0x9347, 0x418B, 0x418A, 0xA3A6,
  0xBC64, 0x416A, 0x51AA, 0x51AB, 0x51AB, 0x51AB, 0x51AB, 0x49AB, 0x51EA, 0xCC85, 0xD4C3, 0xD503,
  0x8307, 0x498B, 0x418A, 0xB405, 0x9327, 0x416B, 0x51CB, 0x51CB, 0x51AB, 0x51AA, 0x49AB, 0x49AB,
  0x49AB, 0x51AB, 0x51AB, 0x51AB, 0x51AB, 0x51AB, 0x51AB, 0x51AB, 0x51AB, 0x51AB, 0x51AB, 0x51CB,
  0x498A, 0xABE5, 0xDD22, 0x7AA8, 0x498B, 0x51CB, 0x51CB, 0x49AB, 0x51C9, 0xC463, 0xD4C3, 0xCCC3,
  0xD4C3, 0xD4C3, 0xD4C4, 0xD4E3, 0xD4E3, 0xCCA3, 0xBC44, 0xC4A4, 0xD4E3, 0xD4E3, 0xCCC3, 0x6228,
  0x498A, 0x49AB, 0x51CB, 0x49AB, 0x49AB, 0x51AB, 0x51CB, 0x51CB, 0x51AB, 0x51AA, 0x49AA, 0x51AB,
  0x51AB, 0x51CB, 0x51CB, 0x51CB, 0x3969, 0x28E7, 0x3949, 0x51CB, 0x51AB, 0x51AB, 0x49AB, 0x51AB,
  0x51AB, 0x51AB, 0x49AB, 0x51AB, 0x51AB, 0x51CB, 0x4169, 0x0861, 0x7123, 0x8143, 0x71E6, 0x5AA9,
  0x39A6, 0x0820, 0x0820, 0x3185, 0x62CA, 0x8C0F, 0xACF2, 0xB553, 0xA4D1, 0x9450, 0x944F, 0x8BEE,
  0x7B6C, 0x5248, 0x5228, 0x2103, 0x0020, 0x1061, 0x1082, 0x0861, 0x2124, 0x4104, 0x58A2, 0x60C2,
  0x60C2, 0x58C2, 0x58A2, 0x58A2, 0x58A2, 0x58A2, 0x58A2, 0x58A2, 0x50A2, 0x58A2, 0x50A2, 0x3061,
  0x0842, 0x498A, 0x49AB, 0x49AB, 0x51AB, 0x51AB, 0x51AB, 0x51CB, 0x51CB, 0x51CB, 0x51CB, 0x51CB,
  0x498A, 0x49AA, 0x49AA, 0x49AA, 0x498A, 0x49AB, 0x3147, 0x1081, 0x7B8C, 0x18C2, 0x1863, 0x51AB,
  0x4189, 0x0841, 0x1065, 0x3988, 0x62CA, 0x7B6C, 0x734C, 0x83AD, 0xA4B1, 0x8BEE, 0x9C90, 0xACF2,
  0xA4D1, 0x6B0B, 0x1886, 0x6A11, 0x5990, 0x412D, 0x1064, 0x7B8D, 0x9C70, 0x8BEE, 0x8C0E, 0x7B8D,
  0x736C, 0x736C, 0x736C, 0x732C, 0x732B, 0x732B, 0x734C, 0x734C, 0x734C, 0x734C, 0x734C, 0x732B,
  0x734C, 0x6AEB, 0x49E9, 0x4A08, 0x49E8, 0x62AA, 0x732B, 0x5248, 0x0841, 0x2944, 0x8C0E, 0x4A07,
  0x18C3, 0x0841, 0x20E4, 0x0040, 0x20E5, 0x51CB, 0x49AA, 0x51CB, 0x4169, 0x498A, 0x722F, 0x3929,
  0x416A, 0x49AB, 0x49AB, 0x49AA, 0x49AA, 0x49AB, 0x51CB, 0x49AB, 0x49AA, 0x49AA, 0x49AA, 0x49AA,
  0x498A, 0x498A, 0x498A, 0x49AA, 0x49CB, 0x51CB, 0x9367, 0xDD23, 0xD4E4, 0x7AC8, 0x7288, 0xD4C3,
  0xCCC3, 0x9BA6, 0x416A, 0x49AA, 0x49AA, 0x498A, 0x49AA, 0x49AA, 0x49AA, 0x5A0A, 0xC484, 0x9386,
  0x49AA, 0x49AA, 0x49AA, 0x5A09, 0x51E9, 0x498A, 0x49AA, 0x49AA, 0x498A, 0x498A, 0x498A, 0x498A,
  0x49AA, 0x49AA, 0x49AA, 0x49AA, 0x49AA, 0x49AA, 0x49AB, 0x49AB, 0x49AB, 0x49AA, 0x49AA, 0x49AA,
  0x418A, 0xBC25, 0x8B07, 0x498A, 0x49AA, 0x49AA, 0x49AA, 0x498B, 0x51EA, 0xCCC3, 0xD4E3, 0xD4C3,
  0x8B27, 0x622A, 0x6229, 0xB425, 0xDD23, 0xD4E3, 0xD4E3, 0xCCC3, 0xD4C3, 0xC484, 0x624A, 0x49AA,
  0x418A, 0x498A, 0x498A, 0x49AA, 0x49AA, 0x49AA, 0x49AA, 0x49AA, 0x49AA, 0x49AA, 0x498A, 0x49AA,
  0x49AA, 0x49AA, 0x49AB, 0x3949, 0x622D, 0x8AF2, 0x59EC, 0x3928, 0x49AB, 0x498A, 0x49AA, 0x49AB,
  0x49AB, 0x49AB, 0x49AB, 0x49AA, 0x49AA, 0x49AB, 0x4189, 0x0862, 0x7103, 0x8923, 0x8964, 0x81A4,
  0x7184, 0x5207, 0x39C6, 0x10A3, 0x18A2, 0x1082, 0x39C6, 0x83CD, 0x83AD, 0x734C, 0x5269, 0x4A07,
  0x2904, 0x0841, 0x10A2, 0x0861, 0x18E3, 0x2104, 0x3186, 0x50E3, 0x58E3, 0x60E3, 0x60A2, 0x60A2,
  0x60A2, 0x58A2, 0x60A2, 0x60C2, 0x60A2, 0x58A2, 0x58A2, 0x58A2, 0x58A2, 0x58A2, 0x50A2, 0x2061,
  0x0842, 0x418A, 0x49AA, 0x49AA, 0x49AA, 0x49AA, 0x49AB, 0x49AB, 0x49AA, 0x49AA, 0x49AA, 0x49AA,
  0x51AB, 0x51AB, 0x51AB, 0x49AB, 0x49AA, 0x51CB, 0x3948, 0x0861, 0x7B6C, 0x18E3, 0x20A4, 0x59EC,
  0x4189, 0x0020, 0x18A5, 0x20C7, 0x3128, 0x6B0B, 0x7B6C, 0x83CD, 0x9C90, 0x83CD, 0x9C90, 0xACF2,
  0xA490, 0x6B2B, 0x1024, 0x518F, 0x492D, 0x2086, 0x2945, 0x8C0E, 0x942F, 0x8BEE, 0x8C0E, 0x83CD,
  0x7B8D, 0x83CD, 0x83CE, 0x83AD, 0x734C, 0x732B, 0x732B, 0x734C, 0x734C, 0x732B, 0x732B, 0x732B,
  0x734C, 0x6AEB, 0x49E9, 0x4A28, 0x4A07, 0x5A69, 0x5A89, 0x2104, 0x2124, 0xA4B1, 0x5A89, 0x18C2,
  0x0020, 0x18C3, 0x20C4, 0x0020, 0x28E6, 0x59CC, 0x49AA, 0x51AB, 0x3128, 0x61ED, 0x61EE, 0x28E7,
  0x416A, 0x51CB, 0x51CB, 0x51EB, 0x51CB, 0x51EB, 0x51CB, 0x51CB, 0x51CB, 0x51CB, 0x51CB, 0x49AA,
  0x51CB, 0x3929, 0x3128, 0x51AB, 0x51EB, 0x418C, 0x8B47, 0xE542, 0xDD03, 0xC484, 0xBC65, 0xDD03,
  0xD503, 0xCCC3, 0x8B28, 0x416B, 0x49AA, 0x49AB, 0x51AB, 0x49AB, 0x49AA, 0x418B, 0xC464, 0x8B28,
  0x416B, 0x51CA, 0x51CB, 0x49AB, 0x49AB, 0x51AB, 0x51AB, 0x51AB, 0x49AA, 0x49AA, 0x51AB, 0x49AB,
  0x51AB, 0x51AB, 0x51AB, 0x51AB, 0x51AB, 0x51AB, 0x51AB, 0x51AB, 0x51CB, 0x51CB, 0x51AB, 0x51AB,
  0x49AA, 0xABE6, 0x6A69, 0x498B, 0x51CB, 0x51CB, 0x51CB, 0x51AB, 0x5A0A, 0xBC44, 0x7AC7, 0x7288,
  0x59EA, 0x418B, 0x5A0A, 0xCCC4, 0xDD03, 0xD4E3, 0xCCC3, 0xD4E3, 0xABE5, 0x6229, 0x49AB, 0x51CB,
  0x51AB, 0x51AB, 0x51AA, 0x51AB, 0x51CB, 0x51CB, 0x51CB, 0x51CB, 0x51CB, 0x51CB, 0x51AB, 0x51AB,
  0x51AB, 0x51AB, 0x51CB, 0x3928, 0x416A, 0x724F, 0x498C, 0x3128, 0x51CB, 0x51AB, 0x51AB, 0x51CB,
  0x51CB, 0x51CB, 0x51CB, 0x51CB, 0x51AB, 0x51CB, 0x418A, 0x1082, 0x7903, 0x8923, 0x8923, 0x8923,
  0x8943, 0x81A5, 0x7984, 0x61A5, 0x41E6, 0x2965, 0x0021, 0x10A2, 0x20E3, 0x18C3, 0x1082, 0x0020,
  0x0882, 0x2104, 0x2924, 0x40A2, 0x5103, 0x5103, 0x5924, 0x68C2, 0x60A2, 0x60A2, 0x60C2, 0x60A2,
  0x60A2, 0x60A2, 0x60A2, 0x60A2, 0x60A2, 0x60A2, 0x58A2, 0x58A2, 0x4082, 0x3882, 0x3082, 0x1841,
  0x0842, 0x49AA, 0x51CB, 0x51AB, 0x51AB, 0x51CB, 0x51CB, 0x51AB, 0x51AB, 0x51AB, 0x51AB, 0x51AB,
  0x49AB, 0x49AB, 0x49AA, 0x49AA, 0x49AA, 0x51CB, 0x3948, 0x0841, 0x838C, 0x2944, 0x20C4, 0x59CC,
  0x4169, 0x0000, 0x1064, 0x30E9, 0x310A, 0x28E8, 0x41A9, 0x732C, 0x942E, 0x8BEE, 0x9C70, 0xACF2,
  0x9C70, 0x8BEE, 0x4A29, 0x20A6, 0x1886, 0x0803, 0x4A28, 0x9C90, 0x8BEE, 0x8BEE, 0x8C0E, 0x8BEE,
  0x83AD, 0x7B8D, 0x7B6C, 0x7B6C, 0x734C, 0x732B, 0x732B, 0x732B, 0x732C, 0x732B, 0x732B, 0x6B0B,
  0x732B, 0x6AEB, 0x49E8, 0x5228, 0x5248, 0x5A89, 0x10A2, 0x2944, 0x942F, 0x6B0B, 0x2104, 0x0841,
  0x18A3, 0x20E5, 0x20E4, 0x0020, 0x20C5, 0x51CB, 0x49AA, 0x49AA, 0x3949, 0x3949, 0x30E8, 0x3128,
  0x498A, 0x51CB, 0x418A, 0x4169, 0x4169, 0x4169, 0x418A, 0x51AB, 0x49CB, 0x51CB, 0x49AA, 0x51AB,
  0x4149, 0x3108, 0x4149, 0x4169, 0x51CB, 0x49AB, 0x6249, 0xAC05, 0xDD03, 0xD4E4, 0xE523, 0xABE5,
  0x82E7, 0xDD03, 0xD4C4, 0x8B28, 0x49AA, 0x498A, 0x49AA, 0x49AA, 0x49AA, 0x418B, 0xB424, 0x8B07,
  0x416B, 0x49AA, 0x49AA, 0x49AA, 0x49AA, 0x49AA, 0x49AA, 0x49AA, 0x49AA, 0x49AA, 0x49AA, 0x49AA,
  0x49AA, 0x49AB, 0x49AB, 0x49AB, 0x49AB, 0x49AB, 0x49AB, 0x49AB, 0x49AB, 0x49AB, 0x49AA, 0x49AA,
  0x49AA, 0x51CA, 0x49AA, 0x49AA, 0x49AB, 0x49AB, 0x49AB, 0x49AA, 0x49AA, 0x51C9, 0x418A, 0x418B,
  0x49AB, 0x498B, 0x7288, 0xDD03, 0xCCA3, 0xD4E3, 0xDD22, 0xABC5, 0x6229, 0x416B, 0x49AA, 0x49AB,
  0x49AB, 0x49AA, 0x49AA, 0x49AB, 0x51AB, 0x418A, 0x4169, 0x3949, 0x4169, 0x418A, 0x51AB, 0x51AB,
  0x51AB, 0x49AB, 0x51AB, 0x418A, 0x3108, 0x3129, 0x3929, 0x4169, 0x49AA, 0x498A, 0x49AA, 0x49AB,
  0x49AB, 0x49AB, 0x49AB, 0x49AB, 0x49AA, 0x51CB, 0x4189, 0x1082, 0x8103, 0x9123, 0x8123, 0x8923,
  0x8923, 0x8902, 0x8902, 0x89C5, 0x79E6, 0x71E6, 0x4964, 0x39A5, 0x3165, 0x2944, 0x2945, 0x20E3,
  0x38C2, 0x5144, 0x5144, 0x68C2, 0x68A2, 0x60A2, 0x60A2, 0x60A2, 0x60C2, 0x60C2, 0x60A2, 0x60A2,
  0x58A2, 0x60A2, 0x60A2, 0x60C2, 0x50A2, 0x48A2, 0x4882, 0x3882, 0x3082, 0x4082, 0x4082, 0x2841,
  0x0862, 0x49AA, 0x49AB, 0x49AB, 0x49AB, 0x49AB, 0x49AB, 0x49AB, 0x49AB, 0x49AB, 0x49AA, 0x49AA,
  0x49AB, 0x49AB, 0x49AA, 0x49AA, 0x49AA, 0x51CB, 0x3948, 0x0020, 0x62C9, 0x6B0A, 0x2924, 0x1083,
  0x49CA, 0x0020, 0x1064, 0x30EA, 0x412C, 0x414D, 0x390B, 0x28A7, 0x49CA, 0x734C, 0xA4D1, 0xB532,
  0x944F, 0x9C90, 0x9450, 0x39A7, 0x2924, 0x41A8, 0x8BCF, 0xA4B1, 0x8BCE, 0x8BEE, 0x8C0E, 0x8C0E,
  0x83AD, 0x734C, 0x734C, 0x732B, 0x732B, 0x734C, 0x734C, 0x734C, 0x732C, 0x732B, 0x732B, 0x6B0B,
  0x732B, 0x62CB, 0x41E8, 0x5248, 0x41C7, 0x0862, 0x41E7, 0x8C0E, 0x6B2B, 0x2924, 0x0841, 0x1082,
  0x20E5, 0x2104, 0x20E4, 0x0020, 0x20C5, 0x51AB, 0x498A, 0x498A, 0x51AB, 0x3949, 0x3949, 0x51CB,
  0x49AA, 0x4169, 0x3929, 0x4149, 0x4149, 0x30E7, 0x3108, 0x418A, 0x51CB, 0x49CB, 0x49AB, 0x4169,
  0x3929, 0x61ED, 0x61ED, 0x3108, 0x51CB, 0x51AA, 0x394B, 0x7AC7, 0xDD03, 0xDD03, 0xB425, 0x6A49,
  0x416B, 0x9347, 0xD4E3, 0xCCC4, 0x418A, 0x498A, 0x49AA, 0x49AA, 0x49AA, 0x418B, 0xBC24, 0x82E7,
  0x414B, 0x49AA, 0x49AA, 0x49AA, 0x49AA, 0x49AA, 0x49AA, 0x49AA, 0x49AA, 0x49AA, 0x498A, 0x49AB,
  0x49AB, 0x49AB, 0x49AB, 0x49AB, 0x49AB, 0x49AB, 0x49AB, 0x49AB, 0x49AB, 0x49AB, 0x49AB, 0x49AA,
  0x49AA, 0x498A, 0x498A, 0x49AA, 0x49AB, 0x49AA, 0x498A, 0x498A, 0x49AA, 0x498A, 0x49AA, 0x51CB,
  0x51CA, 0x416B, 0x6A68, 0xD4E3, 0xD4E3, 0xCC83, 0x9B67, 0x622A, 0x416B, 0x49AA, 0x49AA, 0x49AB,
  0x49AB, 0x49AB, 0x49AA, 0x4169, 0x4169, 0x3108, 0x3928, 0x3108, 0x3108, 0x3108, 0x3949, 0x416A,
  0x49AA, 0x51CB, 0x49AB, 0x49AB, 0x4169, 0x3108, 0x3949, 0x49AA, 0x51AB, 0x49AB, 0x49AA, 0x49AB,
  0x49AB, 0x49AB, 0x49AB, 0x49AB, 0x49AA, 0x49AB, 0x4189, 0x1082, 0x68E3, 0x9123, 0x8923, 0x8923,
  0x8923, 0x8923, 0x8123, 0x8102, 0x80E2, 0x9983, 0xA246, 0x9309, 0x7247, 0x69E6, 0x69C6, 0x6185,
  0x6903, 0x68A2, 0x60A2, 0x60C2, 0x60C2, 0x60C2, 0x60C2, 0x60C2, 0x60C2, 0x60C2, 0x60A2, 0x60A2,
  0x60A2, 0x50A2, 0x50A2, 0x40A2, 0x3082, 0x3082, 0x3882, 0x4082, 0x58A2, 0x60A2, 0x58A2, 0x2841,
  0x0842, 0x498A, 0x49AB, 0x49AB, 0x49AB, 0x49AB, 0x49AB, 0x49AB, 0x49AB, 0x49AA, 0x498A, 0x498A,
  0x51CB, 0x51CB, 0x51AB, 0x51CB, 0x51AB, 0x51CB, 0x418A, 0x2906, 0x2103, 0x6B0A, 0x4A07, 0x0841,
  0x18A3, 0x0841, 0x1884, 0x310A, 0x390C, 0x392B, 0x412C, 0x412C, 0x412C, 0x414B, 0x628C, 0x6B0C,
  0x9C90, 0xA4B0, 0x9C90, 0x942F, 0x7B8D, 0x944F, 0xACF1, 0x9C6F, 0x83CD, 0x8BCE, 0x8BEE, 0x8BEE,
  0x7B8D, 0x734C, 0x732B, 0x732B, 0x732B, 0x732B, 0x732B, 0x6B2B, 0x732B, 0x734B, 0x734C, 0x734C,
  0x734B, 0x5A69, 0x3127, 0x3147, 0x0002, 0x39C6, 0x83CD, 0x6B2B, 0x2924, 0x0020, 0x1082, 0x20E4,
  0x2104, 0x2924, 0x20E4, 0x0020, 0x28E5, 0x51CB, 0x51AB, 0x51AB, 0x49AA, 0x51CB, 0x51EC, 0x51AB,
  0x4169, 0x28E8, 0x6A0E, 0x9312, 0x9B33, 0x724F, 0x414A, 0x3108, 0x49AA, 0x51AA, 0x51CB, 0x28E6,
  0x59CC, 0x92F3, 0x59CD, 0x3108, 0x51CB, 0x51CB, 0x49AB, 0x6A69, 0xBC64, 0xB405, 0x5A09, 0x418B,
  0x51CA, 0x498B, 0x8307, 0xB405, 0x8B08, 0x498A, 0x51CB, 0x51CB, 0x51CB, 0x49AB, 0x82E7, 0x6A49,
  0x498B, 0x51CB, 0x51AB, 0x51AB, 0x51CB, 0x51AB, 0x51AB, 0x51AB, 0x51AB, 0x51AB, 0x51AB, 0x51AB,
  0x51CB, 0x51CB, 0x51CB, 0x51CB, 0x51CB, 0x51CB, 0x51CB, 0x51CB, 0x51AB, 0x51AB, 0x51CB, 0x51CB,
  0x51AB, 0x51AB, 0x51CB, 0x51AB, 0x51AB, 0x51AB, 0x51AB, 0x51AB, 0x51AB, 0x51CB, 0x51CB, 0x51CB,
  0x51AB, 0x51CA, 0xA3C6, 0xE522, 0xABE5, 0x8B28, 0x49AB, 0x51AB, 0x51CB, 0x49AA, 0x49AB, 0x51AB,
  0x51AB, 0x51CB, 0x49AA, 0x28C7, 0x28C7, 0x59CD, 0x9B32, 0x9B53, 0x8290, 0x61ED, 0x3108, 0x28E8,
  0x418A, 0x51CB, 0x51CB, 0x51AB, 0x51CB, 0x51CB, 0x496A, 0x3928, 0x3929, 0x416A, 0x51AB, 0x51CB,
  0x51CB, 0x51CB, 0x51CB, 0x51AB, 0x51AB, 0x51CB, 0x4189, 0x1082, 0x40A3, 0x6903, 0x8923, 0x8923,
  0x8923, 0x8923, 0x8923, 0x8123, 0x8123, 0x9163, 0xA184, 0xA1C3, 0x8102, 0x70C2, 0x78C2, 0x70C2,
  0x68C2, 0x60C2, 0x60C2, 0x60A2, 0x60C2, 0x60C2, 0x60C2, 0x60C2, 0x60C2, 0x60C2, 0x58A2, 0x50A2,
  0x50A2, 0x3882, 0x3882, 0x3082, 0x48A2, 0x60A2, 0x60C2, 0x60A2, 0x58A2, 0x58A2, 0x50A2, 0x2861,
  0x0862, 0x49AA, 0x51CB, 0x51CB, 0x51CB, 0x51CB, 0x51CB, 0x51CB, 0x51CB, 0x51AB, 0x51AB, 0x49AB,
  0x49AB, 0x49AA, 0x49AA, 0x49AA, 0x49AA, 0x49AA, 0x49AB, 0x49AA, 0x0000, 0x5248, 0x734C, 0x4A27,
  0x10A2, 0x0841, 0x18A5, 0x310A, 0x30EA, 0x390B, 0x412D, 0x414D, 0x59B0, 0x516F, 0x38CB, 0x38EA,
  0x5A4D, 0x6AED, 0x83AE, 0x838D, 0x8BEF, 0x9450, 0xA4D1, 0x9C90, 0x8C0E, 0x8C0E, 0x8C0E, 0x83CE,
  0x7B6C, 0x7B6C, 0x734C, 0x734C, 0x734C, 0x736C, 0x734C, 0x734C, 0x6B0B, 0x5269, 0x5A8A, 0x5AAA,
  0x5A69, 0x41A9, 0x1886, 0x1884, 0x39C6, 0x942E, 0x7B6C, 0x2944, 0x0020, 0x0861, 0x2104, 0x2945,
  0x2924, 0x2924, 0x20E4, 0x0020, 0x20C5, 0x49AB, 0x498A, 0x49AA, 0x498A, 0x418A, 0x3949, 0x2907,
  0x28E7, 0x51AC, 0x9312, 0x9B32, 0x9B33, 0x8AF2, 0x6A2F, 0x498C, 0x28E7, 0x4169, 0x49AB, 0x3128,
  0x3949, 0x51AC, 0x3909, 0x28E7, 0x4169, 0x49AA, 0x51CA, 0x416B, 0xABE4, 0x7AA7, 0x394B, 0x49AA,
  0x49AA, 0x49AA, 0x396B, 0x6A68, 0x8B07, 0x418A, 0x49AB, 0x49AB, 0x49AA, 0x49AA, 0x418B, 0x498B,
  0x49AA, 0x49AA, 0x49AA, 0x49AA, 0x49AA, 0x49AA, 0x49AA, 0x49AA, 0x49AA, 0x49AA, 0x49AA, 0x49AB,
  0x49AB, 0x49AA, 0x49AB, 0x49AB, 0x49AB, 0x49AB, 0x49AB, 0x49AA, 0x49AA, 0x49AA, 0x49AB, 0x49AB,
  0x49AA, 0x49AA, 0x49AA, 0x49AA, 0x49AA, 0x49AA, 0x49AA, 0x49AA, 0x49AA, 0x49AB, 0x49AB, 0x49AA,
  0x418B, 0x6A68, 0xD4C2, 0xA3A5, 0x5A0A, 0x416B, 0x49AA, 0x49AA, 0x418A, 0x498A, 0x418A, 0x418A,
  0x49AA, 0x4169, 0x3108, 0x416A, 0x6A2E, 0x9312, 0x9B53, 0x9B53, 0x9B12, 0x8AD1, 0x620E, 0x3109,
  0x28C7, 0x3949, 0x51CB, 0x49AA, 0x49AA, 0x498A, 0x3108, 0x496A, 0x6A2E, 0x3108, 0x4169, 0x498A,
  0x49AB, 0x49AB, 0x49AB, 0x49AB, 0x49AA, 0x49AB, 0x4189, 0x1082, 0x7103, 0x60E3, 0x58C3, 0x6903,
  0x8923, 0x8923, 0x8123, 0x8123, 0x8123, 0x9143, 0x9984, 0x9184, 0x7903, 0x70E3, 0x70E3, 0x70E2,
  0x70C2, 0x60C2, 0x60C2, 0x60C2, 0x58A2, 0x60A2, 0x68C2, 0x58A2, 0x60A2, 0x4082, 0x3082, 0x3082,
  0x3882, 0x58A2, 0x58A2, 0x60A2, 0x60A2, 0x60A2, 0x58A2, 0x58A2, 0x58A2, 0x58C2, 0x50A2, 0x2861,
  0x0862, 0x49AA, 0x49AB, 0x49AA, 0x49AA, 0x49AB, 0x49AB, 0x49AB, 0x49AB, 0x49AA, 0x49AA, 0x49AA,
  0x49AB, 0x49AB, 0x49AB, 0x49AB, 0x51AB, 0x51AB, 0x51CB, 0x49AA, 0x20E5, 0x2104, 0x5268, 0x7B6C,
  0x5248, 0x0841, 0x1884, 0x30E9, 0x28C7, 0x20C6, 0x414C, 0x494E, 0x518F, 0x516F, 0x59B0, 0x59B0,
  0x492E, 0x38EB, 0x30E9, 0x30E9, 0x30EA, 0x49CB, 0x838F, 0x732D, 0x6AEC, 0x6AEC, 0x62AB, 0x62AB,
  0x5A6A, 0x526A, 0x524A, 0x524A, 0x5229, 0x5249, 0x5229, 0x5229, 0x4A0A, 0x28C7, 0x28C7, 0x28C8,
  0x28C8, 0x28E8, 0x18A5, 0x31A5, 0x946F, 0x5AA9, 0x2924, 0x0020, 0x0841, 0x3165, 0x2945, 0x3185,
  0x3145, 0x2924, 0x20E4, 0x0020, 0x20C5, 0x51CB, 0x49AA, 0x51AB, 0x3107, 0x20C6, 0x3929, 0x416B,
  0x61ED, 0x8AF1, 0x9312, 0x9B32, 0x92F2, 0x9B12, 0x92F2, 0x620E, 0x3929, 0x28C6, 0x3107, 0x51AB,
  0x416A, 0x3108, 0x3949, 0x59CC, 0x3929, 0x418A, 0x51CB, 0x49CB, 0x9327, 0x7269, 0x498B, 0x51AA,
  0x51CB, 0x51AB, 0x51AA, 0x498A, 0x498B, 0x51CB, 0x51CB, 0x51CB, 0x51AB, 0x49AA, 0x49AA, 0x51AB,
  0x51AB, 0x51AB, 0x51CB, 0x51CB, 0x51CB, 0x51CB, 0x51CB, 0x51CB, 0x51CB, 0x51CB, 0x51CB, 0x51CB,
  0x51CB, 0x49AB, 0x51AB, 0x51AB, 0x51AB, 0x51CB, 0x51CB, 0x51CB, 0x51CB, 0x51EB, 0x51EB, 0x51CB,
  0x51CB, 0x51CB, 0x51AB, 0x51AB, 0x51AB, 0x51AB, 0x51CB, 0x51AB, 0x51AB, 0x51AB, 0x51AB, 0x51AA,
  0x49AB, 0x7269, 0x9B66, 0x416B, 0x49AA, 0x51CB, 0x418A, 0x51CB, 0x6A2E, 0x394A, 0x498A, 0x498A,
  0x51CB, 0x3949, 0x3949, 0x8AD1, 0x9312, 0x9312, 0x9312, 0x9332, 0x9312, 0x92F2, 0x92F2, 0x724F,
  0x498B, 0x3949, 0x3108, 0x49AA, 0x51EB, 0x3128, 0x6A4E, 0xA353, 0xA374, 0x7A4F, 0x3928, 0x418A,
  0x51CB, 0x51AB, 0x51CB, 0x51CB, 0x49AB, 0x51CB, 0x418A, 0x1082, 0x8123, 0x9123, 0x8123, 0x58E3,
  0x58C2, 0x58C2, 0x8123, 0x9143, 0x8923, 0x9143, 0x9984, 0x9984, 0x8103, 0x70E3, 0x70E3, 0x68C2,
  0x68C2, 0x60C2, 0x68C2, 0x60C2, 0x60A2, 0x58A2, 0x4082, 0x3882, 0x3062, 0x48A2, 0x50A2, 0x60C2,
  0x60A2, 0x60A2, 0x58A2, 0x58A2, 0x60A2, 0x60A2, 0x58A2, 0x60A2, 0x60C2, 0x60C2, 0x50A2, 0x2861,
  0x0862, 0x49AA, 0x51CB, 0x49AB, 0x49AB, 0x51AB, 0x51CB, 0x51CB, 0x51CB, 0x51AB, 0x51AB, 0x51AB,
  0x49AA, 0x49AA, 0x49AA, 0x49AA, 0x49AA, 0x49AB, 0x49AB, 0x49AA, 0x51CB, 0x1083, 0x18C2, 0x39A6,
  0x39A5, 0x0020, 0x1064, 0x30EA, 0x310A, 0x18A3, 0x18A5, 0x392A, 0x5990, 0x514F, 0x494E, 0x494E,
  0x516F, 0x5990, 0x518F, 0x516F, 0x5990, 0x412D, 0x38CB, 0x30CA, 0x28C8, 0x28A8, 0x2087, 0x2086,
  0x1886, 0x2086, 0x20A6, 0x20A7, 0x2086, 0x2086, 0x2086, 0x20A7, 0x390B, 0x390B, 0x390B, 0x392B,
  0x412B, 0x1865, 0x2944, 0x9C6F, 0x4207, 0x18C3, 0x0841, 0x18A2, 0x3985, 0x39A6, 0x3185, 0x3185,
  0x2945, 0x2924, 0x20E4, 0x0020, 0x20C5, 0x51CB, 0x51AB, 0x3128, 0x3108, 0x496B, 0x724F, 0x7A90,
  0x61EE, 0x92F2, 0x9B32, 0x92F1, 0x9312, 0x82B1, 0x7A90, 0x7A90, 0x61CD, 0x518B, 0x3108, 0x4149,
  0x51EB, 0x3949, 0x49AB, 0x8AD2, 0x498B, 0x3128, 0x51AB, 0x51CB, 0x49AB, 0x49AB, 0x49AA, 0x49AA,
  0x49AB, 0x49AA, 0x49AA, 0x49AA, 0x51CA, 0x49AB, 0x49AA, 0x49AA, 0x49AA, 0x49AA, 0x49AA, 0x49AA,
  0x49AA, 0x49AB, 0x51EC, 0x4147, 0x28E4, 0x28C4, 0x28C4, 0x20A3, 0x20A3, 0x20A4, 0x28C4, 0x28E4,
  0x3105, 0x51CB, 0x51EC, 0x51AB, 0x51CB, 0x59EC, 0x4168, 0x28C4, 0x28C4, 0x28C4, 0x28C4, 0x28C4,
  0x28E5, 0x3105, 0x51AB, 0x51CB, 0x51CB, 0x51AB, 0x51AB, 0x51AB, 0x51AB, 0x49AA, 0x49AA, 0x49AA,
  0x49AA, 0x49AB, 0x498B, 0x49AA, 0x49AB, 0x51AB, 0x418A, 0x51AC, 0x620E, 0x3949, 0x498A, 0x51CB,
  0x3949, 0x28E7, 0x3949, 0x8AF1, 0x9B32, 0x9312, 0x9312, 0x9312, 0x9312, 0x8AF1, 0x9B12, 0x92F2,
  0x722F, 0x51AC, 0x3929, 0x3928, 0x51EC, 0x3108, 0x724E, 0x9B33, 0x722F, 0x51AC, 0x2907, 0x418A,
  0x51AB, 0x49AB, 0x49AB, 0x49AB, 0x49AA, 0x51AB, 0x4189, 0x1082, 0x7903, 0x8923, 0x8923, 0x8123,
  0x8103, 0x7103, 0x60E3, 0x6903, 0x8123, 0x9143, 0x9163, 0x9984, 0x8923, 0x78E3, 0x70E2, 0x68C2,
  0x68C2, 0x60C2, 0x48A2, 0x40A2, 0x3882, 0x3882, 0x48A2, 0x50A2, 0x50A2, 0x60C2, 0x68C2, 0x60A2,
  0x60A2, 0x58A2, 0x58A2, 0x60A2, 0x60A2, 0x68A2, 0x60C2, 0x5082, 0x3841, 0x2841, 0x3062, 0x2061,
  0x1062, 0x49AA, 0x49AA, 0x49AA, 0x49AB, 0x49AB, 0x49AB, 0x49AB, 0x49AB, 0x49AB, 0x49AB, 0x49AB,
  0x49AA, 0x49AA, 0x49AA, 0x49AA, 0x49AA, 0x49AA, 0x49AA, 0x49AA, 0x498A, 0x49AA, 0x20E4, 0x0020,
  0x0841, 0x0000, 0x1884, 0x310A, 0x390B, 0x2104, 0x4A08, 0x1082, 0x1865, 0x28C7, 0x414B, 0x514F,
  0x514F, 0x514F, 0x494D, 0x496E, 0x516E, 0x494D, 0x496E, 0x516F, 0x494D, 0x414D, 0x414D, 0x412C,
  0x392B, 0x392C, 0x412C, 0x412C, 0x392C, 0x390B, 0x392B, 0x392B, 0x390B, 0x390A, 0x390A, 0x392B,
  0x20A6, 0x4207, 0x83AD, 0x4A07, 0x10A2, 0x0821, 0x2104, 0x3985, 0x3985, 0x39A6, 0x3986, 0x3165,
  0x2945, 0x2924, 0x20E4, 0x0020, 0x20E5, 0x51EC, 0x3949, 0x28C7, 0x496B, 0x722F, 0x8AF1, 0x7A90,
  0x59ED, 0x9312, 0x9312, 0x92F1, 0x9312, 0x8AD1, 0x8290, 0x7A70, 0x8AD1, 0x7A6F, 0x59ED, 0x3108,
  0x3949, 0x4169, 0x3128, 0x518B, 0x3108, 0x498A, 0x51AB, 0x49AA, 0x49AA, 0x49AA, 0x49AA, 0x498A,
  0x498A, 0x49AA, 0x49AA, 0x49AA, 0x49AA, 0x49AB, 0x49AA, 0x49AB, 0x51CB, 0x51AB, 0x51AB, 0x51CB,
  0x51CB, 0x498A, 0x4168, 0x28C3, 0x28A2, 0x4944, 0x61C6, 0x59C6, 0x59C6, 0x59C6, 0x5985, 0x4103,
  0x28A2, 0x3947, 0x3948, 0x49AA, 0x4168, 0x3126, 0x3904, 0x4944, 0x61C6, 0x61C6, 0x61C6, 0x5144,
  0x4103, 0x28A2, 0x3106, 0x3947, 0x3947, 0x498A, 0x51CB, 0x51CB, 0x51CB, 0x49AB, 0x49AA, 0x49AA,
  0x49AA, 0x49AA, 0x49AA, 0x49AA, 0x49AB, 0x49AB, 0x498A, 0x59CC, 0x416A, 0x4169, 0x51AA, 0x4169,
  0x416A, 0x416A, 0x416A, 0x724F, 0x92F2, 0x92F2, 0x92F1, 0x92F2, 0x92F2, 0x92F1, 0x92F1, 0x9312,
  0x82B1, 0x722F, 0x518C, 0x28C7, 0x498A, 0x3107, 0x3949, 0x61EE, 0x518C, 0x30E8, 0x3107, 0x418A,
  0x49AB, 0x49AA, 0x49AB, 0x49AB, 0x49AA, 0x49AB, 0x4169, 0x1082, 0x7923, 0x8923, 0x8923, 0x8923,
  0x9123, 0x8123, 0x60E3, 0x7103, 0x6903, 0x7903, 0x9163, 0xA1A4, 0x9143, 0x78E3, 0x68C2, 0x58A2,
  0x48A2, 0x3882, 0x48A2, 0x48A2, 0x40A2, 0x50A2, 0x68C2, 0x68C2, 0x60C2, 0x60A2, 0x60A2, 0x60A2,
  0x60A2, 0x58A2, 0x60A2, 0x58A2, 0x50A2, 0x4882, 0x3862, 0x3904, 0x49E7, 0x4A08, 0x4166, 0x2041,
  0x1082, 0x498A, 0x49AA, 0x49AA, 0x51AB, 0x49AB, 0x49AA, 0x49AB, 0x49AB, 0x49AB, 0x49AA, 0x49AA,
  0x51AB, 0x49AB, 0x49AB, 0x49AB, 0x51AB, 0x51AB, 0x51AB, 0x49AB, 0x49AB, 0x51AB, 0x3948, 0x3127,
  0x2906, 0x0020, 0x1884, 0x390B, 0x310A, 0x2104, 0x942F, 0x5AAA, 0x5268, 0x2964, 0x20C5, 0x416C,
  0x412B, 0x412C, 0x494E, 0x516F, 0x516F, 0x494E, 0x494E, 0x494E, 0x494E, 0x494E, 0x412D, 0x412D,
  0x390C, 0x390C, 0x412C, 0x412C, 0x390B, 0x390B, 0x392B, 0x412C, 0x390B, 0x390B, 0x30E9, 0x3109,
  0x1885, 0x4207, 0x62EA, 0x1081, 0x0821, 0x1884, 0x3146, 0x39A6, 0x41C6, 0x41E7, 0x39A6, 0x2945,
  0x2945, 0x2945, 0x20E4, 0x0020, 0x28E5, 0x498A, 0x28C7, 0x498C, 0x7A70, 0x92F2, 0x9312, 0x8290,
  0x82B0, 0x9B32, 0x9312, 0x9312, 0x9312, 0x9B32, 0x8AB1, 0x724F, 0x9312, 0x9312, 0x92F2, 0x51AC,
  0x28E7, 0x4189, 0x3949, 0x2908, 0x4169, 0x49AB, 0x49AB, 0x51CB, 0x51CB, 0x51CB, 0x51AB, 0x51AB,
  0x51AB, 0x51AB, 0x51AB, 0x51CB, 0x51CB, 0x51CB, 0x498A, 0x4169, 0x4189, 0x4168, 0x4168, 0x4989,
  0x4189, 0x3947, 0x30C3, 0x4124, 0x69C6, 0xB30B, 0xDC2F, 0xCBCE, 0xC38D, 0xD42F, 0xC38D, 0x9A68,
  0x6185, 0x30C3, 0x2081, 0x4168, 0x3904, 0x30E3, 0x61A6, 0xB30B, 0xDC2F, 0xD3EE, 0xD3CE, 0xAACA,
  0x9248, 0x61A6, 0x4124, 0x4103, 0x28C2, 0x4168, 0x49AA, 0x49AA, 0x49A9, 0x49AA, 0x51CB, 0x51AB,
  0x51AB, 0x51AB, 0x51AB, 0x51CB, 0x51CB, 0x51AB, 0x416A, 0x498A, 0x49AB, 0x498A, 0x498A, 0x3109,
  0x724F, 0x8290, 0x61ED, 0x7A90, 0x9312, 0x9312, 0x9312, 0x9312, 0x92F1, 0x92F1, 0x9312, 0x9312,
  0x9312, 0x92F2, 0x6A2F, 0x30E8, 0x3928, 0x498A, 0x3929, 0x414A, 0x3929, 0x28C7, 0x498A, 0x51AB,
  0x49AA, 0x51AB, 0x51AB, 0x51AB, 0x51AB, 0x51CB, 0x4189, 0x1082, 0x7923, 0x8923, 0x8923, 0x8923,
  0x8923, 0x8123, 0x7903, 0x8923, 0x6903, 0x60E3, 0x6903, 0x7103, 0x60E3, 0x50A2, 0x3882, 0x3882,
  0x3882, 0x40A2, 0x68C2, 0x68C2, 0x68C2, 0x60C2, 0x60C2, 0x60C2, 0x60C2, 0x60C2, 0x60A2, 0x60A2,
  0x58A2, 0x50A2, 0x50A2, 0x4061, 0x2042, 0x28E4, 0x20A3, 0x5228, 0xA4D1, 0x9470, 0x628A, 0x2021,
  0x1082, 0x498A, 0x49AA, 0x49AA, 0x51AB, 0x51AB, 0x51AB, 0x51AB, 0x51AB, 0x51AB, 0x49AB, 0x49AB,
  0x49AA, 0x49AA, 0x49AA, 0x49AA, 0x49AA, 0x49AA, 0x49AA, 0x49AA, 0x49AA, 0x498A, 0x49AA, 0x51AB,
  0x498A, 0x0020, 0x1884, 0x310A, 0x310A, 0x20E4, 0x8BEE, 0xA4B1, 0xBD53, 0x732C, 0x2124, 0x20E4,
  0x2906, 0x20C5, 0x30E9, 0x412B, 0x414C, 0x390B, 0x412D, 0x494D, 0x414C, 0x494D, 0x412D, 0x390C,
  0x390C, 0x412C, 0x392C, 0x392B, 0x390A, 0x310A, 0x390A, 0x390A, 0x30E9, 0x3109, 0x20C5, 0x1063,
  0x1062, 0x10A2, 0x10A2, 0x0842, 0x20A6, 0x20A6, 0x3966, 0x41E6, 0x41E7, 0x41E7, 0x39A6, 0x2945,
  0x2945, 0x2925, 0x20E4, 0x0020, 0x18A4, 0x3928, 0x414A, 0x724F, 0x9B12, 0x9B12, 0x92F2, 0x9312,
  0x9312, 0x9312, 0x9312, 0x9312, 0x9312, 0x8AF1, 0x8AD1, 0x8AD1, 0x8AD1, 0x92F2, 0x8AF1, 0x724F,
  0x414A, 0x28E6, 0x49AB, 0x498A, 0x49AB, 0x498A, 0x49AA, 0x49AB, 0x49AB, 0x49AB, 0x49AB, 0x49AB,
  0x49AA, 0x49AA, 0x49AA, 0x49AA, 0x49AA, 0x51CB, 0x3126, 0x2082, 0x28C3, 0x20A2, 0x20A2, 0x28C3,
  0x20A2, 0x28C3, 0x71A6, 0xBBAD, 0xD42F, 0xCBCE, 0xCBEE, 0x9AA9, 0x7185, 0xB34C, 0xC3AD, 0xC38D,
  0xAAEA, 0x79C6, 0x30E3, 0x20A2, 0x6185, 0xAAEA, 0xCBEE, 0xDCD1, 0xE533, 0xC3AD, 0xC36C, 0xC36C,
  0xC38C, 0xCBCE, 0xCBEE, 0x9A89, 0x5124, 0x28C3, 0x28C3, 0x28C3, 0x20A2, 0x3947, 0x51CB, 0x49CA,
  0x49AA, 0x498A, 0x49AA, 0x49AA, 0x49AA, 0x49AA, 0x498A, 0x3969, 0x498A, 0x498A, 0x28E7, 0x59CD,
  0x8AD1, 0x9312, 0x9312, 0x9312, 0x9312, 0x9312, 0x9312, 0x9312, 0x92F1, 0x92F2, 0x9312, 0x8AF1,
  0x8AD1, 0x9312, 0x8AD1, 0x59AC, 0x2908, 0x49AA, 0x51CB, 0x3128, 0x2907, 0x4169, 0x49AB, 0x416A,
  0x498A, 0x49AA, 0x498A, 0x49AA, 0x49AA, 0x49AB, 0x4189, 0x1082, 0x7923, 0x8923, 0x8923, 0x8943,
  0x8923, 0x8123, 0x70E3, 0x70E3, 0x8123, 0x9164, 0x9164, 0x8943, 0x7923, 0x68E3, 0x58C2, 0x60C2,
  0x68C2, 0x68C2, 0x60C2, 0x60C2, 0x60C2, 0x60C2, 0x60C2, 0x60C2, 0x60C2, 0x58C2, 0x60C2, 0x50A2,
  0x2062, 0x28A3, 0x28A3, 0x628A, 0x3104, 0x62AA, 0x732B, 0x5208, 0x83AE, 0x1000, 0x3083, 0x2062,
  0x0862, 0x416A, 0x498A, 0x498A, 0x49AA, 0x49AA, 0x49AA, 0x49AA, 0x49AA, 0x49AA, 0x498A, 0x498A,
  0x49AA, 0x49AB, 0x49AB, 0x49AB, 0x49AB, 0x51AB, 0x49AB, 0x51AB, 0x51AB, 0x51AB, 0x51AA, 0x49AB,
  0x498A, 0x0841, 0x1084, 0x310A, 0x310A, 0x2104, 0x8C0F, 0x9450, 0x942F, 0xB513, 0x9470, 0x3186,
  0x2906, 0x18C4, 0x18C2, 0x18E3, 0x18E3, 0x18C3, 0x3909, 0x412B, 0x28E7, 0x3109, 0x390B, 0x390B,
  0x3109, 0x3109, 0x3109, 0x30E9, 0x20C6, 0x20C6, 0x20C6, 0x18A3, 0x1082, 0x18C3, 0x18C3, 0x10A2,
  0x41E7, 0x7BAD, 0x2945, 0x20A6, 0x28C7, 0x18A5, 0x3986, 0x4A07, 0x41C6, 0x41C6, 0x3985, 0x2924,
  0x2924, 0x2925, 0x20E4, 0x0040, 0x1083, 0x3929, 0x6A0E, 0x8AD1, 0x92F2, 0x9312, 0x9312, 0x8AF1,
  0x9312, 0x9312, 0x9312, 0x92F2, 0x9312, 0x92F2, 0x7A90, 0x6A2E, 0x8AD1, 0x8AF1, 0x6A0E, 0x59AD,
  0x416A, 0x2907, 0x51CB, 0x51CB, 0x51AB, 0x51AB, 0x51CB, 0x51CB, 0x51CB, 0x51CB, 0x51CB, 0x51CB,
  0x51CB, 0x51AB, 0x51CA, 0x51CB, 0x3126, 0x20A3, 0x28C3, 0x6165, 0xA2C9, 0xB34B, 0x9A69, 0x6985,
  0x48E4, 0x5965, 0xBB4C, 0xCC0F, 0xDC70, 0x9AA9, 0x8207, 0xC3AD, 0xAAEA, 0x6985, 0x8207, 0xB30B,
  0xB30B, 0x79A6, 0x28C3, 0x5985, 0xB34C, 0xE4D1, 0xDCD1, 0xD44F, 0xC3CE, 0xC38D, 0xBB4C, 0xCBEE,
  0xCBCE, 0xC38D, 0xCBEE, 0xBB8D, 0x9248, 0x6985, 0x9AA9, 0x9268, 0x4904, 0x1882, 0x28C3, 0x28E4,
  0x49AA, 0x51CB, 0x51AB, 0x51AB, 0x51AB, 0x51CB, 0x51AB, 0x49AA, 0x51AB, 0x498A, 0x3108, 0x82B0,
  0x9B32, 0x9332, 0x9312, 0x92F2, 0x9312, 0x9312, 0x9312, 0x9312, 0x92F2, 0x92F2, 0x9312, 0x6A2E,
  0x82B0, 0x8AB1, 0x61EE, 0x59AC, 0x3128, 0x49AB, 0x51CB, 0x51AB, 0x51AB, 0x51CB, 0x498A, 0x3108,
  0x3108, 0x418A, 0x51CB, 0x51CB, 0x51CB, 0x51CB, 0x4189, 0x1082, 0x7903, 0x8923, 0x8923, 0x8943,
  0x8123, 0x8123, 0x7103, 0x70E3, 0x8103, 0x9163, 0xA1A4, 0xA183, 0x9143, 0x8103, 0x70E3, 0x68C2,
  0x68C2, 0x68C2, 0x60C2, 0x60C2, 0x68C2, 0x68C2, 0x70C2, 0x68C2, 0x50A2, 0x2862, 0x2042, 0x2042,
  0x2062, 0x8BEF, 0x49A7, 0x8C0F, 0x51E7, 0x628A, 0x732C, 0x5A08, 0x9470, 0x5A28, 0x30C3, 0x1841,
  0x0842, 0x49AA, 0x51AB, 0x51AB, 0x51AB, 0x49AB, 0x49AB, 0x51AB, 0x51AB, 0x49AB, 0x49AB, 0x49AB,
  0x49AA, 0x49AA, 0x49AA, 0x49AB, 0x49AB, 0x49AB, 0x49AB, 0x49AB, 0x49AA, 0x49AA, 0x49AA, 0x49AB,
  0x498A, 0x0821, 0x1884, 0x310A, 0x30EA, 0x2104, 0x942F, 0x9C90, 0x2124, 0x5289, 0xBD94, 0x7BAD,
  0x0842, 0x41E8, 0xA4D1, 0x9C70, 0x9C90, 0x2965, 0x18C4, 0x2906, 0x10A3, 0x10A2, 0x18A3, 0x18C4,
  0x18C3, 0x18A3, 0x18A4, 0x18C4, 0x10A3, 0x18C3, 0x18A3, 0x2104, 0x83AD, 0x83CE, 0x83CE, 0x8C0F,
  0x942F, 0x944F, 0x3165, 0x1885, 0x28E7, 0x20A6, 0x3987, 0x5227, 0x41C6, 0x41C6, 0x3165, 0x2924,
  0x2924, 0x2924, 0x20E4, 0x0841, 0x1884, 0x3929, 0x51AC, 0x6A0E, 0x8AD1, 0x82B1, 0x82D1, 0x9312,
  0x9312, 0x9312, 0x92F2, 0x9B12, 0x9312, 0x9B12, 0x9B33, 0x8AD1, 0x724F, 0x722F, 0x61CD, 0x518C,
  0x3108, 0x2907, 0x51AB, 0x49AA, 0x49AA, 0x49AA, 0x49AB, 0x49AA, 0x49AB, 0x49AB, 0x51AB, 0x49CB,
  0x51CB, 0x51CB, 0x49AA, 0x28E4, 0x28C3, 0x5144, 0x8A27, 0xBB8C, 0xDCF2, 0xD42F, 0xD42F, 0xAB0B,
  0x81E6, 0x79E7, 0xD42F, 0xCBCD, 0x7A07, 0x8A69, 0xBB6C, 0xC38D, 0xC38D, 0xBB8C, 0x8A48, 0x71A6,
  0x9A89, 0x5945, 0x2882, 0x8A68, 0xD3EE, 0xC3AD, 0xBB4C, 0xD40E, 0xC3AD, 0xC36C, 0x9248, 0x8A07,
  0xBB4C, 0xBB4C, 0xAAEB, 0xC38D, 0x79C6, 0xAB0B, 0xCBEE, 0xBB6C, 0xA2AA, 0x79E7, 0x4903, 0x1882,
  0x20C3, 0x3926, 0x51CB, 0x51AB, 0x49AA, 0x49AB, 0x49AA, 0x49AA, 0x49AA, 0x498A, 0x3909, 0x59ED,
  0x8AF1, 0x9B32, 0x9312, 0x9B32, 0x92F2, 0x8AF2, 0x9B32, 0x9312, 0x92F2, 0x9312, 0x92F2, 0x8AD1,
  0x8290, 0x724F, 0x61EE, 0x496B, 0x2908, 0x418A, 0x49AA, 0x498A, 0x498A, 0x51CB, 0x3108, 0x6A4F,
  0x724F, 0x3108, 0x418A, 0x49AB, 0x49AA, 0x49AB, 0x4169, 0x1082, 0x7903, 0x8923, 0x8923, 0x8923,
  0x8923, 0x8923, 0x7903, 0x70E3, 0x8123, 0x9963, 0x9984, 0x9963, 0x8123, 0x78E3, 0x68C2, 0x68C2,
  0x68C2, 0x68C2, 0x68C2, 0x68C2, 0x58A2, 0x3041, 0x3041, 0x2842, 0x1841, 0x5249, 0x9450, 0x8BEF,
  0x4125, 0x9C91, 0x49A7, 0x7B6D, 0x49C7, 0x62AA, 0x6B0B, 0x51E8, 0xACF3, 0x83CE, 0x28C3, 0x1021,
  0x0862, 0x418A, 0x49AA, 0x49AA, 0x49AA, 0x49AA, 0x49AA, 0x498A, 0x498A, 0x498A, 0x498A, 0x498A,
  0x49AB, 0x49AB, 0x51AB, 0x51AB, 0x51AB, 0x51AB, 0x51AB, 0x51AB, 0x49AB, 0x49AA, 0x49AA, 0x51CB,
  0x49AA, 0x0821, 0x1884, 0x310A, 0x310A, 0x18E4, 0x8BEE, 0x9C70, 0x1082, 0x41E7, 0xB553, 0x6B0B,
  0x2925, 0xA4D1, 0xBD94, 0xB512, 0xAD12, 0x942F, 0x2924, 0x1083, 0x62EB, 0x9CB0, 0x41E7, 0x2924,
  0x944F, 0x8BEE, 0x18E3, 0x0862, 0x4A48, 0x9C91, 0x5A89, 0x2104, 0xA4B1, 0x9C70, 0x8C0E, 0x942F,
  0x734C, 0x5AA9, 0x20E3, 0x18A5, 0x28C7, 0x20A6, 0x41A7, 0x4A27, 0x41E7, 0x3985, 0x3165, 0x2945,
  0x2924, 0x2945, 0x20E4, 0x0020, 0x1883, 0x28E7, 0x3929, 0x59AC, 0x724F, 0x724F, 0x6A2F, 0x82B1,
  0x9B32, 0x9312, 0x8AF1, 0x7A90, 0x9312, 0x7A6F, 0x7A6F, 0x82B0, 0x51AC, 0x498B, 0x51AC, 0x414A,
  0x28E7, 0x3948, 0x49AB, 0x49AA, 0x49AA, 0x49AA, 0x51AB, 0x51AB, 0x49AB, 0x51AB, 0x51CB, 0x51EC,
  0x4189, 0x3126, 0x3105, 0x3082, 0x6985, 0xAAEA, 0xCC0E, 0xDC70, 0xD44F, 0xCBEE, 0xAAEA, 0xBB2B,
  0x9A89, 0x6165, 0xB30B, 0xAACA, 0x9289, 0xB34C, 0xD42F, 0xC3AD, 0xC3AD, 0xD40F, 0xAB0B, 0x79C6,
  0x69A6, 0x28C3, 0x2082, 0x5965, 0x61A6, 0x6165, 0x81E7, 0xB32B, 0xD3EE, 0xC38D, 0xAAEA, 0xA2CA,
  0x9A69, 0x9228, 0x8A28, 0x8207, 0x38C3, 0x7A07, 0xB34C, 0xCBAD, 0xCBAD, 0xBB4C, 0xA2EA, 0x6165,
  0x30C2, 0x20C3, 0x3926, 0x4168, 0x51CB, 0x51AB, 0x49AA, 0x49AA, 0x49AA, 0x49AB, 0x3108, 0x518C,
  0x7A70, 0x82B0, 0x8290, 0x7A6F, 0x92F1, 0x92F2, 0x7A90, 0x7A90, 0x9312, 0x9312, 0x7A70, 0x7A6F,
  0x724F, 0x61ED, 0x416A, 0x28E7, 0x3128, 0x49AB, 0x51CB, 0x51CB, 0x51CB, 0x51CB, 0x418A, 0x416A,
  0x416A, 0x3128, 0x418A, 0x51AB, 0x49AA, 0x51AB, 0x418A, 0x1082, 0x8103, 0x8923, 0x8923, 0x8923,
  0x8923, 0x8123, 0x50C3, 0x60E3, 0x8123, 0x9963, 0xA184, 0x9983, 0x8923, 0x7903, 0x78E2, 0x70E3,
  0x68A2, 0x5082, 0x40A3, 0x3861, 0x2862, 0x5249, 0x730C, 0x6AEB, 0x3104, 0x8BEF, 0x6ACB, 0x628A,
  0x3904, 0x9450, 0x4186, 0x7B8D, 0x49A6, 0x628A, 0x732C, 0x5208, 0x83CE, 0x1000, 0x2062, 0x1841,
  0x0862, 0x498A, 0x49AA, 0x49AA, 0x49AA, 0x49AA, 0x49AA, 0x49AA, 0x49AA, 0x49AB, 0x49AA, 0x49AA,
  0x51AB, 0x51AB, 0x49AB, 0x51AB, 0x51AB, 0x51AB, 0x49AB, 0x49AB, 0x49AB, 0x49AB, 0x49AA, 0x51AB,
  0x49AA, 0x0841, 0x1064, 0x310A, 0x30EA, 0x18E4, 0x8BEE, 0x944F, 0x2945, 0x5A89, 0xC594, 0x6B2C,
  0x3165, 0xBD74, 0x9450, 0x4A48, 0x736C, 0xACF2, 0x7B8D, 0x0842, 0x734C, 0xC5B4, 0x5269, 0x2965,
  0xAD12, 0xA4B1, 0x6B2B, 0x1082, 0x5289, 0xB533, 0x62CA, 0x1082, 0x4A48, 0x41E7, 0x7B6C, 0x942F,
  0x4207, 0x0041, 0x18C4, 0x20C6, 0x20C6, 0x18A5, 0x41C7, 0x4A27, 0x41E7, 0x39A6, 0x3185, 0x3165,
  0x2945, 0x2945, 0x20E4, 0x0000, 0x20C5, 0x3949, 0x20C6, 0x498B, 0x59AD, 0x59CD, 0x61EE, 0x7A90,
  0x9B32, 0x8AD1, 0x6A2E, 0x7A90, 0x7A70, 0x6A0E, 0x61ED, 0x59CD, 0x414A, 0x3929, 0x3929, 0x30E8,
  0x3928, 0x51CB, 0x49AA, 0x51AB, 0x51AB, 0x49AB, 0x49AA, 0x51AB, 0x51AB, 0x51CB, 0x51CB, 0x4989,
  0x28E5, 0x2881, 0x38E3, 0x71C6, 0xB34B, 0xDC6F, 0xD46F, 0xBB6C, 0xC38C, 0xBB6C, 0xA289, 0xA2A9,
  0x8228, 0x40C3, 0x7186, 0x79A6, 0xB30B, 0xCBAD, 0xC3AD, 0xC3CD, 0xC3AD, 0xC38D, 0xB2EA, 0x81E7,
  0x4104, 0x20A2, 0x38E3, 0x5125, 0x5165, 0x69C6, 0x8A48, 0x9289, 0x9AA9, 0xBB4C, 0xCB8D, 0xCBEE,
  0x9289, 0x79A6, 0x9268, 0x8228, 0x61A6, 0x6986, 0x9248, 0xB30B, 0xBB4C, 0xCBCE, 0xD42F, 0xB30B,
  0x71C6, 0x4124, 0x28A2, 0x20C4, 0x3968, 0x51AA, 0x51CB, 0x49AB, 0x51AB, 0x49AB, 0x28E7, 0x51AC,
  0x61EE, 0x724F, 0x8290, 0x724E, 0x8AB1, 0x8AD1, 0x722F, 0x7A6F, 0x9312, 0x8AD1, 0x726F, 0x620E,
  0x61ED, 0x498B, 0x30E8, 0x20C5, 0x49AA, 0x4149, 0x3949, 0x4169, 0x4169, 0x51AB, 0x51CB, 0x3949,
  0x3108, 0x4169, 0x51CB, 0x49AB, 0x49AA, 0x51CB, 0x418A, 0x1082, 0x8103, 0x8923, 0x8923, 0x8923,
  0x8923, 0x8103, 0x38A3, 0x3862, 0x3862, 0x58E3, 0x7944, 0x8123, 0x68C2, 0x5082, 0x50A2, 0x48A3,
  0x4945, 0x4186, 0x28C3, 0x5228, 0x28A3, 0x8C0F, 0x8C0F, 0x6AEB, 0x49A7, 0x9450, 0x3104, 0x2862,
  0x2883, 0x8C0F, 0x4186, 0x730C, 0x6B0B, 0x7B6D, 0x5A69, 0x5A28, 0x8BEF, 0x4A07, 0x4986, 0x1821,
  0x1082, 0x49AB, 0x49AB, 0x49AB, 0x49AA, 0x49AA, 0x49AB, 0x51AB, 0x51AB, 0x51AB, 0x49AB, 0x49AB,
  0x49AA, 0x49AA, 0x498A, 0x49AB, 0x49AB, 0x49AB, 0x49AB, 0x49AB, 0x49AA, 0x49AA, 0x49AA, 0x49AB,
  0x49AA, 0x0841, 0x1884, 0x310A, 0x30E9, 0x20E4, 0x8C0F, 0x9C70, 0xA4B1, 0xA4D1, 0xAD12, 0x62EB,
  0x3165, 0xBD53, 0x7BAD, 0x0842, 0x39A7, 0xB533, 0x9C70, 0x0862, 0x6B2C, 0xBD74, 0x5269, 0x2945,
  0xA4B1, 0x9C70, 0xACF2, 0x3186, 0x4A28, 0xA4D1, 0x5AAA, 0x0862, 0x1884, 0x0862, 0x7B8D, 0x9450,
  0x4207, 0x1884, 0x28E7, 0x20C6, 0x20C6, 0x1884, 0x39A6, 0x5228, 0x41C6, 0x41C6, 0x3985, 0x3165,
  0x2945, 0x2925, 0x20E4, 0x0020, 0x28E6, 0x51AB, 0x3949, 0x3108, 0x414A, 0x414A, 0x518B, 0x6A2E,
  0x7A6F, 0x8AD1, 0x82B1, 0x7A90, 0x6A0E, 0x59CD, 0x498C, 0x496B, 0x392A, 0x28E7, 0x18A5, 0x3928,
  0x49AB, 0x418A, 0x49AA, 0x49AA, 0x49AA, 0x498A, 0x49AA, 0x49AA, 0x49AA, 0x4189, 0x4189, 0x28A3,
  0x2082, 0x5145, 0x9228, 0xC36C, 0xDC90, 0xCBEE, 0xB32B, 0xA2A9, 0xBB8C, 0xD490, 0xCBEE, 0x9A89,
  0x6165, 0x4924, 0x5145, 0x6986, 0x9248, 0xA2CA, 0xBB4C, 0xBB8D, 0xC38D, 0xAAEA, 0x8A07, 0x5124,
  0x20A2, 0x4945, 0x71C6, 0xB34C, 0xE490, 0xE490, 0xD40E, 0xB34C, 0x7185, 0xA289, 0xB30B, 0xB30B,
  0xC3AD, 0xAAEA, 0x79C6, 0xC3AD, 0xCBAD, 0xC38D, 0x8A28, 0x79C7, 0xA2CA, 0xBB4C, 0xC3CE, 0xBB8C,
  0xAB0A, 0x9A69, 0x61A6, 0x28A3, 0x2082, 0x4168, 0x49AB, 0x49AB, 0x49AA, 0x49AA, 0x3108, 0x3929,
  0x496B, 0x59CD, 0x6A2E, 0x7A70, 0x61ED, 0x6A2F, 0x6A2E, 0x8290, 0x92F1, 0x8AD1, 0x8290, 0x7A90,
  0x620E, 0x498B, 0x498B, 0x3929, 0x4169, 0x28E7, 0x3108, 0x414A, 0x3108, 0x3948, 0x49AA, 0x51CB,
  0x49AB, 0x49AB, 0x49AA, 0x49AA, 0x498A, 0x49AB, 0x4169, 0x1082, 0x7903, 0x8923, 0x8923, 0x8943,
  0x8943, 0x7923, 0x3882, 0x5145, 0x61A7, 0x4925, 0x3042, 0x48E4, 0x51A7, 0x4166, 0x28E4, 0x1801,
  0x7B4D, 0x9470, 0x30E4, 0xB533, 0x3125, 0x8BEE, 0x3125, 0x1000, 0x4125, 0x8C2F, 0xAD13, 0x49E8,
  0x2083, 0x9430, 0x49A7, 0x4166, 0x9CB2, 0x83EF, 0x2082, 0x49E7, 0x8BEF, 0x8BEE, 0x49E7, 0x1841,
  0x10A3, 0x498A, 0x498A, 0x498A, 0x498A, 0x498A, 0x49AA, 0x49AA, 0x49AA, 0x49AB, 0x49AA, 0x498A,
  0x51AB, 0x51AB, 0x51AB, 0x51CB, 0x51CB, 0x51CB, 0x51AB, 0x51AB, 0x51AB, 0x51CB, 0x51CB, 0x51CB,
  0x49AA, 0x0821, 0x1064, 0x310A, 0x30EA, 0x20E4, 0x8C0F, 0x9C91, 0x942F, 0xA491, 0x6B0B, 0x0841,
  0x39C7, 0xB532, 0x7BAE, 0x0842, 0x41E7, 0xB533, 0x9470, 0x10A3, 0x734C, 0xBD73, 0x4A49, 0x2924,
  0xA4B1, 0x9C90, 0xACF2, 0x736C, 0x5269, 0xACD1, 0x62EA, 0x1083, 0x2908, 0x18C3, 0x7B8D, 0x944F,
  0x41E7, 0x1064, 0x28E7, 0x20C6, 0x20C7, 0x18A4, 0x41C6, 0x5228, 0x41C6, 0x41C6, 0x3185, 0x3165,
  0x2945, 0x2924, 0x2104, 0x0040, 0x2906, 0x59CC, 0x49AB, 0x3949, 0x20C6, 0x28E7, 0x416A, 0x59CD,
  0x59CD, 0x82B1, 0x9B12, 0x8290, 0x620E, 0x59AC, 0x416A, 0x3929, 0x3128, 0x28E6, 0x3107, 0x418A,
  0x498A, 0x49AB, 0x51CB, 0x51AB, 0x51AB, 0x51AB, 0x51CB, 0x51CB, 0x51CA, 0x28E4, 0x20A2, 0x28C3,
  0x6144, 0xAAEA, 0xCBEE, 0xC38D, 0xC3AD, 0xAB0B, 0x71C6, 0x5945, 0xBB4C, 0xC36C, 0xAACA, 0x7186,
  0x79C6, 0xBB2B, 0xC3AD, 0xDCB1, 0xCBCD, 0x8A48, 0x7185, 0x79C7, 0xB34C, 0xA289, 0x6165, 0x28A2,
  0x30E3, 0xAAEA, 0xCB8C, 0xE4D1, 0xD4B1, 0xC3AD, 0xC3AD, 0xCBCD, 0xB32B, 0x6965, 0xAACA, 0xCC0E,
  0xD450, 0xCC0E, 0x8A48, 0xBB6C, 0xC3AD, 0xCBAD, 0xC38D, 0x9269, 0x40C3, 0x9A89, 0xCBEE, 0x71C6,
  0x8A68, 0xD42F, 0xBB8D, 0x8207, 0x4904, 0x20A2, 0x3947, 0x51CB, 0x51CB, 0x51CB, 0x51AB, 0x3107,
  0x3108, 0x496A, 0x59AD, 0x518C, 0x496B, 0x496B, 0x61EE, 0x724F, 0x7A6F, 0x9312, 0x9312, 0x9B33,
  0x7A70, 0x61EE, 0x61EE, 0x51AC, 0x3109, 0x59CC, 0x8AD1, 0x9312, 0x61ED, 0x28E7, 0x28E7, 0x49AA,
  0x51CB, 0x51CB, 0x51AB, 0x51AB, 0x51AB, 0x51CB, 0x4189, 0x1082, 0x7903, 0x8923, 0x8923, 0x8943,
  0x8943, 0x8123, 0x3882, 0xA4B1, 0xCDF6, 0xACD2, 0x51A6, 0x59A7, 0xC5D6, 0xB533, 0x942F, 0x2082,
  0x730C, 0x9410, 0x2062, 0xA491, 0x3104, 0x8C0F, 0x9C71, 0x72EB, 0x2862, 0x30E4, 0x628A, 0x9470,
  0x3104, 0x8BEF, 0x49C7, 0x2863, 0x9450, 0x734C, 0x1841, 0x2882, 0x2082, 0x2062, 0x3082, 0x3082,
  0x1083, 0x49AA, 0x49AB, 0x49AA, 0x49AB, 0x51AB, 0x51AB, 0x51AB, 0x51AB, 0x51AB, 0x49AB, 0x51AB,
  0x49AB, 0x49AB, 0x49AB, 0x49AB, 0x49AB, 0x49AB, 0x49AB, 0x49AB, 0x49AB, 0x49AA, 0x49AA, 0x49AB,
  0x49AA, 0x0821, 0x1064, 0x30EA, 0x30EA, 0x18E3, 0x8BEE, 0x9C70, 0x2965, 0x18E3, 0x20E4, 0x18A5,
  0x41C7, 0xAD12, 0xA4D1, 0x62CB, 0x4A28, 0xB553, 0x9C91, 0x10A3, 0x6B2C, 0xBD53, 0x4A28, 0x2924,
  0xACD1, 0x9C70, 0x9450, 0x942F, 0x8BEE, 0xA4B1, 0x62EA, 0x1083, 0x28E7, 0x18A3, 0x7B6D, 0x942F,
  0x41E7, 0x1064, 0x28C7, 0x20C6, 0x20C7, 0x18A5, 0x39A6, 0x5227, 0x41C6, 0x41C6, 0x3185, 0x3185,
  0x2945, 0x2924, 0x20E4, 0x0862, 0x3929, 0x3928, 0x30E7, 0x51AB, 0x28E7, 0x20C6, 0x3107, 0x496B,
  0x51AC, 0x620E, 0x8AD1, 0x9312, 0x7A70, 0x6A2F, 0x496A, 0x28E7, 0x28E7, 0x3949, 0x498A, 0x49AA,
  0x3949, 0x518B, 0x49AB, 0x49AB, 0x49AB, 0x49AA, 0x49AA, 0x49AA, 0x28C4, 0x20A2, 0x5944, 0x9AA9,
  0xC3AD, 0xC3CE, 0xC3CD, 0xC38D, 0x9248, 0x6144, 0x6985, 0xAB2B, 0xCBEE, 0xC34C, 0x6165, 0x79E7,
  0xCC0E, 0xE512, 0xDCB1, 0xCC0E, 0xCC2F, 0xC38C, 0x8A69, 0x30A2, 0x71A6, 0x89E7, 0x4904, 0x30E3,
  0x8A48, 0xD4B0, 0xE553, 0xD44F, 0xCBCD, 0xCC2F, 0xCC0E, 0xC36C, 0xC36C, 0xB34B, 0x69A6, 0xB36C,
  0xD42F, 0xCC0E, 0xC3CE, 0xBB6C, 0xC38D, 0xCBEE, 0xCBCE, 0xBB6C, 0x8A48, 0x5924, 0xAACA, 0x7185,
  0x9269, 0xD3EE, 0xC38D, 0xB32C, 0x8A27, 0x5125, 0x28C3, 0x3947, 0x51CB, 0x49AA, 0x49AA, 0x49AB,
  0x3128, 0x3108, 0x414A, 0x414B, 0x414A, 0x496B, 0x496B, 0x61ED, 0x724F, 0x7270, 0x9312, 0x7A90,
  0x82B0, 0x8AD1, 0x7A6F, 0x414A, 0x51AD, 0x8AF1, 0x9312, 0x9B32, 0x8AF1, 0x620E, 0x3929, 0x3108,
  0x51AB, 0x49AA, 0x498A, 0x49AA, 0x49AA, 0x51CB, 0x4189, 0x1082, 0x7903, 0x8923, 0x8923, 0x8923,
  0x8923, 0x8123, 0x3862, 0xA4D2, 0x6269, 0x7B2C, 0xB513, 0x5166, 0xB554, 0x3945, 0xA491, 0x5A49,
  0x6A8A, 0xA4D2, 0x7B4C, 0xA4D2, 0x3925, 0x9430, 0x9450, 0x5228, 0x2862, 0x2041, 0x1000, 0x83CE,
  0x4145, 0x8BEE, 0x41A6, 0x2042, 0x3945, 0x3125, 0x2082, 0x2862, 0x4082, 0x50A2, 0x50A2, 0x3061,
  0x0862, 0x418A, 0x498A, 0x498A, 0x49AA, 0x49AA, 0x49AA, 0x49AA, 0x49AA, 0x49AA, 0x49AA, 0x498A,
  0x49AB, 0x51CB, 0x51CB, 0x51CB, 0x51CB, 0x49AB, 0x49AB, 0x49AB, 0x49AB, 0x49AB, 0x49AB, 0x49AB,
  0x41AA, 0x0841, 0x1084, 0x30EA, 0x30E9, 0x18E3, 0x8BEE, 0x9C90, 0x2945, 0x20E6, 0x28E7, 0x28C7,
  0x4208, 0xAD13, 0xAD13, 0xB533, 0xACF2, 0xAD12, 0x9450, 0x0862, 0x7B8D, 0xBD73, 0x4A28, 0x2124,
  0xACF2, 0x8C0F, 0x7B8D, 0xA4B1, 0x9C70, 0xA490, 0x62CA, 0x1063, 0x28E7, 0x10A3, 0x734C, 0x942F,
  0x4207, 0x1064, 0x28E7, 0x20C6, 0x28C7, 0x18A5, 0x39A6, 0x4A07, 0x41C6, 0x41A6, 0x3165, 0x3985,
  0x3165, 0x2924, 0x18C3, 0x1063, 0x38E9, 0x414A, 0x6A2E, 0x3929, 0x498A, 0x4189, 0x2906, 0x28C6,
  0x414A, 0x59ED, 0x82B0, 0x92F2, 0x9B12, 0x82B1, 0x61EE, 0x496B, 0x4149, 0x28E7, 0x4169, 0x51AB,
  0x416A, 0x3929, 0x49AA, 0x51AB, 0x51AB, 0x49AA, 0x51EC, 0x3948, 0x20A2, 0x69A5, 0xB34C, 0xC36C,
  0xCC2F, 0xDC70, 0xC38C, 0x79E7, 0x7165, 0x9289, 0xBBAD, 0xBB8D, 0xBB6C, 0x9A89, 0x48E4, 0x8228,
  0xDC90, 0xD470, 0xD470, 0xCC0E, 0xAB0B, 0xB30B, 0xB32B, 0x79E7, 0x38C3, 0x5124, 0x30C3, 0x4124,
  0xAAEA, 0xC3AD, 0xBBAD, 0xBB8C, 0xBB6C, 0xAB0B, 0xB30B, 0xCBCE, 0xC38D, 0xCBCE, 0x81E7, 0xBB4C,
  0xCBEE, 0xCBEE, 0xCBCE, 0xC36C, 0xCBAD, 0xD42F, 0xCBCD, 0xCBAD, 0xBB6C, 0x81E7, 0x5944, 0x9268,
  0xBB6C, 0xC38D, 0xCBAD, 0xC36C, 0xB30B, 0x9248, 0x4124, 0x20A3, 0x3106, 0x49AA, 0x49AA, 0x51CB,
  0x49CB, 0x3948, 0x20C6, 0x28E7, 0x28E7, 0x28E7, 0x3108, 0x498B, 0x59CD, 0x6A2F, 0x8AF1, 0x82B0,
  0x8AD1, 0x9312, 0x82B0, 0x59CD, 0x82B1, 0x9312, 0x9312, 0x9312, 0x9312, 0x8290, 0x61CD, 0x3108,
  0x3128, 0x49AB, 0x49AA, 0x51CB, 0x49CB, 0x51CB, 0x4189, 0x1082, 0x7903, 0x8923, 0x8923, 0x8923,
  0x8923, 0x8123, 0x3062, 0xACF2, 0x4986, 0x5A28, 0xACF2, 0x4945, 0xB554, 0x30E4, 0x9C50, 0x5A49,
  0x5A49, 0xBD74, 0xBD74, 0xAD13, 0x4125, 0x9470, 0x3945, 0x1821, 0x3945, 0x83AE, 0x83AE, 0x62CB,
  0x20A3, 0x4186, 0x20C3, 0x3882, 0x4082, 0x40A2, 0x58A2, 0x50A2, 0x50A2, 0x58A2, 0x50A2, 0x2861,
  0x0862, 0x498A, 0x49AA, 0x49AA, 0x49AA, 0x49AB, 0x49AB, 0x49AB, 0x49AB, 0x49AA, 0x49AA, 0x49AA,
  0x51AB, 0x51CB, 0x51AB, 0x51CB, 0x51CB, 0x49AB, 0x51AB, 0x51AB, 0x51AB, 0x51AB, 0x51AB, 0x51CB,
  0x49AA, 0x0841, 0x1884, 0x30E9, 0x30EA, 0x18C4, 0x3165, 0x5AA9, 0x2104, 0x28E8, 0x3929, 0x28C6,
  0x41E7, 0xAD12, 0x8BEE, 0x5AAA, 0x7BAD, 0xAD12, 0x8C2F, 0x0861, 0x83CD, 0xB553, 0x4A48, 0x2945,
  0xA4D2, 0x942F, 0x4228, 0x9C70, 0x9C70, 0x9C70, 0x5AA9, 0x1063, 0x28E7, 0x10A3, 0x734C, 0x942F,
  0x41E7, 0x1884, 0x28E7, 0x20C6, 0x20C6, 0x18A4, 0x3986, 0x49E7, 0x41C6, 0x39A6, 0x3165, 0x3985,
  0x3165, 0x2924, 0x18C3, 0x0020, 0x20C6, 0x59CD, 0x82B1, 0x3108, 0x28E7, 0x4189, 0x3107, 0x3108,
  0x61ED, 0x7A90, 0x9312, 0x92F2, 0x92F2, 0x9312, 0x82B1, 0x6A2E, 0x7A6F, 0x51AB, 0x28E7, 0x4169,
  0x51CB, 0x49AB, 0x51AB, 0x51AB, 0x51AB, 0x51EB, 0x4189, 0x30E4, 0x4944, 0xAAEA, 0xD42F, 0xCC2F,
  0xCC0E, 0xBB4C, 0x9268, 0x6124, 0x9ACA, 0xD470, 0xDCD1, 0xCC2F, 0xC38D, 0x69A6, 0x6986, 0xB34C,
  0xD44F, 0xC3AD, 0xC3AD, 0xBB6D, 0xBB8D, 0xC3AD, 0xBB4C, 0xAB0B, 0x5965, 0x30C3, 0x30A3, 0x7207,
  0xCBEE, 0x9A48, 0xA2A9, 0xC3AD, 0x9289, 0x71A6, 0x81E7, 0xAB2B, 0xCC0E, 0xC3AD, 0xB32B, 0x9268,
  0xAAEB, 0xCBAD, 0xBB6C, 0xC38D, 0xAB0B, 0xBB6C, 0xC38C, 0xC3AD, 0xBB8D, 0x81C7, 0x5924, 0xAB2B,
  0xC3AD, 0x9289, 0x8248, 0xBB4C, 0xBB4C, 0xBB2B, 0x71C6, 0x2082, 0x20C4, 0x59CB, 0x51CB, 0x51CB,
  0x59EC, 0x49AA, 0x3948, 0x3128, 0x3948, 0x28C6, 0x30E7, 0x496B, 0x6A0E, 0x8AD1, 0x9312, 0x9312,
  0x92F2, 0x92F2, 0x92F1, 0x8AD1, 0x9B12, 0x92F2, 0x92F1, 0x82B0, 0x7A8F, 0x8AF1, 0x7A70, 0x498B,
  0x28E7, 0x4169, 0x51CB, 0x51CB, 0x51CB, 0x51CB, 0x4189, 0x1082, 0x7923, 0x8923, 0x8923, 0x8923,
  0x8923, 0x8123, 0x3882, 0xACD2, 0x8BEF, 0x940F, 0x9C50, 0x4125, 0xB533, 0x4125, 0xA491, 0x6249,
  0x6289, 0x9470, 0x5208, 0xA4F2, 0x3945, 0x9450, 0x7B6D, 0x9C50, 0x4186, 0x5A69, 0x6AEB, 0x28E4,
  0x3062, 0x3882, 0x4082, 0x50A2, 0x60C2, 0x60C2, 0x60A2, 0x58A2, 0x50A2, 0x50A2, 0x50A2, 0x2861,
  0x0842, 0x498A, 0x51AB, 0x51AB, 0x51AB, 0x51AB, 0x51AB, 0x51AA, 0x49AA, 0x49AA, 0x49AA, 0x49AA,
  0x49AB, 0x49AB, 0x51AB, 0x51AB, 0x49AB, 0x51AB, 0x49AB, 0x49AB, 0x49AB, 0x49AB, 0x49AA, 0x49AB,
  0x49AA, 0x0841, 0x1084, 0x30E9, 0x30E9, 0x18A4, 0x20C5, 0x1083, 0x18A4, 0x2908, 0x3129, 0x20C6,
  0x39A6, 0xB512, 0x6B0B, 0x0000, 0x39A6, 0xAD12, 0x8C2F, 0x1082, 0x7BAD, 0xB512, 0x4A48, 0x2965,
  0xACF2, 0x9C91, 0x2104, 0x736C, 0x9C70, 0x944F, 0x5AA9, 0x1063, 0x28E7, 0x10A3, 0x736C, 0x8C0E,
  0x39C6, 0x1884, 0x28E7, 0x20C6, 0x20C6, 0x18A4, 0x3185, 0x4A07, 0x39A6, 0x41C6, 0x3165, 0x3185,
  0x2945, 0x2905, 0x20E4, 0x0020, 0x28E6, 0x496B, 0x414A, 0x3929, 0x3108, 0x3128, 0x3929, 0x61CD,
  0x7A6F, 0x9312, 0x9312, 0x8AF1, 0x8AD1, 0x8AD1, 0x92F2, 0x82B0, 0x6A2E, 0x6A2E, 0x414A, 0x3107,
  0x3949, 0x49AB, 0x49AA, 0x498A, 0x498A, 0x49AA, 0x2905, 0x30C2, 0x79E7, 0xC3AD, 0xC3CD, 0xCC2F,
  0xBB8C, 0x8A28, 0x71A6, 0xA2EA, 0xCC2F, 0xD44F, 0xC3EE, 0xC3AD, 0xB32C, 0x6165, 0x9A89, 0xCBCD,
  0xC3CD, 0xC3CE, 0xBB8D, 0x9A89, 0xBB4C, 0xC3CD, 0xC38D, 0xBB8D, 0x79E7, 0x20A2, 0x4924, 0xB30A,
  0xD490, 0xC3CD, 0xD42F, 0xC38D, 0xC3AD, 0xAAEA, 0x71A6, 0x81E7, 0xBB6C, 0xC3CE, 0xD42F, 0x8207,
  0x81E7, 0xB30B, 0xC36C, 0xCBCE, 0x9268, 0xA2A9, 0xBB6C, 0xBB6C, 0xA2EA, 0x4904, 0x9228, 0xCBCE,
  0xD3EE, 0x9AA9, 0x5965, 0x9269, 0xAACA, 0xBB2B, 0xA289, 0x4924, 0x18A3, 0x4168, 0x49AB, 0x49AB,
  0x49AA, 0x51CB, 0x51CB, 0x49AB, 0x416A, 0x3108, 0x496B, 0x61ED, 0x82B0, 0x9B32, 0x9312, 0x9312,
  0x9312, 0x92F1, 0x92D1, 0x92F1, 0x92F1, 0x92F1, 0x9312, 0x8AD1, 0x82B0, 0x8AD1, 0x82B0, 0x69EE,
  0x3929, 0x2907, 0x49AA, 0x49AB, 0x49AA, 0x49AB, 0x4189, 0x18A2, 0x8123, 0x8923, 0x8123, 0x8923,
  0x8923, 0x8123, 0x3882, 0xA4D2, 0xAD13, 0xACF2, 0x940F, 0x4125, 0xB553, 0x2883, 0x9450, 0x6A8A,
  0x6AAA, 0x8BEF, 0x1862, 0xA4B1, 0x3104, 0x732C, 0x942F, 0x83AE, 0x3904, 0x2821, 0x2841, 0x3082,
  0x58C2, 0x68C2, 0x68C2, 0x60A2, 0x58A2, 0x58A2, 0x58A2, 0x58A2, 0x50A2, 0x50A2, 0x50A2, 0x2861,
  0x0842, 0x418A, 0x49AA, 0x49AA, 0x49AA, 0x49AA, 0x49AA, 0x49AA, 0x498A, 0x498A, 0x498A, 0x498A,
  0x49AB, 0x49AB, 0x49AB, 0x49AB, 0x49AB, 0x49AB, 0x51AB, 0x49AB, 0x49AB, 0x49AA, 0x49AA, 0x49AB,
  0x49AA, 0x0841, 0x1084, 0x30E9, 0x310B, 0x28C7, 0x20C5, 0x28E6, 0x28E8, 0x3108, 0x3129, 0x20C6,
  0x3165, 0x8C0E, 0x5AAA, 0x1083, 0x41E7, 0xB533, 0x9470, 0x10A2, 0x83CE, 0xB532, 0x4A48, 0x2944,
  0xA4B1, 0x9450, 0x18C3, 0x2945, 0x8BEE, 0x9C70, 0x62EA, 0x1083, 0x28E7, 0x1082, 0x734C, 0x8C0E,
  0x39C6, 0x1084, 0x28C6, 0x20C6, 0x20C6, 0x1083, 0x3165, 0x49E7, 0x39A6, 0x41C6, 0x2945, 0x3165,
  0x2905, 0x20C5, 0x20E6, 0x18A5, 0x28C6, 0x3949, 0x28C6, 0x3949, 0x51CB, 0x3969, 0x28E7, 0x414A,
  0x6A0E, 0x8AB0, 0x9312, 0x9312, 0x82B0, 0x722E, 0x82B0, 0x8AD1, 0x6A0E, 0x6A2E, 0x59CD, 0x30E7,
  0x3107, 0x51CB, 0x49AB, 0x49CB, 0x51CB, 0x28E4, 0x20A2, 0x38E3, 0x71A6, 0xA2CA, 0xB30B, 0xCBAD,
  0x79E7, 0x6985, 0xBB4C, 0xDCF2, 0xC3AD, 0xC38C, 0xC3AD, 0xBB6C, 0x8A28, 0x5945, 0xAB2B, 0xC38D,
  0xBB4C, 0xCBCE, 0xCBCE, 0xBB4C, 0xC36D, 0xC3AD, 0xC3AD, 0xBB8D, 0x71A6, 0x1861, 0x6A07, 0xCBAD,
  0xCC0E, 0xE512, 0xCC0E, 0xBB6C, 0xC38D, 0xCBCE, 0xC36C, 0x8A28, 0x71C6, 0xCBEE, 0xC38D, 0xBB4C,
  0x79C6, 0x79E7, 0xC3AD, 0xCBCE, 0xA2CA, 0x81E7, 0xB32B, 0xA2A9, 0x6986, 0x30C3, 0xA2CA, 0xD3EE,
  0xC36C, 0xC36C, 0xAB0B, 0x5104, 0x6985, 0xA2CA, 0xBB2B, 0x69E7, 0x1861, 0x20C3, 0x49AB, 0x51AB,
  0x51AB, 0x49AB, 0x51AB, 0x4969, 0x20C6, 0x416B, 0x61EE, 0x7A6F, 0x92F1, 0x8AD1, 0x92F1, 0x9312,
  0x9312, 0x9312, 0x92F1, 0x92F2, 0x92F1, 0x92F1, 0x9312, 0x92F2, 0x8AD1, 0x8AD1, 0x8AF1, 0x724F,
  0x518C, 0x28E7, 0x4149, 0x51CB, 0x51AB, 0x51CB, 0x4189, 0x1082, 0x7923, 0x8923, 0x8923, 0x8923,
  0x8923, 0x8123, 0x3882, 0xB554, 0x5A28, 0x5A08, 0x9C71, 0x4145, 0xB533, 0x7B4C, 0xACF2, 0x49E7,
  0x6AEB, 0x9C91, 0x20A3, 0x8C0F, 0x3105, 0x2062, 0x2062, 0x2062, 0x38A2, 0x68C2, 0x60C2, 0x60C3,
  0x60C2, 0x60C2, 0x58A2, 0x58A2, 0x58A2, 0x58A2, 0x58A2, 0x50A2, 0x50A2, 0x50A2, 0x50A2, 0x2861,
  0x0862, 0x498A, 0x49AB, 0x49AB, 0x49AB, 0x49AA, 0x49AA, 0x49AA, 0x49AA, 0x49AA, 0x49AA, 0x49AA,
  0x49AB, 0x49AB, 0x49AB, 0x49AB, 0x51AB, 0x51AB, 0x51AB, 0x51AB, 0x49AB, 0x49AA, 0x49AB, 0x51AB,
  0x49AA, 0x0841, 0x1884, 0x30E9, 0x390B, 0x392C, 0x30E9, 0x18A4, 0x20C6, 0x28E8, 0x3108, 0x3108,
  0x18A3, 0x10A3, 0x18E4, 0x20E6, 0x2904, 0x62CA, 0x5AA9, 0x1082, 0x8C0F, 0xBD94, 0x5289, 0x2924,
  0xA490, 0x942F, 0x2104, 0x0021, 0x5248, 0x9450, 0x5AA9, 0x1083, 0x28E7, 0x1082, 0x18E3, 0x2104,
  0x18C3, 0x20C5, 0x20C6, 0x20C6, 0x20C6, 0x18A4, 0x3185, 0x41E6, 0x39A6, 0x39A6, 0x2926, 0x20C6,
  0x28E7, 0x496B, 0x61ED, 0x394A, 0x20C6, 0x28E7, 0x4169, 0x49AA, 0x3949, 0x3949, 0x3108, 0x20C6,
  0x4129, 0x6A0D, 0x92F1, 0x82B0, 0x724F, 0x61ED, 0x620D, 0x8290, 0x69EE, 0x61ED, 0x51AC, 0x3108,
  0x3128, 0x51CB, 0x49AA, 0x49AA, 0x51CA, 0x28C3, 0x30C3, 0x6965, 0x79C6, 0x38C3, 0xB32B, 0xCBAD,
  0x79E7, 0x9269, 0xDC91, 0xC3CE, 0xBB6C, 0xB30B, 0xAAEA, 0xA2CA, 0x9A89, 0x6124, 0xC3EE, 0xC3CE,
  0xB32B, 0xCBEE, 0xBB4C, 0xC38D, 0xBB6D, 0xC38D, 0xBB6C, 0x9A89, 0x5945, 0x2082, 0x7207, 0xD3AD,
  0xD470, 0xB36C, 0xAB2B, 0x9248, 0xB32B, 0xCBEE, 0xC38D, 0x8207, 0x5145, 0xD40E, 0xBB4C, 0xCBEE,
  0xA2CA, 0x6945, 0x81E7, 0xCBEE, 0xBB4C, 0x71A6, 0x5945, 0x40E3, 0x38C3, 0x38C3, 0x6165, 0xB32B,
  0xC3AD, 0xBB8D, 0xC3AD, 0x9248, 0x40E3, 0x79C7, 0x9A89, 0x8A48, 0x5124, 0x20C3, 0x51CB, 0x51AB,
  0x49AA, 0x49AA, 0x51AB, 0x418A, 0x28E7, 0x414A, 0x59CD, 0x6A0E, 0x6A2E, 0x92F2, 0x724F, 0x92F2,
  0x9B12, 0x92F2, 0x92F1, 0x92F2, 0x92F1, 0x92F2, 0x8AD0, 0x8AD1, 0x8AD1, 0x7A90, 0x724F, 0x6A0E,
  0x518C, 0x28E7, 0x4149, 0x51CB, 0x51AB, 0x51CB, 0x4189, 0x1082, 0x7903, 0x8923, 0x8923, 0x8923,
  0x8923, 0x8123, 0x38A3, 0x6269, 0x3904, 0x6A89, 0xA491, 0x4945, 0xB574, 0xBDB5, 0x732C, 0x1841,
  0x4166, 0x5208, 0x2083, 0x28A3, 0x28A3, 0x50C3, 0x60C2, 0x60C3, 0x60A2, 0x60A2, 0x60A2, 0x60A2,
  0x60C2, 0x58A2, 0x50A2, 0x60A2, 0x58A2, 0x58A2, 0x58A2, 0x50A2, 0x50A2, 0x50A2, 0x50A2, 0x2861,
  0x0862, 0x49AA, 0x49AB, 0x49AB, 0x49AB, 0x49AA, 0x49AA, 0x49AA, 0x49AA, 0x49AA, 0x49AA, 0x49AA,
  0x498A, 0x498A, 0x49AA, 0x49AA, 0x49AA, 0x49AA, 0x49AA, 0x49AA, 0x49AA, 0x498A, 0x49AA, 0x49AA,
  0x418A, 0x0841, 0x1063, 0x30E9, 0x390B, 0x390B, 0x392C, 0x392C, 0x3109, 0x20C6, 0x20C5, 0x30E8,
  0x3108, 0x3128, 0x3129, 0x3129, 0x28E6, 0x1884, 0x1082, 0x10A3, 0x3186, 0x41E7, 0x2124, 0x10A2,
  0x2945, 0x2944, 0x18C4, 0x20C5, 0x18C3, 0x18E4, 0x20C4, 0x20C6, 0x20C6, 0x20A5, 0x20A6, 0x20A5,
  0x20A5, 0x20A5, 0x20A5, 0x20A5, 0x1883, 0x20E4, 0x41E7, 0x41C6, 0x39A5, 0x2906, 0x20C7, 0x496B,
  0x7A6F, 0x8AF1, 0x9312, 0x7A90, 0x498B, 0x30E8, 0x3108, 0x3949, 0x3908, 0x59CC, 0x7A70, 0x518B,
  0x20C7, 0x414A, 0x620D, 0x59CC, 0x6A0E, 0x61EE, 0x518C, 0x518C, 0x59CD, 0x494A, 0x496B, 0x3108,
  0x3949, 0x51CB, 0x49AA, 0x49AA, 0x20C4, 0x40E3, 0x9AEA, 0xC3CE, 0xAB0B, 0x71A6, 0x5965, 0xA2A9,
  0xB30B, 0xC38D, 0xD40F, 0xBB6C, 0xC38D, 0xAB0B, 0x8A48, 0x9AAA, 0xC3AD, 0xB34C, 0xC3AD, 0xCBEE,
  0xBB6C, 0x9248, 0x7186, 0xC38D, 0xC3AD, 0xC38D, 0xAAEB, 0x71A6, 0x30E4, 0x5144, 0xA2A9, 0xC34B,
  0xAAC9, 0x9268, 0xB30B, 0xB30B, 0xBB4C, 0xC3CE, 0xAB0B, 0x6965, 0x4945, 0xC36C, 0xC3AD, 0xC38D,
  0xBB6C, 0xB32B, 0x9AA9, 0x79C7, 0x9248, 0x40E4, 0x5965, 0x9AA9, 0xB34C, 0xAB0B, 0x7186, 0x6986,
  0x9AA9, 0xB32B, 0x71A6, 0x81C7, 0x6986, 0x30A2, 0x6165, 0x8A07, 0x69A6, 0x20A2, 0x20C3, 0x4189,
  0x49AB, 0x498A, 0x418A, 0x498A, 0x418A, 0x28E7, 0x3929, 0x518C, 0x59AC, 0x59ED, 0x7250, 0x722F,
  0x8AD1, 0x9312, 0x92F1, 0x92F2, 0x92F1, 0x8AF1, 0x82B0, 0x7A6F, 0x82B1, 0x724F, 0x6A0E, 0x518C,
  0x414A, 0x28E7, 0x3969, 0x49AB, 0x49AA, 0x49AB, 0x4189, 0x1082, 0x7903, 0x8923, 0x8923, 0x8923,
  0x8923, 0x8103, 0x68E3, 0x60A2, 0x50A2, 0x5124, 0x4146, 0x30A3, 0x4186, 0x3945, 0x20A3, 0x3082,
  0x2041, 0x2041, 0x60C3, 0x58A2, 0x58A2, 0x68C2, 0x68C2, 0x60C2, 0x58A2, 0x58A2, 0x58A2, 0x58A2,
  0x50A2, 0x58A2, 0x58A2, 0x58A2, 0x58A2, 0x50A2, 0x58A2, 0x58A2, 0x50A2, 0x50A2, 0x50A2, 0x2861,
  0x0862, 0x49AA, 0x49AA, 0x49AA, 0x498A, 0x49AA, 0x498A, 0x498A, 0x49AA, 0x49AA, 0x498A, 0x498A,
  0x49AB, 0x51AB, 0x51AB, 0x51AB, 0x51AB, 0x51AB, 0x51AB, 0x51AB, 0x51AB, 0x51AB, 0x51AB, 0x51CB,
  0x49AA, 0x0841, 0x1063, 0x30E9, 0x390B, 0x390A, 0x392B, 0x414D, 0x494E, 0x412C, 0x310A, 0x28E8,
  0x20C5, 0x20E6, 0x3108, 0x3108, 0x3129, 0x3129, 0x3128, 0x3108, 0x28C7, 0x20C6, 0x28E6, 0x20C6,
  0x1884, 0x1884, 0x28E6, 0x3108, 0x28E7, 0x28E7, 0x28E7, 0x28C7, 0x20C6, 0x20C6, 0x20C5, 0x18A4,
  0x18A4, 0x1083, 0x1883, 0x18A4, 0x20C6, 0x20E5, 0x41C6, 0x41C6, 0x3166, 0x20C6, 0x3108, 0x724F,
  0x9B53, 0x9B53, 0x9312, 0x9B12, 0x7A90, 0x59CC, 0x30E8, 0x28C7, 0x59EC, 0x8AB0, 0x9B33, 0x8AB1,
  0x51AC, 0x28E8, 0x3929, 0x496B, 0x496B, 0x51AC, 0x518C, 0x498B, 0x494B, 0x3929, 0x20C6, 0x3128,
  0x49AB, 0x59EC, 0x51CB, 0x3126, 0x28A2, 0x79C6, 0xD44F, 0xDC90, 0xC3AD, 0xAAEA, 0x5124, 0x5945,
  0xAB0B, 0xBB6C, 0x8A69, 0xBB4C, 0xC38D, 0xCBCE, 0xC3AD, 0xC3AD, 0xD42F, 0xCBCE, 0xC38D, 0xC3CD,
  0xCBEE, 0xAAEB, 0x81C6, 0xBB6C, 0xC3AD, 0xC38D, 0xA2EB, 0x5924, 0x1882, 0x7A27, 0xD44F, 0xCC0E,
  0xAACA, 0xC3EE, 0xC38D, 0xC38D, 0xCBCE, 0xC3AD, 0xB30B, 0x81C7, 0x6185, 0xC36C, 0xBB4C, 0xC38D,
  0xC38D, 0xCBEE, 0xB34C, 0x6985, 0x30C3, 0x69C6, 0xA2CA, 0xC3CE, 0xD40F, 0xC38D, 0xAACA, 0x71A6,
  0x5965, 0x6186, 0x6165, 0xA2CA, 0xAACA, 0x8A69, 0x5965, 0x6985, 0x8A28, 0x6185, 0x28A2, 0x20C4,
  0x4169, 0x51AB, 0x51AB, 0x51CB, 0x51CB, 0x418A, 0x3108, 0x3929, 0x414A, 0x498B, 0x620E, 0x7A90,
  0x8AD1, 0x9312, 0x92F2, 0x9312, 0x92F1, 0x92F2, 0x8AD1, 0x722F, 0x7A90, 0x6A0E, 0x51AC, 0x412A,
  0x28E7, 0x3128, 0x51CB, 0x51CB, 0x51CB, 0x51CB, 0x4189, 0x1082, 0x7903, 0x8923, 0x8123, 0x8923,
  0x8923, 0x8103, 0x7103, 0x8103, 0x8103, 0x8123, 0x7903, 0x60C3, 0x4882, 0x4862, 0x50A3, 0x50A2,
  0x50A2, 0x58C3, 0x68C2, 0x68C2, 0x68C2, 0x60A2, 0x58A2, 0x58A2, 0x50A2, 0x58A2, 0x58A2, 0x60A2,
  0x60A2, 0x58A2, 0x58A2, 0x58A2, 0x58A2, 0x58A2, 0x58A2, 0x58A2, 0x50A2, 0x50A2, 0x4882, 0x2861,
  0x0862, 0x49AA, 0x51AB, 0x51AB, 0x51AB, 0x51AB, 0x51AB, 0x51AB, 0x51CB, 0x49AB, 0x51AB, 0x51AB,
  0x49AA, 0x49AA, 0x49AB, 0x49AB, 0x49AB, 0x49AA, 0x49AB, 0x49AB, 0x49AB, 0x49AB, 0x49AB, 0x49AA,
  0x3969, 0x0841, 0x1884, 0x28E8, 0x310A, 0x310A, 0x390B, 0x414D, 0x414D, 0x494E, 0x494E, 0x414D,
  0x392A, 0x310A, 0x30E8, 0x20C5, 0x20C5, 0x28E6, 0x28E7, 0x28E7, 0x28E7, 0x3108, 0x3109, 0x30E8,
  0x30E8, 0x3108, 0x28E8, 0x28E8, 0x28E8, 0x28E6, 0x20C5, 0x18A4, 0x1883, 0x1083, 0x18A4, 0x20C6,
  0x18A5, 0x20C6, 0x28E8, 0x28E7, 0x20C7, 0x28E6, 0x41C6, 0x3986, 0x28E8, 0x3929, 0x61ED, 0x8AD1,
  0x9B32, 0x9332, 0x9312, 0x92F1, 0x9312, 0x82B0, 0x59CC, 0x3108, 0x7AB0, 0x9B32, 0x92F1, 0x8AD1,
  0x724F, 0x3928, 0x28C7, 0x3929, 0x28C7, 0x414A, 0x498C, 0x496B, 0x3108, 0x28E7, 0x2907, 0x498A,
  0x51AB, 0x49AA, 0x4168, 0x20A2, 0x5124, 0xBB8D, 0xCBED, 0xCC2F, 0xD44F, 0xBB6C, 0x79A6, 0x30A3,
  0x8A68, 0xAAEA, 0x79E6, 0xA2A9, 0xB32B, 0xC38D, 0xC3AD, 0xC3AD, 0xC38D, 0xC3AD, 0x9AEA, 0xA2CA,
  0xBB4C, 0xCBAD, 0xBB6C, 0xC36D, 0xC36D, 0xC38D, 0xA2CA, 0x48E4, 0x1062, 0x92A9, 0xE4B1, 0xD44F,
  0xC36C, 0xC38D, 0xBB6C, 0xC3AD, 0x9B0B, 0xAB0B, 0xC34C, 0x9A69, 0x79C7, 0xC38D, 0xC3AD, 0xB34C,
  0xBB6C, 0xC3AD, 0xB30B, 0x79E7, 0x38E4, 0xAAEA, 0xCC0E, 0xD44F, 0xCBEE, 0xBB8D, 0xC38D, 0xA2A9,
  0x5945, 0x48E4, 0xA2CA, 0xD42F, 0xCB8D, 0xCBCD, 0x7A07, 0x6165, 0x8207, 0x8A08, 0x5945, 0x1881,
  0x28E5, 0x4189, 0x498A, 0x418A, 0x49AB, 0x49AA, 0x3128, 0x3108, 0x414A, 0x51AC, 0x6A2E, 0x92F1,
  0x9312, 0x9312, 0x9B32, 0x92F1, 0x8290, 0x82B0, 0x7A6F, 0x6A0E, 0x59CD, 0x498B, 0x496B, 0x3108,
  0x20C6, 0x3969, 0x51AB, 0x49AB, 0x49AA, 0x51CB, 0x418A, 0x1082, 0x7903, 0x8923, 0x8923, 0x8923,
  0x8923, 0x8123, 0x7103, 0x7903, 0x8103, 0xA1A4, 0xB1E4, 0x9143, 0x8103, 0x70E3, 0x70C3, 0x68C2,
  0x68C2, 0x68C2, 0x60C2, 0x60A2, 0x58A2, 0x50A2, 0x50A2, 0x58A2, 0x60A2, 0x60A2, 0x60A2, 0x60A2,
  0x58A2, 0x58A2, 0x58A2, 0x58A2, 0x58A2, 0x58A2, 0x58A2, 0x58A2, 0x50A2, 0x50A2, 0x50A2, 0x2861,
  0x0862, 0x49AA, 0x49AA, 0x498A, 0x49AA, 0x49AA, 0x49AA, 0x49AA, 0x49AA, 0x49AA, 0x49AA, 0x49AA,
  0x49AB, 0x49AA, 0x49AB, 0x49AB, 0x49AB, 0x49AB, 0x51AB, 0x49AB, 0x49AB, 0x51AB, 0x49AB, 0x4169,
  0x3127, 0x0841, 0x1063, 0x28C8, 0x390A, 0x30EA, 0x390B, 0x494D, 0x414D, 0x494D, 0x496E, 0x516F,
  0x518F, 0x516F, 0x414C, 0x30E8, 0x3109, 0x3108, 0x28E7, 0x20C5, 0x20C6, 0x20C5, 0x18A5, 0x18A4,
  0x18A5, 0x18A5, 0x18A4, 0x20A5, 0x18A5, 0x18A4, 0x18A4, 0x18A5, 0x28E7, 0x28E8, 0x30E9, 0x30E9,
  0x28E8, 0x28E7, 0x28E7, 0x28C6, 0x20C6, 0x28E6, 0x39A5, 0x3145, 0x30E8, 0x6A2E, 0x92F1, 0x8AD1,
  0x92F1, 0x9312, 0x9312, 0x92F1, 0x92D1, 0x9312, 0x6A2F, 0x498B, 0x61ED, 0x8AD1, 0x9312, 0x8AD1,
  0x7A90, 0x416A, 0x28E7, 0x28C6, 0x28E7, 0x3107, 0x3108, 0x3128, 0x3107, 0x3107, 0x49AA, 0x51CB,
  0x49AB, 0x4168, 0x1882, 0x28C3, 0x71A6, 0xD470, 0xCBEE, 0xCBCD, 0xC3AD, 0xAB0A, 0x9A69, 0x5145,
  0x79C6, 0xBB4C, 0xBB6C, 0x7185, 0xC3CE, 0xCBCE, 0xC38D, 0xC38D, 0xC38D, 0xBB4C, 0x28E3, 0x5144,
  0xB30B, 0xC36C, 0xBB6C, 0xC38D, 0xBB6D, 0xBB4C, 0x9A89, 0x40E3, 0x2082, 0x9AEA, 0xCBCD, 0xCC2F,
  0xC3AD, 0xBB4C, 0xBB4C, 0xCBCD, 0x4144, 0x5985, 0xD3CE, 0xB32C, 0x9248, 0xC38D, 0xC38D, 0xBB6C,
  0xBB6C, 0xBB4C, 0xA2CA, 0x81E7, 0x5945, 0xAAEA, 0xD40E, 0xC38D, 0xBB6C, 0xC3AD, 0xC3CE, 0xC36C,
  0x8A28, 0x8207, 0xBB2B, 0xC38C, 0xBB4B, 0xB34C, 0xAACA, 0x79E7, 0x6165, 0x71C7, 0x8207, 0x3904,
  0x1882, 0x3947, 0x49AB, 0x4169, 0x498A, 0x28E7, 0x518B, 0x59CC, 0x518C, 0x724F, 0x92F1, 0x8AD1,
  0x8AF1, 0x92F2, 0x92F1, 0x8AD1, 0x6A0E, 0x69EE, 0x6A0E, 0x61EE, 0x518C, 0x414A, 0x414A, 0x28E7,
  0x4169, 0x498A, 0x49AA, 0x49AA, 0x49AA, 0x51AB, 0x4189, 0x1082, 0x7903, 0x8923, 0x8123, 0x8923,
  0x8923, 0x8123, 0x7903, 0x7903, 0x8103, 0x9983, 0xA1C4, 0x8963, 0x8103, 0x70E3, 0x68C2, 0x68C2,
  0x68A2, 0x58A2, 0x58A2, 0x50A2, 0x50A2, 0x58A2, 0x60A2, 0x60A2, 0x58A2, 0x60A2, 0x60A2, 0x58A2,
  0x58A2, 0x58A2, 0x58A2, 0x58A2, 0x58A2, 0x58A2, 0x58A2, 0x50A2, 0x48A2, 0x48A2, 0x40A2, 0x1841,
  0x1062, 0x498A, 0x498A, 0x498A, 0x49AA, 0x49AA, 0x49AB, 0x49AB, 0x49AB, 0x51AB, 0x49AB, 0x49AB,
  0x49AB, 0x49AA, 0x49AB, 0x49AB, 0x49AB, 0x49AB, 0x49AB, 0x49AB, 0x49AA, 0x49AA, 0x3969, 0x3948,
  0x2907, 0x0861, 0x18C3, 0x20A5, 0x30EA, 0x30EA, 0x390A, 0x414D, 0x414D, 0x494D, 0x494E, 0x516F,
  0x496E, 0x496E, 0x496E, 0x496E, 0x516F, 0x496E, 0x496D, 0x414D, 0x414C, 0x390A, 0x390A, 0x390A,
  0x3109, 0x310A, 0x310A, 0x30EA, 0x30E9, 0x30E9, 0x310A, 0x390B, 0x310A, 0x390A, 0x28E8, 0x28C7,
  0x28C7, 0x28E7, 0x20C5, 0x20C5, 0x20A5, 0x20A5, 0x2945, 0x3145, 0x28C7, 0x7A6F, 0x9312, 0x9312,
  0x92F2, 0x92F2, 0x9312, 0x92F1, 0x92F1, 0x8290, 0x61ED, 0x496B, 0x7A6F, 0x92F1, 0x8AD1, 0x6A0E,
  0x61ED, 0x518B, 0x3929, 0x28E7, 0x498A, 0x3107, 0x20C6, 0x2907, 0x418A, 0x51AB, 0x51CB, 0x51CB,
  0x51EC, 0x4189, 0x20A2, 0x4924, 0x9A69, 0xC3AD, 0xAAEB, 0xA2AA, 0xC38C, 0xCC4F, 0xBB6C, 0x9228,
  0x5945, 0x8A69, 0xCBEE, 0xC38D, 0xCBCE, 0xC3CD, 0xC38D, 0xC38D, 0xBB8D, 0x6165, 0x1082, 0x4924,
  0xAAA9, 0xC36C, 0xBB4C, 0xBB8D, 0xC3AD, 0xAB0B, 0x79E7, 0x20C3, 0x5944, 0xAAEA, 0xC3AD, 0xCBEE,
  0xBB8D, 0xBB8C, 0xB32B, 0xAAEA, 0x3104, 0x28A2, 0x9AA9, 0xC3AD, 0xBB6D, 0xC38D, 0xC38D, 0xC38D,
  0xC36C, 0xBB4C, 0xB30B, 0x9248, 0x5104, 0xAAEA, 0xC38D, 0xBB4C, 0xBB8D, 0xBB8D, 0xB32B, 0xA2AA,
  0xAACA, 0x9269, 0x71A6, 0xBB2B, 0x9A48, 0x5945, 0x9269, 0xC32B, 0x8A28, 0x40E4, 0x8A28, 0x71A6,
  0x30E3, 0x3147, 0x59EC, 0x418A, 0x3128, 0x59CD, 0x8290, 0x92F2, 0x8AD1, 0x92F2, 0x8AD1, 0x8AF1,
  0x8AD1, 0x92F1, 0x82B0, 0x61ED, 0x6A2F, 0x6A2F, 0x51AC, 0x496B, 0x414A, 0x28E7, 0x20C6, 0x418A,
  0x51CB, 0x51AB, 0x51AA, 0x51AA, 0x51AB, 0x51CB, 0x4169, 0x1082, 0x8123, 0x8923, 0x8123, 0x8923,
  0x8923, 0x8923, 0x7903, 0x8923, 0x8123, 0x9163, 0x99A4, 0x8963, 0x8103, 0x70E3, 0x60C2, 0x58C2,
  0x58A2, 0x50A2, 0x58A2, 0x58A2, 0x58A2, 0x58A2, 0x60A2, 0x60A2, 0x58A2, 0x58A2, 0x58A2, 0x58A2,
  0x58A2, 0x58A2, 0x58A2, 0x60A2, 0x60A2, 0x58A2, 0x58A2, 0x4882, 0x2062, 0x2082, 0x2882, 0x2061,
  0x0861, 0x3948, 0x49AA, 0x49AA, 0x49AA, 0x51AB, 0x51AB, 0x51AB, 0x51AB, 0x51AB, 0x51AB, 0x51AB,
  0x49AB, 0x49AB, 0x49AB, 0x49AB, 0x49AB, 0x49AA, 0x49AA, 0x49AA, 0x49AA, 0x3948, 0x3128, 0x3948,
  0x20E6, 0x18E3, 0x4A27, 0x0842, 0x30E8, 0x30EA, 0x390B, 0x414D, 0x494D, 0x494D, 0x494E, 0x516F,
  0x496E, 0x496E, 0x496E, 0x494D, 0x494D, 0x414D, 0x414D, 0x414D, 0x412C, 0x412D, 0x412D, 0x414D,
  0x414D, 0x412D, 0x412C, 0x392C, 0x390B, 0x390B, 0x390A, 0x3109, 0x30E9, 0x3109, 0x28E8, 0x28C7,
  0x28C7, 0x20A6, 0x20C6, 0x496A, 0x412A, 0x28C7, 0x28E6, 0x20E5, 0x3108, 0x59ED, 0x8AD1, 0x9B32,
  0x92F2, 0x92F2, 0x92F2, 0x9312, 0x92D1, 0x7A6F, 0x51AC, 0x722E, 0x92D1, 0x7A6F, 0x6A0E, 0x61EE,
  0x414A, 0x3949, 0x3128, 0x28E7, 0x418A, 0x4149, 0x4169, 0x3949, 0x416A, 0x49AA, 0x49AB, 0x51CB,
  0x3968, 0x28C3, 0x4924, 0xB3AD, 0xBB4C, 0xBB6C, 0x69A6, 0x8A28, 0xC38C, 0xC3AD, 0xBB6C, 0x9A69,
  0x4903, 0x7A27, 0xCBCE, 0xBB6C, 0xC38D, 0xD40E, 0xC3AD, 0x8A08, 0x5165, 0x20A2, 0x1082, 0x5124,
  0xAACA, 0xC3AD, 0xC38D, 0xBB4C, 0xC38D, 0xB30A, 0x71C6, 0x1882, 0x5944, 0xB32B, 0xC38C, 0xBB2C,
  0xBB6C, 0xBB6C, 0xBB6C, 0x9248, 0x28C3, 0x0862, 0x4124, 0x9A89, 0xD42F, 0xC3AD, 0xBB6C, 0xBB6C,
  0xBB6D, 0xC36D, 0xC38D, 0xB32B, 0xA2CA, 0x79C6, 0xA2EA, 0xC38D, 0xB34C, 0x9228, 0x6985, 0x9A89,
  0xC34C, 0x9268, 0x79E7, 0xCB6C, 0x8A28, 0x5124, 0x9269, 0xC34C, 0x9269, 0x5924, 0x6165, 0x8A07,
  0x4124, 0x20C3, 0x3126, 0x3108, 0x3108, 0x59CD, 0x82B0, 0x9312, 0x92F2, 0x92F1, 0x9312, 0x7A6F,
  0x82B0, 0x9312, 0x9312, 0x7A6F, 0x59CD, 0x59ED, 0x59CD, 0x498B, 0x414A, 0x3107, 0x28E7, 0x498A,
  0x3949, 0x3108, 0x28E7, 0x28E7, 0x4169, 0x49AB, 0x3948, 0x1062, 0x8123, 0x8923, 0x8123, 0x8923,
  0x8923, 0x8923, 0x7903, 0x8123, 0x8123, 0x8964, 0x99C4, 0x9983, 0x8103, 0x70E3, 0x60E3, 0x58C2,
  0x58A2, 0x58A2, 0x58A2, 0x58A2, 0x58A2, 0x58A2, 0x60A2, 0x60A2, 0x60A2, 0x58A2, 0x58A2, 0x58A2,
  0x60C2, 0x60A2, 0x58A2, 0x4882, 0x3882, 0x3082, 0x3082, 0x2882, 0x40A2, 0x40A2, 0x4082, 0x2861,
  0x0861, 0x3107, 0x3948, 0x418A, 0x4169, 0x498A, 0x49AB, 0x49AA, 0x49AA, 0x49AB, 0x49AB, 0x49AA,
  0x51AB, 0x51AB, 0x51AB, 0x51AB, 0x51CB, 0x51AB, 0x51AB, 0x51AB, 0x498A, 0x3948, 0x3928, 0x3928,
  0x20C5, 0x1081, 0x5AA9, 0x4A07, 0x0842, 0x30E9, 0x412B, 0x414D, 0x414D, 0x494D, 0x496F, 0x516F,
  0x494E, 0x496E, 0x496F, 0x494D, 0x494E, 0x414D, 0x412D, 0x412D, 0x412C, 0x412D, 0x412D, 0x412C,
  0x412C, 0x412C, 0x390B, 0x392B, 0x390A, 0x310A, 0x310A, 0x390A, 0x30E9, 0x3109, 0x28E8, 0x28E7,
  0x20C7, 0x498A, 0x7AB0, 0x8AD1, 0x7A70, 0x59AD, 0x414A, 0x2907, 0x28E7, 0x416A, 0x6A2E, 0x8AD1,
  0x9312, 0x92F1, 0x92F1, 0x92F2, 0x9B12, 0x92D1, 0x724F, 0x9B12, 0x92F1, 0x6A0E, 0x518C, 0x498C,
  0x3929, 0x28E7, 0x28E7, 0x3107, 0x49AA, 0x3928, 0x3128, 0x3949, 0x498A, 0x51CB, 0x51CB, 0x59EC,
  0x3126, 0x2081, 0x7A07, 0xDC2F, 0xCC0F, 0xBB8D, 0x4904, 0x8207, 0xAAEA, 0x79E7, 0x9268, 0x9A89,
  0x8228, 0xAB0B, 0xD40F, 0xCBCE, 0x9A89, 0x8248, 0x69E7, 0x28C3, 0x0841, 0x0841, 0x61A6, 0x9A89,
  0xB32B, 0xAB0B, 0x9248, 0xC38D, 0xC3AD, 0xA2CA, 0x69A6, 0x18A2, 0x6145, 0x9A69, 0xBB4C, 0xC38D,
  0xBB4C, 0xBB4C, 0x9248, 0x79A6, 0x5965, 0x28C3, 0x0841, 0x3924, 0x6A07, 0x8A28, 0xBB4C, 0xCBCD,
  0xC3AD, 0xBB8D, 0xBB6C, 0xBB6D, 0xC38D, 0x9A89, 0x8A28, 0xAB0A, 0xC3AD, 0xA2EA, 0x48E3, 0x8228,
  0xBB2B, 0x9A69, 0x6985, 0x8A28, 0x8A28, 0xA2A9, 0xAACA, 0xB32B, 0xAAEB, 0x8A07, 0x5124, 0x81E7,
  0x71C6, 0x30E3, 0x18A4, 0x3929, 0x28C7, 0x496B, 0x6A0E, 0x8AD1, 0x8AF1, 0x8AD1, 0x724F, 0x6A2E,
  0x724F, 0x7A70, 0x7A70, 0x8AD1, 0x6A0E, 0x6A2F, 0x6A0E, 0x518B, 0x414A, 0x416A, 0x28E7, 0x28E7,
  0x28C7, 0x414A, 0x51AB, 0x3929, 0x28E7, 0x4169, 0x4189, 0x1062, 0x6103, 0x8923, 0x8923, 0x8123,
  0x8923, 0x8923, 0x7903, 0x8923, 0x8123, 0x8964, 0x99A4, 0x9983, 0x8903, 0x70E3, 0x60C3, 0x60C2,
  0x60A2, 0x58A2, 0x58A2, 0x58A2, 0x60A2, 0x60A2, 0x58A2, 0x58A2, 0x58A2, 0x58A2, 0x60A2, 0x58A2,
  0x40A2, 0x4082, 0x3082, 0x2882, 0x40A2, 0x40A2, 0x4082, 0x48A2, 0x58A2, 0x48A2, 0x3882, 0x2061,
  0x0862, 0x3108, 0x3128, 0x4169, 0x498A, 0x51CB, 0x51CB, 0x51CB, 0x51CB, 0x51AB, 0x51AB, 0x51AB,
  0x49AB, 0x49AB, 0x49AB, 0x49AA, 0x49AA, 0x49AA, 0x49AA, 0x498A, 0x3948, 0x3948, 0x3948, 0x3128,
  0x2906, 0x1082, 0x3165, 0x5AA9, 0x39A5, 0x1083, 0x1885, 0x414D, 0x494E, 0x494E, 0x516E, 0x516F,
  0x494E, 0x496F, 0x496F, 0x494E, 0x494D, 0x412D, 0x412D, 0x412D, 0x412D, 0x412C, 0x412D, 0x412D,
  0x412C, 0x392C, 0x390B, 0x392C, 0x390B, 0x390B, 0x390A, 0x3109, 0x30E9, 0x30E9, 0x28E8, 0x20C6,
  0x3949, 0x82D1, 0xABB4, 0x9B32, 0x9312, 0x82B1, 0x61ED, 0x416A, 0x3928, 0x3108, 0x496B, 0x7A90,
  0x9B32, 0x9312, 0x92F2, 0x9312, 0x9312, 0x92F2, 0x9B12, 0x9312, 0x7A90, 0x6A0E, 0x61EE, 0x518B,
  0x3108, 0x20C6, 0x2907, 0x4169, 0x416A, 0x3949, 0x3128, 0x498A, 0x49AB, 0x49AB, 0x49CB, 0x4189,
  0x28C4, 0x30E3, 0x9AA9, 0x9AEA, 0xB34C, 0xC3AD, 0x8228, 0x71C6, 0x6986, 0x6144, 0x8A07, 0xAAEA,
  0xC34C, 0xB32C, 0x9ACA, 0x8A89, 0x4924, 0x2082, 0x1062, 0x1882, 0x30E3, 0x4945, 0xAAEA, 0xC38C,
  0xBB6C, 0x9A89, 0x7185, 0x9ACA, 0xAAEA, 0x9A69, 0x6186, 0x1882, 0x4924, 0x6965, 0x9268, 0xAB0B,
  0xBB4C, 0x9269, 0x79E7, 0x8A28, 0xAAAA, 0x7A07, 0x3104, 0x1882, 0x0841, 0x38C3, 0x71E7, 0x8268,
  0x92AA, 0xC3AD, 0xBB8D, 0xBB4C, 0xBB4C, 0xCBCE, 0x9AA9, 0x9ACA, 0xCBCE, 0xC3CE, 0x5124, 0x5944,
  0x9A89, 0xAACA, 0x79E7, 0x8A48, 0x9A89, 0x9A89, 0x8A28, 0xA2CA, 0xBB4C, 0x9A89, 0x4924, 0x71A6,
  0x8A07, 0x4104, 0x1883, 0x3108, 0x3929, 0x414A, 0x51AC, 0x6A2F, 0x7A4F, 0x724F, 0x59AC, 0x59AC,
  0x61EE, 0x6A0F, 0x722E, 0x8290, 0x7A90, 0x8290, 0x6A2F, 0x51AC, 0x496B, 0x3109, 0x30E8, 0x28E7,
  0x496A, 0x7A6F, 0x8AB1, 0x724F, 0x3949, 0x3129, 0x3128, 0x1061, 0x50E3, 0x6903, 0x68E3, 0x8123,
  0x8943, 0x8923, 0x7903, 0x8923, 0x8123, 0x8963, 0xA1C4, 0x9983, 0x8903, 0x70E2, 0x60C2, 0x60C2,
  0x58A2, 0x58A2, 0x60A2, 0x60A2, 0x58A2, 0x60A2, 0x60A2, 0x60A2, 0x58A2, 0x50A2, 0x48A2, 0x3082,
  0x2882, 0x3082, 0x3882, 0x40A2, 0x60C2, 0x58A2, 0x50A2, 0x48A2, 0x48A2, 0x4082, 0x40A2, 0x2061,
  0x0841, 0x3107, 0x3128, 0x3928, 0x4169, 0x4169, 0x49AA, 0x49AB, 0x49AB, 0x49AB, 0x49AB, 0x49AB,
  0x51CB, 0x51AB, 0x51CB, 0x51AB, 0x51AB, 0x51AB, 0x51AB, 0x49AA, 0x4169, 0x3948, 0x3128, 0x3127,
  0x3128, 0x20E5, 0x0861, 0x39C6, 0x734B, 0x3185, 0x2104, 0x28C8, 0x30E9, 0x412C, 0x516F, 0x516F,
  0x496F, 0x496E, 0x494E, 0x492D, 0x494D, 0x412D, 0x412D, 0x412D, 0x412D, 0x412D, 0x412D, 0x412D,
  0x412C, 0x392B, 0x392B, 0x392B, 0x390B, 0x390B, 0x390A, 0x30E8, 0x30E9, 0x28E8, 0x28E7, 0x20C6,
  0x6A2E, 0x9312, 0x9312, 0x9B32, 0x9312, 0x9B33, 0x724F, 0x51AC, 0x59CD, 0x3949, 0x416A, 0x7A6F,
  0x92F1, 0x8AD1, 0x9312, 0x9312, 0x9312, 0x9B12, 0x9B12, 0x8AD1, 0x726F, 0x7A70, 0x724F, 0x51AC,
  0x59CC, 0x394A, 0x28E7, 0x3107, 0x4169, 0x498A, 0x498A, 0x498A, 0x49AB, 0x51AB, 0x51EC, 0x2905,
  0x28A2, 0x6185, 0x9A48, 0x5124, 0x9248, 0xBB4C, 0xC36C, 0x69C7, 0x5924, 0x9248, 0xCBEE, 0xBB8D,
  0xC34C, 0x9248, 0x4903, 0x1062, 0x1082, 0x18C3, 0x28C3, 0x6165, 0xA289, 0xC36C, 0xBB2B, 0xB32C,
  0xBB6C, 0xAB0B, 0x81E7, 0x5124, 0x6985, 0x81E7, 0x6185, 0x1862, 0x28C3, 0x5945, 0x6145, 0x79E7,
  0xAACA, 0x79C6, 0xBB4C, 0xC36C, 0xBB4C, 0xC3AD, 0xAACA, 0x5104, 0x18A2, 0x18A2, 0x0861, 0x0841,
  0x4124, 0xBB6C, 0xC38D, 0xC38D, 0xC38D, 0xA2CA, 0xB30B, 0xBB4C, 0xBB4C, 0xB30B, 0x81E7, 0x38C3,
  0x7A28, 0xCB8D, 0xC38D, 0xCBAD, 0xB32B, 0x6165, 0x5924, 0x8A48, 0xAAEA, 0x9269, 0x3904, 0x71A6,
  0x79C7, 0x5144, 0x20A2, 0x18A3, 0x59CC, 0x3928, 0x414A, 0x494B, 0x59AD, 0x518C, 0x498B, 0x414A,
  0x59CD, 0x722F, 0x7A90, 0x724F, 0x9332, 0x9B32, 0x724F, 0x6A2F, 0x59ED, 0x3908, 0x28E7, 0x59AC,
  0x82B0, 0x9B12, 0x92F1, 0x9B12, 0x7A6F, 0x414A, 0x20C6, 0x1883, 0x7923, 0x58E2, 0x48C2, 0x68E3,
  0x8123, 0x8123, 0x70E3, 0x8123, 0x8123, 0x9163, 0xA1C4, 0x9983, 0x8103, 0x70E2, 0x60C2, 0x60C2,
  0x60A2, 0x58A2, 0x60A2, 0x60A2, 0x60A2, 0x58A2, 0x58A2, 0x58A2, 0x4082, 0x3082, 0x2882, 0x3082,
  0x38A2, 0x60C2, 0x58C2, 0x58C2, 0x48A2, 0x40A2, 0x40A2, 0x48A2, 0x4082, 0x40A2, 0x40A2, 0x2061,
  0x0021, 0x28E6, 0x3948, 0x3948, 0x3948, 0x3148, 0x418A, 0x51CB, 0x51AB, 0x51AB, 0x51AB, 0x51AB,
  0x49AA, 0x49AA, 0x49AB, 0x49AA, 0x49AA, 0x49AA, 0x49AA, 0x49AA, 0x51AB, 0x3969, 0x3948, 0x3928,
  0x3127, 0x3128, 0x20C5, 0x1082, 0x39A6, 0x6B0A, 0x83CD, 0x2103, 0x10A2, 0x2907, 0x412C, 0x494D,
  0x414D, 0x494E, 0x494E, 0x412D, 0x494D, 0x412D, 0x412C, 0x412C, 0x412C, 0x412D, 0x412C, 0x412C,
  0x392C, 0x390B, 0x390B, 0x390B, 0x390A, 0x390B, 0x3109, 0x28E8, 0x28E7, 0x20C6, 0x28E6, 0x20C6,
  0x498B, 0x7A6F, 0x92F1, 0x9312, 0x9B32, 0x9B12, 0x7A4F, 0x59CD, 0x498B, 0x59CD, 0x6A2F, 0x82B1,
  0x92F2, 0x8AD1, 0x9312, 0x9B12, 0x9312, 0x9B12, 0x9312, 0x82B0, 0x8AD1, 0x8AF1, 0x8AD1, 0x8AD1,
  0x722F, 0x6A0E, 0x3949, 0x3108, 0x416A, 0x3949, 0x4169, 0x498A, 0x49AA, 0x498A, 0x49AB, 0x28E4,
  0x5965, 0x9228, 0x9A89, 0xD490, 0xBB6D, 0xA2AA, 0x6165, 0x6965, 0xAAEA, 0xD44F, 0xC3CE, 0xC3AD,
  0xBB2B, 0xB30B, 0xB34C, 0xAB0B, 0xAB0B, 0xB34C, 0xB34B, 0xB32B, 0xBB6C, 0xBB6C, 0xB34C, 0xBB4C,
  0xBB4C, 0xBB6C, 0xB32B, 0x8A08, 0x3904, 0x5124, 0x5145, 0x1882, 0x6965, 0xBB4C, 0xCBCE, 0xA2CA,
  0x81E7, 0xBB4C, 0xBB6C, 0xB32B, 0xB32B, 0xBB4B, 0xB32B, 0xAB0B, 0xAB0B, 0xAB0B, 0xAB0B, 0xAB2B,
  0xB32B, 0xA2CA, 0x9A89, 0xA2CA, 0x8A08, 0x5104, 0x8A28, 0xBB2B, 0xB30B, 0xBB2B, 0xAACA, 0x4924,
  0x6185, 0xB32B, 0xBB4C, 0xBB2C, 0xB32B, 0x9A68, 0x5124, 0x6165, 0x9A48, 0x9248, 0x20A3, 0x6985,
  0x79C6, 0x7186, 0x4904, 0x18C3, 0x51CC, 0x59EC, 0x3107, 0x3108, 0x496B, 0x496B, 0x28E7, 0x414A,
  0x518C, 0x59CD, 0x724F, 0x92F1, 0x9312, 0x8AF1, 0x92F1, 0x8AB1, 0x6A2F, 0x59AC, 0x496B, 0x82D0,
  0x9332, 0x9312, 0x92F2, 0x82B1, 0x92F2, 0x722F, 0x392A, 0x28C6, 0x7943, 0x8143, 0x7123, 0x58C2,
  0x48C2, 0x68E2, 0x68E3, 0x8103, 0x8923, 0x9163, 0xA1A4, 0x9983, 0x8103, 0x68C2, 0x60A2, 0x58A2,
  0x60A2, 0x58A2, 0x60A2, 0x58A2, 0x58A2, 0x48A2, 0x2862, 0x2862, 0x2861, 0x4882, 0x60A2, 0x58A2,
  0x60C2, 0x58A2, 0x48A2, 0x48A2, 0x40A2, 0x40A2, 0x48A2, 0x48A2, 0x40A2, 0x48A2, 0x28A2, 0x0841,
  0x0841, 0x20C6, 0x3127, 0x3948, 0x3948, 0x3948, 0x3148, 0x4169, 0x49AB, 0x49AA, 0x49AA, 0x498A,
  0x51AB, 0x51CB, 0x51CB, 0x51CB, 0x51CB, 0x51CB, 0x51CB, 0x51CB, 0x51AB, 0x49AA, 0x4169, 0x3948,
  0x3928, 0x3107, 0x3107, 0x20E5, 0x0020, 0x2104, 0x5248, 0x7B8D, 0x942F, 0x3165, 0x0862, 0x1082,
  0x18A4, 0x496D, 0x496E, 0x494D, 0x494D, 0x494E, 0x412D, 0x412C, 0x412C, 0x412C, 0x392C, 0x390B,
  0x392B, 0x390B, 0x390B, 0x390B, 0x390B, 0x310A, 0x30E8, 0x28E8, 0x20C6, 0x20C5, 0x59CD, 0x414A,
  0x3929, 0x518C, 0x724F, 0x9312, 0x9312, 0x7A70, 0x724F, 0x620E, 0x496B, 0x724F, 0x92F2, 0x92F2,
  0x92F2, 0x9312, 0x9332, 0x9312, 0x9312, 0x9312, 0x9B32, 0x9B12, 0x8AD1, 0x92F2, 0x8AD1, 0x7A70,
  0x722F, 0x59CC, 0x4149, 0x28E6, 0x3949, 0x4169, 0x49AA, 0x51AB, 0x49AB, 0x49AA, 0x49AA, 0x18A3,
  0x61A5, 0xBB4C, 0xCBEE, 0xCBEE, 0xCBCE, 0xB32B, 0x5124, 0x8A07, 0xCB8C, 0xD470, 0xC3AD, 0xC3CD,
  0xA2A9, 0xB30B, 0xCBCE, 0xC36C, 0xBB4C, 0xBB6C, 0xBB6C, 0xBB6C, 0xBB4C, 0xBB4C, 0xBB4C, 0xBB4C,
  0xBB4C, 0xBB4C, 0xB30B, 0xB30B, 0x9248, 0x4924, 0x38C3, 0x7A07, 0xCC0E, 0xC38C, 0xBB6D, 0xB34C,
  0xAB0B, 0xBB2C, 0xBB4C, 0xBB4C, 0xB32B, 0xB32B, 0xB32B, 0xBB4C, 0xB32B, 0xBB2B, 0xC36C, 0xCBAD,
  0xBB4C, 0xB30B, 0x9A89, 0x7186, 0x8A28, 0x9A89, 0xA2CA, 0xB30B, 0xB32B, 0xB30B, 0x9A48, 0x4104,
  0x5965, 0xA289, 0xB30B, 0xB32B, 0xBB4C, 0xBB4C, 0x8207, 0x40E4, 0x5124, 0x81C7, 0x38C3, 0x5945,
  0x71A6, 0x81E7, 0x5144, 0x10A3, 0x49AB, 0x49AA, 0x4169, 0x28E7, 0x20C6, 0x2907, 0x28E7, 0x28E7,
  0x3949, 0x498B, 0x620E, 0x92F1, 0x9312, 0x8AB1, 0x9312, 0x9B32, 0x8290, 0x61ED, 0x496B, 0x6A2E,
  0x9B52, 0x9312, 0x92F2, 0x9312, 0x7A90, 0x82B1, 0x6A2F, 0x414A, 0x30E6, 0x7123, 0x8963, 0x8963,
  0x7122, 0x50C2, 0x48A2, 0x50C2, 0x7923, 0x9983, 0xA1A4, 0x9983, 0x8103, 0x70C2, 0x60A2, 0x60A2,
  0x68C2, 0x60C2, 0x48A2, 0x2882, 0x2882, 0x2882, 0x3082, 0x50A2, 0x58A2, 0x58A2, 0x58A2, 0x50A2,
  0x48A2, 0x48A2, 0x40A2, 0x48A2, 0x48A2, 0x48A2, 0x40A2, 0x38A2, 0x20A2, 0x1061, 0x0020, 0x1061,
  0x0861, 0x2906, 0x3128, 0x3128, 0x3128, 0x3968, 0x3969, 0x498A, 0x51CB, 0x51CB, 0x51CB, 0x51AB,
  0x49AB, 0x49AA, 0x49AA, 0x49AA, 0x49AB, 0x51AB, 0x51CB, 0x51AB, 0x49AB, 0x49AB, 0x498A, 0x3969,
  0x3128, 0x3928, 0x3128, 0x2907, 0x28E6, 0x18A3, 0x1081, 0x4A27, 0x5AAA, 0x7B6C, 0x8C2F, 0x942E,
  0x6B0B, 0x1883, 0x0822, 0x1043, 0x0842, 0x1064, 0x390A, 0x496E, 0x414D, 0x414D, 0x414C, 0x414C,
  0x412C, 0x412C, 0x414C, 0x392B, 0x310A, 0x3109, 0x30E8, 0x20E6, 0x28E7, 0x51AC, 0x82D2, 0x6A2E,
  0x3909, 0x392A, 0x620E, 0x92F1, 0x92F1, 0x724F, 0x6A2F, 0x61EE, 0x518B, 0x6A0E, 0x92F2, 0x8290,
  0x7A6F, 0x9312, 0x9B32, 0x9312, 0x9312, 0x9B32, 0x9312, 0x724F, 0x7A70, 0x7A6F, 0x724F, 0x6A2E,
  0x59CD, 0x496B, 0x3929, 0x20C6, 0x4169, 0x416A, 0x418A, 0x49AA, 0x49AB, 0x498A, 0x28E5, 0x20A2,
  0x6165, 0xAAEA, 0xCBCE, 0xB32B, 0x8248, 0xBB8D, 0x5145, 0x9248, 0xD3EE, 0xC36C, 0xBB6C, 0x9AA9,
  0x5965, 0x59A6, 0x6A07, 0x8228, 0xB30B, 0xC38C, 0xC36C, 0xB32B, 0xBB4C, 0xBB4C, 0xBB4C, 0xBB4C,
  0xBB4C, 0xB32C, 0xB30B, 0xBB4C, 0xAAA9, 0x6185, 0x5965, 0xB32B, 0xD44F, 0xC3CD, 0xB32B, 0xBB4C,
  0xBB6C, 0xBB2C, 0xBB2C, 0xBB2C, 0xB32B, 0xB30B, 0xBB2B, 0xC36C, 0xB30B, 0x9248, 0x7207, 0x61E7,
  0x59A6, 0x69C6, 0xAAEA, 0xB30B, 0xBB2C, 0xB32B, 0xB30B, 0xB30B, 0xAAEA, 0x8A28, 0x79C6, 0x28C3,
  0x4924, 0x9A68, 0xB32B, 0xB32B, 0xBB4C, 0xAACA, 0x69A6, 0x6985, 0x8A28, 0x9248, 0x79E7, 0x38E3,
  0x6985, 0x8A07, 0x71C6, 0x4124, 0x20C4, 0x4169, 0x49AB, 0x4169, 0x3949, 0x3949, 0x418A, 0x28E7,
  0x3929, 0x498B, 0x6A0E, 0x8290, 0x82B1, 0x92F2, 0x9B32, 0x9312, 0x92F1, 0x724F, 0x724F, 0x82B0,
  0x9312, 0x9332, 0x9312, 0x7A90, 0x82B0, 0x92F1, 0x724F, 0x414A, 0x28C7, 0x7143, 0x8143, 0x7943,
  0x8163, 0x7943, 0x6903, 0x6903, 0x60E3, 0x6103, 0x6103, 0x68E2, 0x50A2, 0x4882, 0x48A2, 0x40A2,
  0x38A2, 0x3882, 0x3082, 0x40A2, 0x40A2, 0x48A2, 0x58C2, 0x50A2, 0x48A2, 0x4882, 0x4082, 0x4082,
  0x40A2, 0x48A2, 0x48A2, 0x48A2, 0x48C2, 0x3082, 0x1041, 0x0820, 0x0841, 0x3986, 0x41C6, 0x39A6,
  0x0841, 0x2906, 0x3128, 0x3128, 0x3948, 0x4169, 0x418A, 0x49AA, 0x49AB, 0x49AB, 0x49AB, 0x49AB,
  0x49AB, 0x49AA, 0x49AA, 0x51AB, 0x51AB, 0x51AB, 0x51CB, 0x51AB, 0x49AB, 0x49AA, 0x49AB, 0x498A,
  0x4169, 0x3948, 0x3128, 0x3128, 0x3128, 0x2906, 0x18C4, 0x18C2, 0x10A2, 0x41E6, 0x6B0B, 0x732B,
  0x6B0A, 0x6B0B, 0x7B8C, 0x6B2B, 0x62EA, 0x5AA9, 0x3146, 0x0823, 0x0823, 0x0822, 0x0822, 0x0822,
  0x1043, 0x1063, 0x0843, 0x1063, 0x18A4, 0x1063, 0x1083, 0x28E7, 0x498B, 0x82B1, 0x9312, 0x8AD1,
  0x51AC, 0x414B, 0x620E, 0x9B32, 0x92F1, 0x92F1, 0x7A90, 0x7A70, 0x6A2E, 0x59CD, 0x724F, 0x724F,
  0x82B0, 0x9312, 0x82D1, 0x8AF1, 0x92F2, 0x9312, 0x8290, 0x6A2E, 0x61CD, 0x59AD, 0x51AC, 0x59CC,
  0x518C, 0x3929, 0x28E7, 0x2907, 0x498A, 0x498A, 0x498A, 0x498A, 0x49AB, 0x498A, 0x18A2, 0x5124,
  0x6965, 0x9248, 0xB30B, 0x8207, 0x6185, 0xC38D, 0x71E7, 0x9AA9, 0xC3CD, 0xC38D, 0xB32B, 0x5945,
  0x1862, 0x0041, 0x0041, 0x28A2, 0x69E7, 0x9289, 0xA2CA, 0xC36C, 0xBB6C, 0xBB6C, 0xBB2C, 0xBB4C,
  0xBB4C, 0xBB4C, 0xB32B, 0xB32B, 0xAAAA, 0x79C7, 0x8A48, 0xD44F, 0xBB8D, 0xC38D, 0xB30B, 0xB32B,
  0xB32C, 0xB32B, 0xB30B, 0xB32B, 0xBB4C, 0xB30B, 0xA2A9, 0x8228, 0x7207, 0x4904, 0x2082, 0x0861,
  0x0041, 0x1882, 0x9AA9, 0xBB2B, 0xAAEB, 0xB32B, 0xB32B, 0x9268, 0x9248, 0xB32B, 0x9A89, 0x6185,
  0x40E3, 0x79E7, 0xC34C, 0xBB4C, 0xA2A9, 0x9248, 0x5124, 0x79C6, 0xB2EA, 0xA289, 0x9A69, 0x5965,
  0x5124, 0x71A6, 0x81E7, 0x5944, 0x0861, 0x4169, 0x49AB, 0x51AB, 0x51CB, 0x51AB, 0x498A, 0x2907,
  0x3949, 0x518B, 0x61ED, 0x6A2F, 0x7A70, 0x92F1, 0x9312, 0x92F1, 0x9312, 0x8AD1, 0x9312, 0x9312,
  0x92F1, 0x9312, 0x9312, 0x6A2E, 0x8AD1, 0x8AD1, 0x6A0E, 0x414A, 0x28C6, 0x7943, 0x8142, 0x7123,
  0x7943, 0x8143, 0x7923, 0x9163, 0x7943, 0x7123, 0x60E2, 0x50A2, 0x50A2, 0x48A2, 0x38A2, 0x40A2,
  0x40A2, 0x40A2, 0x48A2, 0x58A2, 0x58A2, 0x50A2, 0x40A2, 0x4082, 0x4882, 0x40A2, 0x4082, 0x48A2,
  0x48A2, 0x40A2, 0x38A2, 0x1041, 0x0821, 0x0820, 0x18E3, 0x4A07, 0x41E6, 0x5A68, 0x4A27, 0x2103,
  0x1082, 0x3127, 0x3148, 0x3948, 0x3928, 0x3128, 0x3948, 0x498A, 0x51CB, 0x49AB, 0x49AB, 0x51AB,
  0x498A, 0x498A, 0x498A, 0x49AA, 0x49AB, 0x49AB, 0x49AA, 0x49AA, 0x49AB, 0x49AA, 0x49AA, 0x49AB,
  0x498A, 0x4169, 0x4169, 0x3949, 0x3948, 0x3948, 0x3148, 0x18A4, 0x1083, 0x1082, 0x20E3, 0x20E3,
  0x3185, 0x7B8D, 0x9450, 0x8C0F, 0x8C0F, 0x8C0F, 0x6B2B, 0x4A07, 0x5248, 0x5248, 0x4A27, 0x4A47,
  0x4A27, 0x4207, 0x4206, 0x2925, 0x20C6, 0x2905, 0x3146, 0x3108, 0x59ED, 0x92F1, 0x9B12, 0x9B33,
  0x7250, 0x620E, 0x724F, 0x9B53, 0x9312, 0x9312, 0x92F2, 0x9B12, 0x9312, 0x61ED, 0x61ED, 0x82B1,
  0x9312, 0x9312, 0x724F, 0x8AB1, 0x92F2, 0x8AF1, 0x92D1, 0x92D1, 0x61CD, 0x498C, 0x498B, 0x496A,
  0x414A, 0x3108, 0x20C6, 0x416A, 0x498A, 0x498A, 0x49AA, 0x498A, 0x49AA, 0x49AA, 0x20C3, 0x79E7,
  0xB2EA, 0xB2EA, 0xB30B, 0xB2EB, 0xA289, 0xBB2B, 0xC36C, 0xC38D, 0xBB6C, 0xBB6C, 0xB32B, 0x71C6,
  0x30E3, 0x10A2, 0x1082, 0x0861, 0x0882, 0x1062, 0x4924, 0xA2CA, 0xAB0B, 0xB32B, 0xBB4C, 0xBB4C,
  0xBB4C, 0xBB4C, 0xBB4C, 0xB30B, 0xB32B, 0x9269, 0x9AA9, 0xD44F, 0xBB6C, 0xB32C, 0xB32B, 0xB30B,
  0xB32C, 0xBB4C, 0xB32B, 0xAACA, 0xAAEA, 0xA2CA, 0x6985, 0x2062, 0x0041, 0x1082, 0x1082, 0x0882,
  0x28E3, 0x4944, 0x9AA9, 0xB32B, 0xB32B, 0xAAEA, 0x9A89, 0x9268, 0xBB2B, 0xBB2C, 0xC38D, 0x9A48,
  0x4904, 0x5965, 0xA2CA, 0xAAEA, 0xB2EA, 0x8207, 0x40E3, 0x61A6, 0xAAEA, 0xA2A9, 0x9A89, 0x81E7,
  0x38E3, 0x5965, 0x81E7, 0x5124, 0x0841, 0x3948, 0x498A, 0x49AA, 0x49AA, 0x498A, 0x416A, 0x2907,
  0x3108, 0x414A, 0x51AC, 0x6A0E, 0x8AD1, 0x92F1, 0x9312, 0x92F1, 0x92F2, 0x9312, 0x9312, 0x9312,
  0x92F1, 0x8AD1, 0x92F1, 0x82B0, 0x82D0, 0x8291, 0x59AD, 0x3929, 0x20C6, 0x6923, 0x7942, 0x7943,
  0x7923, 0x7923, 0x7123, 0x8163, 0x8963, 0x99A3, 0x8983, 0x7923, 0x7903, 0x68E3, 0x60C2, 0x58C2,
  0x60C2, 0x60C2, 0x50C2, 0x40A2, 0x40A2, 0x48A2, 0x48A2, 0x50A2, 0x50A2, 0x48A2, 0x40A2, 0x40A2,
  0x3082, 0x0841, 0x0020, 0x3165, 0x41E6, 0x41C6, 0x5247, 0x62CA, 0x5248, 0x3144, 0x1082, 0x0841,
  0x2906, 0x3148, 0x3948, 0x3928, 0x3128, 0x3128, 0x418A, 0x51AB, 0x49AA, 0x49AB, 0x49AB, 0x49AB,
  0x51AB, 0x51AB, 0x49AB, 0x51AB, 0x51CB, 0x51CB, 0x51CB, 0x51AB, 0x51CB, 0x51AB, 0x51AB, 0x51AB,
  0x51AB, 0x51CB, 0x49AA, 0x4169, 0x3948, 0x3948, 0x3948, 0x3928, 0x3948, 0x18A4, 0x1062, 0x1062,
  0x1082, 0x2965, 0x3165, 0x39A6, 0x39A6, 0x41E7, 0x83AD, 0x942F, 0x9C4F, 0x9C70, 0x9C70, 0x9C50,
  0x8BEE, 0x7B8C, 0x838D, 0x3989, 0x51AC, 0x4149, 0x2907, 0x3108, 0x3108, 0x724F, 0x92F2, 0x8AD1,
  0x8AF1, 0x9312, 0x9B12, 0x9B32, 0x9312, 0x9312, 0x9312, 0x9312, 0x9312, 0x8AD1, 0x8AD1, 0x8AD1,
  0x724F, 0x7A6F, 0x92D1, 0x92F2, 0x8290, 0x724F, 0x92D1, 0x9312, 0x722F, 0x51AC, 0x494B, 0x496A,
  0x2907, 0x28E6, 0x3928, 0x49AA, 0x49AA, 0x51AB, 0x51AB, 0x49AA, 0x49AB, 0x498A, 0x18A2, 0x8A48,
  0xCBCE, 0xC36C, 0x8A28, 0x9248, 0xB2EB, 0x81E7, 0xBB4C, 0xBB4C, 0xBB4C, 0xBB4C, 0xB32B, 0xAB0B,
  0xAB0B, 0x8207, 0x30C3, 0x0041, 0x1082, 0x1082, 0x0861, 0x1062, 0x40E3, 0x79A6, 0xBB2B, 0xBB4C,
  0xB32B, 0xB32C, 0xB32B, 0xB32C, 0xB32C, 0xB32B, 0xB32B, 0xB30B, 0xB34C, 0xB34C, 0xB32B, 0xB30B,
  0xB32B, 0xB34C, 0xBB4C, 0x8207, 0x40C3, 0x20A2, 0x18A2, 0x10A2, 0x1082, 0x0882, 0x20A2, 0x40C3,
  0x8A27, 0xBB2B, 0xAAEB, 0xB30B, 0xB32B, 0x71C6, 0x71A6, 0xA2A9, 0xBB4C, 0xB2EB, 0xB30B, 0x8A07,
  0x4904, 0x38E3, 0x4924, 0x6186, 0xAAEA, 0x5144, 0x40E3, 0x79E7, 0xAAAA, 0xA289, 0x9A68, 0x8207,
  0x4104, 0x5144, 0x71A6, 0x4924, 0x0841, 0x3948, 0x49AB, 0x49AA, 0x49AA, 0x498A, 0x3949, 0x416A,
  0x28E7, 0x3128, 0x59AD, 0x61EE, 0x6A0E, 0x82B0, 0x92F1, 0x92F1, 0x92F1, 0x92F1, 0x92F1, 0x82B0,
  0x92F1, 0x8AD1, 0x724F, 0x92F2, 0x6A2E, 0x59CD, 0x498C, 0x3108, 0x18A4, 0x0021, 0x18C3, 0x5964,
  0x8142, 0x8142, 0x7923, 0x7943, 0x7123, 0x8143, 0x91A4, 0x91A4, 0x8923, 0x8103, 0x70C2, 0x58A2,
  0x48A2, 0x40A2, 0x40A2, 0x50A2, 0x58C2, 0x58C2, 0x50A2, 0x48A2, 0x48A2, 0x1861, 0x0841, 0x0841,
  0x0861, 0x4A07, 0x5A68, 0x6AEA, 0x5A88, 0x5248, 0x3985, 0x0841, 0x0861, 0x0841, 0x18C4, 0x3127,
  0x3948, 0x3949, 0x3948, 0x3948, 0x3948, 0x498A, 0x51CB, 0x51AB, 0x51AB, 0x51CB, 0x51AB, 0x51AB,
  0x49AA, 0x49AA, 0x49AA, 0x49AA, 0x49AA, 0x49AA, 0x49AA, 0x49AA, 0x49AA, 0x49AB, 0x49AB, 0x49AA,
  0x49AA, 0x49AA, 0x49AA, 0x49AA, 0x51AB, 0x418A, 0x3948, 0x3928, 0x3128, 0x3128, 0x3948, 0x3948,
  0x20E6, 0x0841, 0x0841, 0x0021, 0x0021, 0x0861, 0x39A6, 0x39C6, 0x41E6, 0x4207, 0x4A07, 0x4207,
  0x41E7, 0x41C6, 0x1885, 0x496B, 0x92F2, 0x722F, 0x414A, 0x3929, 0x518B, 0x59AC, 0x724F, 0x8AD1,
  0x92F1, 0x9312, 0x9B32, 0x9312, 0x92F2, 0x92F2, 0x92F1, 0x9312, 0x92F1, 0x9312, 0x92F1, 0x82B1,
  0x7A6F, 0x59CD, 0x620E, 0x724F, 0x7A70, 0x722F, 0x6A0E, 0x6A0E, 0x61EE, 0x496A, 0x3929, 0x28E7,
  0x20C6, 0x3929, 0x3108, 0x28E7, 0x49AB, 0x49AA, 0x498A, 0x498A, 0x498A, 0x4169, 0x18A2, 0x79E7,
  0xB30B, 0xB30B, 0x9268, 0x4904, 0xA2A9, 0x81C6, 0xAB0B, 0xB32B, 0xB32B, 0xB32C, 0xB32B, 0xB32B,
  0xB32B, 0xA2CA, 0x8228, 0x7207, 0x5144, 0x20A2, 0x0041, 0x0861, 0x18A2, 0x20C3, 0x4104, 0x9A89,
  0xC36C, 0xB30B, 0xB30B, 0xB32B, 0xB32B, 0xB32B, 0xB32B, 0xB30B, 0xB30B, 0xB32B, 0xB30B, 0xB30B,
  0xB30B, 0x9A49, 0x5145, 0x28C3, 0x1062, 0x0861, 0x0041, 0x1062, 0x30A3, 0x5145, 0x8228, 0x9A89,
  0xA2CA, 0xB30B, 0xAB0B, 0xB30B, 0xB30B, 0xA2CA, 0xA2CA, 0xB30B, 0xBB4C, 0xB30B, 0xB30A, 0x5965,
  0x5104, 0x7986, 0x6145, 0x6185, 0xB30B, 0xA2A9, 0x5945, 0x79C6, 0xAACA, 0x9248, 0x9228, 0x8A07,
  0x38E3, 0x5144, 0x6985, 0x40E3, 0x10A2, 0x1082, 0x3147, 0x49AA, 0x498A, 0x418A, 0x3948, 0x3108,
  0x28E7, 0x3129, 0x496B, 0x59AC, 0x7A6F, 0x620D, 0x7A6F, 0x92F1, 0x8AD1, 0x92F1, 0x8AD1, 0x6A2E,
  0x6A0E, 0x7A90, 0x8AF1, 0x722F, 0x6A0E, 0x518C, 0x3909, 0x20A6, 0x4A07, 0x83AD, 0x39C6, 0x0000,
  0x20A2, 0x4123, 0x7943, 0x7923, 0x7103, 0x7943, 0x91A3, 0x8963, 0x7902, 0x60C2, 0x48A2, 0x4082,
  0x48A2, 0x48A2, 0x50A2, 0x50A2, 0x48A2, 0x40A2, 0x2082, 0x1041, 0x0800, 0x18C3, 0x41C6, 0x5228,
  0x5248, 0x5248, 0x5A68, 0x4A07, 0x18C3, 0x0861, 0x0861, 0x0821, 0x20E5, 0x28E6, 0x3128, 0x3969,
  0x3128, 0x3928, 0x3128, 0x3128, 0x418A, 0x49AA, 0x49AA, 0x49AA, 0x49AB, 0x49AA, 0x49AA, 0x49AA,
  0x49AB, 0x49AB, 0x49AB, 0x49AA, 0x49AA, 0x49AA, 0x51AB, 0x51AB, 0x51AB, 0x49AB, 0x51AB, 0x49AB,
  0x49AB, 0x49AA, 0x49AA, 0x51AB, 0x49AB, 0x49AB, 0x49AA, 0x49AA, 0x4189, 0x3948, 0x3928, 0x3948,
  0x3948, 0x3948, 0x3127, 0x3107, 0x3127, 0x20C5, 0x0020, 0x0841, 0x0861, 0x0861, 0x0841, 0x0020,
  0x0841, 0x2906, 0x498B, 0x726F, 0x8AD1, 0x8AF2, 0x61ED, 0x59CC, 0x8290, 0x7A6F, 0x8AB0, 0x92F2,
  0x9312, 0x8290, 0x7A70, 0x9312, 0x92F1, 0x92F1, 0x92F1, 0x8AD1, 0x92F1, 0x92F1, 0x9312, 0x9312,
  0x7A70, 0x61ED, 0x496B, 0x51AC, 0x6A0E, 0x6A0E, 0x59AC, 0x518C, 0x518C, 0x414A, 0x28E7, 0x30E7,
  0x51AC, 0x724F, 0x51AC, 0x3929, 0x3128, 0x49AA, 0x49AA, 0x51CB, 0x3968, 0x18A3, 0x1082, 0x71A6,
  0xB2CA, 0xAAEA, 0x6985, 0x71A6, 0xA289, 0x9248, 0xAB0B, 0xBB2B, 0xB32B, 0xBB2B, 0xB30B, 0xB32B,
  0xB30B, 0xB30B, 0xBB2B, 0xBB4B, 0x9A69, 0x71E7, 0x5185, 0x38E3, 0x1082, 0x0862, 0x1061, 0x4124,
  0x9289, 0xB30B, 0xB30B, 0xB32B, 0xB32B, 0xB32B, 0xB32B, 0xB32B, 0xB30B, 0xB30B, 0xB30B, 0xBB2B,
  0x9AA9, 0x28C3, 0x1882, 0x1082, 0x0862, 0x1882, 0x4144, 0x7207, 0x8A28, 0x9A89, 0xB30B, 0xBB2B,
  0xB30B, 0xAB0B, 0xAB0B, 0xAB0B, 0xB2EB, 0xB32B, 0x9A89, 0x9A89, 0xBB4C, 0xA289, 0x9A48, 0x38E3,
  0x69A6, 0xB30B, 0xA2CA, 0x9248, 0xAACA, 0x9248, 0x9A89, 0x71C6, 0x71C6, 0x9228, 0x8A07, 0x81E7,
  0x5945, 0x7186, 0x6165, 0x38E3, 0x5945, 0x1082, 0x3127, 0x51AB, 0x49AA, 0x49AA, 0x49AA, 0x3108,
  0x414A, 0x59CD, 0x6A2E, 0x8AD1, 0x9312, 0x6A2E, 0x6A2E, 0x8AB1, 0x92F2, 0x8AF1, 0x8AD1, 0x724F,
  0x6A0E, 0x6A0E, 0x6A2E, 0x6A2F, 0x51AC, 0x412A, 0x3108, 0x1083, 0x3985, 0x838C, 0x7B4B, 0x732B,
  0x5269, 0x0021, 0x1861, 0x4123, 0x7143, 0x8963, 0xA1C4, 0x99C4, 0x8923, 0x68E2, 0x50A2, 0x48A2,
  0x50A2, 0x40A2, 0x40A2, 0x20A2, 0x1041, 0x0820, 0x0020, 0x3185, 0x41E6, 0x5227, 0x6ACA, 0x5A68,
  0x41E6, 0x1082, 0x1082, 0x1082, 0x0040, 0x1083, 0x20C5, 0x20C5, 0x3948, 0x3949, 0x3948, 0x3948,
  0x3948, 0x3948, 0x498A, 0x498A, 0x49AA, 0x49AB, 0x49AA, 0x49AA, 0x49AA, 0x49AA, 0x49AA, 0x49AA,
  0x51AB, 0x51AB, 0x51AB, 0x51AB, 0x49AB, 0x51AB, 0x49AB, 0x49AB, 0x51AB, 0x49AB, 0x49AB, 0x49AB,
  0x49AA, 0x49AA, 0x51AB, 0x51AB, 0x51AB, 0x51AB, 0x51CB, 0x51AB, 0x51CB, 0x49CA, 0x49AA, 0x49CB,
  0x418A, 0x3948, 0x3928, 0x3948, 0x3128, 0x2907, 0x2906, 0x28E6, 0x2906, 0x2907, 0x2906, 0x28E6,
  0x20C6, 0x28E8, 0x59CE, 0x82B1, 0x92F2, 0x82B1, 0x6A0E, 0x6A2E, 0x8290, 0x92F2, 0x9B12, 0x7A6F,
  0x82B0, 0x82B1, 0x8AD1, 0x9B32, 0x92F2, 0x92F1, 0x92F2, 0x92F1, 0x8AF1, 0x92F1, 0x92F1, 0x9312,
  0x82B0, 0x620E, 0x59CC, 0x496B, 0x498B, 0x518C, 0x496B, 0x496B, 0x414B, 0x3108, 0x28C6, 0x51AC,
  0x9312, 0x9B12, 0x8AD1, 0x59CD, 0x3108, 0x3948, 0x498A, 0x51CB, 0x3968, 0x1882, 0x4904, 0x7185,
  0x8207, 0x81E7, 0x5944, 0xCBEE, 0xD42F, 0xC38C, 0x71A6, 0x8A07, 0xBB2C, 0xB32B, 0xB30B, 0xB30B,
  0xB30B, 0xAAEB, 0xAB0B, 0xB32B, 0xB32B, 0xC34C, 0xC32B, 0x81E7, 0x28C3, 0x1082, 0x1082, 0x0841,
  0x61A6, 0xBB4B, 0xB30B, 0xB32B, 0xB32B, 0xB30B, 0xB32B, 0xB32B, 0xB30B, 0xB30B, 0xB32B, 0xAAEB,
  0x6165, 0x0041, 0x0862, 0x1082, 0x28C3, 0x5124, 0xA269, 0xCB8C, 0xBB6C, 0xAAEA, 0xAAEA, 0xAB0B,
  0xB30B, 0xB30B, 0xAB0B, 0xAB0B, 0xAAEA, 0xAAEB, 0xA2CA, 0xAAEA, 0xAAEB, 0x8A28, 0x79A6, 0x28A3,
  0x7207, 0xC36C, 0xB32B, 0xAAEA, 0x9A68, 0x8A27, 0xA289, 0x8207, 0x69A6, 0x79C6, 0x71A6, 0x79C6,
  0x5144, 0x5965, 0x79C7, 0x69A6, 0x71A6, 0x1081, 0x3107, 0x49AB, 0x498A, 0x3928, 0x3108, 0x59CD,
  0x59AD, 0x724F, 0x9312, 0x8AD1, 0x9312, 0x6A2F, 0x61ED, 0x6A0E, 0x724F, 0x722F, 0x6A0E, 0x722E,
  0x724F, 0x6A0E, 0x61CD, 0x496B, 0x496B, 0x392A, 0x28E7, 0x18A4, 0x1082, 0x2103, 0x62CA, 0x942E,
  0x83CD, 0x62EB, 0x4A48, 0x10A2, 0x1861, 0x38C2, 0x59E6, 0x7247, 0x7902, 0x60E3, 0x48A2, 0x3082,
  0x1861, 0x1020, 0x1021, 0x0041, 0x3185, 0x41E6, 0x41C6, 0x5A88, 0x62A9, 0x4A27, 0x39A6, 0x10A2,
  0x1081, 0x0020, 0x20C5, 0x20E6, 0x28E6, 0x3128, 0x3948, 0x3948, 0x3948, 0x3928, 0x3127, 0x3948,
  0x418A, 0x49AA, 0x51CB, 0x51CB, 0x51CB, 0x51CB, 0x51CB, 0x51AB, 0x51AB, 0x49AB, 0x49AB, 0x49AB,
  0x498A, 0x498A, 0x498A, 0x498A, 0x498A, 0x498A, 0x498A, 0x49AA, 0x49AA, 0x49AA, 0x49AA, 0x49AA,
  0x498A, 0x498A, 0x498A, 0x49AA, 0x498A, 0x49AA, 0x498A, 0x498A, 0x49AA, 0x49AB, 0x49AB, 0x49AB,
  0x49AA, 0x418A, 0x418A, 0x498A, 0x418A, 0x4169, 0x418A, 0x418A, 0x4169, 0x4169, 0x4169, 0x3969,
  0x3108, 0x28C7, 0x414B, 0x61ED, 0x620D, 0x51AC, 0x6A0E, 0x722E, 0x59AC, 0x8AD1, 0x82B0, 0x620E,
  0x8290, 0x9312, 0x9312, 0x9312, 0x9312, 0x8AF1, 0x92F1, 0x9312, 0x9B12, 0x92F2, 0x92F1, 0x92F1,
  0x8AD1, 0x82B1, 0x6A2E, 0x518B, 0x414A, 0x3108, 0x3949, 0x28E7, 0x3108, 0x28E7, 0x3949, 0x724F,
  0x9B32, 0x9B12, 0x82B1, 0x59CD, 0x416A, 0x28C6, 0x3949, 0x498A, 0x3127, 0x18A2, 0x89E7, 0x9A48,
  0x79C7, 0x6965, 0x9248, 0xD40F, 0xCBEE, 0xCBCD, 0x9A89, 0x79A6, 0x9268, 0xB30B, 0xAAEB, 0xB30B,
  0xB2EA, 0xB30B, 0xBB2B, 0xB30B, 0x71A6, 0x5145, 0x4124, 0x28C3, 0x1882, 0x0862, 0x0882, 0x0021,
  0x5185, 0xBB4C, 0xAB0B, 0xB30B, 0xB30B, 0xB30B, 0xB30B, 0xAAEB, 0xB2EB, 0xAAEB, 0xB30B, 0xA2A9,
  0x4903, 0x0061, 0x0861, 0x0882, 0x18A2, 0x28C3, 0x28C3, 0x4124, 0x71C6, 0xB2EA, 0xBB2B, 0xBB2B,
  0xB30B, 0xAAEB, 0xAAEA, 0xAAEA, 0xAAEA, 0xAACA, 0xB2EB, 0xA2AA, 0x8A07, 0x6165, 0x40E4, 0x2082,
  0x69C6, 0xAACA, 0xB30A, 0xA2A9, 0x8A07, 0x81E7, 0x9248, 0x9248, 0x71A6, 0x5945, 0x4104, 0x71A6,
  0x6985, 0x4103, 0x6985, 0x81E6, 0x71A6, 0x1882, 0x2907, 0x498A, 0x4169, 0x28E7, 0x498B, 0x7A4F,
  0x7A4F, 0x8AD1, 0x9B32, 0x92D1, 0x8AB0, 0x92F2, 0x7A70, 0x59CD, 0x59AC, 0x6A0E, 0x51AC, 0x498B,
  0x496B, 0x518C, 0x496B, 0x3929, 0x3108, 0x28E7, 0x3107, 0x3948, 0x2906, 0x0842, 0x18C3, 0x2944,
  0x41E7, 0x940E, 0x8BEE, 0x62CA, 0x5ACA, 0x31A6, 0x0882, 0x18C3, 0x1820, 0x1841, 0x1021, 0x0020,
  0x2944, 0x4A27, 0x39C6, 0x5227, 0x62A9, 0x6AEA, 0x5AA9, 0x2924, 0x2103, 0x18A2, 0x1062, 0x1062,
  0x18A4, 0x20C5, 0x3127, 0x3128, 0x3948, 0x3128, 0x3127, 0x3128, 0x3127, 0x3969, 0x4169, 0x4189,
  0x498A, 0x49AA, 0x498A, 0x49AA, 0x49AA, 0x49AA, 0x49AA, 0x49AA, 0x49AA, 0x49AA, 0x498A, 0x498A,
  0x49AB, 0x49AB, 0x49AB, 0x49AB, 0x49AB, 0x49AB, 0x51AB, 0x51AB, 0x51AB, 0x51AB, 0x51AB, 0x51AB,
  0x51AB, 0x51AB, 0x51AB, 0x51AB, 0x51AB, 0x49AB, 0x49AA, 0x51AA, 0x51AB, 0x51CB, 0x51CB, 0x51CB,
  0x51AB, 0x51AB, 0x51CB, 0x51CB, 0x51CB, 0x51AB, 0x49AB, 0x4189, 0x1062, 0x0841, 0x0841, 0x1062,
  0x1082, 0x0862, 0x0861, 0x1062, 0x0841, 0x28C5, 0x59CD, 0x61CD, 0x726F, 0x7A70, 0x6A0E, 0x6A0E,
  0x7A70, 0x7A70, 0x8AB1, 0x8AD1, 0x8290, 0x92F2, 0x92F2, 0x8AD1, 0x82D1, 0x92F1, 0x8AD1, 0x8AD1,
  0x92F1, 0x9312, 0x7A90, 0x61EE, 0x414A, 0x3108, 0x28C6, 0x28E6, 0x3948, 0x3107, 0x414A, 0x722F,
  0x8290, 0x8AB0, 0x6A0E, 0x51AC, 0x416B, 0x28E7, 0x4169, 0x51CB, 0x3127, 0x1061, 0x9A48, 0xB289,
  0x71A6, 0x6165, 0xAACA, 0xBB2B, 0xBB4C, 0xBB6C, 0xC38C, 0x8227, 0x79C6, 0xB2EB, 0xAAEB, 0xB30B,
  0xAACA, 0x8207, 0x69E7, 0x59A6, 0x28A3, 0x2082, 0x0862, 0x0861, 0x0862, 0x1082, 0x20A2, 0x3904,
  0x7A28, 0xB30B, 0xB30B, 0xAAEA, 0xAAEA, 0xAB0B, 0xAAEB, 0xAAEA, 0xB30B, 0xAAEB, 0xAAEA, 0xA289,
  0x79E7, 0x4145, 0x28A3, 0x1062, 0x0882, 0x0861, 0x0841, 0x1041, 0x30C3, 0x61A6, 0x69E7, 0x8227,
  0xA2CA, 0xB30B, 0xAACA, 0xAACA, 0xAACA, 0xAAEA, 0xAACA, 0x8A28, 0x5124, 0x4104, 0x69E7, 0x5945,
  0x5965, 0x8207, 0xAACA, 0xA2AA, 0x79A6, 0x79C6, 0x8207, 0x81E7, 0x6165, 0x38E3, 0x4104, 0x79C6,
  0x79A6, 0x4924, 0x6165, 0x71A6, 0x71A6, 0x1881, 0x2906, 0x51CB, 0x4169, 0x3108, 0x620E, 0x722F,
  0x61ED, 0x724F, 0x8AF1, 0x7A6F, 0x92F1, 0x82B1, 0x722F, 0x51AC, 0x498B, 0x59CC, 0x498B, 0x3929,
  0x392A, 0x392A, 0x3929, 0x3108, 0x20A5, 0x3127, 0x498A, 0x498A, 0x4169, 0x3948, 0x18A4, 0x0842,
  0x1082, 0x3144, 0x41E6, 0x942F, 0xA4B0, 0x8BEE, 0x5A89, 0x4A27, 0x39C6, 0x39C6, 0x39E6, 0x39A6,
  0x5A89, 0x7B4B, 0x730B, 0x62C9, 0x3165, 0x2103, 0x20E3, 0x0841, 0x0862, 0x0841, 0x1083, 0x3948,
  0x3948, 0x4169, 0x3948, 0x3948, 0x4169, 0x4169, 0x3949, 0x4169, 0x49AA, 0x51CB, 0x51CB, 0x51CB,
  0x51AB, 0x49AB, 0x49AB, 0x51AB, 0x51AB, 0x51AB, 0x49AB, 0x51AB, 0x51AB, 0x49AB, 0x49AB, 0x51AB,
  0x49AA, 0x49AA, 0x49AA, 0x49AA, 0x49AB, 0x49AA, 0x49AB, 0x49AB, 0x49AB, 0x49AA, 0x49AB, 0x49AA,
  0x49AB, 0x49AB, 0x49AB, 0x49AB, 0x49AA, 0x498A, 0x49AA, 0x49AA, 0x49AA, 0x49AB, 0x49AA, 0x49AA,
  0x49AA, 0x49AA, 0x49AA, 0x49AB, 0x3147, 0x1083, 0x1083, 0x1083, 0x2104, 0x2124, 0x2124, 0x2924,
  0x2944, 0x2924, 0x2104, 0x2103, 0x2103, 0x18C3, 0x1884, 0x20C5, 0x59CC, 0x61EE, 0x6A0E, 0x722F,
  0x59CD, 0x51AC, 0x6A2E, 0x9312, 0x724F, 0x8AD1, 0x92F1, 0x722E, 0x61ED, 0x9312, 0x92F1, 0x92F1,
  0x92F1, 0x92F1, 0x9312, 0x620E, 0x51AC, 0x414A, 0x20C6, 0x3948, 0x498A, 0x28E7, 0x28E7, 0x496B,
  0x59CD, 0x59AD, 0x496B, 0x414A, 0x3109, 0x20E6, 0x4189, 0x51CB, 0x3127, 0x1882, 0x9228, 0xA248,
  0x6165, 0x4104, 0x9A68, 0xB30B, 0xBB2B, 0xBB4C, 0xBB4C, 0x9A69, 0x81E7, 0xAAEA, 0xB30B, 0xAB0B,
  0x8228, 0x38C3, 0x1062, 0x0061, 0x0861, 0x0862, 0x1061, 0x1082, 0x18A3, 0x3904, 0x6985, 0xAACA,
  0xBB0B, 0xAACA, 0xAAEA, 0xB30B, 0xB2EB, 0xAAEA, 0xB2EA, 0xB30B, 0xB30B, 0xAAEB, 0xAACA, 0xAACA,
  0xB30B, 0xB32B, 0x79C6, 0x30E3, 0x1082, 0x1082, 0x1082, 0x1082, 0x0882, 0x0862, 0x0862, 0x28A2,
  0x71C6, 0x9A89, 0xAACA, 0xAAEA, 0xAAEA, 0xAACA, 0x9248, 0x5945, 0x28A3, 0x5986, 0xC36C, 0xA289,
  0x5145, 0x40E4, 0x81E7, 0x9A68, 0x79C6, 0x81E7, 0x81C6, 0x6986, 0x38E3, 0x20A2, 0x5124, 0x79C6,
  0x79C6, 0x6165, 0x6985, 0x7186, 0x6985, 0x0841, 0x2906, 0x51AB, 0x4169, 0x28E7, 0x59CD, 0x61EE,
  0x518C, 0x59CD, 0x7A70, 0x6A2F, 0x7A70, 0x6A2E, 0x6A0F, 0x61EE, 0x51AC, 0x51AC, 0x414A, 0x28E7,
  0x28E7, 0x30E8, 0x28E7, 0x20C6, 0x3108, 0x3128, 0x3107, 0x3928, 0x4169, 0x4169, 0x3949, 0x3969,
  0x2906, 0x0020, 0x0021, 0x39A6, 0x4A27, 0x7B8C, 0xACD1, 0xACF1, 0x940E, 0x83CD, 0x7B8C, 0x6B0A,
  0x4A07, 0x3165, 0x3144, 0x0861, 0x0841, 0x0041, 0x0021, 0x28E6, 0x3148, 0x3148, 0x3128, 0x3948,
  0x3128, 0x3948, 0x3948, 0x3948, 0x418A, 0x49AB, 0x49AA, 0x49AA, 0x49AB, 0x49AB, 0x49AA, 0x49AA,
  0x49AA, 0x49AA, 0x498A, 0x498A, 0x49AA, 0x49AA, 0x49AB, 0x49AB, 0x49AB, 0x49AB, 0x49AB, 0x49AB,
  0x49AA, 0x49AA, 0x49AA, 0x49AA, 0x49AB, 0x49AB, 0x51AB, 0x49AB, 0x49AA, 0x49AA, 0x49AB, 0x49AA,
  0x49AB, 0x51AB, 0x51AB, 0x49AA, 0x49AA, 0x49AA, 0x49AA, 0x49AA, 0x49AB, 0x49AB, 0x49AA, 0x49AA,
  0x49AA, 0x49AA, 0x51CB, 0x2906, 0x1082, 0x2924, 0x2103, 0x2104, 0x3185, 0x3185, 0x3165, 0x3165,
  0x3165, 0x3165, 0x3165, 0x3165, 0x3165, 0x2924, 0x2124, 0x2103, 0x0841, 0x496A, 0x6A0E, 0x6A0E,
  0x59CD, 0x416B, 0x59AC, 0x8290, 0x8AD1, 0x61EE, 0x59CD, 0x51AC, 0x51AC, 0x7A6F, 0x92F2, 0x9B32,
  0x92F1, 0x92F1, 0x8AD0, 0x6A0E, 0x59CD, 0x518C, 0x394A, 0x20C6, 0x3948, 0x3949, 0x28E7, 0x3108,
  0x518C, 0x518C, 0x3929, 0x20C6, 0x28C6, 0x4149, 0x418A, 0x498A, 0x2927, 0x20C2, 0x8A07, 0x9228,
  0x5145, 0x4945, 0xBB2B, 0x8A07, 0xBB4C, 0xB32B, 0xBB2B, 0x9A68, 0x81E6, 0x9A89, 0xB30B, 0x71C6,
  0x20A2, 0x1082, 0x1082, 0x1082, 0x1082, 0x0862, 0x28A2, 0x6145, 0x8207, 0xAACA, 0xAAEA, 0xAACA,
  0xAAEA, 0xAAEA, 0xAAEA, 0xAAEA, 0xAAEA, 0xAACA, 0xAAEA, 0xAAEA, 0xAAEA, 0xAAEA, 0xAACA, 0xAACA,
  0xAAEA, 0xAAEA, 0xA2CA, 0xA2CA, 0x79E7, 0x6144, 0x38C3, 0x1082, 0x1082, 0x1082, 0x1082, 0x1082,
  0x0862, 0x38E3, 0x9A89, 0xAAEA, 0xA2AA, 0xBB4C, 0x71C6, 0x48E3, 0x71C6, 0xB30A, 0xAACA, 0xAAEA,
  0x8207, 0x4104, 0x4104, 0x9207, 0x81E7, 0x79C6, 0x81C6, 0x38E4, 0x4924, 0x71C6, 0x4904, 0x6185,
  0x79A6, 0x5144, 0x6985, 0x79A6, 0x6165, 0x0840, 0x28E6, 0x51AB, 0x498A, 0x3128, 0x3108, 0x496B,
  0x518C, 0x59CD, 0x61ED, 0x498B, 0x518C, 0x59AD, 0x61EE, 0x724F, 0x6A0E, 0x416B, 0x28E7, 0x28C6,
  0x20C5, 0x20C5, 0x28E6, 0x3949, 0x498A, 0x3949, 0x3107, 0x28E6, 0x4169, 0x49AA, 0x3969, 0x3948,
  0x3928, 0x3127, 0x3127, 0x1082, 0x0841, 0x10A2, 0x41E6, 0x62CA, 0x62A9, 0x41C6, 0x41E6, 0x20E3,
  0x0021, 0x0841, 0x0020, 0x18A4, 0x2906, 0x3127, 0x3107, 0x3127, 0x3128, 0x3128, 0x3128, 0x3948,
  0x3949, 0x49AA, 0x49AA, 0x49AA, 0x49AB, 0x49AB, 0x49AA, 0x49AA, 0x49AA, 0x49AA, 0x49AB, 0x49AB,
  0x49AB, 0x49AB, 0x49AA, 0x49AA, 0x49AB, 0x49AB, 0x49AB, 0x51AB, 0x49AB, 0x49AB, 0x49AB, 0x49AA,
  0x51AB, 0x51AB, 0x51AB, 0x51AB, 0x51AB, 0x51CB, 0x51CB, 0x51CB, 0x51AB, 0x51AB, 0x51AB, 0x51CB,
  0x51CB, 0x51CB, 0x51AB, 0x51AB, 0x51AA, 0x51AA, 0x51AB, 0x51CB, 0x51CB, 0x51CB, 0x51CB, 0x51CB,
  0x51CB, 0x59EC, 0x2926, 0x18E3, 0x3165, 0x39C6, 0x3185, 0x3185, 0x3165, 0x3165, 0x3165, 0x2965,
  0x2945, 0x2945, 0x2945, 0x3165, 0x3165, 0x3165, 0x39A6, 0x3185, 0x2924, 0x0861, 0x498A, 0x61EE,
  0x51AC, 0x416B, 0x496B, 0x59CD, 0x61ED, 0x51AC, 0x4129, 0x414A, 0x59CD, 0x724F, 0x8AF1, 0x9B32,
  0x9312, 0x9312, 0x8AF1, 0x6A2E, 0x61ED, 0x59CD, 0x496B, 0x3108, 0x28E6, 0x418A, 0x498A, 0x3948,
  0x28E7, 0x3107, 0x28E6, 0x3107, 0x4169, 0x418A, 0x4169, 0x4169, 0x2907, 0x18A2, 0x81E7, 0x9228,
  0x5124, 0x30C3, 0x9A69, 0xAAEA, 0xA289, 0xAAEA, 0xBB4C, 0xB32B, 0xA2CA, 0x8A28, 0xAACA, 0x6185,
  0x1062, 0x0061, 0x1082, 0x4903, 0x71C6, 0x8227, 0x8A68, 0xA2A9, 0xA2AA, 0xAACA, 0xAACA, 0xAACA,
  0xAACA, 0xAACA, 0xAAEA, 0xAACA, 0xAAEA, 0xAAEA, 0xAAEA, 0xAACA, 0xAACA, 0xAACA, 0xAACA, 0xAAEA,
  0xAAEA, 0xAACA, 0xAACA, 0xAAEA, 0xA2A9, 0x9A89, 0x9289, 0x8A68, 0x7A07, 0x38E3, 0x1882, 0x0841,
  0x0862, 0x30C3, 0x9A69, 0xAAEA, 0xA2AA, 0xBB2B, 0x5965, 0x71E7, 0xBB2B, 0xAACA, 0xAACA, 0xAACA,
  0x9A89, 0x6186, 0x4104, 0x6985, 0x71A6, 0x6986, 0x38E3, 0x5145, 0x81E7, 0x81E7, 0x71A6, 0x4103,
  0x30C3, 0x5945, 0x79C6, 0x71A6, 0x5945, 0x1061, 0x2906, 0x49AA, 0x49AA, 0x498A, 0x20C6, 0x3929,
  0x496B, 0x496B, 0x3909, 0x3929, 0x416B, 0x518C, 0x61EE, 0x724F, 0x61ED, 0x392A, 0x3108, 0x28E6,
  0x4169, 0x418A, 0x4169, 0x498A, 0x20E6, 0x726F, 0x8AD2, 0x416A, 0x3108, 0x49AA, 0x49AA, 0x49AA,
  0x4189, 0x3948, 0x3948, 0x3127, 0x3127, 0x20C5, 0x0020, 0x0841, 0x0861, 0x0841, 0x0040, 0x1082,
  0x2906, 0x2906, 0x28E6, 0x3107, 0x3128, 0x3948, 0x3948, 0x3948, 0x4169, 0x498A, 0x498A, 0x49AA,
  0x49AA, 0x51CB, 0x51CB, 0x51CB, 0x51CB, 0x51CB, 0x51CB, 0x51AB, 0x51AB, 0x51AB, 0x51AB, 0x51CB,
  0x51CB, 0x51CB, 0x51CB, 0x51CB, 0x51CB, 0x51CB, 0x51CB, 0x51CB, 0x51CB, 0x51CB, 0x51AB, 0x51AB,
  0x49AA, 0x49AA, 0x49AA, 0x49AA, 0x49AA, 0x49AA, 0x49AB, 0x49AB, 0x49AA, 0x49AA, 0x49AA, 0x49AA,
  0x49AA, 0x49AB, 0x49AA, 0x498A, 0x498A, 0x498A, 0x49AA, 0x49AA, 0x49AA, 0x49AA, 0x49AA, 0x49AA,
  0x49AA, 0x51EC, 0x18C4, 0x2944, 0x5248, 0x2965, 0x2965, 0x3165, 0x3165, 0x3165, 0x3165, 0x3165,
  0x3165, 0x2945, 0x3165, 0x3165, 0x3165, 0x2965, 0x2944, 0x3186, 0x41E7, 0x1082, 0x3929, 0x59CD,
  0x416B, 0x28E7, 0x3929, 0x496B, 0x414A, 0x3108, 0x30E8, 0x416A, 0x51AC, 0x59AC, 0x722F, 0x8AD1,
  0x9B12, 0x9312, 0x9312, 0x8AD1, 0x724F, 0x59CD, 0x51AC, 0x414A, 0x28E6, 0x3969, 0x498A, 0x4169,
  0x3928, 0x3948, 0x3128, 0x4169, 0x418A, 0x4169, 0x3969, 0x3969, 0x20E6, 0x1081, 0x6965, 0x9227,
  0x5145, 0x2082, 0x81E7, 0xA289, 0xA289, 0xAAAA, 0xAACA, 0xBB6C, 0xA2CA, 0x5965, 0xAACA, 0x9248,
  0x71E7, 0x7207, 0x7A07, 0x9A69, 0xAACA, 0xB2EA, 0xB2EB, 0xAB0B, 0xAAEA, 0xAACA, 0xAACA, 0xAAEA,
  0xA2CA, 0xA2CA, 0xAACA, 0xAAEA, 0xAAEA, 0xAAEA, 0xAAEA, 0xAACA, 0xAACA, 0xAACA, 0xAACA, 0xAAEA,
  0xAACA, 0xA2CA, 0xAACA, 0xA2CA, 0xAACA, 0xAACA, 0xAAEA, 0xB30B, 0xA2CA, 0x9268, 0x8228, 0x69C6,
  0x71E7, 0x7A07, 0x9A89, 0xAAEA, 0xAAEA, 0x8207, 0x8207, 0xAB0B, 0xBB6C, 0xA289, 0x9248, 0xA289,
  0x9A48, 0x79C7, 0x4904, 0x28C3, 0x4104, 0x38E3, 0x5945, 0x79E7, 0x81E7, 0x79E7, 0x81E7, 0x30E3,
  0x4924, 0x6986, 0x71A6, 0x6165, 0x4904, 0x1081, 0x28E6, 0x4169, 0x4169, 0x3949, 0x3128, 0x2907,
  0x3128, 0x28E7, 0x20C6, 0x3949, 0x28E7, 0x392A, 0x6A0E, 0x8290, 0x7A6F, 0x59AC, 0x414A, 0x28E7,
  0x3948, 0x51AB, 0x418A, 0x2907, 0x416A, 0x722F, 0x722F, 0x51AC, 0x28E7, 0x3949, 0x51CB, 0x49AA,
  0x49AA, 0x418A, 0x418A, 0x498A, 0x49AA, 0x4169, 0x3127, 0x3127, 0x3147, 0x3147, 0x3127, 0x3948,
  0x4189, 0x418A, 0x498A, 0x418A, 0x4189, 0x418A, 0x418A, 0x418A, 0x49AA, 0x49AB, 0x49AA, 0x51AA,
  0x51AB, 0x51AB, 0x51CB, 0x51CB, 0x51CB, 0x51AB, 0x51AB, 0x51AB, 0x51AB, 0x51AB, 0x51AB, 0x51AB,
  0x51AB, 0x49AB, 0x49AA, 0x49AA, 0x49AA, 0x49AA, 0x49AB, 0x49AB, 0x49AB, 0x49AB, 0x49AA, 0x498A,
  0x51AB, 0x51AB, 0x51AB, 0x51AB, 0x51AB, 0x51AB, 0x51AB, 0x51AB, 0x51AB, 0x51AB, 0x51AB, 0x51AB,
  0x51AB, 0x51AB, 0x51AB, 0x51AB, 0x49AB, 0x51AB, 0x51CB, 0x51CB, 0x51AB, 0x51AB, 0x49AB, 0x51AB,
  0x51AB, 0x51EB, 0x20E5, 0x18C3, 0x62CA, 0x5A89, 0x39C6, 0x2945, 0x2924, 0x2945, 0x2965, 0x2965,
  0x2965, 0x3165, 0x2945, 0x3165, 0x3185, 0x3165, 0x39A6, 0x39A6, 0x2104, 0x1082, 0x30E8, 0x414A,
  0x3949, 0x3108, 0x30E8, 0x3109, 0x30E7, 0x2907, 0x3108, 0x3129, 0x3929, 0x518C, 0x6A0E, 0x8AF1,
  0x9312, 0x82B0, 0x82B0, 0x92F1, 0x722E, 0x59AD, 0x496B, 0x414A, 0x28E7, 0x3949, 0x496A, 0x416A,
  0x51CB, 0x416A, 0x4169, 0x51CB, 0x416A, 0x3949, 0x3949, 0x3948, 0x3127, 0x20C4, 0x30C3, 0x79C6,
  0x71A6, 0x4924, 0x5945, 0x8A07, 0xAACA, 0xB30B, 0x81E6, 0x8A28, 0x9248, 0x5945, 0x8207, 0xA2A9,
  0xB2EA, 0xB30B, 0xB2EA, 0xB30B, 0xAAEA, 0xAACA, 0xAACA, 0xAACA, 0xAAEA, 0xB2EA, 0xAAEA, 0xB2EB,
  0xAAEB, 0xAACA, 0xAACA, 0xAAEA, 0xAACA, 0xAACA, 0xAACA, 0xAACA, 0xA2CA, 0xA2AA, 0xAACA, 0xAAEA,
  0xAAEA, 0xAACA, 0xAACA, 0xAAEA, 0xAAEA, 0xA2CA, 0xA2CA, 0xA2AA, 0xA2CA, 0xAAEA, 0xAAEA, 0xAACA,
  0xAACA, 0xA2AA, 0x9A89, 0x9A68, 0x9A69, 0x8A28, 0xAACA, 0xB2EA, 0x9A69, 0x8A27, 0x6165, 0x9228,
  0x8A28, 0x79C7, 0x4104, 0x1862, 0x38E3, 0x5144, 0x81E7, 0x8A07, 0x79E7, 0x79E7, 0x69A6, 0x20A3,
  0x6185, 0x79A6, 0x7186, 0x5965, 0x28C3, 0x20E5, 0x3128, 0x3949, 0x3948, 0x3969, 0x498A, 0x418A,
  0x28E6, 0x2907, 0x3948, 0x3128, 0x28E7, 0x414A, 0x722F, 0x8AB0, 0x7A6F, 0x61CE, 0x496B, 0x28E7,
  0x3128, 0x51AB, 0x49AA, 0x2907, 0x3949, 0x496A, 0x498B, 0x3908, 0x28E7, 0x416A, 0x51CB, 0x49AA,
  0x49AA, 0x49AA, 0x51AB, 0x51AB, 0x51AB, 0x51CB, 0x51CB, 0x51CB, 0x51CB, 0x51CB, 0x51CB, 0x51CB,
  0x51AB, 0x51AB, 0x51CB, 0x51CB, 0x51CB, 0x51AB, 0x51AB, 0x51AB, 0x49AB, 0x49AB, 0x51AB, 0x51AB,
  0x51AB, 0x51CB, 0x51CB, 0x51AB, 0x51AB, 0x51AB, 0x49AB, 0x49AB, 0x51AB, 0x51AB, 0x51AB, 0x51AB,
  0x51AB, 0x49AB, 0x51AB, 0x51AB, 0x51AB, 0x51AB, 0x51CB, 0x51CB, 0x51CB, 0x51AB, 0x51AB, 0x51AB,
  0x49AB, 0x49AA, 0x49AA, 0x49AB, 0x49AB, 0x51AB, 0x51AB, 0x49AB, 0x49AB, 0x49AB, 0x49AB, 0x49AB,
  0x49AB, 0x49AB, 0x49AB, 0x49AB, 0x49AB, 0x49AB, 0x51AB, 0x51AB, 0x49AB, 0x49AB, 0x49AB, 0x49AB,
  0x49AB, 0x51CB, 0x20C4, 0x10A2, 0x2965, 0x41C7, 0x5A89, 0x6AEA, 0x5248, 0x39C6, 0x3165, 0x2945,
  0x3165, 0x3165, 0x3165, 0x39C6, 0x4A07, 0x41E7, 0x2945, 0x18E3, 0x0862, 0x0841, 0x3928, 0x3949,
  0x3108, 0x414A, 0x416A, 0x28E7, 0x20C6, 0x4169, 0x3128, 0x28C7, 0x3109, 0x59CD, 0x7A90, 0x8AD1,
  0x92F1, 0x8AD1, 0x724F, 0x724F, 0x6A0E, 0x414B, 0x392A, 0x3108, 0x2907, 0x4169, 0x498A, 0x498A,
  0x498A, 0x3128, 0x3128, 0x51AC, 0x416A, 0x3948, 0x3948, 0x3949, 0x3948, 0x3107, 0x0862, 0x6165,
  0x9227, 0x71A6, 0x30E3, 0x71A6, 0x8A07, 0xAACA, 0x9A89, 0x79C6, 0x81C6, 0x81E7, 0x40E3, 0x9248,
  0xB30B, 0xAAEA, 0xA2CA, 0xAACA, 0xAACA, 0xAAEA, 0xAAEA, 0xAAEA, 0xAAEA, 0x9A89, 0x8A69, 0x8228,
  0x8A48, 0x9A89, 0xA2A9, 0xAAEA, 0xAAEA, 0xAAEA, 0xAACA, 0xAACA, 0xAACA, 0xAACA, 0xA2AA, 0xA2A9,
  0x9A89, 0x9268, 0x9269, 0x9AA9, 0xAAEA, 0xAAEA, 0xAACA, 0xA2CA, 0xA2AA, 0xA2AA, 0xA2AA, 0xAACA,
  0xAAEA, 0xA2CA, 0x9A89, 0x81E7, 0x81E7, 0xAACA, 0xA289, 0x9248, 0x81E7, 0x6145, 0x5944, 0x8A28,
  0x8A07, 0x71A6, 0x40E4, 0x20A3, 0x5965, 0x9228, 0x8207, 0x81E7, 0x81E7, 0x71C6, 0x5945, 0x1882,
  0x5965, 0x79A6, 0x71A6, 0x5144, 0x0861, 0x3127, 0x3949, 0x3948, 0x3948, 0x3969, 0x498A, 0x3949,
  0x3128, 0x4169, 0x49AA, 0x28E7, 0x3929, 0x518C, 0x6A2F, 0x7A4F, 0x69EE, 0x518C, 0x3929, 0x28E7,
  0x3128, 0x498A, 0x49AA, 0x498A, 0x3107, 0x3107, 0x3108, 0x20C6, 0x3107, 0x49AA, 0x49AA, 0x49AA,
  0x49AA, 0x49AA, 0x49AA, 0x49AA, 0x49AA, 0x49AA, 0x49AA, 0x49AA, 0x49AA, 0x49AA, 0x49AA, 0x49AA,
  0x49AB, 0x49AB, 0x49AA, 0x49AA, 0x49AA, 0x49AB, 0x49AA, 0x49AA, 0x49AA, 0x49AB, 0x49AB, 0x49AB,
  0x51AB, 0x51AB, 0x49AB, 0x51AB, 0x51AB, 0x49AB, 0x51AB, 0x49AB, 0x49AB, 0x49AB, 0x49AB, 0x49AA,
  0x49AA, 0x49AA, 0x49AA, 0x49AA, 0x49AA, 0x49AB, 0x49AB, 0x49AB, 0x49AB, 0x49AB, 0x49AB, 0x49AB,
  0x49AB, 0x49AB, 0x49AB, 0x49AB, 0x49AB, 0x49AB, 0x49AB, 0x49AB, 0x49AB, 0x49AB, 0x49AB, 0x49AB,
  0x49AB, 0x49AB, 0x49AB, 0x49AB, 0x49AB, 0x49AB, 0x49AB, 0x49AB, 0x49AB, 0x49AA, 0x49AA, 0x49AA,
  0x49AA, 0x49AB, 0x18A4, 0x18C3, 0x2104, 0x10A2, 0x2924, 0x41C6, 0x5AA9, 0x5AA9, 0x62CA, 0x62A9,
  0x5A69, 0x5269, 0x5248, 0x41C6, 0x2945, 0x18C3, 0x0862, 0x1082, 0x10A2, 0x0841, 0x4169, 0x496A,
  0x4169, 0x498A, 0x416A, 0x3128, 0x4169, 0x4169, 0x28E7, 0x3108, 0x59AC, 0x7A70, 0x92F1, 0x8AD1,
  0x8AD1, 0x724F, 0x6A2E, 0x59CD, 0x496B, 0x414A, 0x30E8, 0x20A5, 0x4169, 0x498A, 0x416A, 0x498A,
  0x498A, 0x4169, 0x3928, 0x3128, 0x4169, 0x4169, 0x3928, 0x3107, 0x3107, 0x28E6, 0x0862, 0x5945,
  0x8A07, 0x79C7, 0x4104, 0x30C3, 0x6165, 0x8A07, 0x9248, 0x9248, 0x79C7, 0x5104, 0x5124, 0xAB0B,
  0xAAEA, 0xAACA, 0xAACA, 0xAACA, 0xAAEA, 0xAAEA, 0xAAEA, 0xAAEA, 0x9A89, 0x48E3, 0x1882, 0x0861,
  0x1882, 0x4903, 0x79C6, 0x8207, 0x9269, 0x9A89, 0xA289, 0xA2A9, 0x9A89, 0x9AA9, 0x8207, 0x5104,
  0x4904, 0x4904, 0x40E4, 0x48E3, 0x8A28, 0xAACA, 0xA2A9, 0xA2CA, 0xA2AA, 0xA2AA, 0xAACA, 0xAACA,
  0xA2A9, 0xA2A9, 0xAACA, 0x9A89, 0xAAAA, 0xAACA, 0x81E7, 0x5945, 0x4904, 0x5124, 0x9228, 0x9228,
  0x8A07, 0x6965, 0x30A3, 0x3904, 0x9228, 0x8A07, 0x81E7, 0x81E7, 0x79C6, 0x6985, 0x40E4, 0x20A2,
  0x5965, 0x71A6, 0x6985, 0x4904, 0x0841, 0x28E6, 0x3107, 0x3127, 0x3128, 0x3928, 0x3948, 0x49AA,
  0x4189, 0x4169, 0x3969, 0x28E6, 0x3929, 0x496B, 0x51AC, 0x518C, 0x496B, 0x3929, 0x28C7, 0x3949,
  0x498A, 0x498A, 0x49AA, 0x51AB, 0x418A, 0x3107, 0x28E7, 0x3948, 0x498A, 0x498A, 0x498A, 0x498A,
  0x49AA, 0x49AA, 0x49AA, 0x49AA, 0x49AA, 0x49AA, 0x49AA, 0x49AA, 0x498A, 0x498A, 0x49AA, 0x49AA,
  0x49AB, 0x49AB, 0x49AA, 0x49AA, 0x49AA, 0x49AA, 0x498A, 0x49AA, 0x49AA, 0x49AA, 0x49AA, 0x49AA,
  0x49AB, 0x49AB, 0x49AB, 0x49AB, 0x49AB, 0x49AB, 0x49AB, 0x49AB, 0x49AA, 0x49AA, 0x49AA, 0x49AA,
  0x498A, 0x498A, 0x498A, 0x49AB, 0x49AB, 0x49AB, 0x49AB, 0x49AB, 0x49AB, 0x49AB, 0x49AB, 0x49AB,
  0x51CB, 0x51CB, 0x51CB, 0x51CB, 0x51AB, 0x51CB, 0x51CB, 0x51AB, 0x51CB, 0x51AB, 0x51CB, 0x51CB,
  0x51CB, 0x51CB, 0x51CB, 0x51AB, 0x51AB, 0x51CB, 0x51CB, 0x51CB, 0x51CB, 0x51CB, 0x51AA, 0x51AA,
  0x51CB, 0x5A0C, 0x20C4, 0x1082, 0x20E3, 0x2103, 0x2104, 0x1082, 0x2104, 0x2103, 0x41E7, 0x4A07,
  0x3185, 0x3186, 0x3165, 0x10A2, 0x0882, 0x18C3, 0x18C3, 0x10A2, 0x18C3, 0x0861, 0x3968, 0x51AB,
  0x49AB, 0x498A, 0x4169, 0x416A, 0x51CB, 0x3128, 0x416A, 0x518C, 0x7A6F, 0x92F2, 0x92F1, 0x92F1,
  0x7A6F, 0x7A6F, 0x6A0E, 0x496B, 0x496B, 0x412A, 0x28C6, 0x3949, 0x498A, 0x49AA, 0x51CB, 0x51CB,
  0x418A, 0x418A, 0x418A, 0x498A, 0x4149, 0x3949, 0x3948, 0x3948, 0x3128, 0x2907, 0x1082, 0x4904,
  0x79A6, 0x8A07, 0x79E7, 0x5945, 0x2882, 0x7186, 0x79C6, 0x6986, 0x4904, 0x38E3, 0xAACA, 0xAACA,
  0xAACA, 0xAACA, 0xAACA, 0xAACA, 0xAACA, 0xAAEA, 0xA2A9, 0x6986, 0x30E3, 0x0821, 0x3185, 0x5A68,
  0x41C6, 0x0841, 0x1062, 0x0841, 0x1041, 0x1041, 0x0841, 0x1061, 0x1061, 0x18A2, 0x1061, 0x0820,
  0x0821, 0x0841, 0x0841, 0x0821, 0x3904, 0x71A6, 0x9A69, 0xA2CA, 0xA2AA, 0xAAAA, 0xAACA, 0xAACA,
  0xAAEA, 0x9248, 0x8207, 0x9A89, 0xA2A9, 0x9228, 0x5124, 0x69A6, 0xA289, 0x9248, 0x9228, 0x6986,
  0x7186, 0x40E3, 0x30C3, 0x79C6, 0x79E7, 0x81E7, 0x6986, 0x6986, 0x6165, 0x4904, 0x20A2, 0x5965,
  0x6985, 0x6165, 0x5944, 0x38C3, 0x0861, 0x28E6, 0x3107, 0x3107, 0x3128, 0x3948, 0x3948, 0x3128,
  0x3949, 0x418A, 0x416A, 0x3929, 0x28E7, 0x414A, 0x3909, 0x3929, 0x416A, 0x28E6, 0x498A, 0x51AB,
  0x51AB, 0x51AB, 0x51AA, 0x49AA, 0x51AB, 0x49AA, 0x49AA, 0x51AA, 0x49AA, 0x49AA, 0x51AB, 0x51AB,
  0x51AB, 0x51AB, 0x51AB, 0x51AB, 0x51AB, 0x51AB, 0x51AB, 0x51AB, 0x49AA, 0x51AB, 0x51AB, 0x51CB,
  0x51CB, 0x51CB, 0x51CB, 0x51AA, 0x51AA, 0x51AA, 0x49AA, 0x51AA, 0x51AB, 0x51AB, 0x51AB, 0x51AB,
  0x51AB, 0x51AB, 0x51CB, 0x51AB, 0x51AB, 0x49AB, 0x51AB, 0x51AB, 0x51CB, 0x51AB, 0x51AB, 0x51AB,
  0x49AB, 0x49AB, 0x49AB, 0x51AB, 0x51CB, 0x51CB, 0x51AB, 0x51AB, 0x51AB, 0x51CB, 0x51CB, 0x51CB,
  0x49AB, 0x49AB, 0x49AA, 0x49AB, 0x49AB, 0x49AA, 0x49AA, 0x49AB, 0x49AB, 0x49AB, 0x49AB, 0x49AB,
  0x49AB, 0x49AB, 0x49AB, 0x49AA, 0x49AA, 0x49AA, 0x49AA, 0x49AA, 0x498A, 0x49AB, 0x51CB, 0x51CB,
  0x3968, 0x18A3, 0x1082, 0x18C2, 0x18C3, 0x18E3, 0x2104, 0x2104, 0x3185, 0x18C3, 0x2124, 0x18E3,
  0x1082, 0x18C3, 0x0861, 0x18C3, 0x10A2, 0x18A2, 0x18A2, 0x1082, 0x18A2, 0x0841, 0x0842, 0x0842,
  0x2906, 0x51CB, 0x498A, 0x49AB, 0x498A, 0x28E7, 0x59CD, 0x6A0F, 0x6A2E, 0x92F1, 0x724F, 0x722F,
  0x6A2E, 0x61EE, 0x59AC, 0x496A, 0x416A, 0x3929, 0x3128, 0x498A, 0x3928, 0x20C6, 0x2907, 0x3128,
  0x28E6, 0x3948, 0x4169, 0x4169, 0x3949, 0x3128, 0x3128, 0x3127, 0x2907, 0x2907, 0x20E6, 0x18A3,
  0x5124, 0x89E6, 0x8A07, 0x69A6, 0x4924, 0x30C3, 0x38E3, 0x30C3, 0x30C3, 0x6986, 0xBB2B, 0xAAEA,
  0xAACA, 0xAACA, 0xAACA, 0xAACA, 0xAAEA, 0x9A69, 0x6185, 0x1041, 0x1061, 0x83CE, 0x6AEA, 0x8C0E,
  0xA4B1, 0x8C0E, 0x83CD, 0x83EE, 0x10A2, 0x41E7, 0x8C0E, 0x83CD, 0x8C2F, 0x18C3, 0x4A28, 0x8BEE,
  0x7BAD, 0x83AD, 0x736C, 0x41C6, 0x1882, 0x1041, 0x5985, 0xA2A9, 0xA2AA, 0xAACA, 0xAACA, 0xAACA,
  0xB30B, 0xAAEB, 0x9248, 0x79E7, 0x8A28, 0x5124, 0x5965, 0x9248, 0xA289, 0x9248, 0x79C7, 0x71A6,
  0x4924, 0x20A2, 0x4104, 0x81E7, 0x71C6, 0x81E7, 0x71A6, 0x71A6, 0x4924, 0x28A3, 0x4924, 0x6165,
  0x6985, 0x6985, 0x4103, 0x18A2, 0x20E5, 0x28E6, 0x2907, 0x3107, 0x3107, 0x3128, 0x4169, 0x2907,
  0x3949, 0x498A, 0x3949, 0x3929, 0x3108, 0x416B, 0x414A, 0x3107, 0x28E6, 0x3928, 0x498A, 0x49AA,
  0x49AA, 0x498A, 0x418A, 0x418A, 0x498A, 0x498A, 0x418A, 0x418A, 0x498A, 0x498A, 0x498A, 0x498A,
  0x418A, 0x498A, 0x498A, 0x498A, 0x498A, 0x49AA, 0x49AA, 0x498A, 0x498A, 0x498A, 0x49AA, 0x49AA,
  0x498A, 0x49AA, 0x51CB, 0x51AB, 0x51AB, 0x51CB, 0x51AB, 0x498A, 0x498A, 0x498A, 0x49AA, 0x49AA,
  0x49AA, 0x49AA, 0x49AA, 0x49AA, 0x49AA, 0x49AA, 0x49AA, 0x49AA, 0x49AA, 0x49AB, 0x49AB, 0x49AA,
  0x49AA, 0x49AA, 0x49AA, 0x49AA, 0x49AA, 0x49AA, 0x49AA, 0x49AA, 0x49AA, 0x49AA, 0x49AB, 0x49AB,
  0x51CB, 0x51CB, 0x51AB, 0x51AB, 0x51AB, 0x51AB, 0x51AB, 0x51CB, 0x51CB, 0x51CB, 0x51CB, 0x51CB,
  0x51CB, 0x51CB, 0x51AB, 0x51CB, 0x51CB, 0x51AB, 0x49AB, 0x49AB, 0x51EC, 0x4189, 0x18A4, 0x18A4,
  0x2104, 0x41E6, 0x18C3, 0x18C3, 0x18E3, 0x18E3, 0x2104, 0x2124, 0x3186, 0x18E3, 0x3165, 0x2944,
  0x18C3, 0x2104, 0x1082, 0x20E3, 0x10A2, 0x18C3, 0x18C3, 0x1082, 0x18A3, 0x0841, 0x18C3, 0x2924,
  0x2925, 0x20A4, 0x18A4, 0x3106, 0x51AB, 0x3929, 0x518C, 0x61EE, 0x518C, 0x6A2E, 0x6A0E, 0x6A0E,
  0x620E, 0x59AD, 0x518C, 0x414A, 0x414A, 0x414A, 0x4169, 0x3928, 0x28E7, 0x51AB, 0x724E, 0x6A2D,
  0x416A, 0x28E7, 0x3128, 0x4169, 0x4169, 0x4169, 0x3948, 0x3127, 0x3127, 0x3107, 0x3128, 0x1082,
  0x30C3, 0x6965, 0x79C6, 0x71C6, 0x71C6, 0x5145, 0x4924, 0x28C3, 0x30E3, 0x8A27, 0xB32B, 0x9268,
  0xA2A9, 0xAACA, 0xAACA, 0xAACA, 0xAACA, 0x8207, 0x38C3, 0x18C3, 0x734C, 0xCDF5, 0x6AEA, 0x942F,
  0xD657, 0xC5B4, 0xBD73, 0xCDF5, 0x39A6, 0x734C, 0xD636, 0xC5D5, 0xD636, 0x41E7, 0x83AD, 0xCDB4,
  0xB532, 0xB532, 0xC594, 0x62CA, 0x62EA, 0x4A48, 0x20C2, 0x69A6, 0xB2EA, 0xA2AA, 0xAACA, 0xAACA,
  0xA2A9, 0xA2AA, 0x9A69, 0x79C7, 0x6165, 0x6185, 0x79E7, 0x9248, 0x8A48, 0x79E7, 0x69A6, 0x79A6,
  0x30E3, 0x38E3, 0x6985, 0x89E7, 0x81C6, 0x79C6, 0x71A6, 0x6165, 0x38E4, 0x28C3, 0x6986, 0x6986,
  0x6165, 0x5945, 0x30C3, 0x0882, 0x3107, 0x28E6, 0x3107, 0x3127, 0x3928, 0x3928, 0x3948, 0x4169,
  0x498A, 0x498A, 0x4169, 0x3949, 0x4169, 0x3928, 0x30E7, 0x28E7, 0x3928, 0x498A, 0x49AA, 0x49AA,
  0x49AA, 0x49AA, 0x51AB, 0x51AB, 0x51CB, 0x51CB, 0x51CB, 0x51CB, 0x51CB, 0x51CB, 0x51CB, 0x51CB,
  0x51CB, 0x51CB, 0x51CB, 0x51CB, 0x51CB, 0x51CB, 0x49AA, 0x49AA, 0x49AA, 0x49AA, 0x49AB, 0x49AA,
  0x51CB, 0x498A, 0x1884, 0x1083, 0x1883, 0x18A4, 0x20C5, 0x51CB, 0x51EB, 0x49AB, 0x49AA, 0x51AB,
  0x51AB, 0x51AB, 0x51AB, 0x51CB, 0x51CB, 0x51AB, 0x51AB, 0x51AB, 0x51AB, 0x51CB, 0x51CB, 0x51CB,
  0x51AB, 0x51AB, 0x51CB, 0x51CB, 0x49AB, 0x49AB, 0x51AB, 0x51CB, 0x51CB, 0x51CB, 0x51CB, 0x51CB,
  0x51AB, 0x51AB, 0x49AB, 0x49AB, 0x49AB, 0x49AB, 0x49AB, 0x51CB, 0x51CB, 0x51CB, 0x51AB, 0x51AB,
  0x51AB, 0x51AB, 0x51AB, 0x51CB, 0x51CB, 0x49AB, 0x51CB, 0x498A, 0x3107, 0x20C4, 0x2103, 0x2944,
  0x3985, 0x5268, 0x18E3, 0x1082, 0x20E3, 0x20E3, 0x2124, 0x2924, 0x3186, 0x18E3, 0x3165, 0x2924,
  0x18C3, 0x20E3, 0x1082, 0x20E3, 0x10A2, 0x18C3, 0x18C3, 0x10A2, 0x18C3, 0x0861, 0x2924, 0x41E7,
  0x3165, 0x18C3, 0x20E3, 0x2104, 0x28E5, 0x3928, 0x414A, 0x4129, 0x414A, 0x518C, 0x61ED, 0x61EE,
  0x59AC, 0x518C, 0x412A, 0x3929, 0x3128, 0x416A, 0x3949, 0x3109, 0x620E, 0x92F2, 0xA353, 0x9B12,
  0x7A70, 0x414A, 0x3928, 0x3948, 0x4169, 0x498A, 0x4149, 0x3928, 0x3948, 0x3128, 0x3928, 0x20C5,
  0x20A3, 0x38E3, 0x6986, 0x71C6, 0x71A6, 0x81E7, 0x71A6, 0x38E3, 0x30E3, 0x8A07, 0x9A69, 0x8A07,
  0x9248, 0xA2A9, 0xA2AA, 0x9A89, 0xAACA, 0x61A6, 0x1061, 0x39A6, 0xB4F1, 0x83CD, 0x18E3, 0x41E7,
  0x83CD, 0x736C, 0x7B6C, 0x83CE, 0x3985, 0x5A68, 0x83CE, 0x7BAD, 0x7BAD, 0x39A6, 0x730A, 0xACD1,
  0xB533, 0xB553, 0x942F, 0x4A07, 0xA4D1, 0xA490, 0x2103, 0x28A3, 0x9248, 0xA2A9, 0xA289, 0xA2AA,
  0x9268, 0x8A48, 0x81E7, 0x71A6, 0x6985, 0x9248, 0x8A07, 0x79C6, 0x81E7, 0x79C6, 0x71A6, 0x71A6,
  0x28C3, 0x4924, 0x81C6, 0x81C6, 0x79A6, 0x6985, 0x6165, 0x38E4, 0x38E3, 0x5145, 0x6986, 0x6986,
  0x5144, 0x38E3, 0x1882, 0x1083, 0x2907, 0x28E6, 0x2907, 0x3107, 0x3928, 0x3928, 0x3928, 0x3949,
  0x416A, 0x498A, 0x4169, 0x49AB, 0x49AB, 0x3948, 0x3107, 0x3948, 0x51CB, 0x51AB, 0x51AB, 0x51AB,
  0x51CB, 0x51CB, 0x3127, 0x28C5, 0x28E6, 0x28E5, 0x28E5, 0x28E5, 0x28E5, 0x28E5, 0x28C5, 0x28C5,
  0x28E5, 0x28E5, 0x28E5, 0x28E6, 0x28E6, 0x2906, 0x49AA, 0x51CB, 0x49AB, 0x51AB, 0x49AA, 0x51CB,
  0x4169, 0x3126, 0x4A06, 0x41E6, 0x41C6, 0x41E6, 0x39A6, 0x2906, 0x28E6, 0x498A, 0x51AB, 0x49AA,
  0x49AA, 0x49AA, 0x49AB, 0x49AB, 0x51AB, 0x49AB, 0x49AA, 0x49AB, 0x49AB, 0x49AB, 0x49AB, 0x49AB,
  0x49AB, 0x49AB, 0x49AB, 0x49AB, 0x49AB, 0x49AA, 0x49AA, 0x49AA, 0x49AB, 0x49AB, 0x49AB, 0x51AB,
  0x49AA, 0x49AA, 0x49AA, 0x49AA, 0x49AA, 0x49AA, 0x49AA, 0x49AA, 0x49AB, 0x49AB, 0x49AB, 0x49AA,
  0x49AA, 0x49AA, 0x49AA, 0x49AA, 0x49AA, 0x49AA, 0x49AA, 0x2926, 0x18A2, 0x18A2, 0x5A69, 0x62CA,
  0x41C6, 0x3165, 0x20E3, 0x1082, 0x10A2, 0x2124, 0x2944, 0x2944, 0x3186, 0x18E3, 0x2945, 0x2124,
  0x18A2, 0x2104, 0x1082, 0x2103, 0x10A2, 0x18C3, 0x18C3, 0x1082, 0x1082, 0x1082, 0x2924, 0x2945,
  0x2944, 0x41E7, 0x4A27, 0x39A6, 0x0840, 0x18A3, 0x414A, 0x30E8, 0x3908, 0x496B, 0x518C, 0x518C,
  0x496B, 0x414A, 0x30E7, 0x28E6, 0x2907, 0x3108, 0x30E8, 0x59AD, 0x82D0, 0x9312, 0x92F1, 0x8AD1,
  0x8AB1, 0x722F, 0x51AB, 0x20C6, 0x3948, 0x3948, 0x3128, 0x3128, 0x3107, 0x3107, 0x2907, 0x3127,
  0x18A4, 0x1082, 0x4924, 0x6986, 0x7186, 0x6985, 0x6985, 0x30C3, 0x20A2, 0x81E7, 0xA2A9, 0xAAA9,
  0x89E7, 0x9A48, 0xAAA9, 0x9A89, 0xAAA9, 0x4965, 0x0041, 0x2904, 0x5227, 0x0020, 0x0020, 0x0841,
  0x0861, 0x1082, 0x1082, 0x0861, 0x20C2, 0x18A2, 0x1082, 0x1082, 0x0841, 0x0020, 0x18A2, 0x5227,
  0x83CE, 0x6B0B, 0x10A2, 0x20E3, 0x8BCE, 0x942F, 0x39C6, 0x1062, 0x4124, 0xA2A9, 0x8A48, 0x9A69,
  0x9A69, 0x9A89, 0x71C6, 0x6165, 0x9A48, 0x8A27, 0x71C6, 0x79C6, 0x81E6, 0x71A6, 0x6985, 0x6165,
  0x2082, 0x4104, 0x79C6, 0x71A6, 0x5945, 0x5945, 0x6165, 0x28C3, 0x38E3, 0x7186, 0x6165, 0x6165,
  0x4904, 0x1882, 0x1083, 0x28E6, 0x28E6, 0x28E6, 0x3107, 0x3107, 0x3107, 0x3928, 0x3949, 0x3128,
  0x3949, 0x4149, 0x4169, 0x4169, 0x418A, 0x418A, 0x498A, 0x49AA, 0x498A, 0x498A, 0x3948, 0x3948,
  0x3948, 0x3948, 0x20E4, 0x10A2, 0x18C3, 0x18C2, 0x18C2, 0x18E3, 0x20E3, 0x18E3, 0x18E3, 0x18E3,
  0x18E3, 0x18C2, 0x10A2, 0x18A2, 0x18E3, 0x10A2, 0x28E6, 0x3948, 0x3969, 0x3948, 0x4169, 0x498A,
  0x2926, 0x39A5, 0x940E, 0x836C, 0x6AEA, 0x732B, 0x7B2B, 0x20E3, 0x18C2, 0x2906, 0x4169, 0x49AA,
  0x498A, 0x49AA, 0x49AA, 0x49AA, 0x49AA, 0x49AA, 0x49AA, 0x49AA, 0x49AA, 0x49AA, 0x498A, 0x498A,
  0x498A, 0x498A, 0x498A, 0x498A, 0x498A, 0x498A, 0x498A, 0x498A, 0x498A, 0x498A, 0x498A, 0x498A,
  0x51CB, 0x51CB, 0x51AB, 0x51AB, 0x51AB, 0x51AB, 0x51AB, 0x51CB, 0x51CB, 0x51CB, 0x51AB, 0x51AB,
  0x51AB, 0x51AB, 0x51CB, 0x51AB, 0x51AA, 0x51CB, 0x3947, 0x18C2, 0x6B0B, 0x6B0A, 0x39A6, 0x2104,
  0x41C6, 0x62CA, 0x5A89, 0x3165, 0x0861, 0x2104, 0x2945, 0x3165, 0x3165, 0x18E3, 0x2945, 0x2124,
  0x18C2, 0x2104, 0x10A2, 0x18E3, 0x10A2, 0x18C3, 0x10A2, 0x0861, 0x0861, 0x3165, 0x39C6, 0x41E7,
  0x3185, 0x3165, 0x2124, 0x18E3, 0x5248, 0x2944, 0x1083, 0x414A, 0x20C6, 0x3909, 0x496B, 0x496B,
  0x414A, 0x3929, 0x20A5, 0x3948, 0x3108, 0x28C7, 0x414A, 0x724F, 0x8AF1, 0x92F1, 0x9312, 0x8290,
  0x59CC, 0x92F2, 0x7A6F, 0x414A, 0x2907, 0x3949, 0x3948, 0x3128, 0x3107, 0x3127, 0x3107, 0x3107,
  0x28E6, 0x18C4, 0x1061, 0x30E3, 0x6965, 0x6985, 0x6145, 0x30C3, 0x28A2, 0x79A6, 0x9A48, 0x9228,
  0xA269, 0x9A48, 0x8A07, 0x9248, 0x9248, 0x4124, 0x0041, 0x0041, 0x10A2, 0x732B, 0x1081, 0x5ACA,
  0xB533, 0xAD12, 0xACF2, 0xA4D1, 0x18C3, 0x5289, 0xC5B4, 0xACF2, 0xA4D1, 0x18C3, 0x2124, 0x2945,
  0x0021, 0x2924, 0x18C3, 0x0861, 0x1081, 0x1082, 0x0862, 0x1062, 0x30C3, 0x8A28, 0x8A28, 0x9A89,
  0x8A28, 0x8A28, 0x9228, 0x9227, 0x8A07, 0x79C6, 0x69A6, 0x71A6, 0x71A6, 0x6986, 0x6965, 0x40E4,
  0x1862, 0x4924, 0x71A6, 0x6965, 0x6165, 0x5124, 0x5945, 0x28C3, 0x4104, 0x6165, 0x5945, 0x4924,
  0x18A2, 0x0861, 0x20C5, 0x2907, 0x28E6, 0x2907, 0x3128, 0x3127, 0x3127, 0x3128, 0x4169, 0x4169,
  0x4169, 0x498A, 0x49AB, 0x49AA, 0x51AB, 0x49AA, 0x49AB, 0x49CB, 0x49CB, 0x418A, 0x0862, 0x0020,
  0x0861, 0x0841, 0x4A27, 0x8BEE, 0x8BEE, 0xA490, 0xA4B0, 0xACF1, 0xAD12, 0xACF1, 0xA4D1, 0xB533,
  0xBD73, 0xB512, 0xB512, 0xAD12, 0x9C4F, 0x732B, 0x0020, 0x0861, 0x1062, 0x0841, 0x3968, 0x18A4,
  0x41C6, 0x940E, 0x62C9, 0x20E3, 0x18C3, 0x4207, 0x836B, 0x7B4B, 0x7B4B, 0x18A2, 0x18C4, 0x51EB,
  0x49AB, 0x49AA, 0x49AA, 0x49AA, 0x49AA, 0x49AB, 0x51AB, 0x51AB, 0x51AB, 0x51AB, 0x51AB, 0x51AB,
  0x49AA, 0x49AA, 0x49AA, 0x49AA, 0x49AB, 0x51AB, 0x49AB, 0x49AA, 0x49AA, 0x49AB, 0x51AB, 0x51AB,
  0x49AA, 0x49AA, 0x49AA, 0x498A, 0x498A, 0x49AA, 0x49AA, 0x49AA, 0x49AB, 0x49AB, 0x49AA, 0x49AA,
  0x49AB, 0x49AA, 0x49AA, 0x498A, 0x49AB, 0x2906, 0x18C3, 0x6AEA, 0x62CA, 0x2945, 0x5248, 0x732B,
  0x6B0A, 0x6AEA, 0x62CA, 0x5269, 0x2924, 0x0861, 0x1082, 0x10A2, 0x20E3, 0x2104, 0x2924, 0x2104,
  0x20E3, 0x18E3, 0x18C3, 0x18C3, 0x1082, 0x0861, 0x0841, 0x1082, 0x3145, 0x39A6, 0x41C6, 0x41E7,
  0x4A27, 0x5268, 0x5228, 0x2944, 0x2944, 0x4A27, 0x3165, 0x0842, 0x3928, 0x30E8, 0x3108, 0x3108,
  0x28E7, 0x28C6, 0x3949, 0x3107, 0x30E7, 0x496B, 0x69EE, 0x9312, 0x9312, 0x8AF1, 0x92F1, 0x8AD1,
  0x82B0, 0x8AD1, 0x7A90, 0x51AC, 0x2907, 0x3949, 0x4169, 0x3948, 0x3948, 0x3928, 0x2907, 0x28E6,
  0x28E6, 0x20E5, 0x20C4, 0x1082, 0x20A2, 0x28C3, 0x4103, 0x38E3, 0x20A2, 0x5144, 0x8A07, 0x8207,
  0x79C6, 0x81E7, 0x9228, 0x8A07, 0x9A48, 0x4124, 0x1061, 0x51E6, 0x8C0E, 0xB553, 0x41E6, 0x83EE,
  0xCE16, 0xBD73, 0xBD53, 0xC5D5, 0x62CA, 0x8BEE, 0xD616, 0xC573, 0xC594, 0x62CA, 0xA4B1, 0xC594,
  0x8C0E, 0xACD1, 0x41E7, 0x6AEA, 0x83AD, 0x5268, 0x2104, 0x0861, 0x28C3, 0x8A28, 0x9248, 0x9248,
  0x8A27, 0x8A28, 0x8207, 0x6985, 0x79C6, 0x6165, 0x5945, 0x71A6, 0x71A6, 0x6185, 0x40E3, 0x2082,
  0x4104, 0x6165, 0x6985, 0x6985, 0x5124, 0x30A2, 0x5924, 0x4104, 0x4904, 0x4904, 0x30C3, 0x1882,
  0x0862, 0x20C5, 0x2906, 0x28E6, 0x28E6, 0x2906, 0x3127, 0x3127, 0x3128, 0x3949, 0x4169, 0x3949,
  0x3949, 0x4169, 0x49AA, 0x49AA, 0x498A, 0x51CB, 0x3127, 0x0841, 0x0842, 0x0000, 0x5A68, 0x8BCD,
  0x942F, 0x942F, 0x8BEE, 0x7B6C, 0x41C6, 0x39A6, 0x39A6, 0x39A6, 0x39C6, 0x39A6, 0x31A6, 0x39E7,
  0x39C6, 0x39C6, 0x4A28, 0x41E7, 0x6AEA, 0x9C70, 0xA4B0, 0x9C4F, 0xA4B1, 0x734C, 0x18A3, 0x2103,
  0x6B0A, 0x7B6B, 0x18C2, 0x3985, 0x838C, 0x9C2E, 0x838C, 0x7B6B, 0x7B6C, 0x838C, 0x5228, 0x0021,
  0x4189, 0x49AB, 0x498A, 0x498A, 0x498A, 0x498A, 0x498A, 0x498A, 0x498A, 0x49AA, 0x49AA, 0x49AA,
  0x498A, 0x498A, 0x498A, 0x498A, 0x498A, 0x498A, 0x498A, 0x498A, 0x498A, 0x498A, 0x498A, 0x498A,
  0x51AB, 0x49AB, 0x49AA, 0x49AA, 0x49AA, 0x49AB, 0x49AB, 0x51AB, 0x51AB, 0x51AB, 0x49AB, 0x49AB,
  0x49AB, 0x49AB, 0x49AB, 0x49AA, 0x51CB, 0x28E6, 0x18C2, 0x732B, 0x2945, 0x4A27, 0x6AEB, 0x732B,
  0x6B0B, 0x6AEA, 0x62EA, 0x6B0B, 0x62CA, 0x41C6, 0x3185, 0x2924, 0x0020, 0x0841, 0x0021, 0x0841,
  0x0861, 0x0861, 0x0861, 0x0841, 0x0861, 0x20E3, 0x2944, 0x39C6, 0x41E7, 0x4A07, 0x5268, 0x5268,
  0x5A89, 0x5A89, 0x5A89, 0x4A07, 0x18C3, 0x41C6, 0x41E6, 0x0000, 0x4169, 0x3929, 0x4149, 0x3107,
  0x2907, 0x3969, 0x51CB, 0x3107, 0x416A, 0x722F, 0x8AD1, 0x92F1, 0x92F1, 0x92F2, 0x9312, 0x92F1,
  0x92F2, 0x8290, 0x6A2E, 0x518B, 0x28E6, 0x3948, 0x3949, 0x3948, 0x3128, 0x3127, 0x3107, 0x3107,
  0x2907, 0x2906, 0x2907, 0x18C4, 0x18A4, 0x1062, 0x1882, 0x1882, 0x1082, 0x28C3, 0x6985, 0x81E7,
  0x8A07, 0x79E6, 0x8207, 0x8A27, 0x9248, 0x4944, 0x1862, 0x5A27, 0xBD53, 0xC594, 0x5A89, 0x6AA9,
  0x732B, 0x4228, 0x4207, 0x4A48, 0x3185, 0x39C6, 0x4A28, 0x41E7, 0x4A28, 0x39C6, 0x41E7, 0x6B2B,
  0xB4F2, 0xC594, 0x4A07, 0x940E, 0x9C70, 0x9C70, 0x736C, 0x0021, 0x28C3, 0x9248, 0x8A07, 0x9228,
  0x9228, 0x8207, 0x71A6, 0x6185, 0x6165, 0x4904, 0x6165, 0x71A6, 0x6985, 0x4904, 0x1882, 0x38E3,
  0x5945, 0x6165, 0x6965, 0x6965, 0x5124, 0x4904, 0x5124, 0x28C3, 0x1882, 0x1882, 0x1082, 0x18A4,
  0x20C5, 0x2907, 0x3127, 0x3107, 0x3107, 0x3107, 0x3928, 0x3949, 0x3969, 0x4169, 0x3949, 0x4169,
  0x4169, 0x498A, 0x49AB, 0x49AA, 0x51CB, 0x1884, 0x1062, 0x5247, 0x732B, 0x7B8C, 0x734B, 0x5268,
  0x4A07, 0x41E7, 0x3165, 0x3186, 0x3165, 0x3165, 0x39A6, 0x41E7, 0x49E7, 0x41E7, 0x49E7, 0x4A07,
  0x4A27, 0x5228, 0x5248, 0x4A27, 0x3185, 0x41C6, 0x4A28, 0x4A28, 0x5ACA, 0x942F, 0x3165, 0x4A27,
  0x6ACA, 0x39A6, 0x3185, 0x83AC, 0x9C2E, 0x734B, 0x4A27, 0x2104, 0x3145, 0x62A9, 0x838C, 0x5A68,
  0x0862, 0x3948, 0x51CB, 0x49AA, 0x49AA, 0x49AA, 0x49AA, 0x49AA, 0x49AA, 0x49AA, 0x49AA, 0x49AB,
  0x49AB, 0x49AA, 0x49AA, 0x49AA, 0x49AA, 0x49AA, 0x49AA, 0x49AB, 0x49AA, 0x498A, 0x49AA, 0x498A,
  0x51AB, 0x49AB, 0x49AA, 0x49AA, 0x49AA, 0x49AA, 0x49AB, 0x49AB, 0x51AB, 0x49AB, 0x49AB, 0x49AB,
  0x49AB, 0x49AB, 0x49AA, 0x498A, 0x51CB, 0x28E6, 0x2924, 0xA4B1, 0x39C6, 0x41E7, 0x62CA, 0x7B6C,
  0x734C, 0x6B0B, 0x6B0B, 0x83AD, 0x83CD, 0x734B, 0x62CA, 0x5269, 0x3186, 0x2944, 0x2924, 0x2945,
  0x2945, 0x2945, 0x2944, 0x2124, 0x2924, 0x41C6, 0x4A07, 0x5A89, 0x5A89, 0x62CA, 0x62CA, 0x62A9,
  0x62CA, 0x62A9, 0x4A07, 0x2944, 0x3185, 0x5A69, 0x41E7, 0x0841, 0x498A, 0x49AA, 0x49AB, 0x3949,
  0x4169, 0x51CB, 0x51CB, 0x3107, 0x496A, 0x7A70, 0x8290, 0x8AD1, 0x8AD1, 0x9312, 0x92F1, 0x8AD1,
  0x8AF1, 0x6A2E, 0x498B, 0x416A, 0x28C6, 0x3949, 0x4169, 0x4169, 0x3948, 0x3928, 0x3948, 0x3928,
  0x3128, 0x3127, 0x2907, 0x2907, 0x28E6, 0x18A3, 0x1083, 0x1083, 0x1082, 0x1082, 0x5124, 0x79E7,
  0x9207, 0x81E7, 0x79C6, 0x9228, 0x8A07, 0x6185, 0x28A2, 0x2104, 0x7BAD, 0x736C, 0x39A6, 0x28C3,
  0x38E3, 0x2882, 0x2081, 0x2882, 0x30E3, 0x30C2, 0x2082, 0x2882, 0x30C2, 0x38E3, 0x1841, 0x20C2,
  0x5AA9, 0x7B8D, 0x3165, 0x838C, 0x942F, 0x83CD, 0x4A69, 0x1082, 0x4924, 0x9228, 0x81E7, 0x8A07,
  0x81E7, 0x79C6, 0x79C6, 0x69A6, 0x5945, 0x38E3, 0x5124, 0x5944, 0x5124, 0x28A3, 0x28A2, 0x6145,
  0x6165, 0x6165, 0x6145, 0x6145, 0x5124, 0x38E3, 0x28C3, 0x10A3, 0x1083, 0x1083, 0x10A3, 0x28E6,
  0x2906, 0x3107, 0x3127, 0x3127, 0x3948, 0x3928, 0x3948, 0x4169, 0x3949, 0x3949, 0x4169, 0x498A,
  0x49AA, 0x49AA, 0x51CB, 0x49AA, 0x28E5, 0x39A6, 0x5A88, 0x7B8C, 0x734B, 0x6B0B, 0x41E7, 0x18C3,
  0x20E3, 0x2104, 0x3165, 0x3185, 0x41E7, 0x5227, 0x5248, 0x62A9, 0x62A9, 0x5A89, 0x62A9, 0x62CA,
  0x6AEA, 0x6AEA, 0x6AEA, 0x62CA, 0x41E7, 0x39A6, 0x3986, 0x3165, 0x2945, 0x39A6, 0x3165, 0x62A9,
  0x5A89, 0x2924, 0x41E7, 0xACD1, 0x8BCD, 0x5248, 0x2104, 0x2904, 0x20E3, 0x2924, 0x5A89, 0x734B,
  0x5268, 0x2104, 0x3127, 0x51EC, 0x49AA, 0x49AA, 0x49AA, 0x49AA, 0x49AA, 0x49AA, 0x49AB, 0x49AB,
  0x49AB, 0x49AA, 0x49AA, 0x49AA, 0x49AA, 0x49AA, 0x49AA, 0x49AB, 0x49AB, 0x49AA, 0x49AA, 0x49AA,
  0x49AA, 0x49AA, 0x49AA, 0x498A, 0x49AA, 0x49AA, 0x49AA, 0x49AB, 0x49AB, 0x49AB, 0x51AB, 0x49AB,
  0x49AB, 0x49AB, 0x49AB, 0x498A, 0x51CB, 0x28E6, 0x2103, 0x942F, 0x7B6C, 0x39A6, 0x41C7, 0x62CA,
  0x6B2B, 0x83AD, 0x7B8C, 0x83CD, 0x9C70, 0xACD1, 0x7B8C, 0x7B6C, 0x7B6C, 0x6B2B, 0x62EA, 0x62EA,
  0x62CA, 0x5A89, 0x5A89, 0x5269, 0x5268, 0x5A89, 0x62CA, 0x62CA, 0x6AEA, 0x62CA, 0x5A89, 0x5AA9,
  0x5A69, 0x4A07, 0x2924, 0x2124, 0x5A89, 0x5A68, 0x2944, 0x0862, 0x49AB, 0x51AB, 0x49AA, 0x49AB,
  0x49AB, 0x49AB, 0x51CB, 0x28E7, 0x3929, 0x59CD, 0x61ED, 0x7A6F, 0x8290, 0x92F1, 0x7A6F, 0x724F,
  0x7A70, 0x518C, 0x414A, 0x3908, 0x28E6, 0x4169, 0x49AA, 0x418A, 0x4169, 0x3928, 0x3128, 0x3107,
  0x3107, 0x3127, 0x3107, 0x28E6, 0x28E6, 0x28E6, 0x28E6, 0x2907, 0x20C5, 0x1061, 0x28A2, 0x6165,
  0x7186, 0x71A6, 0x71A6, 0x81E7, 0x81E7, 0x8A07, 0x69A6, 0x18A2, 0x1061, 0x0820, 0x0841, 0x30C3,
  0x69A6, 0x9248, 0x9248, 0x9A48, 0x9A28, 0x9228, 0x8A28, 0x9A68, 0xAAA9, 0x9A68, 0x71A6, 0x4103,
  0x1061, 0x0820, 0x0841, 0x5A68, 0x7B8C, 0x4A28, 0x0020, 0x4944, 0x9228, 0x79E7, 0x81E7, 0x81E7,
  0x71A6, 0x71A6, 0x6986, 0x6986, 0x6985, 0x30C3, 0x28A2, 0x28A3, 0x1882, 0x1882, 0x40E3, 0x5124,
  0x5945, 0x5124, 0x40E3, 0x40E3, 0x28C2, 0x0841, 0x0861, 0x20C5, 0x28E6, 0x28E6, 0x2906, 0x28E6,
  0x2907, 0x2907, 0x3127, 0x3128, 0x3128, 0x3948, 0x3948, 0x3948, 0x3949, 0x4169, 0x49AA, 0x49AA,
  0x49AA, 0x49AB, 0x49AA, 0x20E5, 0x18E3, 0x7B6C, 0x8BED, 0x4A28, 0x0862, 0x1062, 0x18E3, 0x2944,
  0x41C6, 0x41E6, 0x41E7, 0x5228, 0x4A27, 0x41E7, 0x4A07, 0x5228, 0x4A28, 0x4A28, 0x5248, 0x5248,
  0x5269, 0x5A69, 0x5A89, 0x5A89, 0x62A9, 0x6ACA, 0x6AEA, 0x5A69, 0x4A07, 0x1082, 0x4A07, 0x5248,
  0x5248, 0x4A27, 0x5268, 0xACD1, 0x6B0A, 0x3185, 0x18C3, 0x3165, 0x41C6, 0x2945, 0x20E3, 0x41C6,
  0x8BCD, 0x4A07, 0x1082, 0x3948, 0x49AB, 0x498A, 0x49AA, 0x49AA, 0x49AA, 0x49AA, 0x49AA, 0x49AA,
  0x498A, 0x49AA, 0x498A, 0x498A, 0x498A, 0x49AA, 0x49AA, 0x49AA, 0x49AA, 0x498A, 0x498A, 0x498A,
  0x51CB, 0x51CB, 0x51CB, 0x51AB, 0x51AB, 0x51AB, 0x51CB, 0x51CB, 0x51CB, 0x51CB, 0x51CB, 0x51CB,
  0x51CB, 0x51CB, 0x51CB, 0x51AB, 0x51CC, 0x2906, 0x1081, 0x5A68, 0x8BEE, 0x9C70, 0x5248, 0x2124,
  0x39C7, 0x62CA, 0x7B8D, 0x8C0E, 0x9C90, 0x9C90, 0x8BEE, 0x83CD, 0x83CE, 0x8BEE, 0x7B8D, 0x734C,
  0x6B0B, 0x6AEA, 0x62CA, 0x6AEA, 0x6AEA, 0x62CA, 0x5AA9, 0x62A9, 0x62A9, 0x62A9, 0x41E7, 0x2944,
  0x18E3, 0x2924, 0x39A6, 0x6AEA, 0x5248, 0x3185, 0x10A2, 0x0821, 0x49AA, 0x51AB, 0x51AB, 0x51AB,
  0x51CB, 0x51CB, 0x51CB, 0x3107, 0x3108, 0x518C, 0x69EE, 0x518C, 0x7A6F, 0x722F, 0x51AC, 0x496B,
  0x518C, 0x416A, 0x3108, 0x28C6, 0x498A, 0x418A, 0x498A, 0x418A, 0x4169, 0x3948, 0x3928, 0x3949,
  0x3948, 0x3948, 0x3127, 0x3127, 0x2907, 0x2906, 0x2906, 0x28E6, 0x28E6, 0x20C5, 0x0861, 0x30C3,
  0x5124, 0x6985, 0x71A6, 0x6985, 0x79C6, 0x8207, 0x8207, 0x79E7, 0x81E7, 0x79E7, 0x79C6, 0x8207,
  0x8A27, 0x79C6, 0x6985, 0x7186, 0x5944, 0x5945, 0x6986, 0x79C6, 0x8A27, 0x8A28, 0x8A07, 0x9228,
  0x8207, 0x5965, 0x20A2, 0x1882, 0x10A2, 0x0041, 0x3903, 0x81E7, 0x81E7, 0x71A6, 0x71A6, 0x71A6,
  0x7186, 0x71A6, 0x71A6, 0x6145, 0x4904, 0x1062, 0x0862, 0x1082, 0x0862, 0x1082, 0x1082, 0x1082,
  0x1082, 0x1062, 0x0861, 0x0861, 0x0861, 0x1083, 0x28E6, 0x28E5, 0x28E6, 0x3107, 0x3107, 0x3107,
  0x3128, 0x3127, 0x3127, 0x3949, 0x4169, 0x498A, 0x4169, 0x4169, 0x4169, 0x51AB, 0x51AB, 0x51AB,
  0x51AB, 0x51AB, 0x3947, 0x0881, 0x8BEE, 0x6B0A, 0x18C3, 0x0021, 0x20E3, 0x3165, 0x3985, 0x3165,
  0x3985, 0x39A6, 0x39A6, 0x41C6, 0x41E7, 0x18E5, 0x10A4, 0x10C4, 0x10C4, 0x10C4, 0x10C5, 0x10C5,
  0x10C4, 0x10C4, 0x10C5, 0x10C5, 0x41E7, 0x62A9, 0x5A89, 0x5248, 0x4A07, 0x1082, 0x62C9, 0x4A07,
  0x4A07, 0x6AEA, 0x4A28, 0xB533, 0x41E7, 0x18C3, 0x18C3, 0x18A3, 0x3985, 0x41C6, 0x3165, 0x10A2,
  0x3165, 0x8BCD, 0x39A5, 0x1062, 0x49AA, 0x49AA, 0x51AB, 0x51AB, 0x51AB, 0x51AB, 0x51AB, 0x51AB,
  0x51AB, 0x51AB, 0x51AB, 0x51AB, 0x51AB, 0x51AB, 0x51AB, 0x51AB, 0x51AB, 0x51AB, 0x51AB, 0x51AB,
  0x49AB, 0x49AA, 0x49AA, 0x49AA, 0x49AA, 0x49AB, 0x49AB, 0x49AB, 0x49AB, 0x49AB, 0x49AB, 0x49AB,
  0x49AA, 0x49AA, 0x49AA, 0x498A, 0x49AB, 0x28E6, 0x0020, 0x1082, 0x5248, 0x7B6C, 0x9C90, 0xBD74,
  0x734C, 0x2104, 0x2945, 0x2944, 0x3165, 0x8BEE, 0xACF1, 0x8BEE, 0x8BEE, 0x944F, 0x83CD, 0x736C,
  0x6B0B, 0x6AEA, 0x6AEA, 0x6B0B, 0x6AEA, 0x62CA, 0x41E7, 0x18E3, 0x2124, 0x2104, 0x2924, 0x5248,
  0x6B0B, 0x732B, 0x5A89, 0x39A6, 0x3165, 0x18E3, 0x0041, 0x0862, 0x418A, 0x49AB, 0x49AB, 0x49AB,
  0x49AB, 0x49AA, 0x49AA, 0x418A, 0x3108, 0x30E7, 0x518C, 0x51AC, 0x59AC, 0x51AC, 0x496B, 0x414A,
  0x394A, 0x28E7, 0x28E6, 0x418A, 0x49AA, 0x498A, 0x498A, 0x498A, 0x498A, 0x4169, 0x4169, 0x3948,
  0x3128, 0x3127, 0x3127, 0x3107, 0x3127, 0x2906, 0x2906, 0x28E6, 0x28E6, 0x20E6, 0x20C5, 0x1082,
  0x1882, 0x4104, 0x7185, 0x7185, 0x6145, 0x71A6, 0x79C7, 0x71A6, 0x71C6, 0x79C6, 0x71A6, 0x71A6,
  0x79C6, 0x71A6, 0x6185, 0x5944, 0x28A2, 0x30C3, 0x6965, 0x79C6, 0x71A6, 0x79C7, 0x81E7, 0x8A07,
  0x81E7, 0x79E7, 0x79C6, 0x71C6, 0x69A6, 0x69A6, 0x71A6, 0x79E7, 0x81E7, 0x6165, 0x71A6, 0x79C6,
  0x79A6, 0x6986, 0x6145, 0x5124, 0x28A2, 0x0861, 0x18A4, 0x20C5, 0x20C5, 0x20C5, 0x20C5, 0x1082,
  0x0861, 0x0862, 0x0861, 0x1083, 0x20C5, 0x20C5, 0x28E6, 0x28E6, 0x2906, 0x3107, 0x3107, 0x3107,
  0x3107, 0x3128, 0x3948, 0x3948, 0x3949, 0x3948, 0x3949, 0x4189, 0x49AA, 0x49AA, 0x49AA, 0x49AA,
  0x51AB, 0x3127, 0x0861, 0x7B6C, 0x83CD, 0x2944, 0x0861, 0x2103, 0x2924, 0x3165, 0x3985, 0x3985,
  0x39A6, 0x2924, 0x1083, 0x10A3, 0x18E5, 0x1928, 0x1108, 0x1108, 0x1108, 0x1108, 0x1108, 0x1108,
  0x1108, 0x1108, 0x1128, 0x10E6, 0x18E5, 0x18E5, 0x10E5, 0x2126, 0x5227, 0x0841, 0x736B, 0x5268,
  0x5A89, 0x8BED, 0x3185, 0xACF1, 0x41E7, 0x18C3, 0x41E7, 0x3165, 0x18C3, 0x20E3, 0x3985, 0x3985,
  0x2104, 0x39A6, 0x83AC, 0x41E6, 0x0841, 0x49AB, 0x498A, 0x498A, 0x49AA, 0x49AA, 0x49AA, 0x49AA,
  0x49AA, 0x49AA, 0x49AA, 0x49AA, 0x49AB, 0x49AA, 0x49AA, 0x49AA, 0x49AA, 0x49AB, 0x49AB, 0x49AA,
  0x51CB, 0x49AB, 0x49AB, 0x49AB, 0x49AB, 0x49AB, 0x51AB, 0x51CB, 0x51AB, 0x51AB, 0x51AB, 0x49AB,
  0x49AB, 0x49AA, 0x49AB, 0x49AA, 0x51AB, 0x28E6, 0x0861, 0x2944, 0x10A2, 0x2965, 0x6B0B, 0x7B8D,
  0x7B6C, 0xA4B1, 0xBD94, 0x9450, 0x734B, 0x5248, 0x3985, 0x39A6, 0x3165, 0x3185, 0x3185, 0x3165,
  0x2924, 0x2104, 0x2124, 0x2945, 0x3165, 0x2945, 0x3185, 0x62A9, 0x6B0B, 0x6AEA, 0x62CA, 0x6AEA,
  0x5A89, 0x41E7, 0x2924, 0x1082, 0x0841, 0x18C3, 0x20E3, 0x0862, 0x498A, 0x49AB, 0x49AB, 0x49AB,
  0x49AA, 0x49AA, 0x49AA, 0x51AB, 0x4169, 0x3948, 0x3108, 0x3929, 0x496B, 0x496B, 0x414A, 0x3108,
  0x28E7, 0x3128, 0x3948, 0x51AB, 0x51CB, 0x49AA, 0x4169, 0x3949, 0x4169, 0x4169, 0x49AA, 0x418A,
  0x3948, 0x3128, 0x3128, 0x3107, 0x3128, 0x2907, 0x28E6, 0x2906, 0x28E6, 0x28E6, 0x2907, 0x18C4,
  0x10A3, 0x20A3, 0x38E3, 0x38E3, 0x30C3, 0x5944, 0x6965, 0x6985, 0x71A6, 0x6165, 0x6985, 0x71A6,
  0x6165, 0x5945, 0x5144, 0x28C3, 0x1061, 0x1882, 0x4104, 0x6965, 0x6965, 0x71A6, 0x79C6, 0x79C6,
  0x69A6, 0x71C6, 0x8A07, 0x81E7, 0x79C6, 0x81C6, 0x81E7, 0x6986, 0x5944, 0x6985, 0x79A6, 0x71A6,
  0x6985, 0x5944, 0x38E3, 0x20A2, 0x0861, 0x1083, 0x20C5, 0x28E6, 0x28E6, 0x28E6, 0x28E6, 0x20C4,
  0x20C5, 0x20E5, 0x20C5, 0x20C5, 0x28E6, 0x2906, 0x28E6, 0x2906, 0x2907, 0x3107, 0x3128, 0x3948,
  0x3148, 0x3948, 0x3948, 0x3948, 0x3949, 0x4189, 0x498A, 0x49AA, 0x49AA, 0x49AA, 0x49AA, 0x498A,
  0x51AB, 0x3127, 0x0861, 0x940E, 0x5A89, 0x10A2, 0x18C3, 0x2944, 0x2944, 0x3165, 0x2104, 0x18C3,
  0x10C4, 0x10E6, 0x10E6, 0x10E6, 0x1107, 0x1928, 0x1929, 0x1929, 0x1128, 0x1128, 0x1128, 0x1128,
  0x1128, 0x1128, 0x1929, 0x1949, 0x1949, 0x1128, 0x1107, 0x10E6, 0x18E4, 0x0000, 0x83AC, 0x5268,
  0x62CA, 0xA490, 0x3185, 0xA4B0, 0x39A6, 0x20E3, 0x5A68, 0x4A07, 0x3985, 0x18A2, 0x18C3, 0x3985,
  0x41C6, 0x2103, 0x4A07, 0x838C, 0x2103, 0x1083, 0x498A, 0x49AA, 0x49AA, 0x49AA, 0x49AA, 0x49AA,
  0x49AA, 0x49AA, 0x49AA, 0x49AA, 0x49AB, 0x49AA, 0x49AA, 0x49AA, 0x49AA, 0x498A, 0x498A, 0x498A,
  0x51CB, 0x51CB, 0x51AB, 0x51AB, 0x51CB, 0x51AB, 0x51CB, 0x51CB, 0x51CB, 0x51AB, 0x51AB, 0x51AB,
  0x51AB, 0x51AB, 0x49AB, 0x49AA, 0x51CB, 0x2906, 0x18A2, 0x5248, 0x39A6, 0x2924, 0x10A2, 0x10A2,
  0x39C6, 0x8BEE, 0x9470, 0x942F, 0xACF2, 0xA4B1, 0x9C91, 0x9470, 0x83CD, 0x736C, 0x734C, 0x734B,
  0x62EA, 0x62EA, 0x62CA, 0x5A89, 0x5AA9, 0x62CA, 0x6AEA, 0x6B0A, 0x5A89, 0x5268, 0x4A07, 0x3165,
  0x18E3, 0x10A2, 0x0861, 0x10A2, 0x20E3, 0x2924, 0x2104, 0x1062, 0x49AB, 0x51CB, 0x49AB, 0x49AA,
  0x49AA, 0x49AA, 0x49AA, 0x49AA, 0x51CB, 0x498A, 0x28E7, 0x3108, 0x3108, 0x4149, 0x3108, 0x3107,
  0x28E6, 0x498A, 0x51AB, 0x498A, 0x498A, 0x51CB, 0x4149, 0x28C6, 0x28E7, 0x3108, 0x498A, 0x51AB,
  0x498A, 0x3948, 0x3928, 0x3948, 0x3928, 0x3107, 0x3107, 0x2907, 0x2907, 0x2907, 0x2907, 0x2907,
  0x2906, 0x1083, 0x0862, 0x0841, 0x0862, 0x38E3, 0x4904, 0x5124, 0x5124, 0x5124, 0x5144, 0x5945,
  0x4904, 0x38C3, 0x30C3, 0x0862, 0x1062, 0x1082, 0x18A2, 0x38E3, 0x5945, 0x6985, 0x7186, 0x6985,
  0x6165, 0x6165, 0x7185, 0x6165, 0x4904, 0x5124, 0x5944, 0x5144, 0x5945, 0x71A6, 0x6985, 0x5945,
  0x5124, 0x38E3, 0x1882, 0x0862, 0x1082, 0x28E6, 0x28E6, 0x28E6, 0x20E5, 0x20E5, 0x20E5, 0x28E6,
  0x28E6, 0x28E6, 0x28E6, 0x28E6, 0x28E6, 0x2906, 0x2906, 0x3107, 0x3107, 0x3127, 0x4169, 0x4169,
  0x4169, 0x4169, 0x4169, 0x4169, 0x4169, 0x49AA, 0x51AB, 0x51CB, 0x51AB, 0x49AA, 0x49AA, 0x49AA,
  0x51CB, 0x3147, 0x1081, 0x942E, 0x39C6, 0x0841, 0x2104, 0x3165, 0x2104, 0x10A3, 0x10C5, 0x10C6,
  0x10E6, 0x10E7, 0x10E7, 0x1107, 0x10E6, 0x10C6, 0x10C6, 0x10E6, 0x10C6, 0x10C6, 0x10C6, 0x10C6,
  0x10C6, 0x10C6, 0x10E6, 0x10E6, 0x10E6, 0x1107, 0x1107, 0x1107, 0x10E6, 0x0021, 0x83AC, 0x5248,
  0x62CA, 0xB512, 0x3185, 0xB4F1, 0x41E6, 0x10A2, 0x5228, 0x5227, 0x5248, 0x41C6, 0x2924, 0x2104,
  0x39A5, 0x3165, 0x18C3, 0x62C9, 0x6AEA, 0x0861, 0x20E5, 0x49AA, 0x49AB, 0x49AA, 0x49AA, 0x51AB,
  0x51AB, 0x51AB, 0x51AB, 0x51AB, 0x51AB, 0x51AB, 0x51AB, 0x51AB, 0x49AB, 0x51AB, 0x51AB, 0x51AB,
  0x49AB, 0x49AB, 0x49AB, 0x49AB, 0x49AB, 0x49AB, 0x49AB, 0x49AB, 0x49AB, 0x49AB, 0x49AA, 0x49AA,
  0x49AA, 0x498A, 0x49AA, 0x498A, 0x49CB, 0x2906, 0x18E3, 0x62CA, 0x5AAA, 0x4A07, 0x2103, 0x2104,
  0x2103, 0x2944, 0x3165, 0x3165, 0x7BAD, 0xAD12, 0xBD74, 0xB533, 0xA4D1, 0x9C4F, 0x8BEE, 0x83CD,
  0x83AD, 0x7BAD, 0x734C, 0x6B0B, 0x5A89, 0x5A69, 0x5A69, 0x41E6, 0x18E3, 0x18C3, 0x18C2, 0x0020,
  0x0841, 0x18A2, 0x18A2, 0x3185, 0x39A6, 0x4185, 0x3102, 0x0862, 0x49AA, 0x49AB, 0x49AA, 0x49AA,
  0x49AA, 0x49AA, 0x49AB, 0x49AB, 0x49AB, 0x49AA, 0x49AA, 0x2907, 0x20C6, 0x20C6, 0x20C5, 0x3107,
  0x49AA, 0x498A, 0x49AA, 0x418A, 0x416A, 0x3108, 0x3929, 0x51AC, 0x620E, 0x416A, 0x28C6, 0x4169,
  0x498A, 0x498A, 0x4169, 0x3107, 0x3108, 0x416A, 0x3928, 0x3107, 0x2907, 0x28E6, 0x28E6, 0x28E6,
  0x28E6, 0x2906, 0x2906, 0x20E5, 0x28E6, 0x1083, 0x0841, 0x0841, 0x0841, 0x0841, 0x0841, 0x0841,
  0x0841, 0x0841, 0x0841, 0x20E5, 0x28E6, 0x2906, 0x18A4, 0x0840, 0x38E3, 0x5944, 0x6145, 0x6165,
  0x6985, 0x6985, 0x6965, 0x6165, 0x5965, 0x5945, 0x6165, 0x6165, 0x5945, 0x5124, 0x4924, 0x4104,
  0x1882, 0x0841, 0x1082, 0x28E6, 0x28E6, 0x28E6, 0x28E6, 0x28E6, 0x28E6, 0x28E6, 0x28E6, 0x2906,
  0x2906, 0x2906, 0x2906, 0x3107, 0x3128, 0x3128, 0x3127, 0x3928, 0x3948, 0x3948, 0x3949, 0x3949,
  0x3949, 0x3949, 0x418A, 0x49AA, 0x49AA, 0x49AA, 0x49AA, 0x51AB, 0x51AB, 0x49AA, 0x49AA, 0x49AA,
  0x51CB, 0x3127, 0x1081, 0x942E, 0x5A88, 0x0841, 0x18C2, 0x2124, 0x10C5, 0x10C6, 0x10C5, 0x10C5,
  0x10C5, 0x10C5, 0x10E6, 0x10E6, 0x1107, 0x10E7, 0x10E7, 0x10E7, 0x1107, 0x1107, 0x1108, 0x1107,
  0x1107, 0x1108, 0x1108, 0x1907, 0x10C5, 0x08A4, 0x10A4, 0x10E6, 0x1928, 0x0041, 0x8BED, 0x5248,
  0x5A89, 0xB512, 0x3185, 0xACD1, 0x6B0B, 0x2103, 0x41C6, 0x5227, 0x5A48, 0x5A48, 0x5227, 0x2924,
  0x18E3, 0x3985, 0x3144, 0x2924, 0x838C, 0x4A27, 0x0861, 0x4168, 0x51AB, 0x49AA, 0x49AA, 0x49AA,
  0x498A, 0x498A, 0x498A, 0x49AA, 0x498A, 0x498A, 0x49AA, 0x49AA, 0x498A, 0x49AA, 0x498A, 0x498A,
  0x51CB, 0x51CB, 0x51CB, 0x51CB, 0x51CB, 0x51CB, 0x51CB, 0x51CB, 0x51CB, 0x51CB, 0x51CB, 0x51CB,
  0x51AB, 0x51AB, 0x51AB, 0x51AB, 0x51CB, 0x2906, 0x28E2, 0x92C6, 0x6A87, 0x5A89, 0x62AA, 0x732B,
  0x5228, 0x20E3, 0x20E3, 0x18E3, 0x20E3, 0x2104, 0x2103, 0x2924, 0x2944, 0x2945, 0x2104, 0x20E3,
  0x2103, 0x2104, 0x20E3, 0x20E3, 0x18C2, 0x18C2, 0x18C2, 0x10A2, 0x10A2, 0x1082, 0x18A2, 0x18C2,
  0x2924, 0x41E7, 0x39C7, 0x39A6, 0x49A4, 0x71C3, 0x5942, 0x0842, 0x498A, 0x51CB, 0x51AB, 0x51AB,
  0x51AB, 0x51AB, 0x51CB, 0x51CB, 0x51AB, 0x51AB, 0x51AB, 0x498A, 0x49AA, 0x498A, 0x49AA, 0x49AA,
  0x49AB, 0x51AB, 0x51CB, 0x3929, 0x28E7, 0x3929, 0x620D, 0x8AD1, 0x8AF2, 0x6A2F, 0x4149, 0x28E7,
  0x4169, 0x51AB, 0x4169, 0x3929, 0x496A, 0x496B, 0x3929, 0x3128, 0x3928, 0x3128, 0x3928, 0x3107,
  0x3107, 0x2906, 0x2906, 0x28E6, 0x2906, 0x20E5, 0x20C4, 0x20C4, 0x18C4, 0x18C4, 0x18A4, 0x18A4,
  0x18A4, 0x18C4, 0x20C4, 0x28E6, 0x2906, 0x28E6, 0x20C5, 0x20C4, 0x18A2, 0x18A2, 0x1881, 0x28A2,
  0x5124, 0x6145, 0x5944, 0x5965, 0x6165, 0x6145, 0x4924, 0x38C3, 0x1882, 0x1061, 0x1061, 0x1061,
  0x1082, 0x20C5, 0x20C5, 0x28E6, 0x28E6, 0x2906, 0x2906, 0x2906, 0x2907, 0x3107, 0x3107, 0x3107,
  0x3128, 0x3107, 0x28E6, 0x28E7, 0x28E6, 0x28E6, 0x3928, 0x3949, 0x3949, 0x4169, 0x3969, 0x4169,
  0x4169, 0x49AA, 0x49AB, 0x51AB, 0x51AB, 0x51AB, 0x51AB, 0x51AB, 0x51AB, 0x51AB, 0x51AB, 0x49AA,
  0x51CB, 0x3127, 0x0841, 0x62CA, 0x8BEE, 0x5AA9, 0x1082, 0x0042, 0x1906, 0x10E6, 0x10C5, 0x10A5,
  0x10C6, 0x1907, 0x218B, 0x21CD, 0x218C, 0x21AC, 0x21AC, 0x21AC, 0x21CD, 0x21CD, 0x21CD, 0x21CD,
  0x21CD, 0x21CD, 0x21CD, 0x21CD, 0x198B, 0x194A, 0x1107, 0x10A5, 0x10E7, 0x0862, 0x8C0E, 0x6B0A,
  0x5248, 0xA490, 0x39A5, 0x8BEE, 0xA490, 0x41C6, 0x2944, 0x5A48, 0x5227, 0x5227, 0x5248, 0x49E7,
  0x2103, 0x20E3, 0x41E6, 0x2924, 0x39A6, 0x7B6B, 0x3144, 0x1063, 0x51CB, 0x49AB, 0x51AB, 0x51AB,
  0x51AB, 0x51AB, 0x51AB, 0x51AB, 0x51AB, 0x51AB, 0x51AB, 0x51AB, 0x51AB, 0x51AB, 0x51AB, 0x51AB,
  0x49AB, 0x49AB, 0x49AB, 0x49AB, 0x49AB, 0x49AB, 0x49AB, 0x49AB, 0x51AB, 0x49AB, 0x49AB, 0x49AB,
  0x49AB, 0x49AA, 0x49AB, 0x49AA, 0x51CB, 0x2906, 0x28C2, 0xAAC5, 0xAB06, 0x7AA7, 0x72C9, 0x732B,
  0x734C, 0x734C, 0x6B0B, 0x6B0B, 0x39A6, 0x18C3, 0x1082, 0x0861, 0x1082, 0x1082, 0x1081, 0x0861,
  0x0841, 0x0841, 0x0861, 0x1082, 0x1082, 0x1082, 0x1082, 0x18E3, 0x3985, 0x39A6, 0x41E7, 0x41E7,
  0x39E7, 0x49C6, 0x61E5, 0x59C5, 0x71A3, 0x79C3, 0x5142, 0x0842, 0x418A, 0x49AB, 0x49AA, 0x49AB,
  0x49AB, 0x49AB, 0x49AB, 0x49AB, 0x49AB, 0x49AA, 0x49AA, 0x49AB, 0x51CB, 0x51CB, 0x51CB, 0x51AB,
  0x49AB, 0x498A, 0x4169, 0x416A, 0x394A, 0x59CC, 0x8AB1, 0x9311, 0x92F2, 0x92F2, 0x6A0E, 0x414A,
  0x28E7, 0x3949, 0x51CC, 0x61ED, 0x69EE, 0x3928, 0x20C6, 0x3107, 0x3928, 0x3928, 0x3128, 0x3107,
  0x3107, 0x2907, 0x2907, 0x28E6, 0x28E6, 0x2907, 0x2907, 0x2907, 0x2907, 0x28E6, 0x2906, 0x28E6,
  0x28E6, 0x2906, 0x2906, 0x28E6, 0x28E6, 0x28E6, 0x28E6, 0x2906, 0x18C4, 0x10A3, 0x1083, 0x18A3,
  0x20A2, 0x28A2, 0x28A2, 0x28C2, 0x30C3, 0x28C2, 0x1881, 0x1082, 0x18A4, 0x18A3, 0x18A3, 0x18A4,
  0x20C5, 0x2907, 0x2906, 0x2906, 0x2906, 0x2906, 0x2906, 0x28E6, 0x3107, 0x28E6, 0x2906, 0x2907,
  0x28E6, 0x3108, 0x4149, 0x416A, 0x3929, 0x28E7, 0x28C6, 0x3949, 0x4189, 0x418A, 0x418A, 0x49AA,
  0x49AA, 0x498A, 0x49AA, 0x49AA, 0x49AB, 0x49AB, 0x49AA, 0x49AB, 0x49AB, 0x49AB, 0x49AB, 0x49AA,
  0x51CB, 0x3127, 0x0020, 0x2944, 0x83CD, 0xA490, 0x62CA, 0x2924, 0x0041, 0x0863, 0x08A4, 0x1908,
  0x198B, 0x21CD, 0x29EE, 0x21EE, 0x29EE, 0x29EE, 0x29EE, 0x21EE, 0x21CD, 0x21CD, 0x21CD, 0x21CD,
  0x21CD, 0x21CD, 0x21CC, 0x21AD, 0x21CD, 0x21CE, 0x218B, 0x10E7, 0x10A5, 0x0841, 0x83AD, 0x8BEE,
  0x5248, 0x8BCD, 0x6ACA, 0x6AEA, 0xA4B0, 0x4A28, 0x20E3, 0x5A68, 0x5227, 0x5248, 0x5227, 0x5228,
  0x41E6, 0x2104, 0x3145, 0x39A5, 0x18A2, 0x4A07, 0x5248, 0x18C3, 0x3127, 0x51CB, 0x49AB, 0x49AA,
  0x49AA, 0x49AA, 0x49AA, 0x49AA, 0x49AA, 0x49AB, 0x49AA, 0x49AA, 0x49AB, 0x49AA, 0x49AA, 0x49AA,
  0x49AB, 0x49AB, 0x49AB, 0x49AB, 0x49AB, 0x49AB, 0x49AB, 0x49AB, 0x49AB, 0x49AB, 0x49AB, 0x49AB,
  0x49AA, 0x49AA, 0x49AB, 0x49AA, 0x51CB, 0x2906, 0x28C2, 0xA2C5, 0xAB06, 0xB306, 0xB306, 0x9329,
  0x7B2A, 0x8BAC, 0x8BEE, 0x83CE, 0x9C70, 0x8C0E, 0x7B6C, 0x6B0B, 0x62CA, 0x5AA9, 0x5AA9, 0x5268,
  0x4A27, 0x4A07, 0x4A07, 0x4A48, 0x4A48, 0x4A28, 0x4A07, 0x4A08, 0x4207, 0x4A07, 0x51E6, 0x51E5,
  0x51E6, 0x69E5, 0x81C3, 0x81E3, 0x79C3, 0x79C3, 0x4922, 0x0841, 0x498A, 0x49AB, 0x49AA, 0x51AB,
  0x49AB, 0x49AB, 0x49AB, 0x49AA, 0x49AA, 0x49AA, 0x498A, 0x49AA, 0x49AB, 0x49AB, 0x49AB, 0x49AB,
  0x49AB, 0x3128, 0x28E7, 0x7A6F, 0x9312, 0x8AD1, 0x9332, 0x8AF1, 0x92F1, 0x8AD1, 0x8AF1, 0x6A0E,
  0x3108, 0x28E7, 0x3969, 0x51AC, 0x518B, 0x28E7, 0x3948, 0x3948, 0x3948, 0x3948, 0x3928, 0x3948,
  0x3948, 0x3127, 0x3107, 0x28E6, 0x2907, 0x2906, 0x2906, 0x2907, 0x2906, 0x2906, 0x2906, 0x2906,
  0x28E6, 0x28E6, 0x2906, 0x2906, 0x2907, 0x2907, 0x2907, 0x2907, 0x2907, 0x28E6, 0x2906, 0x20E5,
  0x0862, 0x0862, 0x0862, 0x0862, 0x0862, 0x0862, 0x0842, 0x1083, 0x2906, 0x2906, 0x28E6, 0x28E6,
  0x28E6, 0x2906, 0x3107, 0x3127, 0x3128, 0x3107, 0x3107, 0x3127, 0x3107, 0x3127, 0x3948, 0x3928,
  0x3108, 0x51CC, 0x8AB1, 0x9B33, 0x7A70, 0x51AC, 0x3108, 0x4169, 0x3948, 0x3928, 0x498A, 0x49AB,
  0x49AA, 0x49AA, 0x49AA, 0x49AA, 0x51AB, 0x51AB, 0x51AB, 0x51AB, 0x51AB, 0x51AB, 0x49AB, 0x49AA,
  0x51CB, 0x3127, 0x0020, 0x0861, 0x39A6, 0x6B0B, 0xACF2, 0x83AD, 0x20E3, 0x18C2, 0x18E4, 0x1107,
  0x198B, 0x196B, 0x218A, 0x21CD, 0x21CD, 0x29EE, 0x21EE, 0x21EE, 0x21EE, 0x21EE, 0x21EE, 0x21CE,
  0x21CD, 0x21CD, 0x21AC, 0x218B, 0x218B, 0x216A, 0x196A, 0x10E6, 0x1082, 0x0861, 0x62CA, 0xACF1,
  0x5A69, 0x62A9, 0x9C4F, 0x41E6, 0x9C4F, 0x62CA, 0x10A3, 0x5A88, 0x5A48, 0x5247, 0x5227, 0x5227,
  0x5227, 0x41E6, 0x18C3, 0x39A5, 0x3985, 0x18C3, 0x6B0A, 0x5A68, 0x0841, 0x49CB, 0x49AB, 0x49AA,
  0x49AA, 0x49AA, 0x49AA, 0x49AA, 0x49AA, 0x49AA, 0x49AA, 0x49AA, 0x49AA, 0x49AA, 0x49AA, 0x49AA,
  0x51CB, 0x51CB, 0x51AB, 0x51CB, 0x51CB, 0x51CB, 0x51AB, 0x51AB, 0x51CB, 0x51CB, 0x51CB, 0x51CB,
  0x51AB, 0x51AB, 0x51AB, 0x51AB, 0x59EB, 0x2906, 0x20A1, 0xA2C5, 0xB306, 0xAB06, 0xB326, 0xB326,
  0xB325, 0xAB68, 0x8BED, 0x730A, 0x940E, 0xACB0, 0xA470, 0x940E, 0x6B0B, 0x734C, 0x6B2B, 0x6B0B,
  0x62EA, 0x62AA, 0x5A89, 0x5A89, 0x6289, 0x5A89, 0x5248, 0x49E6, 0x5207, 0x5207, 0x8245, 0x9224,
  0x8A24, 0x81E3, 0x79C3, 0x79E3, 0x71A3, 0x71C3, 0x4922, 0x0021, 0x498A, 0x51CB, 0x51AB, 0x51CB,
  0x51AB, 0x51AB, 0x51AB, 0x51AB, 0x51AB, 0x51AB, 0x51AB, 0x49AB, 0x51AB, 0x51CB, 0x51CB, 0x59EC,
  0x4169, 0x28E7, 0x59ED, 0x92F1, 0x9312, 0x9332, 0x9312, 0x9312, 0x92F1, 0x8AD1, 0x8AD1, 0x7A4F,
  0x498B, 0x2907, 0x418A, 0x4169, 0x28E6, 0x28E7, 0x49AA, 0x51CB, 0x498A, 0x3948, 0x3948, 0x3948,
  0x3948, 0x3948, 0x3928, 0x3127, 0x3928, 0x3128, 0x3128, 0x3128, 0x3128, 0x3127, 0x3127, 0x3127,
  0x3127, 0x3107, 0x3107, 0x3127, 0x3127, 0x3127, 0x3127, 0x3127, 0x3107, 0x3107, 0x3107, 0x3107,
  0x2906, 0x2906, 0x2906, 0x2906, 0x2906, 0x2906, 0x2906, 0x28E6, 0x28E6, 0x28E6, 0x28E6, 0x28E6,
  0x28E6, 0x2906, 0x3107, 0x3128, 0x4149, 0x416A, 0x3948, 0x3949, 0x3949, 0x3948, 0x3948, 0x30E7,
  0x59EE, 0x82D1, 0x9B32, 0x92F2, 0x9B32, 0x92F2, 0x61EE, 0x3929, 0x30E7, 0x28E7, 0x3128, 0x51CB,
  0x51CB, 0x51AB, 0x49AA, 0x49AB, 0x49AB, 0x51AB, 0x51AB, 0x49AB, 0x51AB, 0x51CB, 0x51CB, 0x49AB,
  0x51CB, 0x3127, 0x0841, 0x3165, 0x0861, 0x2944, 0x4A27, 0x734C, 0xAD12, 0xACF2, 0x8BEE, 0x2944,
  0x10C3, 0x10A3, 0x1083, 0x10E6, 0x218B, 0x21CD, 0x21CD, 0x21CD, 0x21CD, 0x21CD, 0x21CD, 0x21AC,
  0x21AC, 0x21AC, 0x196A, 0x1929, 0x10A4, 0x0883, 0x1082, 0x1082, 0x39C6, 0x3185, 0x2924, 0x9C70,
  0x7B8C, 0x4A07, 0xACF2, 0x3185, 0x7B6C, 0x6B2B, 0x18C3, 0x5A68, 0x5A48, 0x5248, 0x5227, 0x5227,
  0x5248, 0x5227, 0x2924, 0x2104, 0x49E7, 0x2944, 0x4A07, 0x83AC, 0x2103, 0x18A4, 0x49AB, 0x51AB,
  0x51AB, 0x49AB, 0x49AB, 0x49AB, 0x51AB, 0x51AB, 0x49AB, 0x49AB, 0x49AB, 0x49AA, 0x49AB, 0x49AA,
  0x49AA, 0x49AA, 0x49AA, 0x49AA, 0x49AA, 0x49AA, 0x49AA, 0x49AA, 0x49AA, 0x49AA, 0x49AA, 0x49AA,
  0x49AA, 0x49AA, 0x49AA, 0x498A, 0x51AB, 0x20E6, 0x20A1, 0xA2A5, 0xB305, 0xBB25, 0xB326, 0xAB06,
  0xB326, 0xB346, 0xB346, 0xAB26, 0xB346, 0xA306, 0xA2C5, 0x9AE7, 0x6AEA, 0x6AEA, 0x62CA, 0x62A9,
  0x62A9, 0x62A9, 0x5268, 0x69E5, 0x71E4, 0x7A04, 0x8224, 0x9264, 0x8A44, 0x9244, 0x8A24, 0x8204,
  0x8203, 0x8203, 0x71C3, 0x6183, 0x18A2, 0x4943, 0x5942, 0x0041, 0x416A, 0x49AB, 0x49AB, 0x49AB,
  0x49AA, 0x49AA, 0x49AA, 0x49AA, 0x498A, 0x49AB, 0x51CB, 0x51AB, 0x49AB, 0x49AA, 0x49AB, 0x51CB,
  0x4169, 0x3108, 0x6A2E, 0x92F1, 0x92F1, 0x9311, 0x9312, 0x9312, 0x8AF1, 0x620D, 0x722E, 0x61EE,
  0x414A, 0x3128, 0x498A, 0x4169, 0x3948, 0x3949, 0x4169, 0x498A, 0x498A, 0x498A, 0x4169, 0x3928,
  0x3928, 0x3128, 0x3928, 0x3928, 0x3128, 0x3128, 0x3107, 0x2907, 0x2907, 0x2907, 0x2907, 0x2907,
  0x2906, 0x28E6, 0x28E6, 0x28E6, 0x28E6, 0x28E6, 0x28E6, 0x28E6, 0x28E6, 0x28E6, 0x28E6, 0x28E6,
  0x28E6, 0x28E6, 0x28E6, 0x28E6, 0x28E6, 0x2906, 0x2906, 0x2906, 0x2906, 0x3127, 0x3107, 0x416A,
  0x3929, 0x28E7, 0x20E6, 0x28E6, 0x3928, 0x59CC, 0x51AB, 0x4169, 0x3948, 0x3948, 0x28E7, 0x59AC,
  0x92F1, 0x9B32, 0x9312, 0x92F2, 0x9B32, 0x8AF1, 0x61CD, 0x59CC, 0x92F1, 0x6A4E, 0x392A, 0x3108,
  0x498A, 0x498A, 0x498A, 0x498A, 0x498A, 0x498A, 0x49AA, 0x49AA, 0x498A, 0x498A, 0x49AA, 0x498A,
  0x49AA, 0x2906, 0x0841, 0x39A6, 0x39A6, 0x0861, 0x0000, 0x2924, 0x62CA, 0x7B6C, 0xA4B1, 0xB553,
  0xBD53, 0x8C30, 0x2A2E, 0x2A2E, 0x10E6, 0x08A4, 0x10C5, 0x10C5, 0x10C5, 0x08A4, 0x08A4, 0x08A4,
  0x0863, 0x10A4, 0x10C5, 0x21ED, 0x2A0D, 0x21ED, 0x52EE, 0x8BEE, 0x734C, 0x39C6, 0x0000, 0x7B8C,
  0x8C0E, 0x41E7, 0xACB1, 0x39C6, 0x942F, 0xA470, 0x4A07, 0x2103, 0x5A68, 0x5A48, 0x5247, 0x5248,
  0x5247, 0x5227, 0x4A07, 0x18E3, 0x3985, 0x41C6, 0x2104, 0x62A9, 0x732A, 0x0841, 0x4169, 0x49AB,
  0x498A, 0x498A, 0x498A, 0x49AA, 0x49AA, 0x49AA, 0x498A, 0x49AA, 0x49AA, 0x49AA, 0x498A, 0x498A,
  0x51CB, 0x51CB, 0x51CB, 0x51AB, 0x51AB, 0x51AB, 0x51AB, 0x51AB, 0x51AB, 0x51AB, 0x51AB, 0x51AB,
  0x51AB, 0x49AB, 0x51AB, 0x49AB, 0x51CB, 0x28E6, 0x28C1, 0xA2C5, 0x9AA5, 0x59C4, 0xA2E5, 0xB326,
  0xB326, 0xB326, 0xB306, 0xB326, 0xAB05, 0xB326, 0xB305, 0xAAE5, 0xA306, 0xA2E6, 0x9AA5, 0x9AA5,
  0x9AA5, 0x9AC5, 0x9285, 0x9264, 0x8A44, 0x9264, 0x9244, 0x9244, 0x8A24, 0x8A24, 0x8A24, 0x8A23,
  0x8203, 0x8204, 0x3923, 0x0862, 0x1082, 0x6183, 0x5942, 0x0842, 0x498A, 0x49AB, 0x49AB, 0x51AB,
  0x51AB, 0x51AB, 0x51AB, 0x51CB, 0x51CB, 0x49AA, 0x3128, 0x3928, 0x49AA, 0x51AB, 0x51CB, 0x51EC,
  0x3969, 0x28C6, 0x59AD, 0x61ED, 0x6A2E, 0x82B0, 0x9312, 0x92F2, 0x8AF1, 0x8AB1, 0x61ED, 0x496B,
  0x3108, 0x2907, 0x3949, 0x4189, 0x51CB, 0x498A, 0x4169, 0x49AA, 0x498A, 0x49AA, 0x49AA, 0x498A,
  0x4169, 0x3949, 0x3949, 0x3948, 0x3948, 0x3948, 0x3948, 0x3948, 0x3948, 0x3928, 0x3128, 0x3127,
  0x3127, 0x3127, 0x3107, 0x3107, 0x3107, 0x3107, 0x3107, 0x2907, 0x2906, 0x28E6, 0x28E6, 0x28E6,
  0x28E6, 0x28E6, 0x28E6, 0x28E6, 0x2906, 0x2907, 0x3127, 0x3128, 0x3127, 0x3928, 0x3127, 0x4149,
  0x498C, 0x4149, 0x3928, 0x3107, 0x28E7, 0x4169, 0x498A, 0x418A, 0x4169, 0x4169, 0x3108, 0x8290,
  0x9B12, 0x9B32, 0x9312, 0x9B12, 0x9332, 0x9312, 0x8290, 0x82B0, 0x9B33, 0x9B33, 0x6A4E, 0x20C6,
  0x3949, 0x51CB, 0x51CB, 0x51AB, 0x51AB, 0x51AB, 0x51CB, 0x51CB, 0x49AB, 0x51AB, 0x51AB, 0x51AB,
  0x51CB, 0x3107, 0x0040, 0x41C6, 0x5248, 0x39A6, 0x2924, 0x18C3, 0x10A2, 0x20E3, 0x62EA, 0x83CD,
  0x8BEE, 0x83AD, 0x5AED, 0x32B1, 0x8431, 0xA4B1, 0x9C91, 0x8C31, 0x4B10, 0x63B2, 0x3AB0, 0x3AB0,
  0x63B1, 0x42F0, 0x3AF1, 0x7455, 0x6B8F, 0x3A2B, 0x2A0D, 0x3A2B, 0x4A07, 0x2944, 0x0000, 0x7B8C,
  0x83CD, 0x3144, 0x7B6C, 0x9C6F, 0x734C, 0x83AD, 0x6B0A, 0x0862, 0x4A07, 0x5A68, 0x5248, 0x5A48,
  0x5248, 0x5248, 0x5248, 0x41E6, 0x2104, 0x41A6, 0x3144, 0x39A5, 0x7B4B, 0x2924, 0x20C5, 0x49AA,
  0x49AA, 0x49AA, 0x49AA, 0x49AB, 0x49AB, 0x51AB, 0x49AB, 0x49AB, 0x49AB, 0x49AB, 0x49AB, 0x51AB,
  0x49AB, 0x49AB, 0x49AB, 0x49AB, 0x49AB, 0x49AA, 0x49AA, 0x49AB, 0x49AB, 0x49AB, 0x49AB, 0x49AA,
  0x49AA, 0x49AA, 0x49AA, 0x49AA, 0x51CB, 0x2906, 0x28C1, 0x9A84, 0x3944, 0x08A3, 0x2923, 0x9285,
  0xBB46, 0xBB46, 0xBB46, 0xB326, 0xB326, 0xB346, 0xAB05, 0xAAE5, 0xAAE5, 0xB2E5, 0xAAC5, 0xA2A4,
  0xA2A4, 0xA2A4, 0x9A84, 0x9A84, 0x9264, 0x9244, 0x9244, 0x9244, 0x9244, 0x8A24, 0x8A23, 0x71C3,
  0x28E3, 0x4123, 0x3903, 0x20C2, 0x79E3, 0x79E3, 0x4922, 0x0842, 0x498A, 0x49AB, 0x498A, 0x49AA,
  0x49AA, 0x49AA, 0x49AA, 0x49AB, 0x498A, 0x3128, 0x498A, 0x4169, 0x3928, 0x498A, 0x49AA, 0x51AB,
  0x498A, 0x3928, 0x3929, 0x414A, 0x59CD, 0x724F, 0x8290, 0x724F, 0x92F1, 0x8AB1, 0x59CD, 0x3909,
  0x20C6, 0x3108, 0x28C7, 0x3929, 0x49AB, 0x51AB, 0x49AA, 0x498A, 0x49AA, 0x49AA, 0x49AA, 0x49AA,
  0x418A, 0x4169, 0x4169, 0x4169, 0x3949, 0x3948, 0x3948, 0x3948, 0x3928, 0x3928, 0x3928, 0x3128,
  0x3928, 0x3948, 0x3948, 0x3948, 0x3928, 0x3928, 0x3928, 0x3928, 0x3128, 0x3128, 0x3127, 0x3127,
  0x3127, 0x3107, 0x3107, 0x3127, 0x3127, 0x3107, 0x3928, 0x3948, 0x3948, 0x3128, 0x3948, 0x2907,
  0x498B, 0x722F, 0x61EE, 0x3949, 0x2907, 0x3107, 0x4169, 0x498A, 0x51AB, 0x416A, 0x2907, 0x6A2E,
  0x7A6F, 0x8AD1, 0x9B12, 0x9B32, 0x9332, 0x82B0, 0x9B32, 0x9B32, 0x92F2, 0x92F2, 0x7A6F, 0x2907,
  0x3948, 0x49AB, 0x51AB, 0x498A, 0x3107, 0x3108, 0x3928, 0x49AA, 0x51AB, 0x49AA, 0x49AB, 0x49AB,
  0x51CB, 0x3127, 0x0841, 0x39C6, 0x5248, 0x5A68, 0x5A89, 0x41C6, 0x2944, 0x2924, 0x2103, 0x2103,
  0x18C3, 0x3165, 0x5249, 0x21ED, 0x7BF0, 0x9C6F, 0x944F, 0x8C0F, 0x2A0C, 0x5373, 0x3AB0, 0x324F,
  0x5331, 0x3290, 0x2A4F, 0x2A0D, 0x2967, 0x2147, 0x196B, 0x10E6, 0x10A2, 0x1082, 0x0021, 0x62EA,
  0xA4B0, 0x4A07, 0x4A27, 0xBD53, 0x5A89, 0x732B, 0x8C0E, 0x0861, 0x4A07, 0x5A68, 0x5227, 0x5227,
  0x5227, 0x5248, 0x5248, 0x5A68, 0x2104, 0x2944, 0x41C6, 0x3165, 0x5248, 0x6AEA, 0x0861, 0x3928,
  0x51CB, 0x498A, 0x498A, 0x49AA, 0x49AA, 0x49AA, 0x49AB, 0x498A, 0x49AA, 0x49AA, 0x49AA, 0x49AA,
  0x49AB, 0x49AB, 0x49AB, 0x49AB, 0x51AB, 0x51AB, 0x51AB, 0x51AB, 0x51AB, 0x51AB, 0x51AB, 0x49AB,
  0x49AB, 0x49AB, 0x49AA, 0x49AA, 0x51CB, 0x2906, 0x28C1, 0x9A64, 0x18E3, 0x59C5, 0x2104, 0x59E4,
  0x61E4, 0x59C4, 0x6A05, 0xB326, 0xBB46, 0xB326, 0xA2C5, 0xA2C5, 0xB305, 0xB305, 0xB305, 0xAAE5,
  0xAAC4, 0xA2A5, 0x9264, 0xA2A4, 0x9A84, 0x9244, 0x8A24, 0x8224, 0x7A04, 0x28E2, 0x3102, 0x71C4,
  0x18A2, 0x4143, 0x3923, 0x28E2, 0x6183, 0x71A3, 0x5142, 0x0842, 0x498A, 0x49AB, 0x498A, 0x49AA,
  0x49AA, 0x49AA, 0x49AB, 0x49AB, 0x3128, 0x498B, 0x9B34, 0x724F, 0x3108, 0x3949, 0x51CB, 0x498A,
  0x4169, 0x3949, 0x20C6, 0x3108, 0x498B, 0x6A2E, 0x724F, 0x7A6F, 0x8290, 0x6A0E, 0x498B, 0x3108,
  0x498A, 0x722E, 0x59CC, 0x3108, 0x3128, 0x498A, 0x498A, 0x498A, 0x49AA, 0x49AA, 0x49AA, 0x49AA,
  0x49AA, 0x49AA, 0x49AA, 0x49AB, 0x4189, 0x4169, 0x3949, 0x3948, 0x3948, 0x3949, 0x3948, 0x3948,
  0x3948, 0x3948, 0x3948, 0x3948, 0x3948, 0x3948, 0x3928, 0x3128, 0x3948, 0x3948, 0x3948, 0x3128,
  0x3928, 0x3948, 0x3948, 0x3948, 0x3948, 0x3948, 0x3928, 0x3948, 0x3969, 0x4169, 0x4169, 0x28E6,
  0x496A, 0x722F, 0x8291, 0x61ED, 0x4169, 0x3928, 0x3948, 0x3948, 0x3949, 0x3948, 0x28E7, 0x4149,
  0x61ED, 0x7A90, 0x9332, 0x9B32, 0x8AF1, 0x724E, 0x82B1, 0x8AF1, 0x8AB1, 0x724F, 0x724F, 0x3928,
  0x3928, 0x51AB, 0x4169, 0x3949, 0x51CB, 0x51AB, 0x3108, 0x3128, 0x498A, 0x49AB, 0x49AB, 0x49AA,
  0x51CB, 0x3127, 0x0861, 0x41C6, 0x5A68, 0x5A68, 0x62CA, 0x6AEA, 0x6AEA, 0x62CA, 0x3165, 0x2944,
  0x20E3, 0x18C3, 0x2945, 0x114A, 0x31A8, 0x3185, 0x39A6, 0x3185, 0x10A4, 0x1949, 0x198B, 0x1108,
  0x08C7, 0x10E7, 0x1108, 0x0884, 0x0862, 0x10A4, 0x1949, 0x10E6, 0x0841, 0x1082, 0x0861, 0x39A6,
  0xA490, 0x8BEE, 0x3985, 0xBD52, 0x5248, 0x5248, 0xA4B0, 0x3185, 0x41C6, 0x5248, 0x5A68, 0x5227,
  0x4A07, 0x4A07, 0x5248, 0x5248, 0x3985, 0x18C3, 0x41A6, 0x39A6, 0x2945, 0x7B6B, 0x2944, 0x20E5,
  0x4189, 0x49AA, 0x498A, 0x49AA, 0x49AA, 0x49AA, 0x49AA, 0x49AA, 0x49AA, 0x49AA, 0x49AB, 0x49AB,
  0x51AB, 0x51AB, 0x51AB, 0x51CB, 0x51CB, 0x51CB, 0x51AB, 0x51AB, 0x51CB, 0x51CB, 0x51AB, 0x51AB,
  0x51CB, 0x51CB, 0x51CB, 0x51CB, 0x51CB, 0x20E6, 0x20A1, 0x9A64, 0x2103, 0xAB06, 0x4184, 0x4184,
  0x51C4, 0x18C3, 0x2924, 0x51C5, 0xB326, 0x3944, 0x8264, 0x8A64, 0x61C3, 0xA2C5, 0x8A85, 0x7A44,
  0x7204, 0x7204, 0x9A64, 0x69E4, 0x4943, 0x4963, 0x69C3, 0x18C3, 0x5184, 0x3103, 0x18C2, 0x9244,
  0x3903, 0x4123, 0x4963, 0x0882, 0x0882, 0x69A3, 0x5942, 0x0841, 0x498A, 0x49AB, 0x49AA, 0x49AB,
  0x49AB, 0x51AB, 0x51AB, 0x49AA, 0x3128, 0x620E, 0x7A91, 0x59ED, 0x3929, 0x3949, 0x49AB, 0x3928,
  0x20C6, 0x3928, 0x3128, 0x416A, 0x59CD, 0x7A70, 0x8290, 0x7A6F, 0x51AC, 0x51AC, 0x3929, 0x518C,
  0x8AB1, 0x9312, 0x82B1, 0x51AC, 0x3108, 0x3928, 0x51AB, 0x49AA, 0x49AA, 0x49AB, 0x49AB, 0x49AB,
  0x49AB, 0x49AA, 0x49AA, 0x49AB, 0x51AB, 0x49AB, 0x49AA, 0x49AA, 0x49AA, 0x49AB, 0x49AB, 0x418A,
  0x4169, 0x4169, 0x3969, 0x4169, 0x3949, 0x3948, 0x3948, 0x3948, 0x3948, 0x3948, 0x3948, 0x3128,
  0x3128, 0x3948, 0x3948, 0x3948, 0x3969, 0x3969, 0x3948, 0x4169, 0x49AA, 0x498A, 0x498A, 0x3128,
  0x3108, 0x496B, 0x61ED, 0x51AC, 0x498A, 0x498A, 0x3128, 0x3928, 0x3949, 0x3108, 0x3949, 0x28E7,
  0x59AC, 0x7A90, 0x9311, 0x9312, 0x92F1, 0x8AD1, 0x724F, 0x724F, 0x6A2E, 0x59CD, 0x51AC, 0x2907,
  0x4169, 0x498A, 0x3108, 0x51AB, 0xA374, 0x92F2, 0x518B, 0x28E7, 0x3969, 0x51CB, 0x51AB, 0x49AB,
  0x51CB, 0x3127, 0x0841, 0x39C6, 0x5A69, 0x5A68, 0x62CA, 0x6B0B, 0x734C, 0x838D, 0x7B8C, 0x8C0E,
  0x838D, 0x62A9, 0x4207, 0x1929, 0x18E5, 0x18C2, 0x10A2, 0x1082, 0x18A2, 0x10E6, 0x196A, 0x10A4,
  0x18A2, 0x18E4, 0x1108, 0x1082, 0x3144, 0x2924, 0x1107, 0x1107, 0x20E3, 0x2944, 0x1082, 0x0861,
  0x6B0A, 0xBD53, 0x41E6, 0xA490, 0x6AEA, 0x5248, 0x9C4F, 0x7B4B, 0x20E3, 0x49E7, 0x5A88, 0x5A48,
  0x5227, 0x41C6, 0x5248, 0x5248, 0x5A48, 0x3145, 0x2944, 0x41C6, 0x2124, 0x6AC9, 0x6AC9, 0x18C2,
  0x3107, 0x51CB, 0x49AA, 0x49AA, 0x49AB, 0x49AB, 0x49AB, 0x49AB, 0x49AB, 0x49AB, 0x49AB, 0x51AB,
  0x51AB, 0x51AB, 0x51AB, 0x51CB, 0x51CB, 0x51CB, 0x51AB, 0x51CB, 0x51CB, 0x51CB, 0x51AB, 0x51AB,
  0x51AB, 0x51CB, 0x51CB, 0x49AB, 0x51CB, 0x20E6, 0x28A1, 0x9A85, 0x2104, 0xA2C5, 0x4184, 0x4984,
  0x51A4, 0x6225, 0x92C6, 0x18E4, 0x7A65, 0x10C3, 0x8285, 0x7A45, 0x0862, 0x8245, 0x18E3, 0x18C3,
  0x10A3, 0x20C3, 0x69C4, 0x10A2, 0x1082, 0x0882, 0x5183, 0x10A3, 0x69C4, 0x61C4, 0x3103, 0x9A84,
  0x3923, 0x4963, 0x5184, 0x0882, 0x4943, 0x71C3, 0x4922, 0x0841, 0x498A, 0x51AB, 0x49AA, 0x51AB,
  0x51AB, 0x49AB, 0x49AA, 0x51AB, 0x3949, 0x28E7, 0x498B, 0x3108, 0x2907, 0x51AB, 0x3928, 0x3108,
  0x724E, 0x92F1, 0x8AD0, 0x6A0E, 0x724F, 0x722F, 0x61EE, 0x51AC, 0x518C, 0x414A, 0x412A, 0x59CD,
  0x7A70, 0x8290, 0x61EE, 0x498B, 0x3929, 0x3128, 0x51AB, 0x49AA, 0x49AA, 0x49AA, 0x49AB, 0x49AB,
  0x49AB, 0x49AA, 0x49AA, 0x49AB, 0x49AA, 0x49AA, 0x49AA, 0x49AA, 0x49AA, 0x49AA, 0x49AA, 0x51AB,
  0x51CB, 0x51AB, 0x51AB, 0x51AB, 0x51AB, 0x49AB, 0x49AA, 0x498A, 0x498A, 0x49AA, 0x498A, 0x498A,
  0x498A, 0x49AA, 0x49AA, 0x498A, 0x418A, 0x418A, 0x498A, 0x418A, 0x418A, 0x498A, 0x49AA, 0x51AB,
  0x3928, 0x2908, 0x28E7, 0x3128, 0x49AB, 0x3128, 0x7A90, 0x9B12, 0x82D1, 0x51AC, 0x3108, 0x416A,
  0x7A6F, 0x8AD1, 0x8AF1, 0x92F1, 0x92F1, 0x82B0, 0x92F1, 0x724F, 0x59CD, 0x416A, 0x28E7, 0x28E7,
  0x51CB, 0x3128, 0x3929, 0x6A0E, 0x7A4F, 0x61EE, 0x518C, 0x3128, 0x3948, 0x51CB, 0x49AA, 0x49AA,
  0x49AB, 0x3127, 0x0041, 0x1927, 0x5249, 0x5A68, 0x62CA, 0x730B, 0x6B0B, 0x7B6C, 0x734C, 0x8BEE,
  0xA490, 0x8BEE, 0x734D, 0x1929, 0x4A4A, 0x8BED, 0x732B, 0x5248, 0x4A27, 0x1906, 0x196A, 0x10A4,
  0x2944, 0x41E7, 0x1929, 0x4A29, 0x5268, 0x3165, 0x1129, 0x1108, 0x3165, 0x39A5, 0x2103, 0x0000,
  0x5248, 0xB4F1, 0x41C6, 0x62C9, 0xA4B0, 0x6B0B, 0x5248, 0x940E, 0x20E3, 0x41C6, 0x5A68, 0x5248,
  0x5227, 0x49E6, 0x4A07, 0x5A48, 0x5A48, 0x39A6, 0x2945, 0x4A07, 0x3985, 0x3165, 0x730A, 0x2103,
  0x28E6, 0x51AB, 0x498A, 0x49AA, 0x49AA, 0x49AA, 0x49AA, 0x49AB, 0x49AB, 0x49AB, 0x49AB, 0x49AB,
  0x49AB, 0x49AA, 0x49AA, 0x49AA, 0x49AA, 0x49AB, 0x49AA, 0x49AA, 0x49AA, 0x49AB, 0x49AA, 0x49AA,
  0x49AA, 0x49AA, 0x49AA, 0x49AA, 0x51CB, 0x20E6, 0x28C1, 0x9A84, 0x20E3, 0x2924, 0x1904, 0x4984,
  0x51A4, 0x51E5, 0xCBA7, 0x4164, 0x51A4, 0x20E3, 0x9AE6, 0x92A6, 0x18C3, 0x92A5, 0x18E3, 0x69E4,
  0xAAC5, 0x9AA5, 0x3902, 0x20C2, 0x9AA5, 0x4983, 0x8224, 0x20C2, 0x5183, 0x5984, 0x3123, 0x9A64,
  0x3943, 0x4963, 0x4963, 0x28E3, 0x8A03, 0x79C3, 0x4102, 0x0841, 0x498A, 0x51AB, 0x51AB, 0x51AB,
  0x51AB, 0x51AB, 0x49AB, 0x49AA, 0x498A, 0x3948, 0x28E7, 0x28C6, 0x498A, 0x4169, 0x3108, 0x620D,
  0x9B32, 0x92F1, 0x8AD1, 0x92D1, 0x8290, 0x59CD, 0x496B, 0x414A, 0x496B, 0x30E7, 0x20A6, 0x414A,
  0x59CD, 0x496B, 0x416A, 0x3108, 0x28C7, 0x4169, 0x49AB, 0x49AA, 0x498A, 0x498A, 0x49AA, 0x49AA,
  0x49AA, 0x49AA, 0x49AA, 0x49AA, 0x498A, 0x498A, 0x498A, 0x498A, 0x498A, 0x49AA, 0x49AA, 0x49AA,
  0x49AB, 0x49AB, 0x49AA, 0x49AA, 0x49AA, 0x49AA, 0x49AA, 0x49AA, 0x49AA, 0x49AA, 0x49AA, 0x49AA,
  0x49AB, 0x49AB, 0x49AB, 0x49AA, 0x49AA, 0x49AA, 0x51AB, 0x49AA, 0x49AA, 0x49AA, 0x49AA, 0x49AA,
  0x49AB, 0x4149, 0x3948, 0x4169, 0x2908, 0x6A2E, 0x9312, 0x92F1, 0x8AD1, 0x724E, 0x51AB, 0x8AF1,
  0x9312, 0x92F1, 0x8AF1, 0x8AF1, 0x9312, 0x7A90, 0x6A2E, 0x620E, 0x51AC, 0x4149, 0x20A6, 0x28C6,
  0x498A, 0x51CB, 0x3949, 0x28E8, 0x498B, 0x416A, 0x28E7, 0x3107, 0x49AA, 0x51CB, 0x51AB, 0x49AB,
  0x51CB, 0x3127, 0x0041, 0x1928, 0x2169, 0x5269, 0x6AEA, 0x6AEA, 0x6AEA, 0x7B6C, 0x7B6C, 0x940F,
  0xA4B1, 0x942F, 0x7B8D, 0x0909, 0x4A4A, 0x8BEE, 0x7B6C, 0x6B0A, 0x5AA9, 0x1926, 0x21CC, 0x10E5,
  0x39A5, 0x5A69, 0x1129, 0x5269, 0x62A9, 0x3165, 0x1108, 0x1928, 0x39A6, 0x41C6, 0x2924, 0x0841,
  0x2944, 0x83AC, 0x944F, 0x41E6, 0x942E, 0x734B, 0x4A07, 0xC573, 0x6B0A, 0x3145, 0x41C6, 0x5A68,
  0x5227, 0x5227, 0x49E6, 0x5248, 0x5248, 0x5207, 0x3165, 0x3165, 0x4A07, 0x2124, 0x730A, 0x39A5,
  0x1063, 0x51AB, 0x498A, 0x498A, 0x498A, 0x49AA, 0x49AA, 0x49AA, 0x49AA, 0x49AA, 0x49AA, 0x49AA,
  0x51CB, 0x51AB, 0x51AB, 0x51CB, 0x51AB, 0x51AB, 0x51AB, 0x51AB, 0x51AB, 0x51CB, 0x51CB, 0x51AB,
  0x51AB, 0x51AB, 0x51AB, 0x51AB, 0x59EC, 0x2906, 0x28E1, 0x9A85, 0x20E3, 0x3124, 0x18C3, 0x4163,
  0x4984, 0x51C5, 0xCB87, 0x3964, 0x59C4, 0x2104, 0x7A66, 0x8266, 0x18E3, 0x92C6, 0x18C3, 0x7204,
  0xB305, 0xAAC5, 0x3923, 0x1082, 0x9264, 0x9A64, 0x9244, 0x18A2, 0x5983, 0x69C4, 0x08A3, 0x71E4,
  0x20E3, 0x5163, 0x4123, 0x20C2, 0x4123, 0x4943, 0x5122, 0x0041, 0x49AA, 0x51AB, 0x49AB, 0x49AB,
  0x49AB, 0x49AB, 0x49AB, 0x49AA, 0x49AA, 0x498A, 0x3949, 0x4149, 0x51CB, 0x3949, 0x3949, 0x82B1,
  0x9B12, 0x9312, 0x8AB0, 0x92F1, 0x7A70, 0x496A, 0x3929, 0x28E7, 0x28E7, 0x20C6, 0x3107, 0x28E7,
  0x3929, 0x496B, 0x3107, 0x20C6, 0x3949, 0x49AA, 0x49AB, 0x49AB, 0x49AB, 0x49AB, 0x51AB, 0x51AB,
  0x49AB, 0x51AB, 0x51AB, 0x51AB, 0x51AB, 0x49AB, 0x49AA, 0x49AA, 0x49AA, 0x49AB, 0x49AB, 0x49AB,
  0x51AB, 0x51AB, 0x51AB, 0x51AB, 0x49AA, 0x49AB, 0x49AB, 0x49AB, 0x49AA, 0x49AA, 0x49AA, 0x49AB,
  0x51AB, 0x51CB, 0x51CB, 0x49AB, 0x49AA, 0x49AA, 0x49AB, 0x49AA, 0x49AA, 0x49AA, 0x49AA, 0x49AA,
  0x49AA, 0x51AB, 0x4169, 0x3929, 0x59ED, 0x8AD1, 0x92F1, 0x8AF1, 0x8AD1, 0x82B0, 0x82B0, 0x9B53,
  0x9332, 0x92F1, 0x92F1, 0x9312, 0x9312, 0x82B0, 0x6A0E, 0x51AC, 0x59ED, 0x61ED, 0x61ED, 0x3929,
  0x30E7, 0x49AA, 0x51CB, 0x3949, 0x28E7, 0x28C6, 0x3128, 0x418A, 0x51AB, 0x51AB, 0x51AB, 0x49AB,
  0x51CB, 0x3147, 0x0041, 0x1107, 0x196A, 0x2168, 0x4A28, 0x6AE9, 0x6B0B, 0x83AD, 0x7B6C, 0x942F,
  0xA4D1, 0x940F, 0x83AD, 0x5AAB, 0x6B2C, 0x83AD, 0x734B, 0x6B0B, 0x5AA9, 0x31EA, 0x5331, 0x1129,
  0x3186, 0x6AEA, 0x4A29, 0x5A89, 0x62A9, 0x3166, 0x2A0C, 0x218A, 0x39A6, 0x41C6, 0x3144, 0x20E3,
  0x18C3, 0x4207, 0xB512, 0x39A5, 0x732B, 0x8BAD, 0x62C9, 0x6B0B, 0x942E, 0x2924, 0x39A5, 0x5A88,
  0x5247, 0x5A48, 0x5248, 0x5248, 0x5227, 0x5A48, 0x3985, 0x2104, 0x49E6, 0x3165, 0x4A27, 0x7B4B,
  0x3985, 0x20C5, 0x51AB, 0x49AA, 0x49AB, 0x49AB, 0x49AB, 0x51AB, 0x49AB, 0x51AB, 0x51AB, 0x51AB,
  0x49AB, 0x49AB, 0x49AB, 0x49AB, 0x49AB, 0x49AB, 0x49AB, 0x49AB, 0x49AB, 0x49AB, 0x49AB, 0x49AB,
  0x49AA, 0x49AA, 0x49AB, 0x49AA, 0x51CB, 0x20E6, 0x28E1, 0xA2A5, 0x18C3, 0xA2C5, 0x4984, 0x4164,
  0x51A4, 0x49A4, 0xC386, 0x4184, 0x59C4, 0x3144, 0x10C4, 0x18E3, 0x2924, 0x9AC6, 0x2924, 0x18C3,
  0x28E2, 0x8A65, 0x8244, 0x4143, 0x10A3, 0x4143, 0x8A24, 0x18A2, 0x4963, 0x9A64, 0x20E3, 0x5184,
  0x20C3, 0x61A3, 0x28C2, 0x0062, 0x10A2, 0x4943, 0x5142, 0x0842, 0x498A, 0x49AB, 0x49AB, 0x49AB,
  0x49AB, 0x49AB, 0x49AB, 0x498A, 0x498A, 0x49AA, 0x51AB, 0x498A, 0x51CB, 0x3949, 0x3128, 0x6A0E,
  0x82B0, 0x7A4F, 0x8AF1, 0x7A90, 0x7A4F, 0x61ED, 0x414A, 0x20E6, 0x3128, 0x3128, 0x498A, 0x3949,
  0x3108, 0x3108, 0x28E7, 0x3128, 0x49AA, 0x49AA, 0x49AA, 0x49AB, 0x49AB, 0x49AB, 0x49AB, 0x51AB,
  0x51AB, 0x51AB, 0x49AB, 0x51AB, 0x49AB, 0x49AA, 0x49AA, 0x49AA, 0x49AA, 0x49AA, 0x49AA, 0x49AA,
  0x49AA, 0x49AB, 0x49AB, 0x49AA, 0x49AA, 0x49AA, 0x49AB, 0x49AA, 0x49AA, 0x49AA, 0x49AA, 0x49AA,
  0x49AA, 0x49AB, 0x49AB, 0x49AB, 0x49AB, 0x49AA, 0x49AA, 0x49AA, 0x49AA, 0x49AA, 0x49AA, 0x498A,
  0x498A, 0x49AB, 0x3969, 0x3949, 0x6A2E, 0x92F1, 0x8AD1, 0x9B12, 0x82D1, 0x7A6F, 0x9312, 0x82B0,
  0x8AD1, 0x8AF1, 0x9312, 0x9312, 0x92F1, 0x9312, 0x92F1, 0x7A6F, 0x724F, 0x82D1, 0x8AF1, 0x59CD,
  0x30E8, 0x3128, 0x51CB, 0x418A, 0x3928, 0x3107, 0x4169, 0x49AB, 0x49AA, 0x49AB, 0x49AA, 0x498A,
  0x51CB, 0x3127, 0x0041, 0x1107, 0x196A, 0x196A, 0x320C, 0x424B, 0x4229, 0x52AB, 0x732B, 0x942F,
  0xAD12, 0x9C70, 0x8BEE, 0x83AD, 0x8BCD, 0x7B8D, 0x732B, 0x732B, 0x5AAA, 0x3A6D, 0x5BB3, 0x1129,
  0x2125, 0x62CA, 0x62A9, 0x5A89, 0x62A9, 0x39A7, 0x198B, 0x1949, 0x39A6, 0x41A5, 0x2104, 0x2104,
  0x1082, 0x2104, 0x9C90, 0x732B, 0x41E6, 0x7B8C, 0x838C, 0x3185, 0xACF1, 0x5A68, 0x3165, 0x41E6,
  0x5A68, 0x5A48, 0x5A68, 0x5A48, 0x5247, 0x5A68, 0x41E6, 0x2924, 0x3144, 0x41C6, 0x2924, 0x838B,
  0x4A26, 0x1063, 0x51AB, 0x498A, 0x498A, 0x49AA, 0x49AA, 0x498A, 0x49AA, 0x49AB, 0x49AA, 0x49AA,
  0x51AB, 0x49AB, 0x51AB, 0x51AB, 0x51AB, 0x51AB, 0x51AB, 0x51AB, 0x51AB, 0x51AB, 0x51AB, 0x51AB,
  0x49AB, 0x51AB, 0x51AB, 0x49AB, 0x51CB, 0x20E6, 0x28C1, 0x9A85, 0x4164, 0x9AA5, 0x3964, 0x3943,
  0x5184, 0x51A4, 0xB326, 0x3144, 0x6205, 0x3124, 0x51C5, 0x4984, 0x20E3, 0xA307, 0x2924, 0x3123,
  0x4963, 0x8A45, 0xB2E5, 0x8A45, 0x4963, 0x18A3, 0x7A04, 0x20C2, 0x4943, 0xA284, 0x4164, 0x10C3,
  0x3923, 0x79E3, 0x28C2, 0x4122, 0x71A3, 0x79C3, 0x5142, 0x0862, 0x49AA, 0x51CB, 0x51AB, 0x51AB,
  0x51CB, 0x51AB, 0x49AB, 0x51CB, 0x3128, 0x28E7, 0x3949, 0x498A, 0x51CB, 0x3948, 0x28E6, 0x496B,
  0x59AD, 0x59CD, 0x7A6F, 0x6A0E, 0x6A0E, 0x51AC, 0x416A, 0x20C6, 0x498A, 0x51CB, 0x49AB, 0x51CB,
  0x3949, 0x3107, 0x3948, 0x51CB, 0x51AB, 0x51CB, 0x51CB, 0x51CB, 0x51CB, 0x51CB, 0x51CB, 0x51CB,
  0x51AB, 0x51AB, 0x51AB, 0x51AB, 0x51AB, 0x51AB, 0x51AA, 0x49AA, 0x49AA, 0x49AA, 0x51AB, 0x51AB,
  0x51AB, 0x51AB, 0x51AB, 0x49AB, 0x49AB, 0x49AB, 0x49AB, 0x49AA, 0x49AA, 0x49AA, 0x49AB, 0x51AB,
  0x51AB, 0x51CB, 0x51CB, 0x51CB, 0x51CB, 0x51CB, 0x51AB, 0x51AB, 0x51AB, 0x49AB, 0x49AB, 0x49AB,
  0x49AA, 0x51CB, 0x3969, 0x2907, 0x416A, 0x7A6F, 0x7A6F, 0x8AB1, 0x724F, 0x59CD, 0x724F, 0x61ED,
  0x724F, 0x8AD0, 0x9312, 0x82B0, 0x8AD1, 0x8AD1, 0x8AD1, 0x8AB0, 0x82B0, 0x9312, 0x7A90, 0x620E,
  0x3929, 0x28E7, 0x51AB, 0x49AB, 0x418A, 0x51AB, 0x51AB, 0x51AB, 0x51AB, 0x51AB, 0x51AB, 0x51AB,
  0x51EB, 0x3127, 0x0020, 0x1107, 0x1949, 0x21CD, 0x2A2F, 0x220E, 0x218B, 0x21CC, 0x52AC, 0x6B2D,
  0x7BAF, 0x6B4E, 0x6B2C, 0x732B, 0x7B8C, 0x83AD, 0x734B, 0x734B, 0x6B0B, 0x320C, 0x324F, 0x1928,
  0x39A6, 0x6AEA, 0x5A89, 0x5A88, 0x6289, 0x4A07, 0x1926, 0x18E5, 0x2945, 0x2966, 0x10C4, 0x10C6,
  0x10C4, 0x18A2, 0x5A89, 0xACD0, 0x39C6, 0x5AA9, 0x940E, 0x5A89, 0x8C0E, 0x940E, 0x3165, 0x2944,
  0x62A9, 0x5A68, 0x5A48, 0x5248, 0x5A48, 0x5248, 0x5A68, 0x41C6, 0x2104, 0x5227, 0x20E3, 0x6AEA,
  0x4A27, 0x1042, 0x51CB, 0x49AA, 0x49AB, 0x51AB, 0x51AB, 0x49AA, 0x49AB, 0x49AB, 0x51AB, 0x51AB,
  0x49AB, 0x49AB, 0x51AB, 0x51AB, 0x51AB, 0x51AB, 0x51AB, 0x51AB, 0x51AB, 0x51AB, 0x51CB, 0x51AB,
  0x51AB, 0x51AB, 0x51AB, 0x49AB, 0x51CB, 0x28E6, 0x20A1, 0x9A85, 0xB2E5, 0xAAE5, 0x4163, 0x4963,
  0x5184, 0x2103, 0x3124, 0x3124, 0x92A5, 0x18C3, 0x92E6, 0x8AA6, 0x18E3, 0xA306, 0x20E4, 0x7205,
  0xB2E5, 0x9A85, 0x7A25, 0x9285, 0xA2A5, 0x18A3, 0x69C4, 0x3123, 0x3923, 0x9244, 0x5983, 0x0042,
  0x30E2, 0x79C3, 0x79C3, 0x81E3, 0x79C3, 0x79C3, 0x5142, 0x0862, 0x4169, 0x498A, 0x51AB, 0x51AB,
  0x51CB, 0x51CB, 0x51CB, 0x4169, 0x3128, 0x4169, 0x3108, 0x4169, 0x51AB, 0x49AA, 0x28E7, 0x3108,
  0x414A, 0x498B, 0x518C, 0x59AD, 0x494B, 0x414A, 0x3107, 0x28E6, 0x49AA, 0x51AB, 0x49AB, 0x49AA,
  0x51AB, 0x51CB, 0x51CB, 0x49AB, 0x51AB, 0x51AB, 0x51AB, 0x51AB, 0x51AB, 0x51AB, 0x49AB, 0x49AB,
  0x49AB, 0x51AB, 0x49AB, 0x49AB, 0x49AA, 0x49AA, 0x49AA, 0x49AA, 0x498A, 0x49AA, 0x49AA, 0x49AB,
  0x49AB, 0x49AB, 0x51AB, 0x49AB, 0x49AB, 0x49AA, 0x498A, 0x498A, 0x49AA, 0x49AA, 0x49AA, 0x49AA,
  0x49AB, 0x51AB, 0x51CB, 0x51CB, 0x51CB, 0x51AB, 0x49AB, 0x49AB, 0x51CB, 0x49AB, 0x49AB, 0x49AB,
  0x49AB, 0x51CB, 0x498A, 0x2907, 0x28E7, 0x498B, 0x6A0E, 0x6A0E, 0x59CD, 0x496B, 0x51AC, 0x518C,
  0x8AD0, 0x8AD1, 0x92F1, 0x7A6F, 0x724F, 0x724F, 0x724F, 0x92F2, 0x92F1, 0x7A90, 0x61EE, 0x518C,
  0x28E7, 0x3928, 0x4169, 0x3128, 0x3107, 0x4169, 0x498A, 0x49AB, 0x49AA, 0x49AA, 0x49AB, 0x49AA,
  0x51CB, 0x3127, 0x0021, 0x1107, 0x196A, 0x21AC, 0x2A0E, 0x29ED, 0x2A2F, 0x3270, 0x2A2F, 0x29CB,
  0x29AA, 0x2169, 0x29AA, 0x5AAA, 0x6B0C, 0x7B8D, 0x6B0B, 0x62EB, 0x62CB, 0x2168, 0x10E7, 0x2966,
  0x5A69, 0x5269, 0x5248, 0x4A28, 0x4A28, 0x5269, 0x3166, 0x10C3, 0x10C5, 0x1107, 0x10E6, 0x10E7,
  0x1905, 0x1081, 0x0861, 0x9C6F, 0x6B0A, 0x4A27, 0x7B6C, 0x83AD, 0x39A5, 0x8BEE, 0x4A07, 0x2944,
  0x5227, 0x5A68, 0x5A68, 0x5A48, 0x5A48, 0x5247, 0x5A48, 0x49E7, 0x2924, 0x41C6, 0x2944, 0x6AC9,
  0x5268, 0x18A3, 0x4169, 0x498A, 0x49AA, 0x49AA, 0x49AA, 0x49AA, 0x49AA, 0x49AB, 0x49AB, 0x49AB,
  0x49AA, 0x49AA, 0x49AA, 0x49AB, 0x49AB, 0x49AA, 0x49AB, 0x49AB, 0x49AB, 0x49AB, 0x49AB, 0x49AB,
  0x49AA, 0x49AA, 0x49AA, 0x498A, 0x49AB, 0x20E6, 0x20C2, 0x9A85, 0xA2C5, 0x9AA5, 0x9AA5, 0xB2E6,
  0x61E5, 0x20E3, 0x10C3, 0x7A65, 0xA2C5, 0x0062, 0x7A65, 0x8A86, 0x18E3, 0x9285, 0x18C3, 0x59A4,
  0x9265, 0x9264, 0x3903, 0x3923, 0x4963, 0x1082, 0x5983, 0x10A3, 0x0062, 0x6183, 0x79E3, 0x5142,
  0x69A3, 0x81E3, 0x79C3, 0x71A3, 0x79C3, 0x61A4, 0x30E3, 0x0841, 0x3949, 0x416A, 0x49AA, 0x49AA,
  0x498A, 0x498A, 0x49AA, 0x28E7, 0x59ED, 0x9B13, 0x724F, 0x3128, 0x498A, 0x49AB, 0x4189, 0x28E7,
  0x20E6, 0x3929, 0x496B, 0x496B, 0x414A, 0x28E7, 0x3107, 0x49AA, 0x49AA, 0x49AA, 0x49AA, 0x49AA,
  0x498A, 0x49AA, 0x49AA, 0x49AA, 0x49AA, 0x49AA, 0x49AA, 0x49AA, 0x49AA, 0x49AA, 0x49AA, 0x49AA,
  0x49AA, 0x49AA, 0x49AB, 0x49AA, 0x49AA, 0x49AA, 0x498A, 0x498A, 0x498A, 0x49AA, 0x49AA, 0x49AA,
  0x49AB, 0x49AB, 0x49AB, 0x49AA, 0x49AA, 0x49AA, 0x498A, 0x498A, 0x498A, 0x498A, 0x498A, 0x498A,
  0x49AA, 0x49AA, 0x49AB, 0x49AB, 0x49AB, 0x49AA, 0x49AA, 0x49AA, 0x49AB, 0x49AB, 0x49AB, 0x49AB,
  0x49AA, 0x49AA, 0x49AA, 0x4169, 0x28E7, 0x3128, 0x51AC, 0x59AC, 0x414A, 0x3108, 0x498B, 0x6A0E,
  0x8290, 0x8AD1, 0x92F1, 0x7A90, 0x61CD, 0x518C, 0x61ED, 0x8290, 0x8AD1, 0x724F, 0x59ED, 0x3929,
  0x28E7, 0x3128, 0x28E6, 0x28C6, 0x418A, 0x28E7, 0x3928, 0x49AA, 0x498A, 0x498A, 0x498A, 0x498A,
  0x49AB, 0x3127, 0x0041, 0x1107, 0x194A, 0x21AC, 0x21AC, 0x10E6, 0x08C6, 0x1108, 0x29CC, 0x3A90,
  0x42F1, 0x326F, 0x326F, 0x324F, 0x21CC, 0x21AB, 0x218A, 0x218A, 0x2169, 0x1928, 0x18E5, 0x1905,
  0x1907, 0x1927, 0x10E6, 0x1907, 0x196A, 0x218B, 0x1949, 0x1928, 0x1928, 0x1928, 0x1107, 0x10C6,
  0x1905, 0x18A2, 0x0861, 0x5A88, 0x9C4F, 0x6AEA, 0x4A07, 0x83AD, 0x39C6, 0x732B, 0x93EE, 0x39A6,
  0x18A2, 0x5A68, 0x5A68, 0x5A68, 0x5248, 0x5A48, 0x5A48, 0x5247, 0x39A6, 0x2924, 0x49E6, 0x2944,
  0x7B4B, 0x5A68, 0x1062, 0x49AB, 0x49AA, 0x49AA, 0x49AA, 0x498A, 0x49AA, 0x49AB, 0x49AA, 0x49AA,
  0x51CB, 0x51AB, 0x51AB, 0x51CB, 0x51CB, 0x51AB, 0x51CB, 0x51AB, 0x51AB, 0x49AB, 0x49AB, 0x51AB,
  0x49AB, 0x49AB, 0x49AB, 0x49AA, 0x51CB, 0x2906, 0x18A2, 0x5A68, 0x9285, 0xA284, 0xA2C5, 0xAAE5,
  0xAB06, 0xAAE5, 0xA2C5, 0xAAE5, 0xA2E5, 0x4164, 0x92A5, 0x7A45, 0x0062, 0x71E4, 0x1082, 0x0862,
  0x1082, 0x28E3, 0x8A44, 0x1882, 0x0042, 0x59A3, 0x79E3, 0x4123, 0x5983, 0x8203, 0x8203, 0x8204,
  0x81E3, 0x81E3, 0x79E3, 0x71A3, 0x4184, 0x3985, 0x2103, 0x0841, 0x3948, 0x3949, 0x3949, 0x498A,
  0x49AA, 0x49AA, 0x28E7, 0x3929, 0x59CD, 0x6A0E, 0x418B, 0x28E7, 0x498A, 0x59EC, 0x51CB, 0x49AB,
  0x3128, 0x28E6, 0x28E7, 0x28E7, 0x20C6, 0x3948, 0x49AA, 0x51AB, 0x51AB, 0x51AB, 0x51AB, 0x51AB,
  0x51CB, 0x51CB, 0x51AB, 0x51AB, 0x51AB, 0x51AB, 0x51CB, 0x51CB, 0x51CB, 0x51AB, 0x51AB, 0x51AB,
  0x51AB, 0x51AB, 0x51AB, 0x51AB, 0x51AA, 0x49AA, 0x49AA, 0x49AA, 0x49AB, 0x51CB, 0x51CB, 0x51CB,
  0x51CB, 0x51CB, 0x51AB, 0x51AB, 0x51AB, 0x51AB, 0x49AB, 0x49AB, 0x49AB, 0x49AA, 0x49AA, 0x49AA,
  0x49AA, 0x51AB, 0x51AB, 0x51AB, 0x51AB, 0x51AB, 0x51AB, 0x51AB, 0x51AB, 0x51AB, 0x51CB, 0x51AB,
  0x51AB, 0x49AB, 0x49AB, 0x51AB, 0x49AA, 0x2907, 0x2907, 0x3107, 0x28E7, 0x28E7, 0x414A, 0x59CC,
  0x6A0E, 0x8290, 0x7A70, 0x61ED, 0x59CD, 0x61CD, 0x496B, 0x61ED, 0x724F, 0x7A6F, 0x59CC, 0x20C7,
  0x59CC, 0x498B, 0x59ED, 0x7A6F, 0x724E, 0x496B, 0x3108, 0x4169, 0x51CB, 0x49AB, 0x49AA, 0x49AA,
  0x51CB, 0x3127, 0x0021, 0x1107, 0x1949, 0x21CC, 0x198B, 0x2147, 0x630C, 0x630C, 0x2968, 0x1907,
  0x2A0D, 0x29ED, 0x29CC, 0x2A0E, 0x2A2E, 0x2A4F, 0x2A0E, 0x2A2F, 0x2A2E, 0x29CC, 0x29ED, 0x29ED,
  0x21AC, 0x218B, 0x218B, 0x218B, 0x21AB, 0x218B, 0x1929, 0x1107, 0x10E6, 0x10C4, 0x10A3, 0x10C5,
  0x2105, 0x20E3, 0x1062, 0x0862, 0x83CD, 0x734B, 0x3985, 0x732B, 0x732B, 0x3185, 0x8BEE, 0x732B,
  0x3165, 0x2104, 0x5A48, 0x5A48, 0x5A48, 0x5A48, 0x5A48, 0x5248, 0x4A27, 0x2104, 0x41C6, 0x2924,
  0x5A88, 0x5A88, 0x1062, 0x51AB, 0x51AB, 0x49AB, 0x51AB, 0x51AB, 0x51AB, 0x51AB, 0x51AB, 0x51AA,
  0x49AA, 0x49AA, 0x49AA, 0x49AA, 0x49AB, 0x49AB, 0x51AB, 0x51AB, 0x51AB, 0x51AB, 0x49AA, 0x49AA,
  0x49AA, 0x49AB, 0x49AB, 0x418A, 0x49AA, 0x20C5, 0x1081, 0x4A28, 0x6288, 0x6A88, 0x9AC6, 0xB2E5,
  0xB305, 0xB305, 0xB306, 0xB306, 0xB326, 0xBB26, 0xAAE5, 0x9285, 0x7204, 0x9285, 0x7204, 0x71E4,
  0x71E4, 0x7A04, 0x9264, 0x69E4, 0x69E4, 0x8A44, 0x9264, 0x9244, 0x9244, 0x8A24, 0x8203, 0x81E3,
  0x81E3, 0x79E3, 0x49A5, 0x4984, 0x3185, 0x39A6, 0x2924, 0x0841, 0x3107, 0x3948, 0x3949, 0x3949,
  0x4169, 0x498A, 0x3128, 0x28E7, 0x3949, 0x416A, 0x28C7, 0x3928, 0x49AA, 0x3948, 0x4169, 0x51CB,
  0x49AB, 0x3949, 0x3148, 0x3928, 0x3128, 0x418A, 0x49AB, 0x498A, 0x498A, 0x498A, 0x49AA, 0x49AA,
  0x49AA, 0x49AA, 0x49AA, 0x49AA, 0x49AA, 0x49AA, 0x49AA, 0x49AA, 0x49AA, 0x49AA, 0x49AA, 0x49AA,
  0x49AA, 0x49AA, 0x49AA, 0x49AA, 0x498A, 0x498A, 0x498A, 0x498A, 0x49AA, 0x49AA, 0x49AB, 0x49AA,
  0x49AA, 0x49AA, 0x49AA, 0x49AA, 0x49AA, 0x49AA, 0x49AA, 0x49AA, 0x49AA, 0x498A, 0x498A, 0x498A,
  0x498A, 0x49AA, 0x49AA, 0x49AA, 0x49AA, 0x49AA, 0x49AA, 0x49AA, 0x49AA, 0x49AA, 0x49AA, 0x49AA,
  0x49AA, 0x49AA, 0x49AA, 0x49AA, 0x49AA, 0x4169, 0x2907, 0x20C6, 0x3107, 0x3948, 0x28E7, 0x518B,
  0x51AC, 0x6A0E, 0x722F, 0x61CD, 0x518C, 0x414A, 0x3929, 0x51AC, 0x59AC, 0x59CC, 0x61ED, 0x59CC,
  0x7A6F, 0x8AD1, 0x8AD1, 0x92D1, 0x8AB0, 0x59AC, 0x3108, 0x3948, 0x49AB, 0x49AA, 0x49AA, 0x498A,
  0x49AB, 0x3106, 0x0020, 0x1107, 0x1949, 0x21CC, 0x196B, 0x39C8, 0xAD13, 0xB553, 0xA4F2, 0x52AC,
  0x1928, 0x21AB, 0x1926, 0x2967, 0x2168, 0x216A, 0x21CC, 0x1949, 0x1929, 0x1949, 0x1108, 0x1108,
  0x1969, 0x1949, 0x10E7, 0x1107, 0x1906, 0x10A4, 0x18C4, 0x18E4, 0x2104, 0x18E4, 0x0862, 0x10C6,
  0x2126, 0x2944, 0x2103, 0x0041, 0x5A88, 0x7B6B, 0x5A89, 0x4A07, 0x730A, 0x5A68, 0x4A27, 0x8BED,
  0x5248, 0x1062, 0x5A48, 0x5A48, 0x5248, 0x5A48, 0x5248, 0x5A48, 0x5227, 0x2104, 0x41C6, 0x2924,
  0x5268, 0x5A88, 0x0842, 0x49AA, 0x49AA, 0x49AA, 0x49AA, 0x49AB, 0x49AB, 0x49AB, 0x49AA, 0x49AA,
  0x51CB, 0x51CB, 0x51CB, 0x51CB, 0x51CB, 0x51CB, 0x51CB, 0x51CB, 0x51CB, 0x51CB, 0x51AB, 0x51AB,
  0x51AB, 0x51AB, 0x51AB, 0x3969, 0x3969, 0x18A4, 0x1082, 0x5268, 0x5A8A, 0x5AAA, 0x7B09, 0x9349,
  0x8B29, 0x9308, 0xB305, 0xAAE5, 0xB305, 0xB306, 0xA2E6, 0xAAE6, 0xAAE6, 0xA2C5, 0xAAE5, 0xAAC5,
  0xA2A5, 0xA285, 0x9265, 0x9A85, 0x9A64, 0x9264, 0x9244, 0x8A24, 0x8A24, 0x8A24, 0x79E3, 0x61C4,
  0x59E5, 0x51C5, 0x3186, 0x3986, 0x39A6, 0x3165, 0x18C3, 0x0841, 0x2907, 0x3128, 0x3948, 0x3948,
  0x3948, 0x4169, 0x49AA, 0x3928, 0x2907, 0x3108, 0x3949, 0x49AA, 0x3127, 0x498B, 0x4149, 0x3948,
  0x51CB, 0x51CB, 0x51CB, 0x51CB, 0x51CB, 0x51CB, 0x51AB, 0x51AB, 0x49AA, 0x49AB, 0x51AB, 0x51AB,
  0x51AB, 0x51AB, 0x51AB, 0x51AB, 0x51CB, 0x51CB, 0x51CB, 0x51CB, 0x51CB, 0x51CB, 0x51CB, 0x51AB,
  0x51CB, 0x51CB, 0x51CB, 0x51AB, 0x51AA, 0x51AA, 0x51AB, 0x51AB, 0x51AB, 0x51AB, 0x51AB, 0x51AB,
  0x51AB, 0x51AB, 0x51AB, 0x51AB, 0x51CB, 0x51CB, 0x51AB, 0x51AB, 0x51AB, 0x49AA, 0x49AA, 0x49AA,
  0x51AB, 0x51AB, 0x51AB, 0x51AB, 0x49AB, 0x51AB, 0x51AB, 0x51AB, 0x51CB, 0x51CB, 0x51CB, 0x51CB,
  0x51CB, 0x51CB, 0x51AB, 0x51AB, 0x49AA, 0x51CB, 0x49AA, 0x4189, 0x498A, 0x4169, 0x20C5, 0x3929,
  0x498B, 0x61EE, 0x59CC, 0x59AC, 0x518C, 0x3929, 0x28E7, 0x414A, 0x414A, 0x498B, 0x722E, 0x59CD,
  0x82B0, 0x9B12, 0x8290, 0x724F, 0x6A2E, 0x498B, 0x28C7, 0x3948, 0x51CB, 0x51CB, 0x51AB, 0x49AA,
  0x51CB, 0x3126, 0x0020, 0x1107, 0x1949, 0x21CD, 0x198B, 0x31A8, 0xACF2, 0x6B2D, 0x630C, 0x9CD2,
  0x422B, 0x1949, 0x83F0, 0xB533, 0x8C2F, 0x31A9, 0x1907, 0x4A4A, 0x6B2D, 0x2127, 0x39C8, 0x630C,
  0x2147, 0x10C5, 0x5AAB, 0x4229, 0x1905, 0x6AEB, 0x7BAD, 0x7B8D, 0x83CE, 0x62EA, 0x0862, 0x10E6,
  0x2146, 0x3165, 0x2104, 0x10A2, 0x18C2, 0x6AEA, 0x83AC, 0x2104, 0x62A9, 0x838C, 0x3165, 0x734B,
  0x838C, 0x3144, 0x3145, 0x5A68, 0x5A48, 0x5A48, 0x5A48, 0x5A48, 0x5227, 0x2944, 0x3985, 0x3165,
  0x5248, 0x6AC9, 0x0862, 0x498A, 0x51CB, 0x51CB, 0x51CB, 0x51CB, 0x51CB, 0x51CB, 0x51AB, 0x51AB,
  0x49AB, 0x49AB, 0x49AB, 0x49AB, 0x49AB, 0x49AB, 0x49AB, 0x49AB, 0x49AA, 0x49AA, 0x498A, 0x49AA,
  0x49AB, 0x498A, 0x3949, 0x3948, 0x3949, 0x20C5, 0x1082, 0x39A6, 0x5A89, 0x62AA, 0x6B0B, 0x736C,
  0x7B6D, 0x834B, 0xA348, 0xA369, 0x9328, 0xAB06, 0xAAC5, 0x9AA6, 0x9285, 0xAAC5, 0xA2C5, 0xA2A4,
  0xA284, 0x9A64, 0x9264, 0x9244, 0x9244, 0x8A24, 0x8224, 0x7A25, 0x7A25, 0x7225, 0x59C4, 0x49C6,
  0x39C6, 0x39A6, 0x3985, 0x39A6, 0x3165, 0x2104, 0x18C2, 0x0841, 0x2907, 0x3107, 0x3928, 0x3949,
  0x3949, 0x3948, 0x3969, 0x498A, 0x3949, 0x3948, 0x51CB, 0x4149, 0x3107, 0x6A2F, 0x59CC, 0x28E7,
  0x51CB, 0x51AB, 0x49AB, 0x49AB, 0x49AB, 0x51AB, 0x49AB, 0x49AB, 0x49AA, 0x49AA, 0x49AB, 0x49AB,
  0x49AB, 0x49AB, 0x49AB, 0x49AA, 0x49AA, 0x49AA, 0x49AB, 0x49AB, 0x49AB, 0x49AB, 0x49AB, 0x49AB,
  0x49AB, 0x49AB, 0x49AB, 0x49AA, 0x49AA, 0x49AA, 0x49AA, 0x49AB, 0x49AB, 0x49AB, 0x49AA, 0x49AB,
  0x49AA, 0x49AB, 0x49AA, 0x49AB, 0x49AA, 0x49AB, 0x49AA, 0x49AA, 0x49AA, 0x49AA, 0x498A, 0x498A,
  0x498A, 0x49AA, 0x49AA, 0x49AA, 0x49AA, 0x49AA, 0x49AA, 0x49AB, 0x49AB, 0x49AB, 0x49AB, 0x49AB,
  0x49AB, 0x49AB, 0x49AA, 0x49AB, 0x49AA, 0x49AA, 0x51AB, 0x49AB, 0x49AB, 0x4169, 0x3107, 0x28E7,
  0x3929, 0x496B, 0x518C, 0x518B, 0x3929, 0x28E7, 0x28E6, 0x28E7, 0x3929, 0x51AC, 0x722F, 0x51AC,
  0x61ED, 0x7A6F, 0x6A0E, 0x51AC, 0x394A, 0x28E7, 0x2907, 0x418A, 0x51AB, 0x49AA, 0x49AB, 0x49AA,
  0x51CB, 0x3106, 0x0020, 0x1107, 0x1949, 0x21CD, 0x196B, 0x31A8, 0xB533, 0x422A, 0x0865, 0xAD12,
  0x4A6B, 0x630D, 0xAD12, 0x630C, 0x7BAE, 0x9450, 0x10E6, 0x7BAE, 0xBD53, 0x2968, 0x5AAB, 0xB512,
  0x528B, 0x18E6, 0x9C91, 0x6B4C, 0x2105, 0x62EA, 0x6B0B, 0x8BEE, 0x39C7, 0x20E3, 0x1082, 0x10E6,
  0x2946, 0x3164, 0x2104, 0x20E3, 0x0000, 0x41C6, 0x8BCD, 0x5A68, 0x5227, 0x732B, 0x5227, 0x4A28,
  0x940E, 0x6ACA, 0x2924, 0x3985, 0x5A68, 0x5A48, 0x5248, 0x5247, 0x5227, 0x41C6, 0x2104, 0x41C6,
  0x41C6, 0x62A9, 0x5247, 0x1082, 0x418A, 0x49AB, 0x49AB, 0x49AB, 0x49AA, 0x49AA, 0x49AB, 0x49AB,
  0x49AA, 0x49AA, 0x49AB, 0x49AB, 0x49AB, 0x49AB, 0x49AB, 0x49AB, 0x49AB, 0x49AA, 0x49AA, 0x49AA,
  0x498A, 0x4169, 0x3128, 0x3948, 0x3948, 0x20C5, 0x1082, 0x2944, 0x39C6, 0x4A28, 0x6B0B, 0x7B6C,
  0x7B8C, 0x7B8D, 0x7B8D, 0x8C0F, 0x734C, 0x9B28, 0xAB27, 0x8AC7, 0x82A7, 0xAB27, 0x9AE6, 0x9AA6,
  0x92A5, 0x8A65, 0x8265, 0x8A65, 0x7A25, 0x71E4, 0x59E5, 0x49E6, 0x41E7, 0x41E7, 0x41E7, 0x41E7,
  0x41C6, 0x39A6, 0x3165, 0x2944, 0x18E3, 0x3165, 0x3985, 0x0841, 0x2907, 0x3107, 0x3128, 0x3948,
  0x3948, 0x3949, 0x3108, 0x4169, 0x51CB, 0x51AB, 0x498A, 0x3107, 0x416A, 0x416A, 0x3928, 0x3108,
  0x49AB, 0x49AB, 0x49AB, 0x49AB, 0x49AB, 0x49AB, 0x49AA, 0x49AB, 0x49AA, 0x49AA, 0x49AA, 0x49AA,
  0x49AB, 0x49AB, 0x49AA, 0x49AA, 0x49AA, 0x498A, 0x49AA, 0x49AA, 0x49AB, 0x49AA, 0x49AA, 0x49AB,
  0x49AB, 0x49AB, 0x49AB, 0x49AA, 0x49AA, 0x49AA, 0x49AA, 0x49AA, 0x49AA, 0x498A, 0x49AA, 0x49AA,
  0x49AA, 0x49AA, 0x49AA, 0x49AA, 0x49AA, 0x49AA, 0x49AA, 0x49AA, 0x498A, 0x498A, 0x498A, 0x498A,
  0x498A, 0x498A, 0x49AA, 0x49AA, 0x49AA, 0x49AA, 0x49AA, 0x49AA, 0x49AB, 0x49AB, 0x49AB, 0x49AB,
  0x49AB, 0x49AB, 0x49AA, 0x49AA, 0x49AA, 0x498A, 0x498A, 0x498A, 0x498A, 0x49AA, 0x498A, 0x3128,
  0x3107, 0x3928, 0x414A, 0x4149, 0x28C6, 0x28E7, 0x3949, 0x28E6, 0x3108, 0x498B, 0x61EE, 0x6A0E,
  0x414A, 0x518B, 0x518B, 0x3929, 0x28E7, 0x3108, 0x498A, 0x418A, 0x4169, 0x498A, 0x498A, 0x498A,
  0x49AB, 0x2906, 0x0020, 0x1107, 0x1949, 0x21CD, 0x196B, 0x31A8, 0xAD13, 0x5AEC, 0x39E9, 0xACF1,
  0x420A, 0x6B4D, 0x9C91, 0x0085, 0x422A, 0xA4B1, 0x1907, 0x6B4D, 0xA4D1, 0x2147, 0x4A4A, 0x9C90,
  0x83CE, 0x2946, 0x8C0F, 0x6B0B, 0x0883, 0x0863, 0x39A6, 0x8C0E, 0x2104, 0x0885, 0x10C5, 0x1906,
  0x2966, 0x3144, 0x2103, 0x20E3, 0x0862, 0x18E3, 0x62A9, 0x8BCD, 0x41C6, 0x5247, 0x6AEA, 0x41E6,
  0x5248, 0x838C, 0x6AEA, 0x20E3, 0x3985, 0x5227, 0x5227, 0x5227, 0x5227, 0x5227, 0x18E3, 0x5228,
  0x3985, 0x41E6, 0x6288, 0x0841, 0x4169, 0x49AB, 0x49AA, 0x49AA, 0x49AA, 0x49AA, 0x49AB, 0x49AB,
  0x51CB, 0x51AB, 0x51CB, 0x51CB, 0x51CB, 0x51CB, 0x51AB, 0x51AB, 0x51AB, 0x51AB, 0x51AB, 0x498A,
  0x4169, 0x3949, 0x3949, 0x3948, 0x3148, 0x1084, 0x2944, 0x732A, 0x18C3, 0x2104, 0x5AA9, 0x734C,
  0x7B6C, 0x7B6C, 0x7B6C, 0x8BEE, 0x7B4C, 0x942F, 0x8BEE, 0x734C, 0x6B0B, 0x83CD, 0x6B0B, 0x62AA,
  0x5AA9, 0x5A89, 0x5A89, 0x5248, 0x4A07, 0x4207, 0x4207, 0x4A07, 0x49E7, 0x41E7, 0x41E7, 0x41E7,
  0x39A6, 0x39A6, 0x2924, 0x10A2, 0x2944, 0x5227, 0x3985, 0x0841, 0x28E6, 0x3107, 0x3107, 0x3107,
  0x3128, 0x4169, 0x498A, 0x4169, 0x498A, 0x49AA, 0x49AA, 0x51CB, 0x3928, 0x20A6, 0x3127, 0x51AB,
  0x51AB, 0x51CB, 0x51AB, 0x51CB, 0x51CB, 0x51CB, 0x51AB, 0x51AB, 0x51AB, 0x51AB, 0x51AB, 0x51AB,
  0x51AB, 0x51AB, 0x51AB, 0x51AB, 0x51AB, 0x51AB, 0x51AB, 0x51AB, 0x51AB, 0x51AB, 0x51AB, 0x51AB,
  0x51CB, 0x51CB, 0x51CB, 0x51AB, 0x51AB, 0x51AB, 0x51AB, 0x49AA, 0x49AB, 0x51AB, 0x51AB, 0x51AB,
  0x51AB, 0x51AB, 0x51AB, 0x51AB, 0x51AB, 0x49AB, 0x49AB, 0x49AB, 0x49AA, 0x49AA, 0x49AA, 0x49AB,
  0x49AB, 0x51AB, 0x51AB, 0x51AB, 0x51AB, 0x51AB, 0x51AB, 0x51AB, 0x51AB, 0x51AB, 0x51CB, 0x51AB,
  0x51AB, 0x51AB, 0x51AB, 0x51AB, 0x49AA, 0x51AA, 0x49AA, 0x51AA, 0x51AB, 0x51AB, 0x49AA, 0x49AB,
  0x49AA, 0x20C6, 0x20C6, 0x20C6, 0x3127, 0x51AB, 0x51CB, 0x51CB, 0x3948, 0x3108, 0x51AC, 0x59CD,
  0x416A, 0x3929, 0x3107, 0x20A5, 0x28E7, 0x4169, 0x3108, 0x28E7, 0x3107, 0x498A, 0x498A, 0x498A,
  0x51CB, 0x2906, 0x0020, 0x1107, 0x1949, 0x21AC, 0x196B, 0x31C8, 0xA4D1, 0x9CB1, 0xAD12, 0x6B2C,
  0x10C6, 0x736E, 0x9450, 0x08A6, 0x528C, 0xAD12, 0x1927, 0x6B2C, 0xA4B1, 0x2127, 0x528A, 0x9C90,
  0x9C90, 0x62CB, 0x83EF, 0x6B2C, 0x08A5, 0x10E7, 0x39C7, 0x8BEE, 0x2945, 0x10E7, 0x10E6, 0x2125,
  0x3186, 0x3164, 0x2103, 0x20E3, 0x18C3, 0x0861, 0x18C3, 0x6AC9, 0x730A, 0x39A6, 0x5A89, 0x62A9,
  0x3165, 0x5268, 0x8BCD, 0x5A68, 0x1082, 0x39A6, 0x5247, 0x5227, 0x5227, 0x5248, 0x2124, 0x4A07,
  0x3165, 0x41E6, 0x6288, 0x0861, 0x4189, 0x51AB, 0x49AB, 0x49AA, 0x51AB, 0x49AB, 0x51AB, 0x51AB,
  0x49AA, 0x49AA, 0x49AA, 0x49AA, 0x49AA, 0x49AA, 0x49AA, 0x49AA, 0x49AA, 0x49AA, 0x4169, 0x3948,
  0x3948, 0x3928, 0x3948, 0x3107, 0x3128, 0x18A4, 0x10A2, 0x5268, 0x838C, 0x6B0B, 0x3145, 0x20E3,
  0x4A07, 0x732C, 0x83AD, 0x940F, 0x734C, 0x942F, 0x8BEE, 0x7B6C, 0x62EA, 0x7B6C, 0x62CA, 0x5AA9,
  0x5A89, 0x5A89, 0x5A89, 0x5228, 0x4A07, 0x4A07, 0x4A07, 0x4A28, 0x4A07, 0x41E7, 0x41E7, 0x3165,
  0x18E3, 0x18C3, 0x2104, 0x5227, 0x5227, 0x39C6, 0x2103, 0x0861, 0x28E6, 0x2907, 0x3127, 0x3128,
  0x3128, 0x3928, 0x3949, 0x3948, 0x4169, 0x4169, 0x4169, 0x498A, 0x418A, 0x4169, 0x418A, 0x49AA,
  0x49AA, 0x49AA, 0x49AA, 0x49AA, 0x49AA, 0x49AA, 0x49AA, 0x49AA, 0x498A, 0x49AA, 0x498A, 0x498A,
  0x498A, 0x49AA, 0x498A, 0x498A, 0x49AA, 0x49AA, 0x498A, 0x498A, 0x498A, 0x498A, 0x498A, 0x49AA,
  0x49AA, 0x49AA, 0x498A, 0x498A, 0x498A, 0x498A, 0x498A, 0x498A, 0x498A, 0x498A, 0x498A, 0x498A,
  0x498A, 0x498A, 0x498A, 0x498A, 0x498A, 0x498A, 0x498A, 0x498A, 0x498A, 0x498A, 0x498A, 0x498A,
  0x498A, 0x498A, 0x498A, 0x49AA, 0x49AA, 0x498A, 0x498A, 0x498A, 0x498A, 0x498A, 0x498A, 0x498A,
  0x498A, 0x498A, 0x498A, 0x498A, 0x498A, 0x498A, 0x498A, 0x498A, 0x498A, 0x498A, 0x498A, 0x498A,
  0x498A, 0x4169, 0x4169, 0x418A, 0x498A, 0x498A, 0x49AA, 0x49AB, 0x3128, 0x20C6, 0x4149, 0x82B1,
  0x7A50, 0x3949, 0x20C6, 0x3107, 0x4169, 0x18A5, 0x724F, 0x6A2E, 0x30E7, 0x3107, 0x49AA, 0x418A,
  0x416A, 0x20E5, 0x0020, 0x1107, 0x1949, 0x21AC, 0x196A, 0x39C8, 0xACF2, 0x528B, 0x2148, 0x2169,
  0x08C7, 0x6B2C, 0x9450, 0x31A9, 0x630D, 0xA4D2, 0x1927, 0x6B2D, 0xA4B1, 0x2147, 0x5AAB, 0x9C91,
  0x8BEF, 0x8BEE, 0x942F, 0x62EB, 0x08C5, 0x08A5, 0x39C6, 0x942F, 0x2966, 0x10E6, 0x10C5, 0x2125,
  0x3186, 0x3165, 0x2924, 0x20E3, 0x18E3, 0x1082, 0x0020, 0x2103, 0x8BAC, 0x5248, 0x3985, 0x5A68,
  0x41E6, 0x2944, 0x4A07, 0x7B4B, 0x4A07, 0x18C3, 0x3985, 0x5A68, 0x5227, 0x5228, 0x2104, 0x4A07,
  0x3144, 0x41C6, 0x62A9, 0x0861, 0x4169, 0x49AA, 0x498A, 0x498A, 0x498A, 0x498A, 0x498A, 0x498A,
  0x51AB, 0x51AB, 0x49AB, 0x51AB, 0x51AB, 0x51AB, 0x51AB, 0x51AB, 0x51AB, 0x51AB, 0x49AA, 0x4169,
  0x3949, 0x3969, 0x3969, 0x3948, 0x3128, 0x2906, 0x1083, 0x18C2, 0x5248, 0x6B0B, 0x7B8D, 0x940F,
  0x5AA9, 0x2924, 0x39A6, 0x39A6, 0x3145, 0x8BEE, 0xA491, 0x83AD, 0x62CA, 0x7B8C, 0x6AEA, 0x62CA,
  0x62CA, 0x62AA, 0x5A89, 0x5268, 0x5228, 0x4A28, 0x3986, 0x2124, 0x2124, 0x18E3, 0x18C3, 0x3185,
  0x5248, 0x4A07, 0x4A07, 0x5227, 0x39A6, 0x18C2, 0x1062, 0x2906, 0x3127, 0x3128, 0x3948, 0x3128,
  0x3128, 0x4169, 0x4169, 0x4169, 0x4169, 0x498A, 0x49AA, 0x49AA, 0x49AA, 0x51AB, 0x51AB, 0x51AB,
  0x49AB, 0x49AB, 0x49AB, 0x49AB, 0x49AB, 0x51AB, 0x49AB, 0x49AB, 0x49AA, 0x49AB, 0x49AB, 0x51AB,
  0x49AB, 0x49AA, 0x49AB, 0x49AB, 0x49AB, 0x49AA, 0x49AA, 0x49AA, 0x49AA, 0x49AA, 0x498A, 0x49AA,
  0x49AA, 0x49AA, 0x49AA, 0x49AB, 0x49AB, 0x49AA, 0x498A, 0x498A, 0x498A, 0x49AA, 0x49AA, 0x49AA,
  0x49AA, 0x49AA, 0x49AA, 0x49AA, 0x498A, 0x49AA, 0x49AA, 0x49AA, 0x49AA, 0x49AA, 0x49AA, 0x49AA,
  0x49AA, 0x49AA, 0x49AB, 0x51AB, 0x49AB, 0x49AA, 0x49AA, 0x49AA, 0x49AA, 0x49AA, 0x49AA, 0x49AA,
  0x49AA, 0x49AA, 0x49AA, 0x49AA, 0x49AA, 0x49AA, 0x49AA, 0x49AA, 0x49AA, 0x49AA, 0x49AA, 0x49AA,
  0x49AA, 0x49AB, 0x51AB, 0x51AB, 0x51AB, 0x49AA, 0x49AB, 0x49AA, 0x498A, 0x3949, 0x28C7, 0x51AB,
  0x59CC, 0x3108, 0x3107, 0x498A, 0x28E7, 0x51AB, 0x6A2F, 0x620E, 0x414A, 0x28E7, 0x498A, 0x418A,
  0x416A, 0x28E6, 0x0020, 0x1107, 0x196A, 0x21CD, 0x1929, 0x39E8, 0xC594, 0x528B, 0x10E8, 0x2A0E,
  0x1949, 0x62EB, 0xACD1, 0xAD12, 0xB512, 0x9C91, 0x1907, 0x6B4D, 0xA4D1, 0x2147, 0x5ACB, 0x9450,
  0x39E8, 0x940F, 0x944F, 0x62EB, 0x08C5, 0x08A5, 0x39C7, 0x944F, 0x2966, 0x10E6, 0x10C5, 0x2925,
  0x39A6, 0x3185, 0x2924, 0x2103, 0x20E3, 0x1082, 0x0841, 0x0841, 0x39A6, 0x732B, 0x3165, 0x3165,
  0x5248, 0x49E7, 0x2944, 0x62A9, 0x732B, 0x4A07, 0x2944, 0x2924, 0x5A68, 0x5248, 0x10A2, 0x41E6,
  0x2924, 0x4A07, 0x6AA9, 0x0861, 0x4189, 0x49AB, 0x49AA, 0x49AA, 0x49AB, 0x49AB, 0x49AB, 0x49AB,
  0x49AA, 0x49AB, 0x49AA, 0x49AB, 0x49AB, 0x49AA, 0x49AB, 0x49AA, 0x49AB, 0x49AA, 0x51AB, 0x418A,
  0x3949, 0x3969, 0x3969, 0x3949, 0x3127, 0x3107, 0x20E6, 0x1082, 0x10A2, 0x39C6, 0x734C, 0x8C0F,
  0x83AD, 0x7B6C, 0x7B8D, 0x83EE, 0x62EA, 0x5268, 0x4A48, 0x41E7, 0x3165, 0x3185, 0x3165, 0x3185,
  0x39A6, 0x3185, 0x2944, 0x3165, 0x3165, 0x2965, 0x3185, 0x4A07, 0x4A07, 0x49E7, 0x4A07, 0x62A9,
  0x5A89, 0x4A07, 0x39A5, 0x18C3, 0x1082, 0x1082, 0x20C5, 0x3128, 0x3127, 0x3128, 0x3107, 0x3128,
  0x3949, 0x4169, 0x416A, 0x4169, 0x4169, 0x4169, 0x498A, 0x498A, 0x498A, 0x49AA, 0x49AA, 0x49AA,
  0x49AA, 0x49AA, 0x49AB, 0x49AB, 0x49AB, 0x49AB, 0x49AB, 0x49AB, 0x49AA, 0x49AA, 0x49AA, 0x49AA,
  0x49AA, 0x49AA, 0x49AA, 0x49AA, 0x49AA, 0x49AA, 0x49AA, 0x49AA, 0x49AB, 0x49AA, 0x49AA, 0x49AA,
  0x49AA, 0x49AB, 0x49AB, 0x51AB, 0x49AB, 0x49AB, 0x49AA, 0x498A, 0x498A, 0x498A, 0x498A, 0x49AA,
  0x49AA, 0x49AA, 0x498A, 0x498A, 0x498A, 0x498A, 0x498A, 0x49AA, 0x498A, 0x49AA, 0x49AA, 0x498A,
  0x498A, 0x498A, 0x49AA, 0x49AB, 0x49AA, 0x49AA, 0x49AA, 0x49AA, 0x49AA, 0x498A, 0x498A, 0x498A,
  0x49AA, 0x49AA, 0x49AA, 0x49AA, 0x49AA, 0x49AA, 0x49AA, 0x49AA, 0x49AA, 0x49AA, 0x49AA, 0x49AA,
  0x49AA, 0x49AA, 0x49AA, 0x49AA, 0x49AA, 0x49AA, 0x49AA, 0x49AA, 0x49AB, 0x49AA, 0x3949, 0x2907,
  0x28C7, 0x3128, 0x498A, 0x498A, 0x28E7, 0x3929, 0x416A, 0x3929, 0x28C7, 0x2907, 0x416A, 0x416A,
  0x3949, 0x20E5, 0x0021, 0x1907, 0x196A, 0x29CD, 0x218B, 0x2147, 0x5ACC, 0x39E9, 0x1107, 0x21EE,
  0x1108, 0x734D, 0x9450, 0x2147, 0x5AEC, 0xAD13, 0x1907, 0x6B2C, 0xA4B0, 0x2126, 0x52AB, 0x9470,
  0x2147, 0x7B8D, 0xA490, 0x62EB, 0x08A5, 0x08C6, 0x41E7, 0x9C90, 0x2945, 0x08C6, 0x10A5, 0x2945,
  0x39A6, 0x3185, 0x2924, 0x2104, 0x2104, 0x1081, 0x0021, 0x1083, 0x0841, 0x5A68, 0x62C9, 0x39A5,
  0x39A6, 0x5A68, 0x41C6, 0x2944, 0x5227, 0x732A, 0x5A68, 0x2944, 0x2104, 0x3144, 0x2924, 0x3165,
  0x3165, 0x730A, 0x5A68, 0x0841, 0x3128, 0x498A, 0x49AA, 0x49AA, 0x49AA, 0x49AB, 0x49AB, 0x49AB,
  0x49AA, 0x49AA, 0x49AA, 0x49AA, 0x49AA, 0x49AA, 0x49AA, 0x49AA, 0x49AA, 0x49AA, 0x49AB, 0x498A,
  0x4169, 0x3948, 0x3949, 0x3949, 0x3128, 0x3107, 0x3128, 0x2906, 0x1883, 0x18C3, 0x2924, 0x3164,
  0x5AA9, 0x942F, 0x9C70, 0xACF1, 0xA4B1, 0x736C, 0x6B2B, 0x5AAA, 0x41E7, 0x5268, 0x4A07, 0x4A07,
  0x41E7, 0x39A6, 0x39A6, 0x39A6, 0x41E7, 0x39C6, 0x4A28, 0x6ACA, 0x5A68, 0x5A68, 0x5A68, 0x4A07,
  0x2944, 0x18C3, 0x18C2, 0x0021, 0x1062, 0x20E5, 0x3128, 0x3107, 0x3127, 0x3127, 0x3128, 0x3948,
  0x3949, 0x3949, 0x3949, 0x4169, 0x4189, 0x4169, 0x418A, 0x49AA, 0x49AA, 0x49AA, 0x49AA, 0x49AA,
  0x49AA, 0x49AB, 0x49AB, 0x49AB, 0x49AA, 0x49AB, 0x49AB, 0x49AB, 0x49AA, 0x49AA, 0x49AA, 0x49AB,
  0x49AB, 0x49AB, 0x49AA, 0x498A, 0x498A, 0x498A, 0x498A, 0x49AA, 0x49AA, 0x498A, 0x49AA, 0x49AA,
  0x49AA, 0x49AA, 0x49AB, 0x49AB, 0x49AB, 0x49AB, 0x49AA, 0x498A, 0x498A, 0x49AA, 0x49AA, 0x49AA,
  0x49AA, 0x498A, 0x49AA, 0x498A, 0x498A, 0x498A, 0x498A, 0x498A, 0x498A, 0x498A, 0x498A, 0x49AA,
  0x49AA, 0x49AA, 0x49AA, 0x49AA, 0x49AA, 0x49AA, 0x49AA, 0x49AA, 0x49AA, 0x49AA, 0x49AA, 0x49AA,
  0x498A, 0x49AA, 0x49AA, 0x49AA, 0x49AA, 0x49AA, 0x49AA, 0x49AA, 0x49AA, 0x498A, 0x498A, 0x498A,
  0x498A, 0x49AA, 0x49AA, 0x49AA, 0x49AA, 0x49AA, 0x49AA, 0x49AA, 0x49AA, 0x49AA, 0x498A, 0x3128,
  0x3107, 0x4189, 0x51CB, 0x498A, 0x3949, 0x28E7, 0x28E7, 0x28E6, 0x3128, 0x498A, 0x4169, 0x3928,
  0x3928, 0x20C5, 0x0020, 0x08A4, 0x1949, 0x21CD, 0x21CD, 0x216A, 0x1108, 0x1907, 0x218B, 0x21CC,
  0x10C6, 0x5AAB, 0x736E, 0x08A7, 0x4A6B, 0xB553, 0x18E6, 0x6B2C, 0xACF1, 0x1906, 0x5ACB, 0xA4D1,
  0x1906, 0x4209, 0xA4B1, 0x62EB, 0x08A5, 0x10E6, 0x3186, 0x62EA, 0x18E4, 0x10E6, 0x10E6, 0x2945,
  0x39A6, 0x3165, 0x2924, 0x2104, 0x18E3, 0x0861, 0x0021, 0x20E5, 0x1062, 0x20E3, 0x6ACA, 0x5A68,
  0x2944, 0x3985, 0x4A07, 0x41E6, 0x2944, 0x4A07, 0x6AEA, 0x5A88, 0x2104, 0x10A2, 0x20E3, 0x0861,
  0x41E6, 0x7B2B, 0x5248, 0x0861, 0x3128, 0x4169, 0x418A, 0x49AA, 0x498A, 0x498A, 0x49AB, 0x49AA,
  0x51AB, 0x51AB, 0x51AB, 0x51AB, 0x51AB, 0x51AB, 0x51AB, 0x51CB, 0x51CB, 0x51CB, 0x51CB, 0x51CB,
  0x49AA, 0x4169, 0x3949, 0x3949, 0x3949, 0x3949, 0x3948, 0x3148, 0x3948, 0x1083, 0x0841, 0x0841,
  0x2103, 0x3985, 0x41E7, 0x41C6, 0x83AD, 0xACF2, 0xAD12, 0x9C90, 0x83CE, 0xBD74, 0x9C70, 0x8BEE,
  0x7B6C, 0x6B0B, 0x734B, 0x6AEA, 0x6ACA, 0x62A9, 0x5A89, 0x39A6, 0x2104, 0x2924, 0x2104, 0x18E3,
  0x18A2, 0x0841, 0x0841, 0x1062, 0x3127, 0x3107, 0x3928, 0x3948, 0x3948, 0x3949, 0x3949, 0x3949,
  0x4169, 0x4169, 0x49AA, 0x51AB, 0x51CB, 0x51AB, 0x51AB, 0x51AB, 0x51AB, 0x51AB, 0x51AB, 0x51AB,
  0x51AB, 0x51CB, 0x51CB, 0x51CB, 0x51AB, 0x51CB, 0x51CB, 0x51CB, 0x51AB, 0x51AB, 0x51AB, 0x51CB,
  0x51CB, 0x51CB, 0x51CB, 0x51AB, 0x51AB, 0x51AB, 0x51AB, 0x51AB, 0x51AB, 0x51AB, 0x51AB, 0x51AB,
  0x51AB, 0x51AB, 0x51AB, 0x51AB, 0x51CB, 0x51AB, 0x51AB, 0x51AB, 0x51CB, 0x51CB, 0x51AB, 0x51AB,
  0x51AB, 0x51AB, 0x51AB, 0x49AB, 0x49AB, 0x51AA, 0x51AA, 0x51AB, 0x51AA, 0x49AA, 0x51AA, 0x51AB,
  0x51AB, 0x51CB, 0x51AB, 0x51CB, 0x51CB, 0x51CB, 0x51AB, 0x49AB, 0x51AA, 0x51CB, 0x51CB, 0x51AB,
  0x51AB, 0x49AA, 0x51AB, 0x51AB, 0x51AB, 0x51CB, 0x51CB, 0x51AB, 0x51AB, 0x49AA, 0x51AA, 0x51AA,
  0x51AA, 0x51AB, 0x51AB, 0x51CB, 0x51AB, 0x51AB, 0x51AB, 0x51CB, 0x51AB, 0x49AA, 0x49AA, 0x51CB,
  0x51CB, 0x49AB, 0x49AB, 0x49AB, 0x51AB, 0x49AA, 0x3107, 0x3949, 0x51CB, 0x49AA, 0x4169, 0x3928,
  0x3948, 0x20C5, 0x0841, 0x2944, 0x10E5, 0x1107, 0x21AB, 0x29EE, 0x2A0E, 0x29ED, 0x29ED, 0x29ED,
  0x2169, 0x1928, 0x1927, 0x1929, 0x39C9, 0x738E, 0x10C5, 0x528A, 0x83CF, 0x1926, 0x4209, 0x734C,
  0x1906, 0x10C5, 0x5A8A, 0x39E8, 0x10C5, 0x1927, 0x10A3, 0x0863, 0x10C5, 0x1107, 0x1107, 0x2966,
  0x39A5, 0x3165, 0x2104, 0x18C3, 0x18A2, 0x2104, 0x0861, 0x18A4, 0x28E6, 0x0842, 0x2924, 0x5A68,
  0x5228, 0x3165, 0x41E6, 0x5227, 0x41E6, 0x20E3, 0x41C6, 0x5A68, 0x6AC9, 0x5A68, 0x2104, 0x41E6,
  0x72EA, 0x4A06, 0x1082, 0x2906, 0x3928, 0x3949, 0x4169, 0x49AA, 0x49AB, 0x49AB, 0x51AB, 0x51AB,
  0x49AA, 0x49AA, 0x49AA, 0x49AA, 0x49AB, 0x49AB, 0x49AA, 0x49AA, 0x49AA, 0x49AA, 0x49AA, 0x49AA,
  0x49AA, 0x49AA, 0x4169, 0x3948, 0x3128, 0x3128, 0x3948, 0x3948, 0x3148, 0x3127, 0x3127, 0x20C5,
  0x0020, 0x0020, 0x0841, 0x0841, 0x3985, 0x4A28, 0x41E7, 0x4A07, 0x41E7, 0x5A89, 0x5248, 0x4A27,
  0x41E7, 0x41C6, 0x41C6, 0x39A6, 0x3165, 0x2945, 0x3165, 0x2104, 0x0841, 0x0861, 0x0861, 0x0020,
  0x1083, 0x3127, 0x2907, 0x2907, 0x28E6, 0x3107, 0x3128, 0x3948, 0x3128, 0x3128, 0x3128, 0x3928,
  0x498A, 0x49AB, 0x49AA, 0x49AA, 0x49AA, 0x49AA, 0x49AA, 0x49AA, 0x49AA, 0x49AA, 0x49AA, 0x49AA,
  0x49AA, 0x49AB, 0x49AA, 0x49AA, 0x49AA, 0x49AA, 0x49AB, 0x49AA, 0x49AA, 0x49AA, 0x49AB, 0x49AA,
  0x49AA, 0x49AA, 0x49AA, 0x49AA, 0x498A, 0x498A, 0x498A, 0x498A, 0x498A, 0x498A, 0x49AA, 0x498A,
  0x498A, 0x49AA, 0x49AA, 0x49AA, 0x49AA, 0x498A, 0x49AA, 0x498A, 0x49AA, 0x49AB, 0x49AA, 0x49AA,
  0x49AA, 0x498A, 0x498A, 0x498A, 0x498A, 0x498A, 0x498A, 0x498A, 0x498A, 0x498A, 0x498A, 0x498A,
  0x498A, 0x498A, 0x49AA, 0x49AA, 0x49AA, 0x49AA, 0x498A, 0x498A, 0x49AA, 0x49AA, 0x49AA, 0x49AA,
  0x49AA, 0x498A, 0x498A, 0x498A, 0x49AA, 0x49AA, 0x49AA, 0x49AA, 0x498A, 0x498A, 0x498A, 0x498A,
  0x498A, 0x498A, 0x49AA, 0x49AA, 0x49AA, 0x49AA, 0x49AA, 0x498A, 0x498A, 0x498A, 0x498A, 0x498A,
  0x498A, 0x498A, 0x498A, 0x498A, 0x49AA, 0x49AA, 0x498A, 0x418A, 0x4169, 0x3949, 0x3108, 0x3128,
  0x3128, 0x20C5, 0x1082, 0x730B, 0x2924, 0x1082, 0x1926, 0x198A, 0x218B, 0x21CC, 0x29EE, 0x2A2F,
  0x2A4F, 0x2A2F, 0x29ED, 0x21CC, 0x1907, 0x08C6, 0x1907, 0x1907, 0x10E6, 0x10E6, 0x10C5, 0x0884,
  0x10C6, 0x10E6, 0x0884, 0x10A5, 0x1928, 0x1949, 0x1928, 0x1907, 0x1108, 0x1107, 0x1107, 0x2966,
  0x3985, 0x2904, 0x18C3, 0x0861, 0x2944, 0x41E6, 0x0841, 0x18A4, 0x28E6, 0x28E6, 0x0021, 0x2924,
  0x62C9, 0x4A27, 0x2103, 0x41C6, 0x49E6, 0x3985, 0x18E3, 0x20E3, 0x41C6, 0x62C9, 0x6B0A, 0x6ACA,
  0x5227, 0x2103, 0x0862, 0x3128, 0x3127, 0x3948, 0x3948, 0x4169, 0x49AA, 0x49AA, 0x498A, 0x498A,
  0x51AB, 0x51AB, 0x51AB, 0x51AB, 0x49AB, 0x49AB, 0x49AB, 0x51AB, 0x51AB, 0x49AB, 0x49AB, 0x49AA,
  0x49AA, 0x49AA, 0x49AB, 0x49AA, 0x49AA, 0x3969, 0x3948, 0x3928, 0x3128, 0x3127, 0x3128, 0x3127,
  0x2907, 0x2907, 0x2906, 0x2907, 0x18A3, 0x0841, 0x0861, 0x1082, 0x10A2, 0x1082, 0x0861, 0x1081,
  0x1081, 0x1081, 0x0861, 0x0861, 0x0861, 0x0861, 0x0841, 0x0862, 0x20E5, 0x28E6, 0x28E6, 0x28E6,
  0x3107, 0x3127, 0x3107, 0x3128, 0x3128, 0x3128, 0x3928, 0x3948, 0x3949, 0x49AA, 0x49AA, 0x49AA,
  0x51AB, 0x51CB, 0x51AB, 0x51AB, 0x51AB, 0x51AB, 0x51AB, 0x51AB, 0x49AA, 0x49AA, 0x49AB, 0x49AA,
  0x51AB, 0x51AB, 0x51AB, 0x51AB, 0x51AB, 0x51CB, 0x51AB, 0x49AB, 0x49AB, 0x51AB, 0x51AB, 0x51AB,
  0x51AB, 0x51AB, 0x51AB, 0x51AB, 0x51AB, 0x49AA, 0x51AB, 0x49AA, 0x51AB, 0x49AB, 0x49AB, 0x51AB,
  0x51AB, 0x51AB, 0x51AB, 0x51AB, 0x51AA, 0x49AA, 0x51AB, 0x51AB, 0x51AB, 0x51AB, 0x49AB, 0x51AB,
  0x51AB, 0x49AB, 0x49AB, 0x49AA, 0x49AA, 0x49AA, 0x49AA, 0x49AA, 0x49AA, 0x49AB, 0x51AB, 0x49AA,
  0x49AA, 0x49AA, 0x51AB, 0x51CB, 0x51AB, 0x49AA, 0x49AA, 0x49AA, 0x49AB, 0x49AB, 0x49AB, 0x49AB,
  0x49AA, 0x49AA, 0x51AB, 0x51AB, 0x51AB, 0x51AB, 0x51AA, 0x49AA, 0x49AA, 0x49AA, 0x49AA, 0x49AA,
  0x49AB, 0x51AB, 0x51AB, 0x51AB, 0x51AB, 0x49AA, 0x49AA, 0x49AA, 0x49AA, 0x51AB, 0x51AB, 0x51AB,
  0x51AB, 0x51AB, 0x49AA, 0x51AB, 0x49AA, 0x49AA, 0x418A, 0x49AA, 0x418A, 0x3949, 0x4169, 0x3948,
  0x3969, 0x20E5, 0x0861, 0x3985, 0x734C, 0x8BCE, 0x4A08, 0x0000, 0x0862, 0x1107, 0x29ED, 0x324F,
  0x3270, 0x2A2F, 0x29ED, 0x29ED, 0x29ED, 0x29ED, 0x29ED, 0x29ED, 0x21CC, 0x21AC, 0x21AB, 0x196A,
  0x196A, 0x1969, 0x1969, 0x1969, 0x1949, 0x1928, 0x1928, 0x1928, 0x1928, 0x10E6, 0x10C5, 0x10A3,
  0x0841, 0x0841, 0x18C3, 0x4A07, 0x39A6, 0x3165, 0x0841, 0x18A4, 0x28E6, 0x28E6, 0x20E5, 0x0862,
  0x2944, 0x5227, 0x41E6, 0x2104, 0x2924, 0x39A5, 0x41C6, 0x3965, 0x2104, 0x18E3, 0x18E3, 0x10A3,
  0x2944, 0x3144, 0x0862, 0x3127, 0x3928, 0x3948, 0x4169, 0x4189, 0x49AA, 0x51AB, 0x51AB, 0x51AB,
  0x49AB, 0x49AB, 0x51AB, 0x51AB, 0x51CB, 0x51CB, 0x51CB, 0x51AB, 0x49AB, 0x49AB, 0x49AB, 0x49AA,
  0x49AA, 0x49AA, 0x49AB, 0x51AB, 0x49AB, 0x498A, 0x498A, 0x4169, 0x4169, 0x3969, 0x3969, 0x3948,
  0x3128, 0x3128, 0x3107, 0x2907, 0x20C5, 0x20C5, 0x20C5, 0x20C5, 0x20C5, 0x20C5, 0x20C5, 0x20C5,
  0x20C5, 0x20C5, 0x18C4, 0x20C4, 0x18C4, 0x20C5, 0x20C5, 0x20E5, 0x3107, 0x3107, 0x2907, 0x3107,
  0x3128, 0x3128, 0x3128, 0x3948, 0x3949, 0x4169, 0x4169, 0x418A, 0x498A, 0x49AA, 0x49AB, 0x49AB,
  0x49AB, 0x49AB, 0x49AB, 0x49AB, 0x49AB, 0x49AA, 0x49AA, 0x49AA, 0x49AA, 0x49AA, 0x49AA, 0x49AB,
  0x49AB, 0x49AB, 0x49AB, 0x51AB, 0x51AB, 0x51AB, 0x49AB, 0x49AA, 0x49AA, 0x49AB, 0x49AB, 0x49AB,
  0x49AB, 0x49AA, 0x49AA, 0x49AA, 0x49AA, 0x49AA, 0x49AA, 0x49AA, 0x49AA, 0x49AA, 0x49AA, 0x49AA,
  0x49AA, 0x49AA, 0x49AA, 0x49AA, 0x49AA, 0x49AA, 0x49AA, 0x49AA, 0x49AA, 0x49AA, 0x49AA, 0x49AA,
  0x49AB, 0x49AB, 0x49AA, 0x49AA, 0x498A, 0x49AA, 0x49AA, 0x49AB, 0x49AA, 0x49AA, 0x49AA, 0x49AA,
  0x49AA, 0x49AA, 0x498A, 0x49AA, 0x49AB, 0x49AA, 0x49AA, 0x49AA, 0x49AA, 0x49AA, 0x49AB, 0x49AB,
  0x49AA, 0x51AB, 0x49AB, 0x49AA, 0x49AA, 0x498A, 0x49AA, 0x49AA, 0x49AA, 0x498A, 0x498A, 0x498A,
  0x49AA, 0x49AB, 0x49AA, 0x49AB, 0x49AA, 0x49AA, 0x49AA, 0x49AA, 0x49AA, 0x49AA, 0x49AA, 0x49AA,
  0x49AA, 0x49AA, 0x49AA, 0x49AA, 0x49AA, 0x49AA, 0x49AA, 0x418A, 0x3949, 0x3949, 0x3969, 0x3128,
  0x3107, 0x2907, 0x20C5, 0x0861, 0x4A27, 0x732B, 0x6B0A, 0x7B8C, 0x8BEE, 0x5AAA, 0x10A4, 0x0883,
  0x10C6, 0x10E7, 0x1928, 0x29ED, 0x2A0E, 0x2A2F, 0x2A0F, 0x2A0E, 0x21ED, 0x21CD, 0x21CC, 0x21AB,
  0x218B, 0x218B, 0x1969, 0x1969, 0x1949, 0x10E6, 0x08A4, 0x08A4, 0x0862, 0x0021, 0x0041, 0x3144,
  0x4A07, 0x5227, 0x39A6, 0x39A5, 0x2104, 0x1081, 0x1083, 0x28E6, 0x28E6, 0x20C6, 0x20E6, 0x20C5,
  0x1082, 0x2103, 0x4A07, 0x49E7, 0x39A6, 0x2924, 0x3985, 0x39A6, 0x2904, 0x2904, 0x3165, 0x39A6,
  0x3165, 0x18C3, 0x20C5, 0x3107, 0x3107, 0x3128, 0x3948, 0x3949, 0x4169, 0x49AB, 0x49AA, 0x498A,
  0x49AA, 0x49AA, 0x49AA, 0x51AB, 0x49AB, 0x49AB, 0x49AA, 0x49AA, 0x49AA, 0x49AA, 0x49AA, 0x49AA,
  0x49AA, 0x49AB, 0x49AA, 0x49AA, 0x49AA, 0x49AA, 0x498A, 0x498A, 0x49AA, 0x49AA, 0x498A, 0x418A,
  0x4169, 0x4169, 0x4169, 0x3948, 0x4169, 0x3948, 0x3128, 0x3128, 0x3127, 0x3107, 0x3107, 0x3107,
  0x3107, 0x3107, 0x2907, 0x2907, 0x2907, 0x3107, 0x3107, 0x3928, 0x3128, 0x3948, 0x4169, 0x4169,
  0x4169, 0x4189, 0x498A, 0x498A, 0x498A, 0x49AA, 0x49AA, 0x49AA, 0x49AA, 0x498A, 0x49AA, 0x49AA,
  0x49AA, 0x49AA, 0x49AA, 0x49AA, 0x49AA, 0x498A, 0x49AA, 0x498A, 0x498A, 0x498A, 0x498A, 0x498A,
  0x498A, 0x498A, 0x49AA, 0x49AA, 0x49AA, 0x49AA, 0x49AA, 0x498A, 0x498A, 0x49AA, 0x49AA, 0x49AA,
  0x49AA, 0x49AA, 0x49AA, 0x498A, 0x498A, 0x498A, 0x49AA, 0x49AA, 0x49AA, 0x49AA, 0x49AA, 0x498A,
  0x498A, 0x49AA, 0x49AA, 0x49AA, 0x498A, 0x498A, 0x498A, 0x498A, 0x498A, 0x498A, 0x498A, 0x498A,
  0x49AA, 0x49AA, 0x49AA, 0x49AA, 0x49AA, 0x49AA, 0x49AA, 0x49AA, 0x49AA, 0x49AA, 0x498A, 0x498A,
  0x498A, 0x498A, 0x498A, 0x498A, 0x498A, 0x498A, 0x498A, 0x498A, 0x498A, 0x498A, 0x49AA, 0x49AB,
  0x49AA, 0x49AA, 0x49AA, 0x49AA, 0x49AA, 0x498A, 0x498A, 0x498A, 0x498A, 0x498A, 0x498A, 0x498A,
  0x498A, 0x498A, 0x49AA, 0x498A, 0x498A, 0x498A, 0x49AA, 0x498A, 0x498A, 0x49AA, 0x49AA, 0x49AA,
  0x49AA, 0x498A, 0x498A, 0x498A, 0x498A, 0x49AA, 0x49AA, 0x498A, 0x4169, 0x3948, 0x3928, 0x3928,
  0x3128, 0x3107, 0x28E6, 0x18A4, 0x18C3, 0x20E3, 0x41E6, 0x732B, 0x944F, 0xA4B0, 0x7B8D, 0x736C,
  0x7BAD, 0x734D, 0x4208, 0x08A5, 0x10C6, 0x10E6, 0x10C6, 0x08C6, 0x08C6, 0x08C5, 0x08A5, 0x08A5,
  0x08A5, 0x08A4, 0x0884, 0x0883, 0x0863, 0x18C4, 0x4A28, 0x4A28, 0x41E6, 0x41A6, 0x39A5, 0x4A07,
  0x5227, 0x41E6, 0x3185, 0x10A2, 0x0841, 0x1062, 0x20C5, 0x28E6, 0x28E6, 0x28E6, 0x20C5, 0x28E6,
  0x18A4, 0x1082, 0x20E3, 0x41A6, 0x5227, 0x39A6, 0x2104, 0x2944, 0x3165, 0x39A5, 0x39A5, 0x3165,
  0x18C2, 0x1083, 0x3127, 0x3107, 0x3928, 0x3949, 0x4169, 0x418A, 0x418A, 0x49AB, 0x49AA, 0x49AA,
  0x49AB, 0x51AB, 0x51AB, 0x49AB, 0x49AB, 0x49AB, 0x49AB, 0x49AB, 0x49AA, 0x49AB, 0x51AB, 0x49AB,
  0x49AB, 0x49AB, 0x49AB, 0x49AA, 0x49AB, 0x49AA, 0x49AA, 0x49AA, 0x49AA, 0x49AA, 0x49AB, 0x49AB,
  0x51AB, 0x51AB, 0x51AB, 0x51CB, 0x51AB, 0x4169, 0x3949, 0x3949, 0x3949, 0x3949, 0x3949, 0x3948,
  0x3948, 0x3948, 0x3948, 0x3948, 0x3948, 0x3949, 0x3949, 0x3949, 0x4169, 0x418A, 0x51CB, 0x51CB,
  0x51CB, 0x51CB, 0x51CB, 0x51AB, 0x49AA, 0x49AA, 0x49AA, 0x49AA, 0x49AA, 0x49AB, 0x49AB, 0x49AB,
  0x49AB, 0x49AB, 0x49AB, 0x51AB, 0x49AB, 0x51AB, 0x51AB, 0x49AB, 0x49AB, 0x51AB, 0x51AB, 0x51AB,
  0x51AB, 0x49AB, 0x49AB, 0x49AA, 0x49AA, 0x49AA, 0x49AB, 0x49AB, 0x49AA, 0x49AA, 0x49AB, 0x51AB,
  0x51AB, 0x49AB, 0x49AB, 0x49AB, 0x49AA, 0x49AA, 0x49AB, 0x49AB, 0x49AB, 0x49AB, 0x49AA, 0x49AA,
  0x49AA, 0x51AB, 0x51AB, 0x51AB, 0x49AB, 0x49AB, 0x49AB, 0x49AA, 0x498A, 0x498A, 0x498A, 0x498A,
  0x49AA, 0x49AA, 0x49AA, 0x49AB, 0x49AB, 0x49AB, 0x49AA, 0x49AA, 0x49AA, 0x49AA, 0x49AA, 0x498A,
  0x498A, 0x498A, 0x49AA, 0x49AB, 0x51AB, 0x49AB, 0x49AA, 0x49AA, 0x49AA, 0x49AA, 0x51AB, 0x51AB,
  0x51AB, 0x51AB, 0x49AB, 0x49AB, 0x49AB, 0x49AA, 0x49AA, 0x49AB, 0x49AB, 0x49AA, 0x49AA, 0x49AA,
  0x49AA, 0x49AA, 0x49AA, 0x49AA, 0x49AA, 0x49AA, 0x49AB, 0x49AB, 0x49AA, 0x49AB, 0x49AB, 0x49AB,
  0x51AB, 0x51AB, 0x49AA, 0x49AB, 0x49AB, 0x49AA, 0x49AA, 0x51AB, 0x498A, 0x3949, 0x3948, 0x4169,
  0x3948, 0x3128, 0x3107, 0x3107, 0x1883, 0x0842, 0x18A3, 0x3165, 0x41E6, 0x6B2B, 0x9C4F, 0xACF1,
  0xACD1, 0x9C4F, 0x7B4C, 0x4A07, 0x4207, 0x41E6, 0x39A5, 0x3985, 0x3185, 0x3164, 0x3164, 0x3144,
  0x3144, 0x3144, 0x2924, 0x3144, 0x2924, 0x5268, 0x6B0A, 0x62A9, 0x62A9, 0x5A68, 0x5248, 0x3985,
  0x20E3, 0x18C2, 0x18A2, 0x1062, 0x1062, 0x20E6, 0x28E6, 0x28E6, 0x2907, 0x28E6, 0x28E6, 0x20C5,
  0x2906, 0x20A5, 0x0842, 0x20E3, 0x2924, 0x41C6, 0x39A5, 0x39C6, 0x4A07, 0x3144, 0x20E3, 0x0841,
  0x0841, 0x20C5, 0x3107, 0x3128, 0x3949, 0x3949, 0x4169, 0x4169, 0x418A, 0x51AB, 0x49AB, 0x49AA,
  0x49AA, 0x498A, 0x498A, 0x498A, 0x49AA, 0x498A, 0x498A, 0x498A, 0x498A, 0x498A, 0x498A, 0x498A,
  0x498A, 0x498A, 0x498A, 0x498A, 0x498A, 0x498A, 0x498A, 0x498A, 0x498A, 0x49AA, 0x498A, 0x498A,
  0x498A, 0x498A, 0x49AA, 0x49AA, 0x49AA, 0x498A, 0x498A, 0x498A, 0x498A, 0x49AA, 0x498A, 0x498A,
  0x498A, 0x498A, 0x498A, 0x498A, 0x498A, 0x498A, 0x498A, 0x498A, 0x49AA, 0x49AA, 0x49AA, 0x498A,
  0x498A, 0x498A, 0x498A, 0x498A, 0x498A, 0x498A, 0x498A, 0x498A, 0x49AA, 0x49AA, 0x49AA, 0x498A,
  0x498A, 0x49AA, 0x498A, 0x498A, 0x49AA, 0x498A, 0x498A, 0x49AA, 0x498A, 0x498A, 0x498A, 0x49AA,
  0x498A, 0x498A, 0x498A, 0x498A, 0x498A, 0x498A, 0x498A, 0x498A, 0x498A, 0x498A, 0x498A, 0x49AA,
  0x49AA, 0x498A, 0x498A, 0x498A, 0x498A, 0x498A, 0x498A, 0x498A, 0x498A, 0x498A, 0x498A, 0x498A,
  0x498A, 0x498A, 0x498A, 0x498A, 0x498A, 0x498A, 0x498A, 0x498A, 0x498A, 0x498A, 0x416A, 0x498A,
  0x498A, 0x498A, 0x418A, 0x498A, 0x498A, 0x498A, 0x498A, 0x498A, 0x498A, 0x498A, 0x498A, 0x498A,
  0x498A, 0x418A, 0x498A, 0x498A, 0x498A, 0x498A, 0x498A, 0x498A, 0x498A, 0x498A, 0x498A, 0x49AA,
  0x49AA, 0x49AA, 0x498A, 0x498A, 0x498A, 0x498A, 0x498A, 0x498A, 0x498A, 0x498A, 0x498A, 0x498A,
  0x498A, 0x498A, 0x498A, 0x498A, 0x498A, 0x498A, 0x498A, 0x498A, 0x498A, 0x498A, 0x498A, 0x498A,
  0x498A, 0x498A, 0x498A, 0x498A, 0x498A, 0x498A, 0x498A, 0x498A, 0x498A, 0x498A, 0x3949, 0x3948,
  0x3128, 0x3128, 0x3128, 0x3107, 0x3107, 0x3127, 0x18A4, 0x0862, 0x0862, 0x2103, 0x39C6, 0x4A27,
  0x4207, 0x4A07, 0x6B0B, 0xB533, 0xACF2, 0xA4B1, 0x9C90, 0x9C90, 0x8C0E, 0x8C0E, 0x8BEE, 0x8BCD,
  0x8BCD, 0x838C, 0x732B, 0x7B4C, 0x730B, 0x5AA9, 0x39A5, 0x3144, 0x3165, 0x2924, 0x2124, 0x1082,
  0x0821, 0x0021, 0x0842, 0x28E6, 0x2907, 0x28E6, 0x28E6, 0x28E6, 0x3107, 0x2907, 0x2906, 0x2907,
  0x28E6, 0x28E6, 0x28E6, 0x0841, 0x0841, 0x18C3, 0x3985, 0x3185, 0x2103, 0x0841, 0x0862, 0x0841,
  0x20C5, 0x3107, 0x3107, 0x3128, 0x3128, 0x3948, 0x418A, 0x49AB, 0x49AA, 0x49AA, 0x498A, 0x498A,
  0x51AB, 0x51AB, 0x51AB, 0x51AB, 0x51CB, 0x51AB, 0x49AB, 0x51AB, 0x51AB, 0x51AB, 0x51AB, 0x51CB,
  0x51AB, 0x51AB, 0x51AB, 0x51AB, 0x51CB, 0x51AB, 0x51AB, 0x51AB, 0x51AB, 0x51AB, 0x51AB, 0x51AB,
  0x51AB, 0x49AB, 0x51AB, 0x51AB, 0x51AB, 0x51AB, 0x51AA, 0x49AA, 0x51AB, 0x49AA, 0x49AA, 0x49AA,
  0x49AA, 0x49AA, 0x49AA, 0x49AA, 0x49AB, 0x49AB, 0x49AB, 0x51AA, 0x51AB, 0x51CB, 0x51CB, 0x51AB,
  0x51AB, 0x51AB, 0x51AB, 0x51AB, 0x51AB, 0x51AB, 0x51AB, 0x51AB, 0x51CB, 0x51CB, 0x51AB, 0x51AB,
  0x51AB, 0x49AB, 0x51AB, 0x51AB, 0x51AB, 0x51AB, 0x51AB, 0x51AB, 0x49AB, 0x49AB, 0x51AB, 0x51AB,
  0x51AB, 0x51AB, 0x51AB, 0x51AB, 0x51AB, 0x51AB, 0x51AB, 0x51AB, 0x51AB, 0x51AB, 0x51AB, 0x51AB,
  0x51AB, 0x51AB, 0x51AB, 0x51AB, 0x51AA, 0x51AA, 0x51AB, 0x51AB, 0x51AB, 0x51AB, 0x49AA, 0x49AA,
  0x51AB, 0x51AA, 0x51AA, 0x51AB, 0x51AB, 0x51CB, 0x51AB, 0x51AB, 0x51AB, 0x49AB, 0x51AA, 0x51AB,
  0x51AB, 0x49AA, 0x49AA, 0x49AA, 0x49AA, 0x51AB, 0x51AB, 0x51AB, 0x49AA, 0x49AB, 0x51AB, 0x51AB,
  0x49AA, 0x49AB, 0x51AB, 0x51AB, 0x51AB, 0x51AB, 0x51AB, 0x51AB, 0x51AB, 0x51AB, 0x51AB, 0x51AB,
  0x51AB, 0x51AB, 0x51AB, 0x51AB, 0x51AB, 0x49AB, 0x49AB, 0x51AB, 0x51AB, 0x49AB, 0x49AA, 0x49AA,
  0x49AA, 0x49AA, 0x49AA, 0x49AA, 0x49AA, 0x49AA, 0x49AA, 0x51AB, 0x51AB, 0x51AB, 0x51AB, 0x49AB,
  0x49AB, 0x51AB, 0x51AB, 0x51AB, 0x51AB, 0x51AB, 0x51AB, 0x51AB, 0x51AB, 0x51AB, 0x49AA, 0x49AA,
  0x418A, 0x3948, 0x3928, 0x3128, 0x3128, 0x3127, 0x3127, 0x3127, 0x2906, 0x0841, 0x0020, 0x0020,
  0x0821, 0x0020, 0x2103, 0x5248, 0x5268, 0x5A89, 0x5AA9, 0x62A9, 0x5AA9, 0x5A89, 0x5A68, 0x5268,
  0x5248, 0x4A27, 0x4A07, 0x41E7, 0x3185, 0x2924, 0x0841, 0x0821, 0x0841, 0x1062, 0x0841, 0x1083,
  0x28E6, 0x28E6, 0x28E6, 0x28E6, 0x28E6, 0x3107, 0x2907, 0x2907, 0x2907, 0x2907, 0x2907, 0x2907,
  0x28E6, 0x28E6, 0x28E6, 0x2907, 0x2907, 0x1062, 0x0020, 0x0841, 0x0841, 0x0841, 0x2906, 0x3107,
  0x3107, 0x3128, 0x3928, 0x3948, 0x3948, 0x498A, 0x49AB, 0x49AA, 0x49AB, 0x51AB, 0x51AB, 0x49AB,
  0x49AB, 0x49AB, 0x49AB, 0x51AB, 0x51AB, 0x49AA, 0x49AA, 0x49AB, 0x49AB, 0x49AB, 0x49AB, 0x49AB,
  0x49AB, 0x49AB, 0x49AA, 0x49AA, 0x49AB, 0x49AB, 0x49AA, 0x49AA, 0x49AA, 0x49AA, 0x49AA, 0x49AB,
  0x49AA, 0x49AA, 0x49AA, 0x49AA, 0x49AB, 0x49AA, 0x49AA, 0x49AA, 0x49AA, 0x49AA, 0x49AA, 0x49AA,
  0x49AA, 0x49AA, 0x49AA, 0x49AA, 0x49AA, 0x49AA, 0x49AA, 0x49AA, 0x49AB, 0x49AB, 0x49AB, 0x49AA,
  0x49AA, 0x49AB, 0x49AB, 0x49AB, 0x49AA, 0x49AA, 0x49AA, 0x49AB, 0x49AB, 0x49AB, 0x49AA, 0x49AA,
  0x49AA, 0x49AA, 0x49AA, 0x51AB, 0x49AB, 0x49AB, 0x49AB, 0x49AA, 0x49AB, 0x49AB, 0x51AB, 0x51AB,
  0x51AB, 0x51AB, 0x49AA, 0x49AA, 0x49AB, 0x49AB, 0x49AA, 0x49AA, 0x49AA, 0x49AA, 0x49AA, 0x49AA,
  0x498A, 0x49AA, 0x49AB, 0x49AA, 0x49AA, 0x49AA, 0x49AA, 0x49AA, 0x49AA, 0x49AA, 0x49AA, 0x49AA,
  0x49AA, 0x49AA, 0x49AA, 0x49AB, 0x49AB, 0x49AB, 0x498A, 0x498A, 0x49AA, 0x49AA, 0x49AA, 0x49AA,
  0x49AA, 0x498A, 0x49AA, 0x49AA, 0x49AA, 0x49AA, 0x49AA, 0x498A, 0x498A, 0x49AA, 0x498A, 0x49AA,
  0x49AA, 0x49AA, 0x49AB, 0x49AB, 0x49AA, 0x49AB, 0x49AB, 0x49AB, 0x49AA, 0x49AB, 0x49AB, 0x49AB,
  0x49AA, 0x49AA, 0x49AA, 0x49AA, 0x49AA, 0x49AB, 0x49AB, 0x49AA, 0x49AA, 0x49AA, 0x498A, 0x498A,
  0x498A, 0x498A, 0x498A, 0x498A, 0x498A, 0x498A, 0x498A, 0x49AB, 0x49AB, 0x49AB, 0x49AB, 0x49AB,
  0x49AB, 0x49AB, 0x49AA, 0x49AA, 0x49AA, 0x49AA, 0x49AB, 0x49AA, 0x49AA, 0x49AA, 0x49AA, 0x49AA,
  0x49AA, 0x49AA, 0x498A, 0x3128, 0x3948, 0x3128, 0x3128, 0x3127, 0x3127, 0x3107, 0x2906, 0x28E6,
  0x20C5, 0x20C5, 0x10A3, 0x0861, 0x1082, 0x1082, 0x1082, 0x1082, 0x1082, 0x0861, 0x0861, 0x0861,
  0x0861, 0x0861, 0x0861, 0x0861, 0x0861, 0x0040, 0x1883, 0x20C5, 0x20E5, 0x20E6, 0x20E5, 0x28E6,
  0x28E6, 0x2906, 0x28E6, 0x28E6, 0x2907, 0x2907, 0x3107, 0x3107, 0x3128, 0x3928, 0x3128, 0x3128,
  0x3128, 0x3107, 0x3107, 0x3107, 0x2907, 0x28E6, 0x20C5, 0x20E5, 0x20C5, 0x28E6, 0x3127, 0x3128,
  0x3107, 0x3128, 0x3948, 0x498A, 0x49AA, 0x49AB, 0x49AB, 0x49AA, 0x51AB, 0x49AB, 0x49AB, 0x49AB,
  0x49AA, 0x498A, 0x49AA, 0x49AA, 0x49AB, 0x49AA, 0x49AA, 0x49AA, 0x49AB, 0x49AA, 0x49AA, 0x49AA,
  0x49AA, 0x49AA, 0x49AA, 0x49AA, 0x49AA, 0x49AA, 0x49AA, 0x498A, 0x498A, 0x498A, 0x498A, 0x49AA,
  0x498A, 0x498A, 0x498A, 0x49AA, 0x49AA, 0x49AA, 0x49AA, 0x498A, 0x498A, 0x498A, 0x498A, 0x498A,
  0x49AA, 0x49AA, 0x498A, 0x498A, 0x498A, 0x498A, 0x498A, 0x498A, 0x498A, 0x49AA, 0x49AA, 0x49AA,
  0x498A, 0x49AA, 0x49AA, 0x49AA, 0x49AA, 0x49AA, 0x49AA, 0x49AA, 0x49AB, 0x49AA, 0x49AA, 0x49AA,
  0x498A, 0x498A, 0x498A, 0x49AA, 0x498A, 0x498A, 0x498A, 0x498A, 0x498A, 0x49AA, 0x49AB, 0x49AA,
  0x49AB, 0x49AB, 0x49AA, 0x49AA, 0x49AA, 0x49AA, 0x498A, 0x498A, 0x498A, 0x498A, 0x498A, 0x498A,
  0x498A, 0x498A, 0x498A, 0x498A, 0x498A, 0x498A, 0x498A, 0x498A, 0x49AA, 0x498A, 0x498A, 0x498A,
  0x498A, 0x498A, 0x498A, 0x498A, 0x498A, 0x498A, 0x498A, 0x498A, 0x49AA, 0x49AA, 0x498A, 0x498A,
  0x49AA, 0x49AA, 0x49AA, 0x498A, 0x498A, 0x498A, 0x498A, 0x498A, 0x498A, 0x498A, 0x498A, 0x498A,
  0x498A, 0x498A, 0x498A, 0x49AA, 0x49AA, 0x49AA, 0x49AA, 0x49AA, 0x49AA, 0x49AA, 0x49AA, 0x49AA,
  0x49AA, 0x49AA, 0x49AA, 0x49AA, 0x49AA, 0x49AA, 0x49AA, 0x49AA, 0x49AA, 0x498A, 0x498A, 0x498A,
  0x498A, 0x498A, 0x498A, 0x498A, 0x498A, 0x418A, 0x498A, 0x498A, 0x498A, 0x498A, 0x49AA, 0x49AB,
  0x49AA, 0x49AA, 0x49AA, 0x498A, 0x49AA, 0x49AA, 0x49AA, 0x49AA, 0x498A, 0x498A, 0x498A, 0x49AA,
  0x49AA, 0x49AA, 0x49AA, 0x418A, 0x418A, 0x49AA, 0x4189, 0x4169, 0x3949, 0x3948, 0x3128, 0x3128,
  0x2907, 0x3107, 0x2906, 0x20C5, 0x20C5, 0x18C5, 0x18C5, 0x18C5, 0x18C4, 0x18A4, 0x18A4, 0x18A4,
  0x18A4, 0x18A4, 0x18A4, 0x18C4, 0x20C4, 0x18A4, 0x28E6, 0x28E6, 0x2906, 0x3127, 0x3107, 0x3107,
  0x3107, 0x3127, 0x3948, 0x3949, 0x3949, 0x3948, 0x3949, 0x3128, 0x3928, 0x3128, 0x3127, 0x3128,
  0x3128, 0x3107, 0x3107, 0x3107, 0x2906, 0x2906, 0x2907, 0x3127, 0x3127, 0x3948, 0x3128, 0x3948,
  0x4169, 0x418A, 0x418A, 0x49AA, 0x498A, 0x498A, 0x498A, 0x49AA, 0x49AA, 0x49AA, 0x49AA, 0x49AB,
  0x51AB, 0x51AB, 0x49AB, 0x51AB, 0x51CB, 0x51CB, 0x51AB, 0x51AB, 0x51AB, 0x51AB, 0x49AB, 0x49AB,
  0x49AB, 0x49AB, 0x49AB, 0x49AB, 0x49AB, 0x49AA, 0x49AA, 0x49AA, 0x49AA, 0x49AA, 0x49AA, 0x49AA,
  0x49AA, 0x49AA, 0x49AB, 0x49AA, 0x49AA, 0x49AB, 0x49AA, 0x49AA, 0x49AA, 0x49AA, 0x49AA, 0x49AA,
  0x49AA, 0x49AA, 0x49AA, 0x49AA, 0x49AA, 0x49AA, 0x49AA, 0x49AB, 0x49AA, 0x49AA, 0x49AB, 0x49AB,
  0x49AB, 0x49AB, 0x49AA, 0x49AA, 0x49AA, 0x49AB, 0x49AB, 0x49AB, 0x49AB, 0x49AB, 0x49AB, 0x49AA,
  0x49AA, 0x49AA, 0x49AA, 0x49AA, 0x49AA, 0x498A, 0x498A, 0x498A, 0x49AB, 0x49AB, 0x51AB, 0x51AB,
  0x51AB, 0x51AB, 0x49AA, 0x49AB, 0x49AB, 0x49AB, 0x49AA, 0x49AA, 0x49AA, 0x49AA, 0x49AA, 0x49AA,
  0x49AB, 0x49AB, 0x49AB, 0x49AA, 0x49AA, 0x49AA, 0x49AA, 0x49AA, 0x49AB, 0x49AB, 0x49AB, 0x49AB,
  0x49AB, 0x49AB, 0x49AB, 0x49AB, 0x49AB, 0x49AA, 0x49AA, 0x49AA, 0x49AA, 0x498A, 0x49AA, 0x49AA,
  0x49AA, 0x49AA, 0x49AA, 0x49AA, 0x49AA, 0x49AA, 0x49AA, 0x498A, 0x498A, 0x498A, 0x498A, 0x498A,
  0x498A, 0x498A, 0x49AA, 0x49AA, 0x49AA, 0x49AA, 0x49AA, 0x49AB, 0x51AB, 0x49AA, 0x49AA, 0x49AA,
  0x49AA, 0x49AB, 0x49AB, 0x49AA, 0x49AB, 0x49AA, 0x49AA, 0x49AA, 0x49AA, 0x49AA, 0x49AA, 0x49AA,
  0x49AA, 0x49AA, 0x49AA, 0x498A, 0x498A, 0x498A, 0x498A, 0x498A, 0x49AA, 0x49AA, 0x49AB, 0x49AB,
  0x49AB, 0x49AB, 0x49AB, 0x49AB, 0x49AB, 0x49AB, 0x49AB, 0x49AB, 0x49AB, 0x49AA, 0x49AA, 0x49AA,
  0x49AA, 0x49AA, 0x51AA, 0x51AB, 0x51CB, 0x51CB, 0x49AB, 0x49AB, 0x49AA, 0x498A, 0x498A, 0x498A,
  0x4169, 0x3949, 0x3949, 0x3128, 0x3128, 0x3128, 0x3128, 0x3128, 0x3128, 0x3128, 0x3127, 0x3107,
  0x3107, 0x3107, 0x3107, 0x3128, 0x3127, 0x3128, 0x3128, 0x3928, 0x3128, 0x3128, 0x3948, 0x4169,
  0x498A, 0x498A, 0x498A, 0x49AA, 0x498A, 0x498A, 0x498A, 0x498A, 0x498A, 0x498A, 0x498A, 0x4189,
  0x4169, 0x3949, 0x4169, 0x4169, 0x4169, 0x4169, 0x4189, 0x4189, 0x4189, 0x4189, 0x4169, 0x4169,
  0x49AA, 0x51AB, 0x51AB, 0x49AB, 0x49AB, 0x49AB, 0x49AB, 0x51AB, 0x51AB, 0x51AB, 0x49AB, 0x51AB,
  0x49AB, 0x49AA, 0x49AB, 0x49AB, 0x49AB, 0x49AB, 0x49AB, 0x49AB, 0x49AB, 0x49AB, 0x49AA, 0x49AB,
  0x51CB, 0x51CB, 0x51CB, 0x51CB, 0x51CB, 0x51CB, 0x51CB, 0x51CB, 0x51AB, 0x51AB, 0x51AB, 0x51CB,
  0x51CB, 0x51CB, 0x51CB, 0x51CB, 0x51CB, 0x51CB, 0x51CB, 0x51CB, 0x51AB, 0x51AB, 0x51AB, 0x51AB,
  0x51CB, 0x51AB, 0x51AB, 0x51CB, 0x51CB, 0x51AB, 0x51AB, 0x51AB, 0x49AB, 0x51AB, 0x51CB, 0x51CB,
  0x51CB, 0x51CB, 0x51AB, 0x51CB, 0x51CB, 0x51CB, 0x51CB, 0x51CB, 0x51CB, 0x51CB, 0x51CB, 0x51CB,
  0x51AB, 0x51AB, 0x51AB, 0x51AB, 0x51AB, 0x51AB, 0x49AA, 0x51AB, 0x51CB, 0x51CB, 0x51CB, 0x51CB,
  0x51CB, 0x51CB, 0x51CB, 0x51CB, 0x51CB, 0x51CB, 0x51AB, 0x51AB, 0x51AB, 0x49AB, 0x51AB, 0x51AB,
  0x51AB, 0x51AB, 0x51AB, 0x51AB, 0x51AB, 0x51AB, 0x51AB, 0x51CB, 0x51CB, 0x51CB, 0x51CB, 0x51CB,
  0x51CB, 0x51CB, 0x51CB, 0x51CB, 0x51CB, 0x51CB, 0x51AB, 0x51AB, 0x51AB, 0x51AB, 0x51AB, 0x51CB,
  0x51AB, 0x51AB, 0x51AB, 0x51AB, 0x51AB, 0x51AB, 0x51AB, 0x51AB, 0x49AB, 0x51AB, 0x51AB, 0x51AB,
  0x49AB, 0x51AB, 0x51AB, 0x51AB, 0x51AB, 0x51AB, 0x51AB, 0x51CB, 0x51CB, 0x51CB, 0x51CB, 0x51AB,
  0x51CB, 0x51CB, 0x51CB, 0x51CB, 0x51CB, 0x51AB, 0x51AB, 0x51AB, 0x51AB, 0x51AB, 0x51AB, 0x51AB,
  0x51AB, 0x51AB, 0x51CB, 0x51AB, 0x51AB, 0x51AB, 0x51AB, 0x51AB, 0x51AB, 0x51AB, 0x51CB, 0x51CB,
  0x51CB, 0x51CB, 0x51CB, 0x51CB, 0x51CB, 0x51CB, 0x51CB, 0x51AB, 0x51AB, 0x51AB, 0x51CB, 0x51CB,
  0x51CB, 0x51CB, 0x51CB, 0x51CB, 0x51CB, 0x51CB, 0x51CB, 0x51CB, 0x51CB, 0x51CB, 0x51CB, 0x51CB,
  0x51CB, 0x51CB, 0x49AA, 0x49AA, 0x49AA, 0x49AA, 0x49AA, 0x49AB, 0x51CB, 0x51AB, 0x49AA, 0x49AA,
  0x49AA, 0x49AA, 0x49AA, 0x49AA, 0x49AA, 0x49AA, 0x49AA, 0x49AA, 0x49AA, 0x49AA, 0x51AB, 0x51CB,
  0x51CB, 0x51CB, 0x51CB, 0x51AB, 0x51AA, 0x51AB, 0x51CB, 0x51CB, 0x51CB, 0x51CB, 0x51CB, 0x51CB,
  0x49AA, 0x498A, 0x49AA, 0x51AB, 0x51AB, 0x51CB, 0x51CB, 0x51CB, 0x51CB, 0x51CB, 0x51AA, 0x51AB,
  0x49AA, 0x498A, 0x49AA, 0x49AA, 0x49AA, 0x49AA, 0x49AB, 0x49AB, 0x49AB, 0x49AB, 0x49AB, 0x49AB,
  0x51AB, 0x49AA, 0x49AB, 0x49AB, 0x51CB, 0x51AB, 0x49AB, 0x49AB, 0x49AB, 0x49AB, 0x59EB, 0x3948,
  0x10A4, 0x18A4, 0x10A4, 0x10A4, 0x10A4, 0x10A4, 0x10A4, 0x1084, 0x1084, 0x1084, 0x1084, 0x1084,
  0x10A4, 0x18A4, 0x10A4, 0x10A4, 0x10A4, 0x10A4, 0x10A4, 0x1084, 0x1084, 0x1084, 0x1084, 0x1084,
  0x10A4, 0x10A4, 0x10A4, 0x18A4, 0x18A4, 0x18A4, 0x18A4, 0x18A4, 0x1084, 0x1084, 0x18A4, 0x18A4,
  0x10A4, 0x18A4, 0x10A4, 0x10A4, 0x18A4, 0x18A4, 0x18A4, 0x10A4, 0x18A4, 0x18A4, 0x10A4, 0x18A4,
  0x1084, 0x10A4, 0x1084, 0x1084, 0x1084, 0x1084, 0x1084, 0x1084, 0x10A4, 0x10A4, 0x10A4, 0x10A4,
  0x1084, 0x1084, 0x1084, 0x1084, 0x10A4, 0x10A4, 0x10A4, 0x10A4, 0x18A4, 0x18A4, 0x10A4, 0x1084,
  0x1084, 0x1084, 0x1084, 0x1084, 0x10A4, 0x1084, 0x1084, 0x10A4, 0x18A4, 0x18A4, 0x18A4, 0x18A4,
  0x10A4, 0x10A4, 0x10A4, 0x10A4, 0x1084, 0x1084, 0x1084, 0x1084, 0x1084, 0x1084, 0x1084, 0x10A4,
  0x10A4, 0x1084, 0x1084, 0x10A4, 0x10A4, 0x10A4, 0x10A4, 0x1084, 0x1084, 0x1084, 0x1084, 0x1084,
  0x10A4, 0x1084, 0x1084, 0x1084, 0x1084, 0x1084, 0x1084, 0x1084, 0x1084, 0x1084, 0x1084, 0x1084,
  0x10A4, 0x1084, 0x10A4, 0x10A4, 0x1084, 0x1084, 0x1084, 0x1084, 0x1084, 0x10A4, 0x1084, 0x10A4,
  0x1084, 0x10A4, 0x1084, 0x10A4, 0x10A4, 0x1084, 0x10A4, 0x10A4, 0x1084, 0x10A4, 0x18A4, 0x18A4,
  0x18A4, 0x10A4, 0x10A4, 0x10A4, 0x18A4, 0x10A4, 0x10A4, 0x10A4, 0x10A4, 0x1084, 0x18A4, 0x10A4,
  0x1084, 0x1084, 0x10A4, 0x10A4, 0x1084, 0x1084, 0x1084, 0x1084, 0x10A4, 0x10A4, 0x18A4, 0x10A4,
  0x10A4, 0x18A4, 0x10A4, 0x18A4, 0x10A4, 0x18A4, 0x10A4, 0x18A4, 0x18A4, 0x18A4, 0x18A4, 0x10A4,
  0x1084, 0x10A4, 0x18A4, 0x10A4, 0x18A4, 0x18A4, 0x18A4, 0x18A4, 0x18A4, 0x18A4, 0x18A4, 0x18A4,
  0x18A4, 0x18A4, 0x10A4, 0x1084, 0x1083, 0x1084, 0x1084, 0x1084, 0x1084, 0x1084, 0x1084, 0x1084,
  0x1083, 0x1083, 0x1084, 0x1084, 0x1083, 0x1084, 0x1084, 0x10A4, 0x10A4, 0x10A4, 0x10A4, 0x10A4,
  0x2906, 0x51CB, 0x49AA, 0x49AB, 0x49AB, 0x49AB, 0x49AB, 0x51AB, 0x49AB, 0x49AB, 0x49AB, 0x49AB,
  0x49AB, 0x49AB, 0x49AA, 0x49AB, 0x49AB, 0x51AB, 0x51AB, 0x49AB, 0x49AA, 0x59EB, 0x3128, 0x3104,
  0x59C4, 0x6205, 0x6205, 0x61E5, 0x61E5, 0x61E5, 0x61E5, 0x6205, 0x6205, 0x6205, 0x6A05, 0x6205,
  0x6205, 0x6205, 0x61E5, 0x61E5, 0x6205, 0x61E5, 0x61E5, 0x61E5, 0x61E5, 0x61E5, 0x61E5, 0x61E5,
  0x61E5, 0x61E5, 0x61E5, 0x59C5, 0x61E5, 0x61E5, 0x61E5, 0x61E5, 0x59C5, 0x61E5, 0x61E5, 0x61E5,
  0x61E5, 0x59E5, 0x59C5, 0x59C5, 0x59C5, 0x59C5, 0x59C4, 0x61E5, 0x61E5, 0x59E5, 0x61E5, 0x61E5,
  0x61E5, 0x61E5, 0x61E5, 0x61E5, 0x61E5, 0x61E5, 0x61E5, 0x59C5, 0x61C5, 0x59C5, 0x61E5, 0x61E5,
  0x61E5, 0x61E5, 0x61E5, 0x61E5, 0x61E5, 0x61E5, 0x61E5, 0x61E5, 0x61E5, 0x61E5, 0x61E5, 0x61C5,
  0x61E5, 0x59C5, 0x59C4, 0x61C5, 0x61E5, 0x61E5, 0x61E5, 0x59C5, 0x61E5, 0x61E5, 0x61E5, 0x61E5,
  0x61E5, 0x61E5, 0x61E5, 0x61E5, 0x61E5, 0x61E5, 0x61E5, 0x61E5, 0x61E5, 0x61E5, 0x61E5, 0x61E5,
  0x61E5, 0x61E5, 0x61E5, 0x61E5, 0x61E5, 0x61E5, 0x61E5, 0x61E5, 0x61E5, 0x61E5, 0x61C4, 0x61E5,
  0x61E5, 0x61E5, 0x61E5, 0x6205, 0x61E5, 0x59C5, 0x61E5, 0x61E5, 0x61E5, 0x61E5, 0x61E5, 0x61E5,
  0x61E5, 0x61E5, 0x61E5, 0x61E5, 0x61E5, 0x59C5, 0x61C5, 0x61C5, 0x59C4, 0x61C5, 0x61E5, 0x61E5,
  0x61E5, 0x61E5, 0x61E5, 0x61E5, 0x61C5, 0x61E5, 0x61E5, 0x6205, 0x61E5, 0x61E5, 0x6205, 0x61E5,
  0x61E5, 0x61E5, 0x61E5, 0x61E5, 0x61E5, 0x61E5, 0x61C5, 0x61E5, 0x61C5, 0x59E5, 0x61E5, 0x61E5,
  0x59C5, 0x61E5, 0x61E5, 0x61E5, 0x61E5, 0x61E5, 0x61E5, 0x61E5, 0x61E5, 0x61E5, 0x61E5, 0x61E5,
  0x61E5, 0x59C5, 0x59E5, 0x61E5, 0x61E5, 0x61E5, 0x61E5, 0x61E5, 0x6205, 0x61E5, 0x61E5, 0x61E5,
  0x61C5, 0x61E5, 0x61E5, 0x61E5, 0x61E5, 0x61E5, 0x61E5, 0x61E5, 0x61E5, 0x61E5, 0x61E5, 0x61E5,
  0x61E5, 0x61E5, 0x61E5, 0x61E5, 0x6205, 0x61E5, 0x61E5, 0x61E5, 0x61E5, 0x61E5, 0x59C4, 0x61E5,
  0x61E5, 0x61E5, 0x61E5, 0x61E5, 0x61E5, 0x59E5, 0x59E5, 0x59E5, 0x61E5, 0x61E5, 0x59C5, 0x59C4,
  0x3923, 0x28E6, 0x51CB, 0x49AB, 0x49AA, 0x49AB, 0x49AB, 0x49AB, 0x49AB, 0x49AB, 0x49AB, 0x49AB,
  0x49AB, 0x49AA, 0x49AA, 0x49AA, 0x49AB, 0x49AB, 0x49AA, 0x49AB, 0x51CB, 0x3127, 0x3103, 0x6A05,
  0xAB29, 0xA2E8, 0xA308, 0xA2E8, 0xA2C8, 0xA2C8, 0xA2C8, 0xA2E8, 0xA2E8, 0xA2E8, 0xA2E8, 0xA2E8,
  0xA2E8, 0xA2E8, 0xA2C8, 0xA2E8, 0xA2E8, 0xA2E8, 0xA2E8, 0xA2C8, 0xA2C8, 0x9AC7, 0x9AC7, 0x9AC7,
  0x9AC7, 0xA2C7, 0x9AC7, 0x9AA7, 0x9AC8, 0x9AC8, 0x9AC8, 0x9AC7, 0x9AC7, 0xA2C8, 0x9AC8, 0xA2C7,
  0xA2C8, 0x9AC7, 0x9AC7, 0x9AA7, 0x9AA7, 0x9AA7, 0x9AA7, 0xA2C7, 0xA2C7, 0xA2C7, 0x9AC7, 0x9AA7,
  0xA2C7, 0x9AA7, 0x9AA7, 0xA2C7, 0x9AC7, 0xA2C7, 0x9AC7, 0x9AA7, 0x9AA7, 0x9AA7, 0xA2C7, 0xA2C7,
  0xA2C8, 0xA2C8, 0xA2C8, 0xA2C8, 0xA2C8, 0xA2C8, 0xA2C8, 0xA2C8, 0xA2C8, 0xA2C7, 0x9AC7, 0xA2C7,
  0x9AA7, 0x9AC7, 0x9AA7, 0x9AA7, 0xA2C8, 0xA2E8, 0xA2E8, 0x9AC8, 0xA2C8, 0xA2C8, 0xA2C8, 0xA2C8,
  0xA2C8, 0xA2C8, 0xA2C7, 0x9AC7, 0x9AC7, 0x9AC7, 0xA2C8, 0xA2C8, 0xA2C8, 0xA2C8, 0xA2C7, 0xA2C7,
  0x9AC7, 0xA2C7, 0xA2C8, 0xA2C8, 0xA2C8, 0xA2C8, 0xA2C7, 0xA2C8, 0xA2C8, 0xA2A7, 0xA2A7, 0xA2A7,
  0x9AA7, 0x9AA7, 0xA2C7, 0xA2C7, 0xA2C7, 0xA2C7, 0xA2C8, 0xA2C8, 0xA2C8, 0xA2C7, 0xA2C7, 0xA2C8,
  0xA2C8, 0xA2C8, 0xA2C8, 0xA2C8, 0xA2C8, 0xA2C8, 0xA2C8, 0xA2C7, 0xA2A7, 0x9AC7, 0xA2C7, 0xA2C8,
  0xA2C8, 0x9AC8, 0xA2C8, 0x9AC7, 0x9AA7, 0xA2C8, 0xA2E8, 0xA2E8, 0xA2E8, 0xA2C8, 0xA2C8, 0xA2C8,
  0xA2C8, 0x9AA7, 0xA2C7, 0xA2C8, 0xA2C8, 0x9AA7, 0xA2A7, 0xA2A7, 0x9AA7, 0x9AC7, 0xA2C8, 0x9AA7,
  0x9AA7, 0x9AA7, 0xA2C8, 0xA2C7, 0x9AA7, 0x9AC7, 0x9AC7, 0x9AA7, 0x9AA7, 0x9AA7, 0x9AC7, 0x9AC7,
  0xA2C7, 0x9AA7, 0x9AA7, 0x9AA7, 0x9AC7, 0x9AC8, 0xA2C8, 0xA2E8, 0xA2E8, 0xA2C8, 0x9AC8, 0x9AC7,
  0xA2C8, 0xA2C8, 0xA2C8, 0xA2C8, 0x9AC7, 0x9AC7, 0x9AC7, 0x9AC7, 0x9AC7, 0x9AC7, 0xA2C7, 0x9AA7,
  0x9AA7, 0x9AA7, 0x9AA7, 0x9AA7, 0xA2C8, 0xA2C7, 0xA2C7, 0x9AA7, 0xA2C7, 0x9AC7, 0x9AA7, 0x9AC7,
  0x9AC8, 0x9AC7, 0x9AC7, 0xA2C8, 0x9AC8, 0x9AC8, 0x9AC8, 0x9AC8, 0x9AC8, 0xA2C8, 0x9AA7, 0x92A7,
  0x7A26, 0x30E3, 0x2907, 0x49AB, 0x49AA, 0x49AA, 0x49AA, 0x49AB, 0x49AA, 0x49AA, 0x49AA, 0x49AA,
  0x51CB, 0x51CB, 0x51CB, 0x51CB, 0x51AB, 0x51CB, 0x51CB, 0x51AB, 0x51CB, 0x28E4, 0x6A26, 0xA329,
  0x92A7, 0x61A5, 0x3903, 0x4123, 0x3923, 0x4124, 0x4123, 0x3923, 0x3923, 0x3923, 0x3923, 0x3923,
  0x3923, 0x3923, 0x3923, 0x3923, 0x3923, 0x3923, 0x4123, 0x3923, 0x3923, 0x3903, 0x3903, 0x3903,
  0x3923, 0x3923, 0x3923, 0x3923, 0x3923, 0x4123, 0x3923, 0x3923, 0x3923, 0x3923, 0x4123, 0x3923,
  0x3923, 0x3903, 0x3903, 0x3923, 0x3923, 0x3923, 0x3923, 0x3923, 0x3923, 0x3923, 0x3903, 0x3903,
  0x3903, 0x3903, 0x3903, 0x3903, 0x3923, 0x3923, 0x3923, 0x3903, 0x3903, 0x3903, 0x3903, 0x3923,
  0x3923, 0x3923, 0x4123, 0x3903, 0x3903, 0x3903, 0x3903, 0x3903, 0x3903, 0x3903, 0x3903, 0x3923,
  0x3903, 0x3903, 0x3923, 0x3923, 0x3923, 0x3923, 0x3923, 0x3923, 0x3923, 0x3903, 0x3903, 0x3903,
  0x3923, 0x3923, 0x3923, 0x3903, 0x3903, 0x3923, 0x3903, 0x3923, 0x3923, 0x3923, 0x3924, 0x3923,
  0x3923, 0x3923, 0x3923, 0x3923, 0x3923, 0x3923, 0x3903, 0x3903, 0x3903, 0x3903, 0x3903, 0x3903,
  0x3903, 0x3903, 0x3903, 0x4103, 0x3903, 0x3903, 0x3903, 0x3903, 0x3903, 0x3903, 0x3923, 0x3903,
  0x3903, 0x3923, 0x3923, 0x3923, 0x4123, 0x4124, 0x4124, 0x4123, 0x4123, 0x3923, 0x3923, 0x3923,
  0x3923, 0x3903, 0x3903, 0x3923, 0x3903, 0x3903, 0x3903, 0x3923, 0x3923, 0x3923, 0x3923, 0x3923,
  0x3923, 0x3923, 0x4123, 0x4123, 0x3923, 0x3903, 0x3903, 0x3903, 0x3903, 0x3903, 0x4123, 0x3923,
  0x3923, 0x3923, 0x3923, 0x3923, 0x3903, 0x3903, 0x3903, 0x3903, 0x3903, 0x3903, 0x3903, 0x3903,
  0x3903, 0x3903, 0x3903, 0x3903, 0x3903, 0x3923, 0x3923, 0x3903, 0x3903, 0x3903, 0x3903, 0x3903,
  0x4123, 0x4123, 0x3923, 0x3923, 0x3903, 0x3903, 0x3903, 0x3903, 0x3903, 0x3903, 0x3903, 0x3903,
  0x3903, 0x3903, 0x3903, 0x3903, 0x3903, 0x3903, 0x3923, 0x3923, 0x3923, 0x3923, 0x3923, 0x3923,
  0x3923, 0x3923, 0x3923, 0x3923, 0x4124, 0x3923, 0x3923, 0x4124, 0x4124, 0x4124, 0x4944, 0x7A06,
  0x8A87, 0x7A46, 0x3103, 0x3127, 0x49AA, 0x51CB, 0x51AB, 0x51AB, 0x51AB, 0x51AB, 0x51AB, 0x49AB,
  0x49AA, 0x49AA, 0x49AA, 0x49AA, 0x49AA, 0x49AA, 0x49AA, 0x51CB, 0x18C4, 0x69E5, 0x9AE8, 0x92A7,
  0x6A05, 0x28E4, 0x10A4, 0x18A4, 0x18C4, 0x18C4, 0x18C4, 0x18C4, 0x18A4, 0x18A4, 0x18A4, 0x18A4,
  0x18A4, 0x18C4, 0x18A4, 0x18A4, 0x18C4, 0x18A4, 0x18A4, 0x18A4, 0x18A4, 0x18C4, 0x18C4, 0x18A4,
  0x18A4, 0x18A4, 0x18A4, 0x18A4, 0x18C4, 0x18A4, 0x18A4, 0x18C4, 0x18C4, 0x18A4, 0x18A4, 0x18A4,
  0x18A4, 0x18A4, 0x18A4, 0x18A4, 0x18A4, 0x18C4, 0x18A4, 0x18C4, 0x18C4, 0x18A4, 0x18A4, 0x18A4,
  0x18A4, 0x18A4, 0x18A4, 0x18A4, 0x18A4, 0x18A4, 0x18A4, 0x18A4, 0x18A4, 0x18A4, 0x18A4, 0x18A4,
  0x18A4, 0x18A4, 0x18A4, 0x18A4, 0x18A4, 0x18A4, 0x18A4, 0x18A4, 0x18A4, 0x18A4, 0x18A4, 0x18A4,
  0x18A4, 0x18A4, 0x18A4, 0x18A4, 0x18A4, 0x18A4, 0x18A4, 0x18A4, 0x18A4, 0x18A4, 0x18A4, 0x18A4,
  0x18A4, 0x18A4, 0x18A4, 0x18A4, 0x18A4, 0x18A4, 0x18A4, 0x18A4, 0x18A4, 0x18A4, 0x18A4, 0x18A4,
  0x18A4, 0x18A4, 0x18A4, 0x18A4, 0x18A4, 0x18A4, 0x18A4, 0x18A4, 0x18A4, 0x18A4, 0x18A4, 0x18A4,
  0x18A4, 0x18A4, 0x18A4, 0x18A4, 0x18A4, 0x18A4, 0x18A4, 0x18A4, 0x18A4, 0x18A4, 0x18A4, 0x18A4,
  0x18A4, 0x18A4, 0x18A4, 0x18A4, 0x18A4, 0x18A4, 0x18A4, 0x18A4, 0x18A4, 0x18A4, 0x18A4, 0x18A4,
  0x18A4, 0x18A4, 0x18A4, 0x18A4, 0x18A4, 0x18A4, 0x18A4, 0x18A4, 0x18A4, 0x18A4, 0x18A4, 0x18A4,
  0x18A4, 0x18A4, 0x18A4, 0x18A4, 0x18C4, 0x18A4, 0x18A4, 0x18A4, 0x18A4, 0x18A4, 0x18A4, 0x18A4,
  0x18A4, 0x18A4, 0x18C4, 0x18A4, 0x18A4, 0x18A4, 0x18A4, 0x18A4, 0x18A4, 0x18A4, 0x18A4, 0x18A4,
  0x18A4, 0x18A4, 0x18A4, 0x18A4, 0x18A4, 0x18A4, 0x18A4, 0x18A4, 0x18A4, 0x18A4, 0x18A4, 0x18A4,
  0x18A4, 0x18A4, 0x18A4, 0x18C4, 0x18C4, 0x18A4, 0x18A4, 0x18A4, 0x18A4, 0x18A4, 0x18A4, 0x18A4,
  0x18A4, 0x18A4, 0x18C4, 0x18A4, 0x18A4, 0x18A4, 0x18C4, 0x18C4, 0x18A4, 0x18C4, 0x18C4, 0x18C4,
  0x18C4, 0x18C4, 0x18C4, 0x18C4, 0x18C4, 0x18C4, 0x18C4, 0x18C4, 0x18C4, 0x18C4, 0x18A3, 0x4964,
  0x8247, 0x9AE8, 0x8267, 0x1082, 0x4169, 0x49AB, 0x49AA, 0x49AA, 0x49AA, 0x498A, 0x498A, 0x498A,
  0x51AB, 0x51AB, 0x51AB, 0x51AB, 0x51CB, 0x51CB, 0x51CB, 0x51CB, 0x18A4, 0x69E5, 0x9287, 0x61E5,
  0x28E4, 0x20C5, 0x3127, 0x3127, 0x3127, 0x3127, 0x3127, 0x3128, 0x3127, 0x3127, 0x3127, 0x3127,
  0x3127, 0x3127, 0x3127, 0x3127, 0x3127, 0x3127, 0x3127, 0x3127, 0x3127, 0x3127, 0x3127, 0x3127,
  0x3107, 0x3107, 0x3107, 0x3107, 0x3127, 0x3127, 0x3127, 0x3127, 0x3127, 0x3127, 0x3127, 0x3127,
  0x3127, 0x3127, 0x3127, 0x3127, 0x3127, 0x3127, 0x3127, 0x3127, 0x3127, 0x3107, 0x3127, 0x3127,
  0x3127, 0x3127, 0x3107, 0x3107, 0x3107, 0x3107, 0x3107, 0x3127, 0x3107, 0x3107, 0x3107, 0x3107,
  0x3127, 0x3127, 0x3127, 0x3107, 0x3107, 0x3107, 0x3107, 0x3107, 0x3127, 0x3107, 0x3107, 0x3107,
  0x3107, 0x3127, 0x3107, 0x3107, 0x3107, 0x3127, 0x3127, 0x3127, 0x3127, 0x3107, 0x3107, 0x3107,
  0x3107, 0x3107, 0x3127, 0x3107, 0x3107, 0x3107, 0x3107, 0x3107, 0x3127, 0x3127, 0x3127, 0x3107,
  0x3107, 0x3107, 0x3127, 0x3127, 0x3107, 0x3107, 0x3107, 0x3127, 0x3127, 0x3127, 0x3127, 0x3127,
  0x3127, 0x3127, 0x3127, 0x3127, 0x3107, 0x3107, 0x3107, 0x3107, 0x3107, 0x3107, 0x3107, 0x3107,
  0x3107, 0x3107, 0x3107, 0x3107, 0x3107, 0x3107, 0x3107, 0x3107, 0x3127, 0x3127, 0x3127, 0x3127,
  0x3107, 0x3107, 0x3107, 0x3127, 0x3127, 0x3127, 0x3127, 0x3107, 0x3107, 0x3107, 0x3107, 0x3127,
  0x3107, 0x3107, 0x3107, 0x3107, 0x3107, 0x3107, 0x3107, 0x3107, 0x3107, 0x3127, 0x3127, 0x3127,
  0x3127, 0x3107, 0x3107, 0x3107, 0x3107, 0x3107, 0x3127, 0x3127, 0x3127, 0x3107, 0x3107, 0x3107,
  0x3107, 0x3107, 0x3107, 0x3107, 0x3107, 0x3107, 0x3107, 0x3107, 0x3107, 0x3107, 0x3107, 0x3107,
  0x3107, 0x3107, 0x3127, 0x3127, 0x3127, 0x3127, 0x3127, 0x3127, 0x3127, 0x3127, 0x3127, 0x3127,
  0x3127, 0x3127, 0x3127, 0x3127, 0x3127, 0x3127, 0x3127, 0x3127, 0x3127, 0x3127, 0x3107, 0x3127,
  0x3127, 0x3107, 0x3107, 0x3127, 0x3127, 0x3127, 0x3127, 0x3127, 0x3127, 0x3127, 0x20E5, 0x20C3,
  0x59A5, 0x9AC8, 0x8267, 0x1082, 0x418A, 0x51AB, 0x49AB, 0x51AB, 0x51AB, 0x49AB, 0x49AB, 0x51AB,
  0x498A, 0x49AA, 0x49AA, 0x49AA, 0x49AA, 0x49AA, 0x49AA, 0x49AA, 0x10A3, 0x6A05, 0x9AC7, 0x3103,
  0x18A4, 0x3127, 0x2907, 0x3107, 0x2907, 0x3107, 0x3107, 0x3107, 0x3107, 0x3107, 0x3107, 0x3107,
  0x2906, 0x2907, 0x2906, 0x2906, 0x2906, 0x2906, 0x2907, 0x2907, 0x2906, 0x2907, 0x2907, 0x3107,
  0x3107, 0x2907, 0x2907, 0x2907, 0x2907, 0x2907, 0x3107, 0x3107, 0x2907, 0x2907, 0x3107, 0x3127,
  0x3127, 0x3127, 0x3127, 0x3107, 0x2907, 0x3127, 0x3127, 0x3107, 0x2907, 0x3107, 0x3127, 0x3107,
  0x2907, 0x3107, 0x3107, 0x3127, 0x3107, 0x3107, 0x3127, 0x3127, 0x3107, 0x3107, 0x3107, 0x3127,
  0x3127, 0x3107, 0x3127, 0x3107, 0x3107, 0x3127, 0x3107, 0x2907, 0x3127, 0x3127, 0x3127, 0x3107,
  0x3107, 0x3107, 0x2907, 0x2907, 0x3107, 0x3107, 0x3127, 0x3127, 0x3127, 0x3107, 0x3107, 0x2907,
  0x3107, 0x3107, 0x3107, 0x3127, 0x3107, 0x3107, 0x3107, 0x3127, 0x3127, 0x3107, 0x3107, 0x3107,
  0x3127, 0x3127, 0x3107, 0x3107, 0x3107, 0x3107, 0x3127, 0x3127, 0x3107, 0x3107, 0x3107, 0x3107,
  0x3107, 0x3127, 0x3107, 0x3127, 0x3127, 0x3127, 0x3107, 0x2906, 0x3107, 0x3127, 0x3107, 0x3107,
  0x3107, 0x2907, 0x2907, 0x2907, 0x2907, 0x2907, 0x28E6, 0x2906, 0x3127, 0x3127, 0x3107, 0x3107,
  0x3107, 0x3127, 0x3127, 0x3127, 0x3107, 0x3107, 0x3107, 0x2907, 0x2907, 0x3127, 0x3107, 0x2907,
  0x3107, 0x3107, 0x3107, 0x3107, 0x3107, 0x3107, 0x3127, 0x3127, 0x3107, 0x3107, 0x3107, 0x3127,
  0x3127, 0x3107, 0x28E6, 0x3107, 0x3107, 0x2907, 0x3107, 0x3127, 0x2907, 0x2907, 0x3127, 0x3127,
  0x3127, 0x3107, 0x3107, 0x3107, 0x3107, 0x3107, 0x3107, 0x3107, 0x3107, 0x2907, 0x2907, 0x2907,
  0x2907, 0x2907, 0x3107, 0x2907, 0x2907, 0x2907, 0x2907, 0x2907, 0x3107, 0x3107, 0x3107, 0x3107,
  0x2907, 0x2907, 0x3107, 0x3107, 0x3107, 0x3107, 0x3107, 0x3107, 0x3107, 0x2907, 0x3107, 0x3107,
  0x3107, 0x2907, 0x3107, 0x2907, 0x3107, 0x3107, 0x3107, 0x2907, 0x2907, 0x2906, 0x3107, 0x20C5,
  0x20C3, 0x92A7, 0x7A46, 0x1082, 0x4169, 0x49AA, 0x49AA, 0x49AA, 0x498A, 0x498A, 0x498A, 0x498A,
  0x49AA, 0x49AA, 0x49AB, 0x49AB, 0x49AB, 0x49AB, 0x49AA, 0x51CB, 0x10A4, 0x69E5, 0x9AC7, 0x3924,
  0x18C5, 0x3107, 0x3107, 0x3107, 0x3107, 0x3107, 0x3107, 0x3107, 0x3107, 0x3107, 0x3107, 0x3107,
  0x3107, 0x2907, 0x3107, 0x2906, 0x2906, 0x2906, 0x2907, 0x2907, 0x2906, 0x2906, 0x2907, 0x2907,
  0x3107, 0x3107, 0x2907, 0x2907, 0x2907, 0x3107, 0x3107, 0x3107, 0x3107, 0x3107, 0x28E6, 0x1884,
  0x1884, 0x1884, 0x1884, 0x28E6, 0x3107, 0x1884, 0x1864, 0x20C5, 0x3127, 0x28E6, 0x20A5, 0x3107,
  0x3107, 0x3107, 0x3107, 0x20A5, 0x20C6, 0x3107, 0x20C5, 0x20C5, 0x28E5, 0x1884, 0x1884, 0x1884,
  0x1885, 0x2906, 0x20A5, 0x28E6, 0x3127, 0x28E6, 0x28E6, 0x28E5, 0x1864, 0x1884, 0x1884, 0x1885,
  0x28E6, 0x3107, 0x3107, 0x3107, 0x3107, 0x3127, 0x20C5, 0x1884, 0x1884, 0x1864, 0x20A5, 0x28E5,
  0x20A5, 0x3107, 0x3107, 0x20A5, 0x2906, 0x20C5, 0x1884, 0x1884, 0x20A5, 0x3127, 0x3127, 0x28E6,
  0x1864, 0x1884, 0x2906, 0x3107, 0x3127, 0x20A5, 0x1884, 0x1884, 0x20C5, 0x20C5, 0x20A5, 0x3127,
  0x28E6, 0x20A5, 0x28E6, 0x1884, 0x1884, 0x1884, 0x28E6, 0x3107, 0x20A5, 0x1884, 0x1884, 0x1864,
  0x20A5, 0x2906, 0x3107, 0x3107, 0x2907, 0x2906, 0x3107, 0x2907, 0x1884, 0x1884, 0x28E6, 0x3107,
  0x3127, 0x20C5, 0x1864, 0x20A5, 0x3127, 0x28E6, 0x2085, 0x2906, 0x3107, 0x20C5, 0x28E6, 0x3107,
  0x2907, 0x3107, 0x3107, 0x3107, 0x3127, 0x20C5, 0x1864, 0x1885, 0x3107, 0x3107, 0x3107, 0x1884,
  0x1884, 0x28E6, 0x3127, 0x20C5, 0x20A5, 0x2906, 0x28C6, 0x20A5, 0x3127, 0x3127, 0x1884, 0x1884,
  0x1884, 0x28E6, 0x20A5, 0x1864, 0x1884, 0x1864, 0x20A5, 0x3107, 0x3107, 0x3107, 0x2907, 0x2907,
  0x3107, 0x3107, 0x3107, 0x2907, 0x3107, 0x3107, 0x3107, 0x3107, 0x3107, 0x3107, 0x3107, 0x3107,
  0x2907, 0x3107, 0x3107, 0x3107, 0x3107, 0x3107, 0x3107, 0x3107, 0x3107, 0x3107, 0x3107, 0x3107,
  0x3107, 0x3107, 0x3107, 0x3107, 0x3107, 0x3107, 0x3107, 0x3107, 0x2906, 0x2906, 0x3107, 0x20C6,
  0x28E3, 0x92A7, 0x7A46, 0x1082, 0x4189, 0x49AB, 0x49AB, 0x49AA, 0x49AA, 0x49AA, 0x49AA, 0x49AA,
  0x49AB, 0x49AA, 0x49AB, 0x51AB, 0x49AB, 0x49AA, 0x49AB, 0x51AB, 0x10A4, 0x69E5, 0x9AA7, 0x3924,
  0x18C5, 0x3107, 0x2907, 0x3107, 0x3107, 0x2907, 0x3107, 0x3107, 0x3107, 0x3107, 0x3107, 0x3107,
  0x3107, 0x3107, 0x3107, 0x3107, 0x3107, 0x3107, 0x3107, 0x3107, 0x3107, 0x2907, 0x2907, 0x2907,
  0x3107, 0x3107, 0x2907, 0x2907, 0x3107, 0x3107, 0x3107, 0x3107, 0x3107, 0x28E7, 0x2925, 0x734C,
  0x6B2C, 0x734D, 0x62CB, 0x20C5, 0x1883, 0x5289, 0x7BAE, 0x4208, 0x20A5, 0x39A7, 0x5289, 0x20C5,
  0x3107, 0x3107, 0x20A5, 0x4A48, 0x3987, 0x1884, 0x41E7, 0x39C7, 0x20C4, 0x6B4C, 0x7B8D, 0x7B8D,
  0x62EB, 0x1083, 0x4A49, 0x2925, 0x20A5, 0x5269, 0x41E8, 0x18C4, 0x62EB, 0x734C, 0x738D, 0x62CB,
  0x20C4, 0x3107, 0x2907, 0x3107, 0x3127, 0x20C5, 0x39C7, 0x734C, 0x734C, 0x734C, 0x41C7, 0x2104,
  0x5AAA, 0x20C5, 0x20E5, 0x5269, 0x20E4, 0x41E8, 0x736D, 0x736D, 0x4A28, 0x1884, 0x28E6, 0x3146,
  0x736D, 0x630B, 0x1883, 0x2906, 0x1884, 0x5AAA, 0x736C, 0x6B2C, 0x2945, 0x3165, 0x4A28, 0x28C6,
  0x3967, 0x5269, 0x1083, 0x5AAA, 0x734C, 0x7BAE, 0x3187, 0x1884, 0x41E7, 0x736D, 0x738D, 0x7BAE,
  0x4208, 0x20C5, 0x3107, 0x2907, 0x2907, 0x2907, 0x28E6, 0x20C4, 0x6B2C, 0x7BAE, 0x3166, 0x28C6,
  0x18A4, 0x4A28, 0x7BCE, 0x5249, 0x1884, 0x3146, 0x5269, 0x18A4, 0x28E5, 0x5ACA, 0x2946, 0x28E6,
  0x3107, 0x2907, 0x2907, 0x3107, 0x18A4, 0x3145, 0x7B8D, 0x630B, 0x18A4, 0x3107, 0x20C4, 0x6B0C,
  0x7B8D, 0x3166, 0x1884, 0x41E7, 0x41E7, 0x1884, 0x3146, 0x5269, 0x20E5, 0x2906, 0x734D, 0x736D,
  0x6B2C, 0x18C3, 0x41E7, 0x734C, 0x6B4C, 0x738D, 0x41E8, 0x20C5, 0x3107, 0x3107, 0x3107, 0x3107,
  0x3107, 0x3107, 0x3107, 0x3107, 0x3107, 0x3107, 0x3107, 0x3107, 0x3107, 0x3107, 0x3107, 0x3107,
  0x3107, 0x3107, 0x3107, 0x3107, 0x3107, 0x3107, 0x3107, 0x3107, 0x3107, 0x3107, 0x3107, 0x3107,
  0x3107, 0x3107, 0x3107, 0x3107, 0x3107, 0x3107, 0x3107, 0x3107, 0x3107, 0x2906, 0x3107, 0x20C6,
  0x28E3, 0x9AC8, 0x7A46, 0x1082, 0x4189, 0x49AA, 0x49AA, 0x49AA, 0x49AA, 0x49AB, 0x498A, 0x498A,
  0x49AA, 0x49AA, 0x49AA, 0x49AA, 0x49AA, 0x49AA, 0x49AA, 0x49AB, 0x1083, 0x6A05, 0x9AC8, 0x3924,
  0x18A5, 0x3107, 0x2907, 0x2907, 0x2907, 0x2907, 0x3107, 0x2907, 0x2907, 0x2907, 0x2906, 0x2907,
  0x2907, 0x3107, 0x3107, 0x3127, 0x18A4, 0x0842, 0x0862, 0x20E5, 0x3107, 0x2907, 0x3107, 0x2907,
  0x2907, 0x2907, 0x3107, 0x2907, 0x2907, 0x3107, 0x3107, 0x3107, 0x3107, 0x2907, 0x2946, 0x6B4C,
  0xACF2, 0x8C50, 0x528A, 0x0842, 0x4A49, 0x7BAE, 0x738D, 0x83EE, 0x3166, 0x4208, 0x9470, 0x1864,
  0x3107, 0x3107, 0x1864, 0x8C2F, 0x5A8B, 0x1044, 0x7B8E, 0x630B, 0x3146, 0xB554, 0x6B0C, 0x6B2C,
  0x6B0B, 0x1063, 0x840F, 0x8C0F, 0x0801, 0x7BAE, 0x6B2C, 0x3166, 0xAD13, 0x5AAA, 0x6B0B, 0x62EB,
  0x20E5, 0x3107, 0x3107, 0x3107, 0x3127, 0x1884, 0x736D, 0x9C91, 0x62CB, 0x734C, 0x41E8, 0x2925,
  0xA4F2, 0x3166, 0x3166, 0xA4F2, 0x1883, 0x736D, 0xA4F2, 0x6B2C, 0x7B8D, 0x41E8, 0x2905, 0x6B4C,
  0x736D, 0x736D, 0x5ACA, 0x1083, 0x5A8A, 0x7B8D, 0x62EB, 0x734C, 0x2925, 0x5A8A, 0x83EF, 0x1044,
  0x4A09, 0x9470, 0x18A3, 0xAD13, 0x7B8D, 0x736D, 0x7B8E, 0x18A3, 0x7BAE, 0x9450, 0x5ACA, 0x734D,
  0x4A08, 0x20A5, 0x3107, 0x2907, 0x2907, 0x3107, 0x20C4, 0x630B, 0x7BAE, 0x736D, 0x7B8D, 0x2105,
  0x3186, 0x738D, 0x7B8D, 0x7BAE, 0x41E8, 0x2105, 0xB573, 0x5249, 0x1042, 0xA4D1, 0x3187, 0x28C6,
  0x3107, 0x2907, 0x3107, 0x28E6, 0x2925, 0x736C, 0x734C, 0x7B8D, 0x62EB, 0x18A4, 0x62EB, 0x7BCE,
  0x734C, 0x6B2C, 0x18A3, 0x6B0C, 0x736D, 0x1023, 0x4A08, 0x9470, 0x18A4, 0x736D, 0x736D, 0x62EB,
  0x732C, 0x18A3, 0x83EF, 0x9430, 0x5AAA, 0x7B8D, 0x4A28, 0x20C5, 0x3107, 0x3107, 0x3107, 0x3107,
  0x3107, 0x3107, 0x3107, 0x3107, 0x3107, 0x3107, 0x3107, 0x2907, 0x2907, 0x3107, 0x3107, 0x3107,
  0x3107, 0x3107, 0x3107, 0x3107, 0x3107, 0x3107, 0x3107, 0x3107, 0x3107, 0x3107, 0x3107, 0x3107,
  0x3107, 0x3107, 0x3107, 0x3107, 0x3107, 0x3107, 0x3107, 0x3107, 0x3107, 0x2907, 0x3107, 0x20C5,
  0x28E3, 0x92A7, 0x7A46, 0x1082, 0x4189, 0x51AB, 0x49AA, 0x49AB, 0x49AB, 0x49AB, 0x49AB, 0x498A,
  0x49AA, 0x51AB, 0x51AB, 0x51CB, 0x51CB, 0x51CB, 0x51AB, 0x51CB, 0x10A4, 0x7226, 0x9AC8, 0x3924,
  0x18A5, 0x3107, 0x3107, 0x2907, 0x2907, 0x2907, 0x2907, 0x2907, 0x2907, 0x2907, 0x2906, 0x2907,
  0x2907, 0x2907, 0x3127, 0x18A4, 0x3922, 0x9B83, 0x9301, 0x28E2, 0x20C5, 0x3107, 0x2907, 0x3107,
  0x2907, 0x2907, 0x2907, 0x2907, 0x2907, 0x2907, 0x3107, 0x3107, 0x3107, 0x3107, 0x2906, 0x0802,
  0x736D, 0x4208, 0x0823, 0x1063, 0x8C30, 0x4A09, 0x0001, 0x7BAE, 0x62EB, 0x3146, 0x83EE, 0x1884,
  0x3107, 0x3127, 0x1884, 0x83CE, 0x526A, 0x1864, 0x7B8E, 0x62EB, 0x2925, 0x9C71, 0x39A7, 0x41C7,
  0x18A4, 0x1864, 0x736D, 0xB533, 0x39A6, 0x62EA, 0x62CB, 0x3166, 0x9471, 0x3186, 0x3186, 0x1883,
  0x3107, 0x3107, 0x3107, 0x2907, 0x3127, 0x1884, 0x736D, 0x736D, 0x3186, 0x3166, 0x20A5, 0x28E6,
  0x4A08, 0x736D, 0x736D, 0x41C8, 0x0842, 0x6B2C, 0x5269, 0x0000, 0x62EB, 0x7BCE, 0x39A7, 0x8C2F,
  0x0001, 0x18A3, 0x9CB1, 0x18A4, 0x738D, 0x62CB, 0x39A6, 0x18A3, 0x0822, 0x62CB, 0x738D, 0x1023,
  0x41C7, 0x8C0F, 0x18C4, 0x9471, 0x1062, 0x0000, 0x9CB2, 0x3186, 0x736D, 0x734C, 0x3165, 0x2945,
  0x1884, 0x3107, 0x2907, 0x3107, 0x3107, 0x3107, 0x20E5, 0x9CB1, 0x20C4, 0x1043, 0x4A29, 0x18C4,
  0x734C, 0x5269, 0x0000, 0x5249, 0x7BAD, 0x1082, 0xAD12, 0x8C50, 0x2905, 0x8C2F, 0x3166, 0x28C6,
  0x3107, 0x3107, 0x3107, 0x20A5, 0x4A28, 0x8C0F, 0x0001, 0x20C5, 0x4A29, 0x18C4, 0x9CB1, 0x18C4,
  0x0000, 0x8C2F, 0x41C7, 0x5289, 0x6B0C, 0x1844, 0x4A09, 0x840F, 0x1883, 0x8C4F, 0x41E7, 0x3186,
  0x0842, 0x1063, 0x7BCE, 0x734C, 0x39A6, 0x3166, 0x18A4, 0x3107, 0x2907, 0x2907, 0x3107, 0x3107,
  0x3107, 0x3107, 0x3107, 0x3107, 0x3107, 0x3107, 0x3107, 0x2907, 0x2907, 0x2907, 0x3107, 0x2907,
  0x3107, 0x3107, 0x3107, 0x3107, 0x3107, 0x3107, 0x3107, 0x3107, 0x3107, 0x3107, 0x3107, 0x3107,
  0x3107, 0x3107, 0x3107, 0x3107, 0x3107, 0x3107, 0x3107, 0x3107, 0x3107, 0x2907, 0x3107, 0x20C5,
  0x28E3, 0x9287, 0x7A46, 0x1082, 0x4169, 0x49AA, 0x49AA, 0x49AB, 0x49AB, 0x49AB, 0x49AB, 0x498A,
  0x49AA, 0x49AA, 0x49AA, 0x49AB, 0x49AB, 0x49AB, 0x49AA, 0x49AB, 0x10A4, 0x7226, 0x9AC8, 0x3924,
  0x18C4, 0x3107, 0x3107, 0x3107, 0x2907, 0x2907, 0x2907, 0x2907, 0x2907, 0x2907, 0x2907, 0x2907,
  0x2907, 0x3107, 0x2906, 0x0862, 0xA322, 0xFE2A, 0xED23, 0x6201, 0x0063, 0x3107, 0x3107, 0x3107,
  0x2907, 0x2907, 0x2907, 0x2907, 0x2907, 0x2907, 0x3107, 0x3107, 0x3107, 0x3107, 0x3127, 0x1884,
  0x7BAD, 0x5A8A, 0x28C6, 0x20A5, 0x840F, 0x524A, 0x1043, 0x738D, 0x528A, 0x3145, 0x83EE, 0x1884,
  0x3107, 0x3127, 0x20A5, 0x840F, 0x5249, 0x1023, 0x7B8D, 0x630B, 0x2104, 0xAD13, 0x8C0F, 0x8C0F,
  0x3146, 0x1863, 0x7BAD, 0x528A, 0x62CB, 0x942F, 0x5289, 0x2925, 0xAD33, 0x8C0F, 0x83CE, 0x2905,
  0x3107, 0x3107, 0x3107, 0x2907, 0x3107, 0x20A5, 0x736D, 0xA4D2, 0x8C0F, 0x736D, 0x28E6, 0x3127,
  0x18A3, 0x736D, 0x6B0C, 0x1063, 0x1063, 0x62EB, 0x9CB1, 0x83EE, 0x83CE, 0x2946, 0x41C7, 0x83EE,
  0x1863, 0x2905, 0x9470, 0x2926, 0x1883, 0x734D, 0x9470, 0x734C, 0x18A3, 0x526A, 0x7B8D, 0x1023,
  0x4A08, 0x8C50, 0x1083, 0x9C71, 0x8C0F, 0x7BAD, 0x4208, 0x18A3, 0x7BAE, 0xAD13, 0x8C30, 0x630B,
  0x18A4, 0x3107, 0x3107, 0x3107, 0x3107, 0x3107, 0x2905, 0x9490, 0x3146, 0x28E5, 0x18A4, 0x1062,
  0x6B2C, 0xA4B2, 0x7BAE, 0x9CB1, 0x6B2C, 0x20E4, 0x9450, 0x41E8, 0x6B2C, 0x9C91, 0x3146, 0x28C6,
  0x3107, 0x3107, 0x3107, 0x20A5, 0x4A29, 0x83EF, 0x1864, 0x2906, 0x18A4, 0x20E4, 0x9470, 0x8C0F,
  0x7BAD, 0xAD12, 0x3166, 0x5AAA, 0x6B2C, 0x1044, 0x5229, 0x9470, 0x1883, 0x20E4, 0x7BAE, 0x8C0F,
  0x5A8A, 0x0842, 0x736D, 0xA4F2, 0x9470, 0x6B2C, 0x20A5, 0x3127, 0x2907, 0x3107, 0x3107, 0x3107,
  0x3107, 0x3107, 0x3107, 0x3107, 0x2907, 0x2907, 0x2907, 0x2907, 0x3107, 0x28E7, 0x28E7, 0x2907,
  0x2907, 0x3107, 0x3107, 0x3107, 0x3107, 0x3107, 0x3107, 0x3107, 0x3107, 0x3107, 0x3107, 0x3107,
  0x3107, 0x3107, 0x3107, 0x3107, 0x3107, 0x3107, 0x3107, 0x3107, 0x3107, 0x2907, 0x3107, 0x20C5,
  0x28C3, 0x9287, 0x7A46, 0x1082, 0x418A, 0x49AB, 0x49AB, 0x49AB, 0x49AB, 0x49AB, 0x49AB, 0x49AB,
  0x51AB, 0x49AB, 0x51AB, 0x49AB, 0x49AB, 0x49AB, 0x49AB, 0x51AB, 0x18A4, 0x7226, 0x9AC8, 0x3924,
  0x18A4, 0x3107, 0x3107, 0x2907, 0x2907, 0x2906, 0x2906, 0x2906, 0x2907, 0x2907, 0x2907, 0x2907,
  0x2906, 0x3107, 0x20C4, 0x28E1, 0xC465, 0xE526, 0xE4E3, 0x8AE3, 0x1082, 0x28E5, 0x3107, 0x2907,
  0x3107, 0x2907, 0x2907, 0x2907, 0x2907, 0x2907, 0x3107, 0x3107, 0x2907, 0x3107, 0x3127, 0x1864,
  0x7BAD, 0x5A8A, 0x20C6, 0x20C5, 0x8C2F, 0x526A, 0x1062, 0x736C, 0x4A28, 0x2945, 0x9450, 0x20C4,
  0x2926, 0x2926, 0x1883, 0x83EE, 0x5269, 0x0862, 0x734C, 0x5AAA, 0x3186, 0x9C91, 0x0841, 0x18A3,
  0x2105, 0x1063, 0x840F, 0x4A29, 0x2925, 0xCDF6, 0x4A28, 0x2945, 0x8C0F, 0x1062, 0x18A3, 0x20C4,
  0x28E5, 0x3107, 0x3107, 0x3107, 0x3127, 0x1884, 0x736D, 0x5AAA, 0x0821, 0x20E4, 0x2105, 0x20C4,
  0x83CE, 0x5249, 0x5269, 0x7BAD, 0x1042, 0x736D, 0x83CE, 0x39A7, 0x3166, 0x1063, 0x39C7, 0x7BCE,
  0x1883, 0x3166, 0x9CB1, 0x2925, 0x2925, 0x20E4, 0x0842, 0x738D, 0x4208, 0x41E7, 0x83CE, 0x1063,
  0x4A29, 0x83EF, 0x1082, 0x9CB1, 0x41C8, 0x6B2C, 0x5AAA, 0x0842, 0x83EF, 0x62CB, 0x0821, 0x18A3,
  0x20E4, 0x2906, 0x3107, 0x2907, 0x2907, 0x2907, 0x20E5, 0x9CB1, 0x3987, 0x1083, 0x736D, 0x2945,
  0x6B4D, 0x83EF, 0x3186, 0x736D, 0x7B8E, 0x2905, 0xA4D1, 0x0821, 0x6B2C, 0xBD74, 0x2925, 0x28C6,
  0x3107, 0x2907, 0x3107, 0x20A5, 0x4208, 0x8C0F, 0x1884, 0x3987, 0x7BAE, 0x18A3, 0x9C91, 0x528A,
  0x3186, 0x9C90, 0x3186, 0x528A, 0x736D, 0x1063, 0x5229, 0x8C0F, 0x18A4, 0x20E4, 0x1062, 0x1062,
  0x9470, 0x20E4, 0x83CE, 0x5AAA, 0x0842, 0x18A3, 0x18C4, 0x28E6, 0x3107, 0x3107, 0x3107, 0x3107,
  0x2907, 0x2907, 0x2907, 0x2907, 0x2907, 0x2907, 0x2907, 0x2907, 0x3107, 0x2907, 0x2907, 0x2907,
  0x3107, 0x3107, 0x3107, 0x3107, 0x3107, 0x3107, 0x3107, 0x3107, 0x3107, 0x3107, 0x3107, 0x3107,
  0x3107, 0x3107, 0x3107, 0x3107, 0x3107, 0x3107, 0x3107, 0x3107, 0x3107, 0x3107, 0x3107, 0x20C5,
  0x28C3, 0x9287, 0x7A46, 0x1082, 0x418A, 0x51AB, 0x51AB, 0x49AB, 0x51AB, 0x51AB, 0x49AB, 0x49AB,
  0x49AA, 0x49AA, 0x49AA, 0x49AB, 0x49AB, 0x49AB, 0x49AB, 0x51AB, 0x10A4, 0x7225, 0x9AA7, 0x3924,
  0x18A4, 0x3107, 0x2907, 0x2907, 0x2907, 0x2907, 0x2907, 0x2907, 0x2907, 0x2906, 0x2907, 0x28E6,
  0x3107, 0x2906, 0x18C2, 0xAB82, 0xDCE4, 0xDCC3, 0xD4A3, 0xD463, 0x6201, 0x0843, 0x3127, 0x3107,
  0x3107, 0x2907, 0x2907, 0x2907, 0x2907, 0x3107, 0x3107, 0x3107, 0x3107, 0x3107, 0x3127, 0x1884,
  0x736D, 0x5269, 0x20A5, 0x3107, 0x2925, 0x8C0F, 0xA4F2, 0x62EB, 0x0862, 0x3186, 0xAD33, 0x9CB1,
  0xA4D2, 0x840F, 0x18C4, 0x20E4, 0x7BAD, 0x9CB1, 0x62EB, 0x1083, 0x39A7, 0xAD13, 0x9450, 0x9450,
  0x8C0F, 0x1083, 0x7BCE, 0x5249, 0x1043, 0x738D, 0x5AAA, 0x2104, 0xA4F2, 0x9C91, 0xA4F2, 0x7BCE,
  0x18A4, 0x3107, 0x3107, 0x3107, 0x3127, 0x18A4, 0x62CA, 0xA4F2, 0x9C91, 0xAD13, 0x5289, 0x18E3,
  0x840E, 0x1883, 0x18A4, 0x8C50, 0x20E4, 0x734C, 0x62CB, 0x1023, 0x28C6, 0x2906, 0x1883, 0x4A28,
  0x9CD1, 0x9CB1, 0x39C7, 0x1883, 0x62EB, 0xA4D1, 0x9CB1, 0x5ACA, 0x18A4, 0x18A4, 0x6B2C, 0xA4F2,
  0x7BAE, 0x18C4, 0x20E4, 0x9470, 0x2906, 0x1884, 0x83EE, 0x20E4, 0x6B0B, 0xAD13, 0x9450, 0xAD13,
  0x5ACB, 0x20A5, 0x3107, 0x2907, 0x2907, 0x3107, 0x20E5, 0x39A6, 0x9490, 0x9C90, 0x4A49, 0x1063,
  0x736D, 0x5AAB, 0x0001, 0x4A28, 0x736D, 0x2104, 0x8C2F, 0x18A4, 0x18C4, 0x8C0F, 0x2945, 0x28C6,
  0x3107, 0x3107, 0x3107, 0x3107, 0x18A4, 0x5269, 0xA512, 0x8C50, 0x2945, 0x1883, 0x840F, 0x2105,
  0x0002, 0x738D, 0x4208, 0x1083, 0x736D, 0xA4F2, 0x7BAD, 0x18C4, 0x18A3, 0x7BAD, 0x9C70, 0x9CB1,
  0x4208, 0x1083, 0x738D, 0xAD13, 0x9450, 0xA4D2, 0x5289, 0x18A5, 0x3127, 0x3107, 0x3107, 0x3107,
  0x3107, 0x2907, 0x2907, 0x2907, 0x2907, 0x2907, 0x3107, 0x3107, 0x2907, 0x2907, 0x2907, 0x3107,
  0x3107, 0x3107, 0x3107, 0x3107, 0x3107, 0x3107, 0x3107, 0x3107, 0x3107, 0x3107, 0x3107, 0x3107,
  0x3107, 0x3107, 0x3107, 0x2907, 0x3107, 0x3107, 0x3107, 0x2907, 0x3107, 0x3107, 0x3107, 0x20E5,
  0x28E3, 0x9287, 0x7A46, 0x1082, 0x4169, 0x49AB, 0x49AA, 0x49AA, 0x49AA, 0x49AA, 0x49AA, 0x49AA,
  0x49AA, 0x49AA, 0x49AA, 0x49AB, 0x51AB, 0x51CB, 0x51AB, 0x51AB, 0x10A4, 0x7225, 0x9AA7, 0x3923,
  0x18A4, 0x3107, 0x2907, 0x2907, 0x2907, 0x2907, 0x2907, 0x2907, 0x2907, 0x2906, 0x2906, 0x2906,
  0x3107, 0x18A4, 0x3102, 0xD4C4, 0xDCE3, 0xB3E2, 0xB403, 0xDCC2, 0xA383, 0x0842, 0x28E5, 0x3107,
  0x3107, 0x2907, 0x2907, 0x2907, 0x3107, 0x3107, 0x3107, 0x3107, 0x3107, 0x3107, 0x3107, 0x28E6,
  0x2105, 0x20E5, 0x2906, 0x3127, 0x28E6, 0x20E4, 0x2905, 0x18C4, 0x28E6, 0x20E5, 0x2926, 0x3146,
  0x3146, 0x2925, 0x20E5, 0x20C5, 0x18C4, 0x2905, 0x20E5, 0x2906, 0x20E5, 0x2105, 0x2925, 0x2104,
  0x2905, 0x20E5, 0x2926, 0x20E5, 0x20C5, 0x20E5, 0x2905, 0x20E5, 0x2925, 0x2925, 0x2946, 0x2104,
  0x20C5, 0x2907, 0x3107, 0x3107, 0x3107, 0x28E6, 0x20E5, 0x3146, 0x2946, 0x2925, 0x20C4, 0x18A3,
  0x18C4, 0x20C5, 0x28E6, 0x20E5, 0x20C4, 0x2105, 0x2105, 0x2906, 0x3107, 0x2906, 0x28E6, 0x20E5,
  0x2946, 0x2946, 0x28E6, 0x28E6, 0x20E4, 0x2105, 0x2105, 0x20C4, 0x3107, 0x3107, 0x2905, 0x2925,
  0x20C4, 0x20C5, 0x2906, 0x2925, 0x2906, 0x20C5, 0x18C4, 0x18C4, 0x20C4, 0x2104, 0x2926, 0x3166,
  0x2905, 0x28E6, 0x3107, 0x3107, 0x3107, 0x3107, 0x3127, 0x20E6, 0x2105, 0x2105, 0x18A4, 0x28E6,
  0x2926, 0x2905, 0x2906, 0x20C4, 0x20E4, 0x20C4, 0x2905, 0x28E6, 0x20C5, 0x18C4, 0x20C4, 0x2907,
  0x3107, 0x3107, 0x3107, 0x3107, 0x28E7, 0x20C5, 0x2946, 0x2925, 0x20C5, 0x20C5, 0x20C4, 0x20E5,
  0x28E6, 0x20E5, 0x2905, 0x2906, 0x2905, 0x2946, 0x20E4, 0x20C5, 0x20E5, 0x20E4, 0x2925, 0x2946,
  0x28E5, 0x2906, 0x20E4, 0x2925, 0x2925, 0x2925, 0x20E4, 0x28E6, 0x3107, 0x3107, 0x3107, 0x3107,
  0x3107, 0x3107, 0x2907, 0x2907, 0x3107, 0x3107, 0x3107, 0x2907, 0x2907, 0x2907, 0x2907, 0x3107,
  0x3107, 0x3107, 0x3107, 0x3107, 0x3107, 0x3107, 0x3107, 0x3107, 0x3107, 0x3107, 0x3107, 0x3107,
  0x3107, 0x3107, 0x3107, 0x3107, 0x2907, 0x2907, 0x2907, 0x3107, 0x3107, 0x3107, 0x3107, 0x20E6,
  0x28C3, 0x9287, 0x8246, 0x1082, 0x418A, 0x51CB, 0x51CB, 0x51AB, 0x51AB, 0x51AB, 0x51AB, 0x49AB,
  0x498A, 0x498A, 0x498A, 0x498A, 0x49AA, 0x49AA, 0x49AA, 0x49AB, 0x10A3, 0x6A05, 0x9AA7, 0x3903,
  0x18A4, 0x3107, 0x28E6, 0x2907, 0x2906, 0x2907, 0x2907, 0x2906, 0x2906, 0x2906, 0x2906, 0x3107,
  0x20E5, 0x18A2, 0xA362, 0xED65, 0xBC22, 0x18A2, 0x2902, 0xCC62, 0xD482, 0x61C1, 0x1062, 0x2906,
  0x3107, 0x2907, 0x2907, 0x2907, 0x2907, 0x3107, 0x3107, 0x3107, 0x3107, 0x3107, 0x3107, 0x3107,
  0x3107, 0x3107, 0x3107, 0x2907, 0x3107, 0x28E6, 0x28C6, 0x2907, 0x3107, 0x3107, 0x3107, 0x3107,
  0x3107, 0x28E7, 0x28E6, 0x2906, 0x28E6, 0x28E6, 0x3107, 0x3127, 0x3107, 0x28E6, 0x3107, 0x28E6,
  0x28E6, 0x3107, 0x3107, 0x3107, 0x3107, 0x3107, 0x3107, 0x3127, 0x3107, 0x28E6, 0x28C6, 0x28E6,
  0x2907, 0x3107, 0x3107, 0x3107, 0x3107, 0x3107, 0x3107, 0x3107, 0x28E6, 0x28E6, 0x28E6, 0x28E6,
  0x28E6, 0x28E6, 0x2907, 0x28E6, 0x28E6, 0x28E6, 0x28E6, 0x2906, 0x3107, 0x2907, 0x3107, 0x3127,
  0x2907, 0x28E6, 0x3107, 0x2906, 0x28E6, 0x28E6, 0x28E6, 0x28E6, 0x3107, 0x3127, 0x3107, 0x28E6,
  0x28E6, 0x3107, 0x3107, 0x2907, 0x2907, 0x2907, 0x28E6, 0x3107, 0x28E6, 0x28E6, 0x3107, 0x28E6,
  0x2907, 0x3107, 0x3107, 0x3107, 0x3107, 0x3107, 0x3127, 0x3107, 0x28E6, 0x28E6, 0x28E6, 0x2907,
  0x3107, 0x3107, 0x3107, 0x2907, 0x28E6, 0x28E6, 0x3107, 0x3127, 0x3107, 0x28E6, 0x2906, 0x2907,
  0x3107, 0x3107, 0x3107, 0x3107, 0x3107, 0x3107, 0x28E6, 0x2907, 0x3107, 0x28E6, 0x28E6, 0x2907,
  0x3107, 0x2907, 0x3107, 0x3127, 0x2906, 0x28C6, 0x28E6, 0x3107, 0x2907, 0x28E6, 0x28E7, 0x28E7,
  0x3107, 0x3107, 0x2907, 0x28E6, 0x28E6, 0x28E6, 0x28E7, 0x3107, 0x3107, 0x3107, 0x3107, 0x3107,
  0x3107, 0x3107, 0x2907, 0x2907, 0x3107, 0x3107, 0x3107, 0x3107, 0x2907, 0x2907, 0x2907, 0x2907,
  0x2907, 0x3107, 0x3107, 0x3107, 0x3107, 0x3107, 0x3107, 0x3107, 0x3107, 0x3107, 0x3107, 0x3107,
  0x3107, 0x3107, 0x3107, 0x3107, 0x3107, 0x3107, 0x2907, 0x3107, 0x3107, 0x3107, 0x3107, 0x20C5,
  0x28E3, 0x8A67, 0x7A26, 0x1082, 0x3969, 0x49AA, 0x49AA, 0x49AA, 0x498A, 0x498A, 0x498A, 0x498A,
  0x49AA, 0x49AA, 0x49AA, 0x49AA, 0x49AB, 0x51AB, 0x49AB, 0x51CB, 0x10A3, 0x6A05, 0x9AA7, 0x3903,
  0x18A4, 0x3107, 0x2906, 0x2907, 0x2907, 0x3107, 0x2907, 0x2906, 0x2906, 0x2907, 0x3107, 0x3127,
  0x1083, 0x3122, 0xD4A3, 0xE523, 0x5203, 0x0862, 0x0042, 0x82E2, 0xE4E2, 0xB382, 0x1061, 0x20E5,
  0x3127, 0x2907, 0x2907, 0x2907, 0x2907, 0x3107, 0x3107, 0x3107, 0x3107, 0x3107, 0x2907, 0x28E6,
  0x3107, 0x3127, 0x28E6, 0x28E6, 0x28E6, 0x20C6, 0x20C6, 0x28C6, 0x3107, 0x3127, 0x3107, 0x28C6,
  0x20C6, 0x2906, 0x3107, 0x28E6, 0x28C6, 0x28C6, 0x3107, 0x3127, 0x3127, 0x3127, 0x28E6, 0x28E6,
  0x3107, 0x28E6, 0x3106, 0x28C6, 0x20A5, 0x28E6, 0x3127, 0x3107, 0x28E6, 0x2906, 0x28E7, 0x28E7,
  0x3127, 0x28E7, 0x20C5, 0x20A5, 0x20A5, 0x28E6, 0x3127, 0x3107, 0x28C6, 0x28C6, 0x28E6, 0x2906,
  0x28E6, 0x2906, 0x2907, 0x2907, 0x28E6, 0x2907, 0x2907, 0x2907, 0x3107, 0x3107, 0x3107, 0x28E6,
  0x28C6, 0x20A5, 0x28E6, 0x3107, 0x28E6, 0x20C5, 0x20A5, 0x28E6, 0x2907, 0x28C6, 0x28C6, 0x20A5,
  0x28C6, 0x3127, 0x28E6, 0x20A5, 0x20A5, 0x28C6, 0x3107, 0x28E6, 0x20A5, 0x28C6, 0x2907, 0x3127,
  0x28E6, 0x2907, 0x3107, 0x28E6, 0x28E6, 0x2906, 0x28C6, 0x20C5, 0x28C6, 0x28E6, 0x3107, 0x2906,
  0x20C5, 0x28C6, 0x28E6, 0x3107, 0x3107, 0x28C6, 0x20A5, 0x28C6, 0x28E7, 0x3107, 0x2907, 0x2907,
  0x3107, 0x3107, 0x3107, 0x3107, 0x3107, 0x3107, 0x3107, 0x28E6, 0x20C6, 0x28C6, 0x3107, 0x2906,
  0x28E6, 0x3107, 0x3107, 0x28C6, 0x28E6, 0x28C6, 0x28C6, 0x20C6, 0x28E6, 0x3107, 0x2907, 0x2907,
  0x2907, 0x3107, 0x3107, 0x3107, 0x3107, 0x3107, 0x3107, 0x3107, 0x3107, 0x3107, 0x3107, 0x3107,
  0x3107, 0x3107, 0x2907, 0x2907, 0x3107, 0x3107, 0x3107, 0x3107, 0x3107, 0x2907, 0x2907, 0x2907,
  0x3107, 0x3107, 0x3107, 0x3107, 0x3107, 0x3107, 0x3107, 0x3107, 0x3107, 0x3107, 0x3107, 0x3107,
  0x3107, 0x3107, 0x3107, 0x3107, 0x3107, 0x3107, 0x3107, 0x3107, 0x2907, 0x2907, 0x3107, 0x20C5,
  0x28C3, 0x9287, 0x7A26, 0x1082, 0x418A, 0x51AB, 0x51AB, 0x51AB, 0x51AA, 0x49AA, 0x49AA, 0x49AA,
  0x49AA, 0x49AA, 0x49AA, 0x49AA, 0x49AA, 0x49AB, 0x49AA, 0x49AB, 0x10A3, 0x7205, 0x9AA7, 0x3903,
  0x18A4, 0x3107, 0x2907, 0x3107, 0x3107, 0x3107, 0x2907, 0x2907, 0x2907, 0x2907, 0x3127, 0x18C5,
  0x28C2, 0xAB62, 0xDCE3, 0xDCE3, 0x51E2, 0x0862, 0x0862, 0x7AA2, 0xDCC2, 0xCC42, 0x7202, 0x1083,
  0x2906, 0x3107, 0x2907, 0x3107, 0x3107, 0x3107, 0x3107, 0x3107, 0x3107, 0x3107, 0x2105, 0x2925,
  0x20C5, 0x2926, 0x3166, 0x18A4, 0x2905, 0x3986, 0x39C7, 0x41C8, 0x2926, 0x2906, 0x20E5, 0x3186,
  0x3146, 0x20A4, 0x2906, 0x3146, 0x41C8, 0x41C8, 0x2905, 0x20C5, 0x3127, 0x2906, 0x41E8, 0x39C7,
  0x20E5, 0x3107, 0x18A4, 0x2905, 0x39A7, 0x2925, 0x28E6, 0x2905, 0x2925, 0x20C5, 0x28E5, 0x3187,
  0x20E5, 0x3146, 0x39A7, 0x3186, 0x3186, 0x20E4, 0x20C5, 0x20E5, 0x41C8, 0x41C8, 0x3146, 0x20C5,
  0x3107, 0x2907, 0x2907, 0x2907, 0x2907, 0x2907, 0x3107, 0x2907, 0x3107, 0x3107, 0x20E5, 0x3986,
  0x41C7, 0x3186, 0x18A4, 0x20E5, 0x2925, 0x3986, 0x39A7, 0x2905, 0x18C4, 0x39A7, 0x39A7, 0x39A7,
  0x3166, 0x20E5, 0x3166, 0x3986, 0x39A7, 0x39A7, 0x20E5, 0x20E5, 0x3186, 0x3186, 0x3166, 0x20C5,
  0x3166, 0x2905, 0x28E6, 0x2905, 0x20E4, 0x20C4, 0x39A7, 0x39C7, 0x41C7, 0x3166, 0x20E5, 0x20C5,
  0x3166, 0x39A7, 0x39A7, 0x2906, 0x28E6, 0x2925, 0x39A7, 0x39A7, 0x2925, 0x28E6, 0x3107, 0x3107,
  0x3107, 0x3107, 0x3107, 0x3107, 0x3107, 0x3107, 0x20C6, 0x2105, 0x41C7, 0x3166, 0x28C6, 0x2905,
  0x2946, 0x20C5, 0x20E5, 0x2925, 0x18A3, 0x3146, 0x41C7, 0x41C7, 0x2946, 0x20C6, 0x3107, 0x2907,
  0x3107, 0x3107, 0x3107, 0x3107, 0x3107, 0x3107, 0x3107, 0x3107, 0x3107, 0x3107, 0x3107, 0x3107,
  0x3107, 0x3107, 0x3107, 0x3107, 0x3107, 0x3107, 0x3107, 0x3107, 0x3107, 0x2907, 0x3107, 0x3107,
  0x3107, 0x3107, 0x3107, 0x3107, 0x3107, 0x3107, 0x3107, 0x3107, 0x3107, 0x3107, 0x3107, 0x3107,
  0x3107, 0x3107, 0x3107, 0x3107, 0x2907, 0x2907, 0x2907, 0x3107, 0x2907, 0x2907, 0x3107, 0x20C5,
  0x20C3, 0x9287, 0x7A26, 0x1082, 0x4169, 0x49AB, 0x49AA, 0x49AA, 0x49AA, 0x49AA, 0x498A, 0x498A,
  0x49AB, 0x49AA, 0x49AB, 0x49AB, 0x49AB, 0x51AB, 0x51AB, 0x51CB, 0x10A3, 0x7226, 0x9AC7, 0x3923,
  0x18A5, 0x3107, 0x2907, 0x3107, 0x3107, 0x2907, 0x2907, 0x2906, 0x2907, 0x3107, 0x3126, 0x0842,
  0x6202, 0xDCA3, 0xCC83, 0xDCC3, 0x51E2, 0x0862, 0x0862, 0x7AA2, 0xE4C2, 0xCC62, 0xBB82, 0x20C1,
  0x18C4, 0x3107, 0x3107, 0x3107, 0x2907, 0x3107, 0x3107, 0x3107, 0x3107, 0x28C6, 0x41E8, 0x8C2F,
  0x1864, 0x3987, 0x9CB1, 0x1062, 0x7BAE, 0xAD12, 0x9471, 0xA4F2, 0x4A49, 0x1063, 0x5269, 0x9C91,
  0x8C2F, 0x39A7, 0x1884, 0x83EE, 0xAD33, 0x9CB1, 0x6B4C, 0x20C4, 0x20E5, 0x526A, 0xA4D2, 0x9491,
  0x39C7, 0x18A4, 0x2104, 0x7BCE, 0xA4D1, 0x7BAD, 0x18C4, 0x3186, 0x8C2F, 0x1884, 0x3146, 0x9CB1,
  0x18A3, 0x83EF, 0xAD33, 0x9471, 0xA4D2, 0x4208, 0x1062, 0x5ACA, 0x9CB1, 0x9C91, 0x734C, 0x18A4,
  0x3107, 0x2907, 0x2907, 0x2907, 0x2907, 0x2907, 0x3107, 0x3107, 0x3127, 0x28E6, 0x39C7, 0xAD12,
  0x9470, 0x9450, 0x3186, 0x0842, 0x5ACA, 0xAD33, 0xB574, 0x4A08, 0x20E4, 0x9491, 0x9470, 0x9CB1,
  0xA4D2, 0x1062, 0x6B0C, 0x9CD1, 0x9470, 0xB574, 0x39A7, 0x3986, 0xA512, 0xB553, 0x6B2B, 0x0001,
  0x8C4F, 0x528A, 0x0802, 0x736C, 0x5269, 0x3166, 0xB574, 0x9CB2, 0x9CB1, 0x736D, 0x1063, 0x39A7,
  0x9CB1, 0x9C91, 0x8C4F, 0x2105, 0x20E4, 0x7B8D, 0x9CD1, 0xA4D1, 0x5289, 0x20A5, 0x3127, 0x3107,
  0x3107, 0x3107, 0x2907, 0x2907, 0x3107, 0x2906, 0x18C4, 0x630B, 0xA512, 0x840F, 0x2926, 0x3166,
  0x9C90, 0x20E4, 0x20E4, 0x9C70, 0x18A3, 0x83EF, 0xAD13, 0x9CB1, 0x738D, 0x20E4, 0x28E6, 0x3107,
  0x3107, 0x3107, 0x3107, 0x3107, 0x3107, 0x3107, 0x3107, 0x3107, 0x3107, 0x3107, 0x3107, 0x3107,
  0x3107, 0x3107, 0x3107, 0x3107, 0x3107, 0x3107, 0x3107, 0x3107, 0x3107, 0x3107, 0x3107, 0x3107,
  0x3107, 0x3107, 0x3107, 0x3107, 0x3107, 0x3107, 0x3107, 0x3107, 0x3107, 0x3107, 0x3107, 0x3107,
  0x3107, 0x3107, 0x3107, 0x3107, 0x3107, 0x3107, 0x2907, 0x2907, 0x2907, 0x2907, 0x3107, 0x20C5,
  0x20C2, 0x9287, 0x7A26, 0x1082, 0x4169, 0x51AB, 0x49AA, 0x49AA, 0x49AA, 0x49AA, 0x49AA, 0x49AA,
  0x49AA, 0x49AA, 0x498A, 0x498A, 0x498A, 0x498A, 0x49AA, 0x49AB, 0x10A3, 0x7226, 0x9AC7, 0x3923,
  0x18A5, 0x3107, 0x2907, 0x3107, 0x3107, 0x3107, 0x2907, 0x2907, 0x2907, 0x3127, 0x18C4, 0x30E2,
  0xB382, 0xDCC3, 0xCC83, 0xDCE2, 0x51E3, 0x0862, 0x0862, 0x7AC2, 0xE4E2, 0xD482, 0xD482, 0x51A2,
  0x0862, 0x2906, 0x3107, 0x3107, 0x3107, 0x3107, 0x3107, 0x3107, 0x3127, 0x28C6, 0x41E8, 0x9450,
  0x1884, 0x3166, 0x9C91, 0x1062, 0x83EF, 0x5249, 0x1883, 0x20E4, 0x1884, 0x39A7, 0x83EE, 0x0000,
  0x2104, 0x9CB1, 0x1883, 0x8C0F, 0x5269, 0x0801, 0x734C, 0x5ACA, 0x2945, 0x8C50, 0x0001, 0x18C4,
  0x9450, 0x0842, 0x83CE, 0x5A8A, 0x0822, 0x5249, 0x4207, 0x2945, 0x9491, 0x18C4, 0x3146, 0x9470,
  0x1062, 0x83CF, 0x4A49, 0x18A3, 0x20E4, 0x18A4, 0x5249, 0x7BCE, 0x0841, 0x10A3, 0x1083, 0x2906,
  0x3107, 0x3107, 0x3107, 0x2907, 0x2907, 0x2907, 0x3107, 0x3107, 0x3127, 0x28C6, 0x4A08, 0x8C0F,
  0x1043, 0x2905, 0x944F, 0x20C4, 0x0822, 0x736D, 0x5AAB, 0x1884, 0x2906, 0x18A4, 0x1062, 0x6B2C,
  0x5249, 0x1883, 0x20C4, 0x0842, 0x41E8, 0x83CE, 0x2905, 0x18A4, 0x5249, 0x83CE, 0x1063, 0x1063,
  0x83EE, 0xB533, 0x1083, 0x7B8E, 0x528A, 0x3986, 0x8BEF, 0x1082, 0x18C3, 0x18A4, 0x20C4, 0x9491,
  0x39A6, 0x1082, 0x1083, 0x1063, 0x734D, 0x630C, 0x1083, 0x18C3, 0x18A4, 0x28E6, 0x3107, 0x3107,
  0x3107, 0x3107, 0x2907, 0x2907, 0x3107, 0x1884, 0x630B, 0x6B0B, 0x0000, 0x528A, 0x83CE, 0x18A4,
  0xB553, 0x736C, 0x18C3, 0xA4B2, 0x20C4, 0x8C0F, 0x4A29, 0x0822, 0x6B2C, 0x6B2C, 0x1884, 0x3127,
  0x3107, 0x3107, 0x3107, 0x3107, 0x3107, 0x3107, 0x3107, 0x3107, 0x2907, 0x3107, 0x3107, 0x3107,
  0x3107, 0x3107, 0x3107, 0x3107, 0x3107, 0x3107, 0x3107, 0x3107, 0x3107, 0x3107, 0x3107, 0x3107,
  0x3107, 0x3107, 0x3107, 0x3107, 0x3107, 0x3107, 0x3107, 0x3107, 0x3107, 0x3107, 0x3107, 0x3107,
  0x3107, 0x3107, 0x3107, 0x3107, 0x3107, 0x3107, 0x3107, 0x2907, 0x2907, 0x2906, 0x3107, 0x20C5,
  0x20C3, 0x9287, 0x7A26, 0x1062, 0x4169, 0x49AA, 0x498A, 0x49AA, 0x49AA, 0x498A, 0x498A, 0x498A,
  0x49AA, 0x49AA, 0x49AA, 0x49AA, 0x49AB, 0x49AB, 0x51AB, 0x51CB, 0x1083, 0x7226, 0x9AC7, 0x3903,
  0x18A5, 0x3107, 0x2907, 0x2907, 0x3107, 0x3107, 0x2907, 0x2907, 0x2907, 0x2906, 0x0863, 0x7A82,
  0xE4C3, 0xD4A3, 0xD482, 0xE4E2, 0x5A03, 0x0862, 0x0862, 0x82C2, 0xE4C2, 0xD482, 0xD482, 0xBB82,
  0x3922, 0x10A4, 0x3127, 0x3107, 0x3107, 0x3107, 0x3107, 0x3107, 0x3127, 0x28C6, 0x39C7, 0xB574,
  0x9C91, 0xA4D1, 0xA4F2, 0x1883, 0x83EF, 0xAD33, 0xA4F2, 0x6B2C, 0x1864, 0x39C7, 0x9C91, 0x41E7,
  0x5A8A, 0x9C91, 0x1062, 0x83EE, 0x5A8A, 0x1844, 0x6B2C, 0x5ACA, 0x2925, 0x9471, 0x41C7, 0x5248,
  0x9470, 0x1083, 0x83CE, 0x5A8A, 0x28E6, 0x18A4, 0x0822, 0x39A7, 0xB575, 0xA4D2, 0xA4D1, 0x9C91,
  0x0842, 0x7B8D, 0xAD33, 0xAD13, 0x6B2C, 0x20E6, 0x20E5, 0x5A8A, 0xA4D2, 0x8BEF, 0x18A4, 0x28E6,
  0x3107, 0x20C6, 0x20C5, 0x2906, 0x2907, 0x2907, 0x3107, 0x2907, 0x3107, 0x20C6, 0x41E8, 0x8C0F,
  0x20A5, 0x3126, 0x8C2F, 0x20E4, 0x1864, 0x7B8E, 0x62CB, 0x28C6, 0x3127, 0x1883, 0x7B8D, 0x6B2C,
  0x1884, 0x2906, 0x1863, 0x41E8, 0x9450, 0x2105, 0x2907, 0x3107, 0x526A, 0x7BAE, 0x18A5, 0x1884,
  0x83CE, 0x6B2C, 0x6B2C, 0x83CE, 0x526A, 0x2945, 0xAD12, 0x9470, 0x9470, 0x3147, 0x2907, 0x3166,
  0x9450, 0xACF2, 0x41C7, 0x18A4, 0x2925, 0x7BAE, 0xB554, 0x734C, 0x1884, 0x2906, 0x28C6, 0x20A6,
  0x28E6, 0x3107, 0x2907, 0x2907, 0x3107, 0x1884, 0x6B0C, 0x8C30, 0x39A7, 0x734C, 0x734C, 0x18C4,
  0x8C2F, 0x5ACA, 0x62EB, 0x9C91, 0x20E4, 0x83EE, 0x524A, 0x1864, 0x62EB, 0x6B0C, 0x1884, 0x3127,
  0x3107, 0x3107, 0x3107, 0x3107, 0x3107, 0x3107, 0x3107, 0x3107, 0x3107, 0x3107, 0x3107, 0x3107,
  0x3107, 0x3107, 0x3107, 0x3107, 0x3107, 0x3107, 0x3107, 0x3107, 0x3107, 0x3107, 0x3107, 0x3107,
  0x3107, 0x3107, 0x3107, 0x3107, 0x3107, 0x3107, 0x3107, 0x3107, 0x3107, 0x3107, 0x3107, 0x3107,
  0x3107, 0x3107, 0x3107, 0x3107, 0x3107, 0x3107, 0x3107, 0x3107, 0x2907, 0x2907, 0x3107, 0x20C5,
  0x28C3, 0x92A7, 0x7A26, 0x1082, 0x4169, 0x49AB, 0x49AA, 0x49AA, 0x49AA, 0x49AA, 0x49AA, 0x498A,
  0x49AA, 0x49AA, 0x49AB, 0x49AB, 0x49AB, 0x49AB, 0x51CB, 0x51CB, 0x10A3, 0x7226, 0x9AA7, 0x3903,
  0x18A4, 0x3107, 0x2907, 0x3107, 0x3107, 0x3107, 0x3107, 0x2907, 0x3106, 0x1083, 0x5182, 0xCC43,
  0xDCE3, 0xD482, 0xD4A2, 0xE4E2, 0x51E3, 0x0042, 0x18C2, 0xB3C2, 0xDC82, 0xD462, 0xCC62, 0xD462,
  0x8262, 0x1881, 0x20C5, 0x3107, 0x2907, 0x3107, 0x3107, 0x3107, 0x3127, 0x28C6, 0x41C8, 0x9450,
  0x20E4, 0x41C7, 0x9C91, 0x1083, 0x83EF, 0x4A49, 0x1082, 0x18A3, 0x1063, 0x39C7, 0xAD33, 0x83CE,
  0x8C0F, 0x9470, 0x0842, 0x83CE, 0x4A08, 0x0001, 0x734C, 0x630B, 0x2105, 0xACF3, 0x7BAE, 0x83CE,
  0x9C71, 0x1063, 0x8C2F, 0x524A, 0x0001, 0x4A29, 0x41E8, 0x3145, 0x9471, 0x2925, 0x39A7, 0x9450,
  0x1062, 0x7BAE, 0x4A28, 0x20E4, 0x20E4, 0x20C5, 0x28C5, 0x1883, 0x18C4, 0x39A6, 0x83EE, 0x20A5,
  0x2906, 0x39C7, 0x39A7, 0x18C4, 0x2907, 0x2907, 0x2907, 0x2907, 0x3107, 0x20C6, 0x41E8, 0x83CE,
  0x0822, 0x20C4, 0x9470, 0x2105, 0x1023, 0x738D, 0x528A, 0x1063, 0x18A3, 0x5AAA, 0x62EB, 0x0001,
  0x20E5, 0x20C4, 0x3186, 0x734C, 0x1062, 0x0822, 0x3127, 0x20A5, 0x49E8, 0x734C, 0x0822, 0x20A4,
  0x9450, 0x41E8, 0x4A28, 0xC5D5, 0x41C7, 0x3186, 0x83CE, 0x18A3, 0x2905, 0x18A4, 0x3127, 0x1043,
  0x18A3, 0x18E4, 0x83EE, 0x39A7, 0x1043, 0x18A3, 0x18A3, 0x62EA, 0x6B2C, 0x1043, 0x3186, 0x41E8,
  0x20E4, 0x28E6, 0x3107, 0x2907, 0x3127, 0x20A5, 0x62CB, 0xA4D2, 0x7B8D, 0x9C70, 0x6B4C, 0x2925,
  0x9471, 0x18A3, 0x8C2F, 0xB533, 0x1062, 0x83CE, 0x4A08, 0x0000, 0x630B, 0x736D, 0x1864, 0x3127,
  0x3107, 0x3107, 0x3107, 0x3107, 0x3107, 0x3107, 0x3107, 0x3107, 0x3107, 0x3107, 0x3107, 0x3107,
  0x3107, 0x3107, 0x3107, 0x3107, 0x3107, 0x3107, 0x3107, 0x3107, 0x3107, 0x3107, 0x3107, 0x3107,
  0x3107, 0x3107, 0x3107, 0x3107, 0x3107, 0x3107, 0x3107, 0x3107, 0x3107, 0x3107, 0x3107, 0x3107,
  0x3107, 0x3107, 0x3107, 0x3107, 0x3107, 0x3107, 0x2907, 0x2907, 0x2907, 0x2906, 0x3107, 0x20C5,
  0x28E3, 0x92A7, 0x7A26, 0x1082, 0x4169, 0x49AB, 0x49AA, 0x49AA, 0x49AA, 0x49AA, 0x49AA, 0x49AA,
  0x498A, 0x498A, 0x498A, 0x498A, 0x49AA, 0x49AA, 0x49AA, 0x51CB, 0x10A3, 0x7226, 0x9AA7, 0x3903,
  0x18A4, 0x3107, 0x2907, 0x3107, 0x3107, 0x3107, 0x3107, 0x3107, 0x2906, 0x0842, 0x9B22, 0xDCC3,
  0xD4A2, 0xD4A3, 0xD482, 0xDCC3, 0x9B42, 0x1082, 0x18C3, 0xCC42, 0xD482, 0xD482, 0xD483, 0xD4A3,
  0xC3C2, 0x4141, 0x0863, 0x3127, 0x2907, 0x2907, 0x3107, 0x3107, 0x3127, 0x28C6, 0x41E8, 0x9450,
  0x1063, 0x3146, 0x9CB1, 0x1083, 0x83EF, 0x9450, 0x734C, 0x83EF, 0x39C7, 0x41C7, 0x944F, 0x0001,
  0x20E4, 0x9CB1, 0x1083, 0x8BEF, 0x9C91, 0x7BAD, 0x7BCE, 0x3146, 0x41C7, 0x9491, 0x0822, 0x20C4,
  0x9470, 0x18A3, 0x41C7, 0x7BAD, 0x840F, 0x8C2F, 0x3186, 0x3986, 0x8C50, 0x1063, 0x2926, 0x9CB2,
  0x18A3, 0x8C0F, 0x9470, 0x736D, 0x840F, 0x3986, 0x3146, 0x8C2F, 0x83CE, 0x83EE, 0x5269, 0x20C5,
  0x20C4, 0x83EE, 0xA4F2, 0x18C4, 0x2907, 0x2906, 0x2907, 0x2907, 0x3107, 0x20C6, 0x41E8, 0xAD33,
  0x7B8D, 0x83CE, 0x5AAA, 0x18A4, 0x5AAA, 0xB554, 0xA4D2, 0x2945, 0x2925, 0xB554, 0x7BCE, 0x8C0F,
  0x736D, 0x1083, 0x9C91, 0x9450, 0x736C, 0x7BAD, 0x2105, 0x3987, 0x9C91, 0xAD13, 0x5AAA, 0x1043,
  0x9491, 0x4A29, 0x1883, 0x9C90, 0x4A28, 0x3166, 0xB554, 0x7BAE, 0x83EF, 0x736D, 0x1083, 0x62EA,
  0x7BAD, 0x83CE, 0x734C, 0x18A3, 0x41E7, 0x83EE, 0x7B8D, 0x736C, 0x39A7, 0x1884, 0x62EB, 0xC5F6,
  0x39C7, 0x20A5, 0x3107, 0x2907, 0x3127, 0x1884, 0x6B0B, 0x62EB, 0x0000, 0x5249, 0x83EE, 0x2925,
  0x9CB1, 0x1883, 0x4A08, 0xAD33, 0x1083, 0x8C0F, 0x9C91, 0x7BAE, 0x7BAE, 0x3186, 0x20C6, 0x3107,
  0x3107, 0x3107, 0x3107, 0x3107, 0x3107, 0x3107, 0x3107, 0x3107, 0x3107, 0x3107, 0x2907, 0x3107,
  0x2907, 0x2907, 0x3107, 0x3107, 0x3107, 0x3107, 0x3107, 0x3107, 0x3107, 0x3107, 0x3107, 0x3107,
  0x3107, 0x3107, 0x3107, 0x3107, 0x3107, 0x3107, 0x3107, 0x3107, 0x3107, 0x3107, 0x3107, 0x3107,
  0x3107, 0x3107, 0x3107, 0x3107, 0x3107, 0x3107, 0x2907, 0x2907, 0x2907, 0x2906, 0x3107, 0x20C5,
  0x28E3, 0x92A7, 0x7A26, 0x1082, 0x4169, 0x498A, 0x498A, 0x498A, 0x498A, 0x498A, 0x498A, 0x498A,
  0x49AA, 0x49AA, 0x49AB, 0x51AB, 0x51AB, 0x51CB, 0x51CB, 0x51CB, 0x10A4, 0x7226, 0x9AC8, 0x3923,
  0x18A4, 0x3107, 0x2907, 0x3107, 0x3107, 0x3107, 0x3107, 0x3127, 0x18A3, 0x51A2, 0xD462, 0xDCE3,
  0xD4A2, 0xD4A2, 0xD4A2, 0xD483, 0xD482, 0x49C3, 0x7283, 0xDCA2, 0xD483, 0xD483, 0xD483, 0xD483,
  0xD483, 0x92E2, 0x20C1, 0x20C5, 0x3107, 0x3107, 0x3107, 0x3107, 0x3107, 0x2906, 0x2925, 0x41E7,
  0x20C5, 0x2906, 0x4A28, 0x18A3, 0x39A6, 0x5269, 0x5269, 0x5AAA, 0x3166, 0x2105, 0x39C7, 0x20A5,
  0x20E5, 0x4208, 0x18C4, 0x41C7, 0x5289, 0x5A8A, 0x3166, 0x1884, 0x3146, 0x4208, 0x20E5, 0x2905,
  0x41E7, 0x20E5, 0x1884, 0x39A6, 0x62EB, 0x39A7, 0x18A5, 0x2925, 0x39C6, 0x18A4, 0x20E5, 0x4208,
  0x20E4, 0x41E8, 0x5AAA, 0x5269, 0x5A8A, 0x2925, 0x2104, 0x62CB, 0x62CB, 0x5269, 0x18A4, 0x3107,
  0x1883, 0x41C7, 0x7BAD, 0x18A4, 0x2907, 0x2907, 0x2907, 0x2907, 0x3107, 0x2906, 0x2105, 0x4A48,
  0x5249, 0x4A49, 0x20E5, 0x28E6, 0x41E8, 0x528A, 0x5269, 0x2925, 0x18C3, 0x5269, 0x5AAA, 0x5AAA,
  0x4A49, 0x18A3, 0x41E8, 0x5AAA, 0x5269, 0x5269, 0x18C3, 0x2945, 0x5A8A, 0x528A, 0x4208, 0x18A3,
  0x39A6, 0x2105, 0x1884, 0x3166, 0x2946, 0x2105, 0x5AAA, 0x5ACB, 0x5ACA, 0x4A28, 0x1082, 0x41E7,
  0x5A8A, 0x5ACB, 0x2926, 0x20A5, 0x39A7, 0x5ACA, 0x5A8A, 0x3186, 0x18A4, 0x2906, 0x3166, 0x9450,
  0x3986, 0x20A5, 0x2907, 0x2907, 0x3107, 0x20E5, 0x3186, 0x3166, 0x20A5, 0x2945, 0x39A6, 0x18C3,
  0x39C7, 0x20C5, 0x20C5, 0x4208, 0x18C4, 0x39C7, 0x5A8A, 0x5AAA, 0x3186, 0x20A5, 0x3127, 0x3107,
  0x3107, 0x3107, 0x3107, 0x3107, 0x3107, 0x3107, 0x3107, 0x3107, 0x3107, 0x3107, 0x3107, 0x3107,
  0x3107, 0x3107, 0x3107, 0x2907, 0x3107, 0x3107, 0x3107, 0x3107, 0x3107, 0x3107, 0x3107, 0x3107,
  0x3107, 0x3107, 0x3107, 0x3107, 0x3107, 0x3107, 0x3107, 0x3107, 0x3107, 0x3107, 0x3107, 0x3107,
  0x3107, 0x3107, 0x3107, 0x3107, 0x2907, 0x3107, 0x3107, 0x3107, 0x2907, 0x2907, 0x3107, 0x20E5,
  0x28E3, 0x92A7, 0x7A26, 0x1082, 0x418A, 0x49AB, 0x49AA, 0x49AA, 0x49AA, 0x49AA, 0x49AA, 0x49AA,
  0x498A, 0x498A, 0x498A, 0x498A, 0x498A, 0x498A, 0x498A, 0x49AA, 0x1083, 0x7226, 0x9AC8, 0x3923,
  0x18A4, 0x3107, 0x2907, 0x2907, 0x3107, 0x2907, 0x3127, 0x2906, 0x0862, 0xA341, 0xDCA2, 0xD482,
  0xD4A2, 0xD4A3, 0xD4A3, 0xD4A3, 0xDCC2, 0xD483, 0xD482, 0xDCA2, 0xD482, 0xD482, 0xD482, 0xD462,
  0xCC82, 0xD422, 0x61C1, 0x0043, 0x3127, 0x2907, 0x3107, 0x3107, 0x3107, 0x3107, 0x28E6, 0x20A5,
  0x2906, 0x28E6, 0x20A5, 0x28E6, 0x20A5, 0x1884, 0x20A5, 0x20A5, 0x28E6, 0x28E6, 0x1884, 0x28E6,
  0x28E6, 0x20C5, 0x3127, 0x28E6, 0x20A5, 0x1884, 0x20A5, 0x2906, 0x28E6, 0x20A5, 0x2906, 0x2907,
  0x20C5, 0x28E6, 0x2906, 0x20A5, 0x1884, 0x20C6, 0x3127, 0x20C6, 0x1884, 0x28E6, 0x28E6, 0x20C5,
  0x2907, 0x28E6, 0x2085, 0x1864, 0x1864, 0x20C5, 0x28E5, 0x20A5, 0x20A5, 0x20C5, 0x3127, 0x3107,
  0x18A4, 0x5ACB, 0x20E4, 0x18A4, 0x2907, 0x2906, 0x2907, 0x3107, 0x3107, 0x3107, 0x28C5, 0x1884,
  0x1864, 0x1884, 0x3107, 0x3107, 0x20C6, 0x20A5, 0x1884, 0x20C5, 0x28E6, 0x20A5, 0x1884, 0x1884,
  0x20A5, 0x2906, 0x20C5, 0x20A5, 0x20A5, 0x1885, 0x28E5, 0x20C5, 0x20A5, 0x20A5, 0x20C5, 0x2906,
  0x1884, 0x20C5, 0x2906, 0x28C6, 0x28E6, 0x3107, 0x20A5, 0x2085, 0x1884, 0x1884, 0x28E5, 0x1885,
  0x18A5, 0x20A5, 0x28E6, 0x3127, 0x28E6, 0x20A5, 0x1884, 0x20C5, 0x3127, 0x20C5, 0x4A29, 0x39C7,
  0x18A4, 0x2907, 0x28E6, 0x2907, 0x3107, 0x3107, 0x20C6, 0x20C6, 0x2906, 0x20C5, 0x20A5, 0x28E6,
  0x20A5, 0x2906, 0x2906, 0x20A5, 0x2906, 0x20C5, 0x20A5, 0x2085, 0x20C5, 0x3127, 0x3107, 0x3107,
  0x3107, 0x3107, 0x3107, 0x3107, 0x3107, 0x3107, 0x3107, 0x3107, 0x3107, 0x3107, 0x3107, 0x3107,
  0x3107, 0x3107, 0x2907, 0x2907, 0x2907, 0x3107, 0x3107, 0x3107, 0x3107, 0x3107, 0x3107, 0x3107,
  0x3107, 0x3107, 0x3107, 0x3107, 0x2907, 0x3107, 0x3107, 0x3107, 0x3107, 0x3107, 0x3107, 0x3107,
  0x3107, 0x3107, 0x3107, 0x3107, 0x3107, 0x3107, 0x3107, 0x2907, 0x2907, 0x2907, 0x3107, 0x20E5,
  0x28E3, 0x9287, 0x7A26, 0x1082, 0x4169, 0x498A, 0x418A, 0x498A, 0x498A, 0x498A, 0x498A, 0x498A,
  0x49AB, 0x49AB, 0x49AA, 0x49AB, 0x49AB, 0x49AA, 0x49AA, 0x51AB, 0x10A3, 0x7205, 0x9AC7, 0x4144,
  0x18A4, 0x3107, 0x2906, 0x2907, 0x2907, 0x3107, 0x2906, 0x20C4, 0x4162, 0xCC63, 0xDCC2, 0xD482,
  0xD4A2, 0xD4A3, 0xD4A2, 0xD4A2, 0xBC02, 0x4182, 0x49C2, 0xC442, 0xD4A2, 0xD482, 0xD482, 0xCC62,
  0xCC62, 0xD482, 0x9AE2, 0x28E2, 0x20C5, 0x2907, 0x2907, 0x3107, 0x3107, 0x3107, 0x3107, 0x3127,
  0x3107, 0x28E7, 0x2907, 0x28E6, 0x3107, 0x3127, 0x3128, 0x3127, 0x3107, 0x3107, 0x3127, 0x2907,
  0x3107, 0x3128, 0x3107, 0x3107, 0x3127, 0x3127, 0x3127, 0x28E6, 0x28E7, 0x3107, 0x3107, 0x3107,
  0x3107, 0x28E7, 0x2907, 0x3127, 0x3127, 0x3127, 0x2907, 0x3107, 0x3107, 0x3107, 0x3107, 0x3127,
  0x3107, 0x3128, 0x3148, 0x3127, 0x3127, 0x3107, 0x3107, 0x3127, 0x3127, 0x3128, 0x3107, 0x2907,
  0x28E6, 0x18A4, 0x20C5, 0x28E6, 0x28E6, 0x3107, 0x3127, 0x3127, 0x3107, 0x2906, 0x3107, 0x3127,
  0x3127, 0x3127, 0x3107, 0x2907, 0x3127, 0x3128, 0x3127, 0x3107, 0x3107, 0x3107, 0x3127, 0x3127,
  0x3127, 0x3107, 0x3127, 0x3148, 0x3127, 0x3127, 0x3107, 0x3107, 0x3107, 0x3127, 0x3107, 0x28E6,
  0x3107, 0x3107, 0x3107, 0x3128, 0x3127, 0x3107, 0x3127, 0x3127, 0x3127, 0x3127, 0x2907, 0x3107,
  0x3127, 0x3128, 0x3107, 0x3107, 0x3128, 0x3127, 0x3127, 0x3128, 0x3127, 0x2907, 0x18A4, 0x20C5,
  0x3128, 0x3107, 0x3107, 0x3107, 0x3107, 0x3107, 0x3107, 0x3127, 0x3107, 0x3107, 0x3107, 0x3107,
  0x3107, 0x3107, 0x3107, 0x3107, 0x3107, 0x3107, 0x3127, 0x3127, 0x3107, 0x3107, 0x3107, 0x3107,
  0x3107, 0x3107, 0x3107, 0x3107, 0x3107, 0x3107, 0x3107, 0x3107, 0x3107, 0x3107, 0x3107, 0x3107,
  0x3107, 0x3107, 0x2907, 0x2907, 0x2907, 0x2907, 0x2907, 0x3107, 0x3107, 0x3107, 0x3107, 0x3107,
  0x3107, 0x3107, 0x3107, 0x3107, 0x3107, 0x3107, 0x3107, 0x3107, 0x3107, 0x3107, 0x3107, 0x3107,
  0x3107, 0x3107, 0x3107, 0x3107, 0x3107, 0x3107, 0x3107, 0x3107, 0x3107, 0x2907, 0x3107, 0x20C5,
  0x28E3, 0x9287, 0x7A26, 0x1082, 0x4189, 0x49AB, 0x498A, 0x498A, 0x49AA, 0x49AB, 0x49AA, 0x49AA,
  0x49AB, 0x49AB, 0x49AA, 0x49AB, 0x49AB, 0x49AB, 0x49AA, 0x49AB, 0x10A3, 0x7226, 0x9AC8, 0x3924,
  0x18A5, 0x3107, 0x2907, 0x2907, 0x2907, 0x3107, 0x20C5, 0x20C1, 0xC3E2, 0xE503, 0xD482, 0xD482,
  0xD482, 0xD4A2, 0xD482, 0xE4E3, 0x49C3, 0x0042, 0x0022, 0x7282, 0xE4C2, 0xCC62, 0xD482, 0xD482,
  0xD462, 0xD4A2, 0xD442, 0x7A41, 0x0862, 0x3107, 0x2907, 0x3107, 0x3107, 0x3107, 0x20C5, 0x18A4,
  0x28E6, 0x2907, 0x2907, 0x2907, 0x2906, 0x1884, 0x1884, 0x20A5, 0x2906, 0x20C5, 0x20C5, 0x3127,
  0x28E5, 0x1884, 0x28E6, 0x28E6, 0x1884, 0x18A4, 0x1884, 0x28C6, 0x2907, 0x2907, 0x2907, 0x2907,
  0x2907, 0x20E5, 0x1884, 0x1884, 0x1884, 0x1884, 0x20C5, 0x20A4, 0x18A4, 0x20A5, 0x1884, 0x20C5,
  0x28E6, 0x20A5, 0x1884, 0x1063, 0x28E6, 0x2906, 0x20A4, 0x2906, 0x3147, 0x20C5, 0x18A4, 0x28E6,
  0x3107, 0x3127, 0x3107, 0x2907, 0x28E6, 0x20A5, 0x18A4, 0x1884, 0x20A5, 0x2906, 0x20C5, 0x1884,
  0x1884, 0x20A4, 0x3107, 0x3127, 0x3107, 0x18A4, 0x1864, 0x20C5, 0x3127, 0x28E6, 0x1884, 0x1884,
  0x1883, 0x20C5, 0x20C5, 0x20E5, 0x3127, 0x28C5, 0x18A4, 0x28E6, 0x3107, 0x2907, 0x2907, 0x3107,
  0x28E6, 0x20C5, 0x18A4, 0x1884, 0x20C5, 0x3128, 0x3127, 0x20C5, 0x1864, 0x1884, 0x28E6, 0x2906,
  0x18A4, 0x20C5, 0x3107, 0x20C5, 0x20C5, 0x3127, 0x2906, 0x18A5, 0x18A4, 0x20E5, 0x3127, 0x3107,
  0x1884, 0x18A4, 0x18A4, 0x28E6, 0x28E5, 0x1864, 0x1063, 0x1884, 0x18A4, 0x28E6, 0x2907, 0x2907,
  0x3107, 0x3107, 0x2907, 0x2907, 0x2907, 0x3107, 0x3107, 0x3107, 0x3107, 0x3107, 0x3107, 0x3107,
  0x3107, 0x3107, 0x3107, 0x3107, 0x3107, 0x3107, 0x3107, 0x3107, 0x3107, 0x3107, 0x3107, 0x3107,
  0x3107, 0x3107, 0x3107, 0x2907, 0x2907, 0x3107, 0x3107, 0x2907, 0x3107, 0x3107, 0x3107, 0x3107,
  0x3107, 0x3107, 0x3107, 0x3107, 0x3107, 0x3107, 0x3107, 0x3107, 0x3107, 0x3107, 0x3107, 0x3107,
  0x3107, 0x3107, 0x3107, 0x2907, 0x3107, 0x3107, 0x3107, 0x3107, 0x2907, 0x2907, 0x3107, 0x20C5,
  0x28E3, 0x9287, 0x7A26, 0x1082, 0x418A, 0x49AB, 0x49AA, 0x49AA, 0x49AA, 0x49AA, 0x49AB, 0x49AB,
  0x49AA, 0x49AA, 0x49AA, 0x49AA, 0x49AA, 0x49AA, 0x49AA, 0x49AB, 0x10A3, 0x6A05, 0x9AC8, 0x3924,
  0x18A5, 0x3107, 0x2907, 0x2907, 0x2907, 0x3107, 0x20C6, 0x20E2, 0xC402, 0xD483, 0xD482, 0xD482,
  0xD482, 0xD4A2, 0xD482, 0xD4A2, 0x9B62, 0x18A2, 0x2902, 0xABA2, 0xD482, 0xCC62, 0xD482, 0xD482,
  0xD482, 0xCC82, 0xD442, 0x8A82, 0x0862, 0x3107, 0x2907, 0x3107, 0x3107, 0x28C6, 0x39A7, 0x6B2B,
  0x18A4, 0x3107, 0x3107, 0x3107, 0x18C4, 0x7BAD, 0x9490, 0x4A28, 0x1043, 0x41E8, 0x6B0B, 0x18A4,
  0x3166, 0x6B4C, 0x18A4, 0x18A3, 0x738D, 0x9470, 0x7B8D, 0x2105, 0x28E6, 0x3107, 0x2907, 0x2907,
  0x3107, 0x18C4, 0x7BAD, 0x8C2F, 0x83EE, 0x8C2F, 0x18C3, 0x528A, 0x9C91, 0x8C50, 0x9490, 0x4A49,
  0x20E4, 0x83EE, 0x840E, 0x840E, 0x2905, 0x18A4, 0x734D, 0x3166, 0x1063, 0x4A08, 0x5269, 0x1884,
  0x3107, 0x2907, 0x2907, 0x3127, 0x20A4, 0x630B, 0x9450, 0x944F, 0x4A28, 0x0842, 0x39A7, 0x8C2F,
  0x8C50, 0x840F, 0x20E5, 0x28E6, 0x1883, 0x6B4C, 0x9C90, 0x4A49, 0x20A5, 0x3146, 0x83CE, 0x8C0F,
  0x7B8D, 0x1062, 0x5269, 0x5ACB, 0x1064, 0x41C7, 0x62EA, 0x1884, 0x3107, 0x2907, 0x2907, 0x3127,
  0x20C5, 0x630B, 0x9470, 0x9450, 0x5AAA, 0x20C5, 0x2906, 0x3166, 0x9470, 0x8C2F, 0x2946, 0x1063,
  0x5ACA, 0x3186, 0x1042, 0x4207, 0x62EB, 0x1883, 0x3166, 0x8C2F, 0x83EE, 0x20E4, 0x28E6, 0x1063,
  0x62EA, 0x9C91, 0x83EF, 0x3146, 0x2945, 0x8C0E, 0x8C0F, 0x9450, 0x738C, 0x18A4, 0x3107, 0x3107,
  0x3107, 0x3107, 0x2907, 0x2907, 0x2907, 0x2907, 0x3107, 0x3107, 0x3107, 0x3107, 0x3107, 0x3107,
  0x3107, 0x3107, 0x3107, 0x3107, 0x3107, 0x3107, 0x3107, 0x3107, 0x3107, 0x3107, 0x3107, 0x3107,
  0x3107, 0x3107, 0x3107, 0x3107, 0x3107, 0x2907, 0x3107, 0x3107, 0x3107, 0x3107, 0x3107, 0x3107,
  0x3107, 0x3107, 0x3107, 0x3107, 0x3107, 0x3107, 0x3107, 0x3107, 0x3107, 0x3107, 0x3107, 0x3107,
  0x3107, 0x3107, 0x3107, 0x2907, 0x3107, 0x3107, 0x3107, 0x2907, 0x2907, 0x2906, 0x3107, 0x20E6,
  0x28C3, 0x9287, 0x7A46, 0x1082, 0x4169, 0x49AA, 0x49AA, 0x49AA, 0x498A, 0x49AA, 0x49AA, 0x49AA,
  0x51AB, 0x51AB, 0x51AB, 0x51AA, 0x51AB, 0x51AB, 0x51AB, 0x51CB, 0x1083, 0x6A05, 0x9AC8, 0x3924,
  0x18A5, 0x3107, 0x2907, 0x2907, 0x2907, 0x3107, 0x20C5, 0x20E2, 0xAB21, 0xC3E1, 0xCC82, 0xD4A2,
  0xD4A2, 0xD4A2, 0xD4A2, 0xD482, 0xDCA2, 0xB3C2, 0xBC02, 0xDC82, 0xCC62, 0xCC82, 0xD482, 0xD482,
  0xD482, 0xCC82, 0xCC03, 0x7222, 0x0862, 0x3107, 0x3107, 0x3107, 0x3107, 0x20C6, 0x4A29, 0x9470,
  0x1884, 0x3127, 0x3127, 0x18A4, 0x736D, 0x6B0C, 0x39C7, 0x7B8D, 0x39C7, 0x39A7, 0xCDF6, 0x5249,
  0x2905, 0xA4D2, 0x0862, 0x6B4C, 0x6B2C, 0x39A7, 0x5269, 0x39C7, 0x20C5, 0x3107, 0x2907, 0x2907,
  0x3107, 0x20E5, 0x39A7, 0x83CE, 0x9430, 0x39C7, 0x1082, 0x7BCE, 0x7BAE, 0x3166, 0x4208, 0x2925,
  0x3166, 0x9CB1, 0x39A7, 0x5249, 0x8C2F, 0x20E4, 0x9C92, 0x8C30, 0x20E4, 0xAD13, 0x6B0B, 0x1884,
  0x3127, 0x2907, 0x3107, 0x3127, 0x18A4, 0x8C0F, 0x5ACA, 0x2924, 0x736D, 0x4208, 0x4A08, 0xA4F2,
  0x41C8, 0x528A, 0x738D, 0x1062, 0x6B2B, 0x5AAA, 0x41E7, 0x7BCE, 0x4A29, 0x18A4, 0x5AAB, 0xAD33,
  0x4A08, 0x1063, 0x5A8A, 0xC5D5, 0x2945, 0x41C7, 0x8C50, 0x1884, 0x3107, 0x2907, 0x2907, 0x3127,
  0x18A4, 0x8C30, 0x736D, 0x39C6, 0x734C, 0x528A, 0x2104, 0x840F, 0x4A49, 0x5269, 0x83CE, 0x1082,
  0x83CE, 0xA4D2, 0x20E4, 0xA4F2, 0x7BAE, 0x18C3, 0x83EE, 0x4A29, 0x4A29, 0x83CF, 0x18C4, 0x5ACA,
  0x6B2C, 0x39C7, 0x5ACB, 0x41C7, 0x3166, 0x9C91, 0x3166, 0x39A6, 0x39A6, 0x20C5, 0x3127, 0x3107,
  0x3107, 0x2907, 0x28E7, 0x2907, 0x2907, 0x2907, 0x2907, 0x2907, 0x3107, 0x3107, 0x3107, 0x3107,
  0x3107, 0x3107, 0x3107, 0x3107, 0x3107, 0x3107, 0x3107, 0x3107, 0x3107, 0x3107, 0x3107, 0x3107,
  0x3107, 0x3107, 0x3107, 0x3107, 0x3107, 0x3107, 0x3107, 0x3107, 0x3107, 0x3107, 0x3107, 0x3107,
  0x3107, 0x3107, 0x3107, 0x3107, 0x3107, 0x3107, 0x3107, 0x3107, 0x3107, 0x3107, 0x3107, 0x3107,
  0x3107, 0x3107, 0x3107, 0x2907, 0x2907, 0x3107, 0x3107, 0x2907, 0x2906, 0x2906, 0x3107, 0x20E6,
  0x28E3, 0x9287, 0x7A46, 0x1082, 0x4189, 0x51AB, 0x49AA, 0x51AA, 0x49AB, 0x51AB, 0x51AB, 0x51AB,
  0x498A, 0x498A, 0x498A, 0x49AA, 0x49AA, 0x49AA, 0x498A, 0x498A, 0x1083, 0x7226, 0x9AC8, 0x4144,
  0x18C5, 0x3107, 0x2907, 0x2907, 0x2907, 0x2907, 0x2906, 0x20E5, 0x30E2, 0xA2C2, 0xB322, 0xB342,
  0xB322, 0xB302, 0xB322, 0xB322, 0xB342, 0xBB62, 0xBB42, 0xB322, 0xBB42, 0xB322, 0xB322, 0xB322,
  0xB322, 0xBB42, 0x7202, 0x1881, 0x20C5, 0x3107, 0x3107, 0x3107, 0x3107, 0x20C5, 0x4A28, 0x8C2F,
  0x20A5, 0x3127, 0x3127, 0x1883, 0x8C0F, 0x41C8, 0x0802, 0x7B8E, 0x528A, 0x3166, 0xA4D2, 0x736D,
  0x39A7, 0x8C2F, 0x0842, 0x8C30, 0x41C7, 0x39C7, 0x736D, 0x3986, 0x20C6, 0x3107, 0x2907, 0x2907,
  0x2907, 0x3127, 0x1044, 0x62CB, 0x7B8D, 0x1023, 0x1884, 0x736D, 0x9450, 0x6B0C, 0x5AAA, 0x18A4,
  0x41C7, 0x8C2F, 0x1042, 0x20E4, 0xA4D2, 0x2105, 0x8C30, 0x738D, 0x6B0B, 0x7BCE, 0x6B0C, 0x1884,
  0x3107, 0x3107, 0x3107, 0x3127, 0x1884, 0x7BAE, 0x83CE, 0x62EB, 0x6B2C, 0x2925, 0x5249, 0x9450,
  0x1083, 0x3145, 0x9450, 0x1042, 0x8C30, 0x3166, 0x0000, 0x7BAE, 0x62EB, 0x1864, 0x3167, 0x9CB1,
  0x28E5, 0x20A5, 0x5269, 0x9470, 0x5ACA, 0x4A28, 0x83EF, 0x1884, 0x3107, 0x2907, 0x2907, 0x3127,
  0x1884, 0x83CE, 0x4A29, 0x0002, 0x62CB, 0x6B2C, 0x2104, 0x9CB1, 0x0822, 0x1062, 0x9C91, 0x20E4,
  0x7BAE, 0x7BAE, 0x630B, 0x7BAD, 0x736D, 0x20E4, 0x9CB1, 0x1063, 0x1063, 0xA4D2, 0x18C3, 0x7BCE,
  0x5249, 0x3186, 0x7BAE, 0x3166, 0x2945, 0xA4B1, 0x6B2C, 0x62EB, 0x18A4, 0x3107, 0x3127, 0x3107,
  0x3107, 0x3107, 0x28E7, 0x2907, 0x2907, 0x2907, 0x2907, 0x2907, 0x3107, 0x3107, 0x3107, 0x3107,
  0x3107, 0x3107, 0x3107, 0x3107, 0x3107, 0x3107, 0x3107, 0x3107, 0x3107, 0x2907, 0x2907, 0x3107,
  0x3107, 0x2907, 0x3107, 0x3107, 0x3107, 0x3107, 0x3107, 0x3107, 0x3107, 0x3107, 0x3107, 0x3107,
  0x3107, 0x3107, 0x3107, 0x3107, 0x3107, 0x3107, 0x3107, 0x3107, 0x3107, 0x3107, 0x3107, 0x3107,
  0x3107, 0x3107, 0x3107, 0x2907, 0x2907, 0x3107, 0x3107, 0x3107, 0x3107, 0x2907, 0x3107, 0x20C5,
  0x28C3, 0x9287, 0x7A46, 0x1062, 0x3969, 0x498A, 0x498A, 0x498A, 0x49AA, 0x49AA, 0x49AA, 0x49AA,
  0x51AB, 0x49AA, 0x49AB, 0x49AB, 0x51AB, 0x49AB, 0x49AB, 0x51CB, 0x1083, 0x7226, 0x9AC8, 0x3924,
  0x18A5, 0x3107, 0x2907, 0x3107, 0x2907, 0x2907, 0x3107, 0x2907, 0x18A4, 0x20A1, 0x28C1, 0x28C1,
  0x28C0, 0x28A1, 0x28A1, 0x28C1, 0x28C1, 0x28C1, 0x28C1, 0x28C1, 0x30C1, 0x28C1, 0x28C1, 0x28C1,
  0x28C1, 0x28C1, 0x0841, 0x18A5, 0x3107, 0x2907, 0x3107, 0x3107, 0x3107, 0x20A5, 0x4A29, 0x8C2F,
  0x1043, 0x20C6, 0x20C6, 0x1883, 0x8C2F, 0x41E8, 0x0802, 0x7B8E, 0x5AAA, 0x41C7, 0x83CE, 0x2945,
  0x83EE, 0x9C70, 0x1062, 0x8C30, 0x41C7, 0x2945, 0xA4F2, 0x6B2C, 0x1884, 0x3107, 0x2907, 0x2907,
  0x2907, 0x3107, 0x20A5, 0x630C, 0x83CE, 0x20A5, 0x20A5, 0x736D, 0x8C0F, 0x5AAA, 0x4A28, 0x18A4,
  0x39A7, 0xAD12, 0x9450, 0x9C91, 0x3145, 0x1083, 0x83EF, 0x39C7, 0x39C6, 0x5A8A, 0x6B4C, 0x1884,
  0x3107, 0x3107, 0x3107, 0x3127, 0x1884, 0x7BAE, 0x7BAE, 0x5AAA, 0x734D, 0x39A7, 0x4208, 0xB574,
  0xA4B1, 0x8C0F, 0x18C4, 0x1883, 0x8C0F, 0x9C91, 0x83CE, 0xA4D2, 0x4A49, 0x1864, 0x3167, 0x9C91,
  0x28E5, 0x1885, 0x5A8A, 0x62EB, 0x3186, 0x9C90, 0x7BCE, 0x1884, 0x3107, 0x2907, 0x2906, 0x3127,
  0x1884, 0x83CE, 0x5229, 0x0823, 0x62EB, 0x6B2C, 0x18E4, 0xAD13, 0x9430, 0x942F, 0xA4D2, 0x18C4,
  0x7BAE, 0x4A28, 0x4A28, 0x5249, 0x736D, 0x1082, 0xA4F2, 0x9450, 0x9450, 0xA4D2, 0x1082, 0x83EF,
  0x528A, 0x2104, 0x9491, 0x630B, 0x2104, 0xA4F2, 0x62EB, 0x5AAA, 0x20E5, 0x3128, 0x20E5, 0x18A3,
  0x18C4, 0x20E5, 0x3107, 0x2907, 0x2907, 0x2907, 0x3107, 0x2907, 0x3107, 0x3107, 0x3107, 0x3107,
  0x3107, 0x3107, 0x3107, 0x3107, 0x3107, 0x3107, 0x3107, 0x3107, 0x3107, 0x3107, 0x3107, 0x2907,
  0x2907, 0x2907, 0x3107, 0x2907, 0x2907, 0x3107, 0x2907, 0x3107, 0x3107, 0x3107, 0x3107, 0x3107,
  0x3107, 0x3107, 0x3107, 0x3107, 0x3107, 0x3107, 0x3107, 0x3107, 0x3107, 0x3107, 0x3107, 0x3107,
  0x3107, 0x3107, 0x2907, 0x2907, 0x2907, 0x3107, 0x3107, 0x3107, 0x3107, 0x2906, 0x3107, 0x20C5,
  0x28C3, 0x9287, 0x7A46, 0x1062, 0x4169, 0x49AB, 0x49AA, 0x49AA, 0x49AA, 0x49AA, 0x49AA, 0x49AA,
  0x49AB, 0x49AB, 0x49AB, 0x49AB, 0x49AB, 0x49AB, 0x49AB, 0x51CB, 0x10A3, 0x7226, 0x9AC8, 0x3924,
  0x18C5, 0x3107, 0x2907, 0x3107, 0x3107, 0x3107, 0x2907, 0x2907, 0x2906, 0x18A4, 0x1084, 0x1084,
  0x1084, 0x10A4, 0x1084, 0x1084, 0x10A4, 0x10A4, 0x10A4, 0x10A4, 0x1084, 0x1084, 0x10A4, 0x1084,
  0x1084, 0x1083, 0x20C4, 0x3107, 0x2907, 0x3107, 0x3107, 0x3107, 0x3107, 0x20A5, 0x4A29, 0xA4D2,
  0x39A6, 0x4A08, 0x41C7, 0x1083, 0x7BAE, 0x62EC, 0x3986, 0x7BAE, 0x4208, 0x41E8, 0x9450, 0x0001,
  0x736D, 0xAD13, 0x1083, 0x734C, 0x62CA, 0x2924, 0x83EF, 0x6B0B, 0x1884, 0x3107, 0x2907, 0x2907,
  0x2907, 0x3107, 0x1885, 0x62EB, 0x83CE, 0x20A5, 0x20A5, 0x7B6D, 0x736D, 0x2925, 0x39A6, 0x2105,
  0x3986, 0x9CB2, 0x20C4, 0x6B0C, 0x5A8A, 0x0842, 0x83EE, 0x3986, 0x0001, 0x6B2C, 0x736D, 0x1884,
  0x3107, 0x2907, 0x2907, 0x3107, 0x1063, 0x8C0F, 0x62EB, 0x2125, 0x83CE, 0x5249, 0x41E7, 0x9450,
  0x1082, 0x6B2C, 0x5249, 0x1883, 0x9471, 0x62CB, 0x2926, 0x8C2F, 0x5A8A, 0x1043, 0x5A6A, 0xAD33,
  0x41C7, 0x1043, 0x62EB, 0x7BAE, 0x0822, 0x9CB1, 0x83EF, 0x1084, 0x3107, 0x2907, 0x2907, 0x3107,
  0x1884, 0x8C0F, 0x734D, 0x3987, 0x736D, 0x5ACB, 0x2945, 0x9CB1, 0x3166, 0x39A7, 0xA4F2, 0x18C3,
  0x83CE, 0x5269, 0x0001, 0x62CB, 0x7BCE, 0x18C3, 0x9CB1, 0x41C8, 0x41E8, 0xA4D2, 0x20E4, 0x630B,
  0x6B2C, 0x2924, 0x734C, 0x5AAA, 0x3165, 0xA4D2, 0x3186, 0x39C7, 0x41E8, 0x20E5, 0x2905, 0xAD12,
  0x83EE, 0x1884, 0x3107, 0x2907, 0x2907, 0x2907, 0x3107, 0x3107, 0x3107, 0x2907, 0x3107, 0x3107,
  0x3107, 0x2907, 0x2907, 0x2907, 0x2907, 0x3107, 0x3107, 0x3107, 0x3107, 0x3107, 0x3107, 0x3107,
  0x2907, 0x2907, 0x2907, 0x2907, 0x2907, 0x3107, 0x3107, 0x3107, 0x3107, 0x3107, 0x3107, 0x3107,
  0x3107, 0x3107, 0x3107, 0x3107, 0x3107, 0x3107, 0x3107, 0x2907, 0x3107, 0x3107, 0x3107, 0x3107,
  0x3107, 0x3107, 0x3107, 0x3107, 0x3107, 0x3107, 0x3107, 0x3107, 0x2907, 0x2906, 0x3107, 0x20C5,
  0x28C3, 0x8A67, 0x7A46, 0x1062, 0x4169, 0x51AB, 0x49AA, 0x49AB, 0x51AB, 0x49AB, 0x49AA, 0x49AA,
  0x49AA, 0x49AA, 0x49AA, 0x49AA, 0x49AA, 0x49AA, 0x49AA, 0x49AB, 0x10A3, 0x7226, 0xA2C8, 0x3924,
  0x18C5, 0x3107, 0x2907, 0x3107, 0x3107, 0x3107, 0x3107, 0x3107, 0x2907, 0x3107, 0x3127, 0x3127,
  0x3127, 0x3127, 0x3127, 0x3127, 0x3127, 0x3127, 0x3107, 0x3107, 0x3107, 0x3107, 0x3107, 0x3107,
  0x3107, 0x3107, 0x2907, 0x28E6, 0x2907, 0x3107, 0x3107, 0x3107, 0x3107, 0x28E6, 0x3186, 0x9450,
  0x8C2F, 0x9470, 0x7B8D, 0x18C4, 0x20E4, 0x7BCE, 0x9CB1, 0x5269, 0x1063, 0x39C7, 0x62EB, 0x18A5,
  0x2926, 0x738D, 0x20E4, 0x1083, 0x734C, 0x9C91, 0x7BCE, 0x2104, 0x28E6, 0x3107, 0x2907, 0x3107,
  0x3107, 0x3107, 0x20A5, 0x5249, 0x62EB, 0x20C6, 0x28C6, 0x5248, 0x9450, 0x8C2F, 0x9C91, 0x4A29,
  0x2924, 0x7B8D, 0x20E6, 0x20E5, 0x738D, 0x18A3, 0x630B, 0x3166, 0x20A5, 0x5A8A, 0x5AAA, 0x18A4,
  0x3107, 0x2907, 0x2907, 0x3107, 0x18A4, 0x630B, 0x9CB1, 0x9CB2, 0x5AAA, 0x1043, 0x39C7, 0x62EA,
  0x1043, 0x2105, 0x7BCE, 0x18A4, 0x736D, 0x39A7, 0x1844, 0x5ACA, 0x4208, 0x18C3, 0x83EE, 0x8C2F,
  0x7BAD, 0x1063, 0x5269, 0x62EB, 0x2085, 0x39A7, 0x632B, 0x1884, 0x3107, 0x2907, 0x2907, 0x3107,
  0x18A4, 0x62EB, 0x9450, 0x9470, 0x62EB, 0x1884, 0x3166, 0x6B2B, 0x1063, 0x18C4, 0x7BAD, 0x18A3,
  0x62EA, 0x41E8, 0x20A6, 0x4A49, 0x630B, 0x20C4, 0x6B4C, 0x1884, 0x20A4, 0x738D, 0x2925, 0x1083,
  0x6B2B, 0x9C91, 0x7B8D, 0x18A4, 0x3166, 0x9450, 0x9470, 0x9491, 0x7BCE, 0x20C4, 0x2905, 0x9470,
  0x736C, 0x18A4, 0x3107, 0x2907, 0x3107, 0x3107, 0x3107, 0x3107, 0x3107, 0x2907, 0x3107, 0x3107,
  0x2907, 0x2907, 0x2907, 0x2907, 0x3107, 0x3107, 0x3107, 0x3107, 0x3107, 0x3107, 0x3107, 0x3107,
  0x3107, 0x2907, 0x3107, 0x3107, 0x3107, 0x3107, 0x3107, 0x3107, 0x3107, 0x3107, 0x3107, 0x3107,
  0x3107, 0x3107, 0x3107, 0x3107, 0x3107, 0x3107, 0x3107, 0x3107, 0x3107, 0x3107, 0x3107, 0x3107,
  0x3107, 0x3107, 0x3107, 0x3107, 0x3107, 0x3107, 0x3107, 0x3107, 0x2907, 0x2907, 0x3107, 0x20C5,
  0x20C3, 0x8A87, 0x8246, 0x1082, 0x4169, 0x49AA, 0x498A, 0x49AA, 0x49AA, 0x49AA, 0x498A, 0x498A,
  0x49AB, 0x51AB, 0x51AB, 0x49AB, 0x49AB, 0x51AA, 0x51AB, 0x51CB, 0x10A3, 0x7205, 0x9AC8, 0x3924,
  0x18C5, 0x3107, 0x3107, 0x3107, 0x3107, 0x3107, 0x3107, 0x3107, 0x3107, 0x3107, 0x2907, 0x3107,
  0x3107, 0x3106, 0x2906, 0x3106, 0x2906, 0x3107, 0x2907, 0x2906, 0x2906, 0x2906, 0x2906, 0x2906,
  0x28E6, 0x28E6, 0x28E6, 0x28E7, 0x2907, 0x3107, 0x3107, 0x3107, 0x3107, 0x3107, 0x20C5, 0x18A4,
  0x18A4, 0x18A4, 0x18A4, 0x28E6, 0x2906, 0x18A4, 0x1884, 0x20C4, 0x3127, 0x20C5, 0x18A4, 0x2906,
  0x2906, 0x18A4, 0x28E5, 0x28E6, 0x1883, 0x1884, 0x1884, 0x28E6, 0x3107, 0x3107, 0x3107, 0x3107,
  0x3107, 0x3107, 0x2906, 0x20C4, 0x20C4, 0x3107, 0x3107, 0x18A4, 0x1063, 0x1883, 0x1884, 0x18C4,
  0x20E5, 0x20C4, 0x2906, 0x28E6, 0x1884, 0x20C4, 0x18A4, 0x20C5, 0x2906, 0x20C5, 0x20A4, 0x28E6,
  0x2907, 0x2907, 0x2906, 0x3107, 0x28E6, 0x18A4, 0x18A4, 0x18A4, 0x20C5, 0x3107, 0x18A4, 0x1884,
  0x28E6, 0x20E5, 0x18A4, 0x28E5, 0x20C5, 0x28E6, 0x2906, 0x1884, 0x20A4, 0x20C5, 0x1884, 0x1884,
  0x18A4, 0x20E5, 0x20C4, 0x18A4, 0x2906, 0x20C5, 0x18A4, 0x28E6, 0x3107, 0x2907, 0x3107, 0x3107,
  0x2906, 0x18C4, 0x18A4, 0x1884, 0x18A4, 0x3127, 0x20C5, 0x18A3, 0x28E6, 0x28E6, 0x18A4, 0x20C4,
  0x18A4, 0x20C4, 0x2907, 0x20C5, 0x20C4, 0x20C5, 0x18A4, 0x28E6, 0x28E5, 0x1884, 0x20C5, 0x2906,
  0x18A4, 0x18A4, 0x1884, 0x28E6, 0x20E5, 0x1884, 0x1884, 0x1884, 0x1884, 0x28E5, 0x28E5, 0x1884,
  0x18A4, 0x28E6, 0x3107, 0x2907, 0x2907, 0x3107, 0x3107, 0x3107, 0x3107, 0x2907, 0x3107, 0x2907,
  0x2907, 0x3107, 0x3107, 0x3107, 0x3107, 0x3107, 0x3107, 0x3107, 0x3107, 0x3107, 0x3107, 0x3107,
  0x3107, 0x3107, 0x2907, 0x3107, 0x3107, 0x3107, 0x3107, 0x3107, 0x3107, 0x3107, 0x3107, 0x3107,
  0x3107, 0x3107, 0x3107, 0x3107, 0x3107, 0x3107, 0x3107, 0x2907, 0x3107, 0x3107, 0x3107, 0x3107,
  0x3107, 0x3107, 0x3107, 0x3107, 0x3107, 0x3107, 0x3107, 0x3107, 0x3107, 0x2907, 0x3107, 0x20C5,
  0x20C3, 0x9287, 0x7A46, 0x1062, 0x4189, 0x51CB, 0x49AA, 0x49AA, 0x49AB, 0x49AB, 0x49AA, 0x49AA,
  0x49AA, 0x498A, 0x498A, 0x49AA, 0x49AA, 0x49AA, 0x49AA, 0x49AA, 0x10A3, 0x6A05, 0x9AA7, 0x3924,
  0x18C5, 0x3107, 0x3107, 0x3107, 0x3107, 0x3107, 0x3107, 0x3107, 0x3107, 0x3107, 0x2907, 0x3107,
  0x3107, 0x2906, 0x2907, 0x3107, 0x2907, 0x2907, 0x2907, 0x2906, 0x2906, 0x3107, 0x3107, 0x2907,
  0x28E6, 0x28E7, 0x28E6, 0x2907, 0x2907, 0x3107, 0x3107, 0x3107, 0x3107, 0x2907, 0x3107, 0x3107,
  0x3107, 0x3127, 0x3107, 0x3107, 0x2907, 0x3107, 0x3107, 0x3107, 0x2907, 0x3107, 0x3107, 0x3107,
  0x3107, 0x3107, 0x2907, 0x2907, 0x3107, 0x3107, 0x3107, 0x3107, 0x3107, 0x3107, 0x3107, 0x3107,
  0x3107, 0x3107, 0x3107, 0x3107, 0x3107, 0x3107, 0x3107, 0x3107, 0x3107, 0x3107, 0x3107, 0x3107,
  0x3107, 0x3127, 0x3107, 0x3107, 0x3107, 0x3107, 0x3107, 0x3107, 0x2907, 0x3107, 0x3107, 0x2907,
  0x2907, 0x2907, 0x2906, 0x28E6, 0x2907, 0x3107, 0x3107, 0x3107, 0x3107, 0x2907, 0x3107, 0x3107,
  0x28E7, 0x2907, 0x3107, 0x3107, 0x3107, 0x3107, 0x2907, 0x3107, 0x3107, 0x3107, 0x3107, 0x3107,
  0x3107, 0x3107, 0x3107, 0x3107, 0x2906, 0x3107, 0x3107, 0x2907, 0x2907, 0x3107, 0x3107, 0x3107,
  0x3107, 0x3107, 0x3127, 0x3107, 0x3107, 0x2906, 0x2907, 0x3107, 0x3107, 0x3107, 0x3107, 0x3107,
  0x3107, 0x3107, 0x2906, 0x3107, 0x3107, 0x2907, 0x3107, 0x2907, 0x2907, 0x3107, 0x3107, 0x3107,
  0x3107, 0x3107, 0x3107, 0x3107, 0x3107, 0x3107, 0x3107, 0x3107, 0x3107, 0x3107, 0x3107, 0x3107,
  0x3107, 0x3107, 0x2907, 0x2907, 0x3107, 0x3107, 0x3107, 0x2907, 0x3107, 0x3107, 0x2907, 0x2907,
  0x2907, 0x3107, 0x3107, 0x3107, 0x3107, 0x3107, 0x3107, 0x3107, 0x3107, 0x3107, 0x3107, 0x3107,
  0x2907, 0x3107, 0x2907, 0x3107, 0x3107, 0x3107, 0x3107, 0x3107, 0x3107, 0x3107, 0x3107, 0x3107,
  0x3107, 0x3107, 0x3107, 0x3107, 0x3107, 0x3107, 0x3107, 0x2907, 0x3107, 0x3107, 0x3107, 0x3107,
  0x3107, 0x3107, 0x3107, 0x3107, 0x3107, 0x3107, 0x3107, 0x3107, 0x3107, 0x2907, 0x3107, 0x20C5,
  0x28E3, 0x92A7, 0x7A26, 0x1062, 0x4169, 0x49AB, 0x49AA, 0x49AA, 0x49AA, 0x498A, 0x498A, 0x498A,
  0x49AA, 0x49AA, 0x51AB, 0x51AB, 0x51CB, 0x51CB, 0x51CB, 0x51CB, 0x10A3, 0x69E5, 0x9287, 0x3923,
  0x18A5, 0x3127, 0x2907, 0x2907, 0x3107, 0x3107, 0x3107, 0x2907, 0x2907, 0x2906, 0x2907, 0x2907,
  0x2907, 0x2907, 0x3107, 0x3107, 0x3107, 0x3107, 0x2907, 0x2907, 0x3107, 0x2907, 0x2907, 0x2907,
  0x28E7, 0x28E7, 0x2907, 0x28E7, 0x2907, 0x2907, 0x3107, 0x3107, 0x2907, 0x3107, 0x2907, 0x3107,
  0x3107, 0x3107, 0x2907, 0x3107, 0x2907, 0x2907, 0x2907, 0x2907, 0x3107, 0x3107, 0x2907, 0x3107,
  0x2907, 0x2907, 0x28E7, 0x28E7, 0x28E7, 0x28E7, 0x2907, 0x3107, 0x2907, 0x3107, 0x3107, 0x3107,
  0x3107, 0x3107, 0x3107, 0x2907, 0x2907, 0x2907, 0x3107, 0x3107, 0x3107, 0x3107, 0x2907, 0x3107,
  0x3107, 0x3107, 0x3107, 0x3107, 0x2907, 0x2907, 0x2907, 0x2907, 0x2907, 0x2907, 0x2907, 0x2907,
  0x2907, 0x2907, 0x2907, 0x2907, 0x2907, 0x2907, 0x2906, 0x2907, 0x2907, 0x3107, 0x2907, 0x2907,
  0x2907, 0x2907, 0x3107, 0x2907, 0x2907, 0x3107, 0x3107, 0x3107, 0x3107, 0x3107, 0x3107, 0x2907,
  0x2907, 0x2907, 0x3107, 0x2907, 0x2906, 0x28E6, 0x2907, 0x2907, 0x3107, 0x3107, 0x3107, 0x3107,
  0x3107, 0x3107, 0x3107, 0x2907, 0x2907, 0x2907, 0x2907, 0x2907, 0x2907, 0x2907, 0x2907, 0x2907,
  0x2906, 0x2906, 0x2907, 0x2906, 0x2906, 0x2906, 0x28E6, 0x2906, 0x2907, 0x2907, 0x3107, 0x3107,
  0x2907, 0x2907, 0x2907, 0x2907, 0x2907, 0x2907, 0x2907, 0x2907, 0x2907, 0x2907, 0x28E7, 0x2907,
  0x2907, 0x2907, 0x2907, 0x2907, 0x3107, 0x3107, 0x2907, 0x2907, 0x2907, 0x2907, 0x2907, 0x2907,
  0x2907, 0x3107, 0x3107, 0x3107, 0x3107, 0x3107, 0x3107, 0x3107, 0x3107, 0x3107, 0x3107, 0x2907,
  0x3107, 0x3107, 0x3107, 0x3107, 0x3107, 0x3107, 0x3107, 0x3107, 0x3107, 0x3107, 0x3107, 0x3107,
  0x3107, 0x3107, 0x3107, 0x3107, 0x3107, 0x3107, 0x2907, 0x3107, 0x2907, 0x28E7, 0x2907, 0x3107,
  0x3107, 0x3107, 0x3107, 0x3107, 0x3107, 0x3107, 0x3107, 0x3107, 0x2907, 0x2907, 0x3107, 0x20C6,
  0x20E3, 0x9AC7, 0x8226, 0x1062, 0x4189, 0x49AB, 0x49AA, 0x51AB, 0x51AB, 0x49AB, 0x49AB, 0x49AA,
  0x498A, 0x49AA, 0x49AA, 0x49AB, 0x49AB, 0x49AB, 0x51AB, 0x51CB, 0x1083, 0x6A05, 0x9AA7, 0x4964,
  0x18C4, 0x2906, 0x3107, 0x3107, 0x3107, 0x3107, 0x3107, 0x3107, 0x3107, 0x3107, 0x3107, 0x3107,
  0x3107, 0x3107, 0x3107, 0x3107, 0x3107, 0x3107, 0x3107, 0x3107, 0x3107, 0x3107, 0x3107, 0x3107,
  0x3107, 0x3107, 0x3107, 0x3107, 0x3107, 0x3107, 0x3107, 0x3107, 0x3107, 0x3107, 0x3107, 0x3107,
  0x3107, 0x3107, 0x3107, 0x3107, 0x3107, 0x3107, 0x3107, 0x3107, 0x3107, 0x3107, 0x3107, 0x3107,
  0x3107, 0x3107, 0x3107, 0x3107, 0x3107, 0x3107, 0x3107, 0x3107, 0x3107, 0x3107, 0x3107, 0x3107,
  0x3107, 0x3107, 0x3107, 0x3107, 0x3107, 0x3107, 0x3107, 0x3107, 0x3107, 0x3107, 0x3107, 0x3107,
  0x3107, 0x3107, 0x3107, 0x3107, 0x3107, 0x3107, 0x3107, 0x3107, 0x3107, 0x3107, 0x3107, 0x3107,
  0x3107, 0x3107, 0x3107, 0x3107, 0x3107, 0x3107, 0x3107, 0x3107, 0x3107, 0x3107, 0x3107, 0x3107,
  0x3107, 0x3107, 0x3107, 0x3107, 0x3107, 0x3107, 0x3107, 0x3107, 0x3107, 0x3107, 0x3107, 0x3107,
  0x3107, 0x3107, 0x3107, 0x3107, 0x3107, 0x3107, 0x3107, 0x3107, 0x3107, 0x3107, 0x3107, 0x3107,
  0x3107, 0x3107, 0x3107, 0x3107, 0x3107, 0x3107, 0x3107, 0x3107, 0x3107, 0x3107, 0x3107, 0x3107,
  0x3107, 0x3107, 0x3107, 0x3107, 0x3107, 0x3107, 0x3107, 0x3107, 0x3107, 0x3107, 0x3107, 0x3107,
  0x3107, 0x3107, 0x3107, 0x3107, 0x3107, 0x3107, 0x3107, 0x3107, 0x3107, 0x3107, 0x3107, 0x3107,
  0x3107, 0x3107, 0x3107, 0x3107, 0x3107, 0x3107, 0x3107, 0x3107, 0x3107, 0x3107, 0x3107, 0x3107,
  0x3107, 0x3107, 0x3107, 0x3107, 0x3107, 0x3107, 0x3107, 0x3107, 0x3107, 0x3107, 0x3107, 0x3107,
  0x3107, 0x3107, 0x3107, 0x3107, 0x3107, 0x3107, 0x3107, 0x3107, 0x3107, 0x3107, 0x3107, 0x3107,
  0x3107, 0x3107, 0x3107, 0x3107, 0x3107, 0x3107, 0x3107, 0x3107, 0x3107, 0x3107, 0x3107, 0x3107,
  0x3107, 0x3107, 0x3107, 0x3107, 0x3107, 0x3107, 0x3107, 0x3107, 0x3107, 0x3107, 0x28E6, 0x20C5,
  0x3923, 0x9AC8, 0x7A26, 0x1062, 0x4189, 0x51AB, 0x49AA, 0x49AA, 0x49AA, 0x498A, 0x498A, 0x498A,
  0x498A, 0x498A, 0x49AA, 0x49AA, 0x49AA, 0x49AA, 0x49AA, 0x49AA, 0x1083, 0x61C5, 0x9287, 0x9287,
  0x4964, 0x20C4, 0x2906, 0x28E6, 0x28E6, 0x28E6, 0x28E6, 0x28E6, 0x28E6, 0x28E6, 0x28E6, 0x28E6,
  0x28E6, 0x28E6, 0x28E6, 0x28E6, 0x28E6, 0x28E6, 0x28E6, 0x28E6, 0x28E6, 0x28E6, 0x28E6, 0x20E6,
  0x28E6, 0x28E6, 0x28E6, 0x28E6, 0x28E6, 0x28E6, 0x28E6, 0x28E6, 0x28E6, 0x28E6, 0x28E6, 0x28E6,
  0x28E6, 0x28E6, 0x28E6, 0x20E6, 0x28E6, 0x28E6, 0x28E6, 0x28E6, 0x28E6, 0x28E6, 0x28E6, 0x28E6,
  0x28E6, 0x28E6, 0x28E6, 0x20E6, 0x28E6, 0x28E6, 0x28E6, 0x28E6, 0x28E6, 0x28E6, 0x28E6, 0x28E6,
  0x28E6, 0x28E6, 0x28E6, 0x28E6, 0x28E6, 0x28E6, 0x28E6, 0x28E6, 0x28E6, 0x28E6, 0x28E6, 0x28E6,
  0x28E6, 0x28E6, 0x28E6, 0x28E6, 0x28E6, 0x28E6, 0x28E6, 0x28E6, 0x20E6, 0x28E6, 0x28E6, 0x28E6,
  0x28E6, 0x28E6, 0x28E6, 0x28E6, 0x28E6, 0x28E6, 0x28E6, 0x28E6, 0x28E6, 0x28E6, 0x28E6, 0x28E6,
  0x28E6, 0x28E6, 0x28E6, 0x28E6, 0x28E6, 0x28E6, 0x28E6, 0x28E6, 0x28E6, 0x28E6, 0x28E6, 0x28E6,
  0x28E6, 0x28E6, 0x28E6, 0x28E6, 0x28E6, 0x28E6, 0x28E6, 0x28E6, 0x28E6, 0x28E6, 0x28E6, 0x28E6,
  0x28E6, 0x28E6, 0x28E6, 0x28E6, 0x28E6, 0x28E6, 0x28E6, 0x28E6, 0x28E6, 0x28E6, 0x28E6, 0x28E6,
  0x28E6, 0x28E6, 0x28E6, 0x28E6, 0x28E6, 0x28E6, 0x28E6, 0x28E6, 0x28E6, 0x28E6, 0x28E6, 0x20E6,
  0x28E6, 0x28E6, 0x28E6, 0x28E6, 0x28E6, 0x28E6, 0x28E6, 0x20E6, 0x28E6, 0x20C6, 0x28E6, 0x28E6,
  0x28E6, 0x28E6, 0x28E6, 0x28E6, 0x28E6, 0x28E6, 0x28E6, 0x28C6, 0x20C6, 0x20E6, 0x28E6, 0x28E6,
  0x28E6, 0x28E6, 0x28E6, 0x28E6, 0x28E6, 0x28E6, 0x28E6, 0x28E6, 0x28E6, 0x28E6, 0x28E6, 0x28E6,
  0x28E6, 0x28E6, 0x28E6, 0x28E6, 0x28E6, 0x28E6, 0x28E6, 0x28E6, 0x28E6, 0x28E6, 0x28E6, 0x28E6,
  0x28E6, 0x28E6, 0x28E6, 0x28E6, 0x28E6, 0x28E6, 0x28E6, 0x28E6, 0x28E6, 0x28E6, 0x28E6, 0x28E6,
  0x28E6, 0x28E6, 0x28E6, 0x28E6, 0x28E6, 0x28E6, 0x28E6, 0x28E6, 0x28E6, 0x2906, 0x18A4, 0x3923,
  0x9AC8, 0x92C8, 0x71E5, 0x1082, 0x4169, 0x49AB, 0x49AA, 0x49AA, 0x49AA, 0x49AA, 0x49AA, 0x49AA,
  0x49AB, 0x49AB, 0x51AB, 0x51AB, 0x51CB, 0x51CB, 0x51CB, 0x51AB, 0x18A4, 0x4964, 0x7A26, 0x92A7,
  0x9AC8, 0x5185, 0x1082, 0x18C3, 0x18A3, 0x18A3, 0x18A2, 0x18A2, 0x18A2, 0x18A2, 0x18A3, 0x18A3,
  0x18A2, 0x18A2, 0x18A2, 0x18A2, 0x18A2, 0x18A2, 0x18A2, 0x18A2, 0x18A2, 0x18A2, 0x18A2, 0x18A2,
  0x10A2, 0x10A2, 0x18A2, 0x1082, 0x10A2, 0x18A2, 0x18A2, 0x18A3, 0x18A2, 0x18A2, 0x18A3, 0x18A3,
  0x18A2, 0x18A2, 0x18A2, 0x18A2, 0x18A2, 0x18A3, 0x18A3, 0x18A3, 0x18A2, 0x18A2, 0x18A2, 0x18A3,
  0x18A2, 0x18A2, 0x10A2, 0x18A2, 0x18A2, 0x18A3, 0x18A2, 0x18A2, 0x18A2, 0x18A3, 0x18A3, 0x18A3,
  0x18A3, 0x18A3, 0x18A3, 0x18A3, 0x18A2, 0x18A2, 0x1882, 0x18A2, 0x18A3, 0x18A2, 0x18A2, 0x18A3,
  0x18A3, 0x18A3, 0x18A3, 0x18A2, 0x10A2, 0x18A2, 0x18A3, 0x18A2, 0x18A2, 0x18A2, 0x18A2, 0x18A2,
  0x18A2, 0x18A2, 0x18A2, 0x1082, 0x18A2, 0x18A2, 0x18A2, 0x18A2, 0x18A2, 0x18A2, 0x18A2, 0x18A3,
  0x18A3, 0x18A3, 0x18A3, 0x18A3, 0x18A3, 0x18A3, 0x18A3, 0x18A2, 0x18A3, 0x18A3, 0x18A3, 0x18A3,
  0x18A2, 0x18A2, 0x18A2, 0x18A2, 0x18A2, 0x18A2, 0x18A2, 0x18A2, 0x18A2, 0x18A2, 0x18A3, 0x18A3,
  0x18A3, 0x18A3, 0x18A3, 0x18A3, 0x18A2, 0x18A3, 0x10A2, 0x18A2, 0x1882, 0x18A2, 0x18A3, 0x18A2,
  0x18A2, 0x18A2, 0x18A2, 0x18A2, 0x18A3, 0x18A2, 0x10A2, 0x18A2, 0x18A2, 0x18A2, 0x18A2, 0x18A2,
  0x1082, 0x10A2, 0x1082, 0x1082, 0x18A3, 0x18A2, 0x18A2, 0x18A2, 0x18A2, 0x18A2, 0x18A2, 0x18A3,
  0x18A2, 0x18A3, 0x18A3, 0x18A3, 0x18A3, 0x18A3, 0x18A2, 0x18A2, 0x18A2, 0x18A2, 0x18A3, 0x18A2,
  0x18A2, 0x10A2, 0x18A3, 0x18A2, 0x18A2, 0x18A2, 0x18A2, 0x18A2, 0x18A3, 0x18A2, 0x18A2, 0x18A2,
  0x18A3, 0x18A2, 0x18A3, 0x18A2, 0x18A2, 0x18A2, 0x18A2, 0x18A2, 0x18A3, 0x18A3, 0x18A2, 0x18A2,
  0x18A2, 0x18A2, 0x18A2, 0x18A2, 0x18A2, 0x18A2, 0x18A2, 0x1082, 0x18A2, 0x18A2, 0x18A2, 0x18A2,
  0x18A2, 0x18A2, 0x18A2, 0x18A2, 0x18A2, 0x18A3, 0x18A3, 0x18A3, 0x18A2, 0x1082, 0x3103, 0x9287,
  0x92C8, 0x8246, 0x61A5, 0x1082, 0x418A, 0x51CB, 0x51CB, 0x51CB, 0x49AA, 0x49AA, 0x49AA, 0x49AA,
  0x49AA, 0x49AA, 0x49AA, 0x49AA, 0x49AA, 0x49AA, 0x49AA, 0x49AA, 0x49AA, 0x18C4, 0x4124, 0x7A26,
  0x92A8, 0x9AC8, 0x92A8, 0x92E8, 0x92E8, 0x92E8, 0x92C7, 0x92A7, 0x92C7, 0x92A7, 0x92A7, 0x92C8,
  0x92C7, 0x92C7, 0x92C8, 0x92C7, 0x92A7, 0x92A7, 0x92A7, 0x92C7, 0x92A7, 0x92A7, 0x92A7, 0x92A7,
  0x92A7, 0x8AA7, 0x92A7, 0x92A7, 0x92A7, 0x92A7, 0x92C7, 0x92A7, 0x92A7, 0x92A7, 0x92A7, 0x8AC7,
  0x92A7, 0x8AA7, 0x8AA7, 0x8AC7, 0x92C7, 0x92C7, 0x92A7, 0x92A7, 0x8AA7, 0x92A7, 0x92A7, 0x92C7,
  0x92C8, 0x92C8, 0x92C8, 0x92C8, 0x92E8, 0x92C8, 0x92C7, 0x8AA7, 0x8AA7, 0x92A7, 0x92A7, 0x92C8,
  0x92C8, 0x92C7, 0x92A7, 0x92A7, 0x8AA7, 0x8A87, 0x8AA7, 0x8AA7, 0x92A7, 0x92C7, 0x92A7, 0x8AA7,
  0x8AA7, 0x8AA7, 0x92C7, 0x8AA7, 0x8AA7, 0x8AA7, 0x92A7, 0x92A7, 0x92A7, 0x92C7, 0x92C7, 0x92C7,
  0x92A7, 0x92A7, 0x8AA7, 0x8A87, 0x8A87, 0x8AA7, 0x8AA7, 0x8AA7, 0x8AA7, 0x92A7, 0x8AA7, 0x8AA7,
  0x8AA7, 0x8AA7, 0x8AA7, 0x92A7, 0x92A7, 0x92A7, 0x92A7, 0x8AA7, 0x8AA7, 0x8AA8, 0x92C8, 0x8AA7,
  0x8A87, 0x8AA7, 0x8A87, 0x8AA7, 0x8AA7, 0x92A7, 0x8AA7, 0x92A7, 0x92C8, 0x92A8, 0x8AA7, 0x8AA7,
  0x8AA7, 0x8AA7, 0x8AA7, 0x8AA7, 0x8AA7, 0x8AA7, 0x8A87, 0x8AA7, 0x92A7, 0x92A7, 0x92C7, 0x92C7,
  0x92A7, 0x92A7, 0x92A7, 0x92A7, 0x92C7, 0x92C8, 0x92C7, 0x92A7, 0x92C7, 0x92C7, 0x92A7, 0x92A7,
  0x92A7, 0x92C7, 0x8AA7, 0x92C7, 0x92C8, 0x92C7, 0x92A7, 0x92C8, 0x92C8, 0x92C8, 0x92C8, 0x92C7,
  0x92C8, 0x92C8, 0x92E8, 0x92C8, 0x92C8, 0x92C8, 0x92C7, 0x92C8, 0x92E8, 0x92C8, 0x92C8, 0x92C8,
  0x92C7, 0x92A7, 0x92C7, 0x92C8, 0x92C8, 0x92C8, 0x92C7, 0x92C8, 0x92A7, 0x8AA7, 0x8AA7, 0x8AA7,
  0x92A7, 0x92A7, 0x92A7, 0x92C7, 0x92C7, 0x92A7, 0x92C7, 0x92C8, 0x92C8, 0x92C8, 0x8AA7, 0x92A7,
  0x92C8, 0x92C8, 0x92C8, 0x92C8, 0x92A8, 0x92A7, 0x92C7, 0x92C7, 0x92C7, 0x92C7, 0x92C7, 0x92C7,
  0x92A7, 0x92A7, 0x92C7, 0x92C7, 0x92C7, 0x92C7, 0x92C8, 0x92C8, 0x92A7, 0x8AA7, 0x92A7, 0x92A7,
  0x8246, 0x5985, 0x1882, 0x3969, 0x49AA, 0x49AA, 0x49AA, 0x49AA, 0x49AA, 0x498A, 0x498A, 0x498A,
  0x51AB, 0x51AB, 0x51AB, 0x51AB, 0x51AB, 0x51AB, 0x51AB, 0x51AB, 0x51CB, 0x49CA, 0x20E4, 0x4123,
  0x7A06, 0x7A06, 0x7A06, 0x7A06, 0x7A26, 0x7A26, 0x7A26, 0x7A26, 0x7A06, 0x7A06, 0x7A06, 0x7A06,
  0x7A06, 0x7A26, 0x8226, 0x7A26, 0x7A06, 0x7A26, 0x7A26, 0x7A26, 0x8226, 0x7A26, 0x7A06, 0x7A06,
  0x7A06, 0x7A06, 0x7A06, 0x7A06, 0x7A06, 0x7A06, 0x7A06, 0x7A06, 0x7A06, 0x7A06, 0x7A06, 0x7A06,
  0x7A06, 0x7A06, 0x7A06, 0x7A06, 0x7A06, 0x7A06, 0x79E5, 0x7A06, 0x7A06, 0x7A06, 0x7A06, 0x7A06,
  0x7A26, 0x7A06, 0x7A26, 0x7A26, 0x7A26, 0x7A26, 0x7A06, 0x7A06, 0x7A06, 0x7A06, 0x7A06, 0x8226,
  0x8226, 0x8226, 0x7A06, 0x7A06, 0x7A06, 0x7A06, 0x7A06, 0x7A06, 0x7A06, 0x7A06, 0x7A06, 0x7A06,
  0x7A06, 0x7A06, 0x7A06, 0x7A06, 0x7A06, 0x7A06, 0x7A06, 0x7A06, 0x7A06, 0x7A06, 0x7A06, 0x7A06,
  0x7A06, 0x7A06, 0x7A06, 0x7A06, 0x7A06, 0x7A06, 0x7A06, 0x7A06, 0x7A06, 0x7A06, 0x79E5, 0x7A06,
  0x7A06, 0x7A06, 0x7A06, 0x7A06, 0x7A06, 0x7A06, 0x7A06, 0x7A06, 0x7A26, 0x7A06, 0x7A06, 0x7A06,
  0x7A06, 0x7A06, 0x7A06, 0x7A06, 0x7A06, 0x7A06, 0x7A06, 0x7A26, 0x7A06, 0x7A06, 0x7A06, 0x7A06,
  0x7A06, 0x7A06, 0x7A06, 0x7A26, 0x7A26, 0x7A06, 0x7A06, 0x7A06, 0x7A06, 0x7A06, 0x7A06, 0x7A05,
  0x7A06, 0x7A06, 0x7A06, 0x7A06, 0x7A06, 0x7A06, 0x7A26, 0x7A06, 0x7A06, 0x7A06, 0x7A06, 0x7A06,
  0x7A06, 0x7A06, 0x7A06, 0x7A06, 0x7A06, 0x7A06, 0x7A06, 0x7A06, 0x7A26, 0x7A26, 0x7A26, 0x7A26,
  0x8226, 0x8226, 0x8226, 0x7A26, 0x8226, 0x8226, 0x7A06, 0x7A26, 0x7A06, 0x7A06, 0x7A06, 0x7A06,
  0x7A06, 0x8226, 0x8226, 0x8226, 0x8226, 0x8226, 0x7A26, 0x7A26, 0x7A26, 0x7A06, 0x7A06, 0x7A06,
  0x7A26, 0x7A26, 0x7A26, 0x7A06, 0x7A06, 0x7A26, 0x7A26, 0x7A26, 0x8226, 0x8226, 0x8226, 0x7A26,
  0x8226, 0x8226, 0x8226, 0x8226, 0x8226, 0x8226, 0x7A26, 0x7A06, 0x7A06, 0x7A06, 0x7A06, 0x7A06,
  0x7A06, 0x7A06, 0x7A26, 0x7A06, 0x7A06, 0x7A06, 0x7A06, 0x7A06, 0x7A06, 0x7A06, 0x7206, 0x7206,
  0x61A5, 0x1082, 0x10A3, 0x51CB, 0x49AB, 0x49AA, 0x49AA, 0x49AB, 0x49AB, 0x49AA, 0x49AA, 0x498A,
  0x49AA, 0x49AA, 0x49AA, 0x49AA, 0x49AA, 0x49AA, 0x49AA, 0x49AA, 0x49AA, 0x51AB, 0x41AA, 0x28E5,
  0x1081, 0x18A2, 0x1882, 0x1882, 0x1882, 0x18A2, 0x1882, 0x1882, 0x1882, 0x1882, 0x1882, 0x1882,
  0x1882, 0x1882, 0x1882, 0x1882, 0x1882, 0x1882, 0x18A2, 0x1882, 0x1882, 0x1882, 0x1882, 0x1882,
  0x18A2, 0x1882, 0x1882, 0x1882, 0x1882, 0x1882, 0x1882, 0x1882, 0x1882, 0x1882, 0x1882, 0x1882,
  0x1882, 0x1882, 0x1882, 0x1882, 0x1882, 0x1882, 0x1882, 0x1882, 0x1882, 0x1882, 0x1882, 0x18A2,
  0x18A2, 0x1882, 0x1882, 0x18A2, 0x18A2, 0x18A2, 0x18A2, 0x18A2, 0x18A2, 0x18A2, 0x18A2, 0x18A2,
  0x18A2, 0x18A2, 0x18A2, 0x18A2, 0x1882, 0x1882, 0x1882, 0x1882, 0x1882, 0x1882, 0x1882, 0x1882,
  0x18A2, 0x18A2, 0x18A2, 0x18A2, 0x18A2, 0x18A2, 0x18A2, 0x1882, 0x1882, 0x18A2, 0x18A2, 0x18A2,
  0x18A2, 0x18A2, 0x18A2, 0x18A2, 0x18A2, 0x18A2, 0x18A2, 0x1882, 0x1882, 0x1882, 0x1882, 0x1882,
  0x1882, 0x1882, 0x18A2, 0x1882, 0x1882, 0x1882, 0x1882, 0x1882, 0x18A2, 0x1882, 0x1882, 0x1882,
  0x1882, 0x1882, 0x1882, 0x1882, 0x1882, 0x1882, 0x1882, 0x1882, 0x1882, 0x1882, 0x18A2, 0x18A2,
  0x18A2, 0x18A2, 0x18A2, 0x18A2, 0x18A2, 0x18A2, 0x18A2, 0x18A2, 0x18A2, 0x1882, 0x18A2, 0x1882,
  0x1882, 0x18A2, 0x1882, 0x18A2, 0x18A2, 0x18A2, 0x18A2, 0x18A2, 0x18A2, 0x18A2, 0x1882, 0x1882,
  0x1882, 0x18A2, 0x18A2, 0x18A2, 0x18A2, 0x18A2, 0x1882, 0x18A2, 0x18A2, 0x1882, 0x18A2, 0x1882,
  0x1882, 0x1882, 0x1882, 0x1882, 0x18A2, 0x18A2, 0x1882, 0x1882, 0x18A2, 0x18A2, 0x18A2, 0x18A2,
  0x18A2, 0x18A2, 0x18A2, 0x18A2, 0x18A2, 0x1882, 0x18A2, 0x18A2, 0x18A2, 0x18A2, 0x18A2, 0x18A2,
  0x18A2, 0x18A2, 0x18A2, 0x1882, 0x18A2, 0x18A2, 0x18A2, 0x18A2, 0x18A2, 0x18A2, 0x18A2, 0x18A2,
  0x18A2, 0x18A2, 0x18A2, 0x18A2, 0x18A2, 0x1882, 0x1882, 0x18A2, 0x1882, 0x1882, 0x1882, 0x1882,
  0x1882, 0x1882, 0x1882, 0x1882, 0x1882, 0x1882, 0x1882, 0x1882, 0x1882, 0x1882, 0x1882, 0x1882,
  0x20C3, 0x3968, 0x4189, 0x49AB, 0x49AB, 0x49AB, 0x49AB, 0x49AB, 0x49AB, 0x49AA, 0x498A, 0x498A,
  0x49AA, 0x49AB, 0x49AB, 0x51AB, 0x49AB, 0x49AB, 0x49AA, 0x49AA, 0x498A, 0x498A, 0x49AA, 0x4169,
  0x3147, 0x3148, 0x3948, 0x3148, 0x3148, 0x3948, 0x3948, 0x3948, 0x3148, 0x3948, 0x3948, 0x3948,
  0x3948, 0x3948, 0x3948, 0x3948, 0x3148, 0x3948, 0x3948, 0x3148, 0x3948, 0x3948, 0x3948, 0x3948,
  0x3948, 0x3148, 0x3148, 0x3948, 0x3948, 0x3948, 0x3948, 0x3148, 0x3148, 0x3948, 0x3948, 0x3148,
  0x3948, 0x3948, 0x3948, 0x3948, 0x3948, 0x3948, 0x3948, 0x3948, 0x3148, 0x3948, 0x3948, 0x3948,
  0x3948, 0x3948, 0x3948, 0x3948, 0x3948, 0x3948, 0x3948, 0x3948, 0x3948, 0x3948, 0x3948, 0x3948,
  0x3948, 0x3948, 0x3948, 0x3948, 0x3948, 0x3948, 0x3948, 0x3948, 0x3948, 0x3948, 0x3948, 0x3948,
  0x3948, 0x3948, 0x3948, 0x3948, 0x3948, 0x3948, 0x3948, 0x3948, 0x3948, 0x3948, 0x3148, 0x3948,
  0x3948, 0x3948, 0x3948, 0x3948, 0x3948, 0x3948, 0x3948, 0x3948, 0x3148, 0x3148, 0x3148, 0x3128,
  0x3128, 0x3148, 0x3948, 0x3148, 0x3148, 0x3948, 0x3948, 0x3948, 0x3948, 0x3948, 0x3948, 0x3948,
  0x3148, 0x3148, 0x3948, 0x3948, 0x3948, 0x3948, 0x3148, 0x3148, 0x3948, 0x3148, 0x3948, 0x3948,
  0x3948, 0x3948, 0x3948, 0x3948, 0x3948, 0x3948, 0x3148, 0x3128, 0x3148, 0x3948, 0x3148, 0x3948,
  0x3948, 0x3948, 0x3948, 0x3948, 0x3948, 0x3948, 0x3148, 0x3148, 0x3148, 0x3148, 0x3128, 0x3148,
  0x3148, 0x3148, 0x3948, 0x3948, 0x3948, 0x3948, 0x3948, 0x3948, 0x3948, 0x3148, 0x3148, 0x3148,
  0x3148, 0x3148, 0x3148, 0x3948, 0x3148, 0x3148, 0x3148, 0x3148, 0x3948, 0x3948, 0x3948, 0x3948,
  0x3948, 0x3948, 0x3948, 0x3948, 0x3948, 0x3948, 0x3948, 0x3948, 0x3148, 0x3148, 0x3148, 0x3148,
  0x3148, 0x3948, 0x3148, 0x3948, 0x3948, 0x3948, 0x3948, 0x3948, 0x3948, 0x3148, 0x3128, 0x3148,
  0x3148, 0x3948, 0x3948, 0x3948, 0x3948, 0x3148, 0x3148, 0x3148, 0x3148, 0x3148, 0x3128, 0x3128,
  0x3148, 0x3148, 0x3148, 0x3148, 0x3948, 0x3948, 0x3148, 0x3148, 0x3148, 0x3148, 0x3148, 0x3148,
  0x3948, 0x49AA, 0x49AA, 0x49AA, 0x49AA, 0x49AA, 0x49AB, 0x51AB, 0x51AB, 0x49AB, 0x49AB, 0x49AB,
  0x51AB, 0x49AB, 0x49AB, 0x49AB, 0x51AB, 0x51AB, 0x51AB, 0x51AB, 0x51CB, 0x51AB, 0x51AA, 0x51CB,
  0x51CB, 0x51CB, 0x51AB, 0x51CB, 0x51CB, 0x51CB, 0x51CB, 0x51CB, 0x51CB, 0x51CB, 0x51CC, 0x51CB,
  0x51CB, 0x51CB, 0x51CB, 0x51CB, 0x51CB, 0x51CB, 0x51CB, 0x51EB, 0x51EB, 0x51CB, 0x51CB, 0x51CB,
  0x51CB, 0x51CB, 0x51CB, 0x51CB, 0x51CB, 0x51CB, 0x51CB, 0x51CB, 0x51CB, 0x51CB, 0x51CB, 0x51CB,
  0x51CB, 0x51CB, 0x51CB, 0x51CB, 0x51CB, 0x51CB, 0x51CB, 0x51CB, 0x51CB, 0x51CB, 0x51CB, 0x51CB,
  0x51CB, 0x51CB, 0x51CB, 0x51CB, 0x51CB, 0x51CB, 0x51CB, 0x51CB, 0x51CB, 0x51CB, 0x51CB, 0x51CB,
  0x51CB, 0x51CB, 0x51CB, 0x51CB, 0x51CB, 0x51CB, 0x51CB, 0x51CB, 0x51CB, 0x51CB, 0x51CB, 0x51CB,
  0x51CB, 0x51CB, 0x51CB, 0x51CB, 0x51CB, 0x51CB, 0x51CB, 0x51CB, 0x51CB, 0x51CB, 0x51CB, 0x51CB,
  0x51CB, 0x51CB, 0x51CB, 0x51CB, 0x51CB, 0x51CB, 0x51CB, 0x51CB, 0x51CB, 0x51AB, 0x51AB, 0x51AB,
  0x51AB, 0x51CB, 0x51CB, 0x51CB, 0x51CB, 0x51CB, 0x51CB, 0x51CB, 0x51CB, 0x51CB, 0x51CB, 0x51AB,
  0x51AB, 0x51AB, 0x51CB, 0x51CB, 0x51CB, 0x51CB, 0x51CB, 0x51CB, 0x51CB, 0x51CB, 0x51CB, 0x51CB,
  0x51AB, 0x51AB, 0x51CB, 0x51AB, 0x51AB, 0x51AB, 0x51CB, 0x51CB, 0x51AB, 0x51CB, 0x51CB, 0x51CB,
  0x51CB, 0x51CB, 0x51CB, 0x51CB, 0x51CB, 0x51CB, 0x51CB, 0x51AB, 0x51AB, 0x51AB, 0x51CB, 0x51CB,
  0x51CB, 0x51CB, 0x51CB, 0x51CB, 0x51CB, 0x51CB, 0x51CB, 0x51CB, 0x51CB, 0x51CB, 0x51CB, 0x51CB,
  0x51CB, 0x51CB, 0x51CB, 0x51CB, 0x51CB, 0x51CB, 0x51CB, 0x51CB, 0x51CB, 0x51CB, 0x51CB, 0x51CB,
  0x51CB, 0x51CB, 0x51CB, 0x51CB, 0x51CB, 0x51CB, 0x51CB, 0x51CB, 0x51CB, 0x51CB, 0x51CB, 0x51CB,
  0x51CB, 0x51CB, 0x51CB, 0x51CB, 0x51CB, 0x51CB, 0x51CB, 0x51CB, 0x51CB, 0x51CB, 0x51AB, 0x51CB,
  0x51CB, 0x51CB, 0x51CB, 0x51AB, 0x51CB, 0x51CB, 0x51CB, 0x51CB, 0x51CB, 0x51CB, 0x51CB, 0x51CB,
  0x51CB, 0x51CB, 0x51CB, 0x51CB, 0x51CB, 0x51CB, 0x51CB, 0x51CB, 0x51CB, 0x51CB, 0x51CB, 0x51CB,
  0x51CB, 0x51AA, 0x51AA, 0x51AB, 0x51AB, 0x49AB, 0x49AB, 0x49AB, 0x49AB, 0x49AB, 0x49AB, 0x49AB,
  0x49AB, 0x49AB, 0x49AA, 0x49AA, 0x49AB, 0x49AB, 0x49AB, 0x49AA, 0x49AA, 0x49AA, 0x49AA, 0x49AA,
  0x49AA, 0x49AA, 0x49AA, 0x49AA, 0x49AB, 0x49AA, 0x49AB, 0x49AB, 0x49AB, 0x49AB, 0x51AB, 0x51AB,
  0x51AB, 0x49AB, 0x51AB, 0x51AB, 0x51AB, 0x51CB, 0x51CB, 0x51CB, 0x51CB, 0x51CB, 0x49AB, 0x49AB,
  0x49AB, 0x49AB, 0x49AB, 0x49AB, 0x49AB, 0x49AB, 0x49AB, 0x49AA, 0x49AA, 0x49AB, 0x49AB, 0x51AB,
  0x51AB, 0x51AB, 0x51CB, 0x51AB, 0x51AB, 0x51AB, 0x49AB, 0x49AB, 0x49AB, 0x49AB, 0x51AB, 0x49AB,
  0x49AB, 0x49AB, 0x49AB, 0x49AB, 0x49AA, 0x49AA, 0x49AB, 0x49AB, 0x49AA, 0x49AA, 0x49AA, 0x49AA,
  0x49AA, 0x49AA, 0x49AA, 0x49AA, 0x49AA, 0x49AA, 0x49AB, 0x49AA, 0x49AA, 0x49AA, 0x49AA, 0x49AB,
  0x51AB, 0x51AB, 0x49AB, 0x49AB, 0x51AB, 0x51AB, 0x51AB, 0x51AB, 0x51AB, 0x49AB, 0x49AB, 0x49AB,
  0x49AB, 0x49AB, 0x51AB, 0x51AB, 0x51AB, 0x51AB, 0x51AB, 0x49AA, 0x49AA, 0x49AA, 0x49AA, 0x49AA,
  0x49AA, 0x49AB, 0x49AB, 0x49AB, 0x49AB, 0x49AA, 0x49AB, 0x49AB, 0x49AB, 0x49AA, 0x49AA, 0x49AA,
  0x49AA, 0x49AA, 0x49AA, 0x49AB, 0x51AB, 0x51AB, 0x51AB, 0x51AB, 0x49AB, 0x49AB, 0x49AB, 0x49AB,
  0x49AB, 0x49AA, 0x49AA, 0x49AA, 0x49AA, 0x49AB, 0x49AA, 0x49AA, 0x49AA, 0x49AA, 0x49AB, 0x49AB,
  0x49AB, 0x49AB, 0x49AB, 0x49AB, 0x49AB, 0x49AB, 0x49AA, 0x49AA, 0x49AA, 0x49AA, 0x49AA, 0x49AA,
  0x49AA, 0x49AA, 0x498A, 0x49AA, 0x49AA, 0x49AA, 0x49AA, 0x49AA, 0x49AA, 0x49AA, 0x49AA, 0x49AA,
  0x49AA, 0x49AA, 0x49AB, 0x49AB, 0x49AB, 0x51AB, 0x49AB, 0x51AA, 0x49AB, 0x51AB, 0x49AB, 0x51AB,
  0x51AB, 0x49AB, 0x49AB, 0x49AA, 0x49AB, 0x49AB, 0x51AB, 0x51AB, 0x49AB, 0x49AB, 0x49AB, 0x49AA,
  0x49AA, 0x49AA, 0x49AB, 0x49AB, 0x49AB, 0x49AB, 0x49AB, 0x49AB, 0x49AB, 0x49AB, 0x49AA, 0x49AA,
  0x49AA, 0x49AA, 0x49AA, 0x49AA, 0x49AA, 0x49AA, 0x49AA, 0x49AA, 0x49AA, 0x49AA, 0x49AA, 0x49AA,
  0x49AA, 0x49AA, 0x49AA, 0x49AA, 0x49AA, 0x49AA, 0x49AA, 0x49AA, 0x49AA, 0x49AA, 0x49AA, 0x49AA,
  0x498A, 0x498A, 0x498A, 0x498A, 0x498A, 0x498A, 0x49AA, 0x49AA, 0x49AA, 0x49AA, 0x498A, 0x498A,
  0x51AB, 0x51AB, 0x51AB, 0x51AB, 0x51AB, 0x51AB, 0x51AB, 0x51AB, 0x49AB, 0x49AB, 0x51AB, 0x49AB,
  0x49AA, 0x51AB, 0x51AB, 0x49AB, 0x49AB, 0x49AB, 0x51AB, 0x51AB, 0x49AB, 0x51AB, 0x51AB, 0x51AB,
  0x49AB, 0x49AA, 0x49AB, 0x49AB, 0x49AB, 0x49AB, 0x49AB, 0x49CB, 0x49AB, 0x49AB, 0x49AA, 0x49AA,
  0x49AA, 0x49AB, 0x49AB, 0x49AB, 0x49AA, 0x49AB, 0x49AA, 0x49AA, 0x49AA, 0x49AA, 0x49AB, 0x49AB,
  0x49AB, 0x51AB, 0x51AB, 0x51AB, 0x49AB, 0x49AA, 0x49AB, 0x49AA, 0x49AA, 0x49AB, 0x49AB, 0x49AB,
  0x49AB, 0x49AB, 0x51CB, 0x51AB, 0x51AB, 0x51AB, 0x49AB, 0x49AB, 0x49AB, 0x49AB, 0x49AA, 0x49AA,
  0x498A, 0x49AA, 0x49AA, 0x49AA, 0x49AA, 0x49AB, 0x49AA, 0x49AB, 0x49AB, 0x49AB, 0x49AB, 0x51AB,
  0x51AB, 0x51AB, 0x49AB, 0x49AB, 0x49AB, 0x49AB, 0x49AB, 0x49AB, 0x49AB, 0x49AA, 0x49AA, 0x49AA,
  0x49AB, 0x49AB, 0x49AB, 0x51AB, 0x51AB, 0x49AB, 0x49AB, 0x49AA, 0x49AB, 0x49AA, 0x498A, 0x49AA,
  0x49AB, 0x49AB, 0x49AA, 0x49AA, 0x49AA, 0x49AA, 0x498A, 0x49AA, 0x49AA, 0x49AA, 0x49AA, 0x49AA,
  0x49AA, 0x49AB, 0x51AB, 0x51AB, 0x51CB, 0x51CB, 0x51AB, 0x49AB, 0x49AB, 0x49AB, 0x49AB, 0x49AB,
  0x49AB, 0x49AB, 0x49AA, 0x498A, 0x498A, 0x49AA, 0x49AA, 0x49AA, 0x498A, 0x49AA, 0x49AA, 0x49AB,
  0x49AB, 0x49AB, 0x49AB, 0x49AB, 0x49AB, 0x49AB, 0x49AA, 0x49AA, 0x49AA, 0x49AA, 0x49AA, 0x49AA,
  0x49AA, 0x49AA, 0x498A, 0x49AA, 0x49AA, 0x49AA, 0x49AB, 0x49AA, 0x498A, 0x498A, 0x498A, 0x498A,
  0x498A, 0x49AA, 0x49AA, 0x49AB, 0x49AB, 0x49AB, 0x49AA, 0x49AA, 0x49AA, 0x49AA, 0x49AA, 0x49AA,
  0x49AA, 0x49AA, 0x49AA, 0x498A, 0x498A, 0x49AA, 0x49AB, 0x49AB, 0x49AB, 0x49AB, 0x49AB, 0x49AA,
  0x49AA, 0x49AB, 0x49AB, 0x49AB, 0x49AB, 0x49AB, 0x51AB, 0x49AB, 0x49AB, 0x49AB, 0x49AB, 0x49AA,
  0x49AB, 0x49AA, 0x49AA, 0x49AB, 0x49AB, 0x49AB, 0x51AB, 0x51AB, 0x49AA, 0x49AA, 0x49AA, 0x49AA,
  0x49AA, 0x498A, 0x498A, 0x498A, 0x49AA, 0x49AA, 0x49AA, 0x49AA, 0x49AA, 0x49AA, 0x49AA, 0x498A,
  0x498A, 0x498A, 0x498A, 0x49AA, 0x49AA, 0x49AB, 0x49AB, 0x49AB, 0x49AB, 0x49AB, 0x51AB, 0x51AB,
  0x49AB, 0x49AA, 0x49AA, 0x49AA, 0x49AB, 0x49AA, 0x49AA, 0x49AA, 0x49AA, 0x49AA, 0x49AA, 0x49AA,
  0x49AA, 0x49AB, 0x49AB, 0x49AB, 0x49AB, 0x49AA, 0x49AA, 0x49AA, 0x49AB, 0x49AB, 0x49AB, 0x49AB,
  0x49AB, 0x49AA, 0x49AA, 0x49AA, 0x49AB, 0x51AB, 0x51AB, 0x51AB, 0x51AB, 0x51AB, 0x51AB, 0x51AB,
  0x49AB, 0x51AB, 0x51AB, 0x51AA, 0x49AA, 0x49AA, 0x49AA, 0x49AA, 0x49AA, 0x49AA, 0x49AA, 0x49AA,
  0x49AA, 0x49AB, 0x49AB, 0x51AB, 0x49AB, 0x49AB, 0x49AB, 0x49AB, 0x51AB, 0x49AB, 0x51AB, 0x51AB,
  0x49AB, 0x49AB, 0x49AB, 0x49AB, 0x49AB, 0x49AB, 0x49AB, 0x49AB, 0x51AB, 0x51AB, 0x51AB, 0x49AA,
  0x49AB, 0x49AA, 0x49AA, 0x49AB, 0x49AB, 0x49AA, 0x49AA, 0x498A, 0x49AA, 0x49AA, 0x49AA, 0x49AA,
  0x49AA, 0x49AA, 0x49AB, 0x49AB, 0x49AB, 0x49AB, 0x49AB, 0x49AB, 0x51AB, 0x51AB, 0x49AB, 0x49AB,
  0x49AA, 0x51AB, 0x51AB, 0x49AB, 0x51AB, 0x51AB, 0x49AB, 0x51AB, 0x51AB, 0x51AB, 0x51AB, 0x51AB,
  0x51AB, 0x51AB, 0x51AB, 0x51CB, 0x51AB, 0x51AB, 0x49AA, 0x49AA, 0x49AA, 0x49AA, 0x49AA, 0x51AA,
  0x49AB, 0x49AB, 0x51AB, 0x49AB, 0x51AB, 0x49AB, 0x49AB, 0x49AB, 0x49AA, 0x49AB, 0x49AA, 0x49AB,
  0x49AB, 0x49AB, 0x49AB, 0x49AB, 0x49AB, 0x51AB, 0x51AB, 0x51AB, 0x51AB, 0x51AB, 0x51AB, 0x51AB,
  0x51AB, 0x51CB, 0x51CB, 0x51CB, 0x51AB, 0x51AB, 0x51AB, 0x51AB, 0x51AB, 0x51AB, 0x49AB, 0x49AB,
  0x51AB, 0x49AB, 0x49AB, 0x49AB, 0x49AB, 0x51AB, 0x51AB, 0x51AB, 0x49AB, 0x49AB, 0x49AB, 0x49AA,
  0x49AA, 0x49AB, 0x51AB, 0x51AB, 0x51AB, 0x49AB, 0x49AA, 0x49AB, 0x49AB, 0x49AB, 0x49AB, 0x49AB,
  0x51AB, 0x49AB, 0x49AB, 0x49AA, 0x49AA, 0x49AA, 0x49AA, 0x49AB, 0x49AA, 0x49AB, 0x49AA, 0x49AA,
  0x49AB, 0x49AB, 0x49AB, 0x49AB, 0x49AB, 0x49AB, 0x49AA, 0x49AA, 0x49AB, 0x49AA, 0x49AA, 0x49AA,
  0x49AA, 0x49AA, 0x49AA, 0x49AB, 0x49AB, 0x49AB, 0x49AA, 0x49AA, 0x49AA, 0x49AA, 0x51AA, 0x51AA,
  0x49AA, 0x49AA, 0x49AA, 0x49AA, 0x49AB, 0x49AA, 0x49AB, 0x51AB, 0x49AB, 0x49AB, 0x49AA, 0x49AA,
  0x498A, 0x498A, 0x49AA, 0x49AA, 0x49AA, 0x49AA, 0x49AA, 0x49AA, 0x49AA, 0x49AA, 0x49AB, 0x49AB,
  0x49AA, 0x49AA, 0x49AA, 0x49AB, 0x49AB, 0x49AA, 0x49AA, 0x49AA, 0x49AA, 0x49AA, 0x498A, 0x498A,
  0x498A, 0x498A, 0x49AA, 0x49AB, 0x49AB, 0x49AA, 0x49AB, 0x49AB, 0x49AB, 0x51AB, 0x51AB, 0x51AB,
  0x51AB, 0x49AB, 0x49AB, 0x49AA, 0x49AB, 0x49AB, 0x49AA, 0x49AA, 0x49AA, 0x49AA, 0x49AB, 0x49AA,
  0x49AA, 0x49AA, 0x498A, 0x49AA, 0x49AA, 0x49AA, 0x498A, 0x49AA, 0x49AA, 0x49AA, 0x49AA, 0x49AA,
  0x49AA, 0x49AA, 0x49AA, 0x49AA, 0x49AA, 0x498A, 0x49AA, 0x49AA, 0x49AA, 0x49AA, 0x49AB, 0x49AB,
  0x49AB, 0x49AB, 0x49AB, 0x49AB, 0x49AB, 0x49AB, 0x49AB, 0x49AA, 0x49AA, 0x49AA, 0x49AB, 0x49AA,
  0x49AA, 0x49AB, 0x49AB, 0x49AB, 0x51AB, 0x49AA, 0x49AA, 0x49AA, 0x49AA, 0x49AA, 0x49AA, 0x49AB,
  0x49AB, 0x49AB, 0x49AB, 0x49AB, 0x51AB, 0x51AB, 0x51AB, 0x51AB, 0x49AB, 0x49AB, 0x49AA, 0x498A,
  0x49AA, 0x49AB, 0x49AB, 0x49AB, 0x49AB, 0x49AB, 0x49AA, 0x49AB, 0x49AB, 0x49AB, 0x49AB, 0x49AB,
  0x49AA, 0x49AB, 0x49AB, 0x49AB, 0x49AB, 0x49AB, 0x498A, 0x498A, 0x498A, 0x498A, 0x498A, 0x498A,
  0x49AA, 0x49AA, 0x49AB, 0x49AB, 0x49AB, 0x49AB, 0x49AB, 0x49AB, 0x49AA, 0x49AA, 0x49AA, 0x49AA,
  0x49AB, 0x49AB, 0x498A, 0x49AA, 0x49AA, 0x49AA, 0x49AB, 0x49AB, 0x49AB, 0x49AB, 0x49AB, 0x49AB,
  0x49AA, 0x49AB, 0x49AB, 0x49AB, 0x49AB, 0x49AB, 0x49AB, 0x49AA, 0x49AA, 0x49AA, 0x498A, 0x49AB,
  0x49AB, 0x49AB, 0x49AB, 0x49AB, 0x49AB, 0x49AB, 0x49AB, 0x49AB, 0x49AB, 0x49AA, 0x49AB, 0x49AA,
  0x49AA, 0x49AB, 0x49AB, 0x49AB, 0x49AB, 0x49AB, 0x49AA, 0x49AA, 0x49AA, 0x49AA, 0x49AA, 0x49AA,
  0x49AA, 0x49AA, 0x498A, 0x498A, 0x498A, 0x498A, 0x49AA, 0x49AA, 0x49AB, 0x49AB, 0x49AA, 0x49AA,
  0x49AA, 0x49AB, 0x51AB, 0x51AB, 0x49AA, 0x49AA, 0x498A, 0x49AA, 0x49AA, 0x49AA, 0x49AA, 0x49AA,
  0x49AA, 0x49AA, 0x49AB, 0x49AB, 0x49AB, 0x49AB, 0x49AA, 0x49AA, 0x49AA, 0x49AA, 0x49AA, 0x498A,
  0x498A, 0x49AA, 0x498A, 0x498A, 0x498A, 0x498A, 0x498A, 0x498A, 0x498A, 0x498A, 0x498A, 0x498A,
  0x498A, 0x498A, 0x49AA, 0x49AB, 0x49AB, 0x49AB, 0x49AB, 0x49AA, 0x49AA, 0x49AA, 0x49AB, 0x51AB,
  0x51CB, 0x51AB, 0x51AB, 0x51CB, 0x51CB, 0x51CB, 0x51CB, 0x51CB, 0x51CB, 0x49AB, 0x49AB, 0x49AA,
  0x49AA, 0x49AA, 0x49AB, 0x49AA, 0x498A, 0x49AA, 0x498A, 0x498A, 0x498A, 0x49AA, 0x49AB, 0x49AB,
  0x49AA, 0x49AA, 0x498A, 0x498A, 0x49AA, 0x49AA, 0x49AA, 0x49AA, 0x49AB, 0x49AB, 0x49AA, 0x49AA,
  0x498A, 0x49AA, 0x498A, 0x498A, 0x498A, 0x498A, 0x498A, 0x498A, 0x49AA, 0x49AA, 0x498A, 0x498A,
  0x498A, 0x49AA, 0x49AB, 0x49AB, 0x49AB, 0x49AB, 0x49AB, 0x49AB, 0x51AB, 0x49AB, 0x49AB, 0x49AB,
  0x49AB, 0x49AB, 0x49AB, 0x49AB, 0x49AB, 0x49AB, 0x49AB, 0x498A, 0x498A, 0x498A, 0x498A, 0x498A,
  0x498A, 0x49AB, 0x49AB, 0x49AB, 0x49AA, 0x49AA, 0x49AA, 0x498A, 0x498A, 0x49AA, 0x498A, 0x498A,
  0x49AA, 0x49AA, 0x49AB, 0x49AB, 0x49AB, 0x51AB, 0x51AB, 0x51AB, 0x49AB, 0x49AA, 0x49AA, 0x498A,
  0x498A, 0x498A, 0x498A, 0x49AB, 0x498A, 0x498A, 0x498A, 0x498A, 0x49AA, 0x49AB, 0x49AA, 0x49AB,
  0x49AA, 0x49AA, 0x49AA, 0x49AA, 0x49AB, 0x49AA, 0x498A, 0x498A, 0x498A, 0x498A, 0x498A, 0x498A,
  0x498A, 0x49AA, 0x49AB, 0x49AB, 0x51AB, 0x51AB, 0x49AA, 0x49AA, 0x498A, 0x498A, 0x498A, 0x498A,
  0x49AB, 0x498A, 0x49AA, 0x498A, 0x498A, 0x49AA, 0x49AB, 0x49AB, 0x498A, 0x49AA, 0x498A, 0x498A,
  0x49AA, 0x49AA, 0x49AB, 0x49AB, 0x49AB, 0x49AB, 0x49AB, 0x49AB, 0x49AB, 0x49AA, 0x498B, 0x498A,
  0x49AB, 0x49AB, 0x49AB, 0x49AB, 0x49AB, 0x49AB, 0x49AB, 0x49AB, 0x49AA, 0x49AA, 0x49AA, 0x49AA,
  0x498A, 0x498A, 0x498A, 0x49AB, 0x49AA, 0x49AB, 0x49AA, 0x498A, 0x498A, 0x498A, 0x498A, 0x49AB,
  0x49AA, 0x49AA, 0x49AA, 0x498A, 0x498A, 0x498A, 0x498A, 0x49AA, 0x49AB, 0x49AA, 0x49AA, 0x49AB,
  0x49AB, 0x49AB, 0x49AB, 0x49AB, 0x49AA, 0x49AA, 0x498A, 0x498A, 0x49AA, 0x49AA, 0x49AA, 0x498A,
  0x49AA, 0x498A, 0x498A, 0x498A, 0x49AA, 0x498A, 0x49AA, 0x498A, 0x498A, 0x498A, 0x498A, 0x498A,
  0x498A, 0x498A, 0x498A, 0x498A, 0x498A, 0x498A, 0x49AA, 0x498A, 0x49AA, 0x49AA, 0x49AB, 0x49AB,
  0x49AB, 0x49AA, 0x49AB, 0x49AB, 0x49AB, 0x49AA, 0x49AA, 0x49AB, 0x49AA, 0x49AB, 0x49AB, 0x49AA
};
