#pragma once

#include <stdint.h>

const uint16_t xyleneScene[240 * 240] = {
    0x0212, 0x0212, 0x0213, 0x0233, 0x0232, 0x0232, 0x0232, 0x0212, 0x0232, 0x0A32, 0x0A32, 0x0232, 
    0x0212, 0x0212, 0x0212, 0x0212, 0x0212, 0x0212, 0x0212, 0x0212, 0x0212, 0x0212, 0x0212, 0x0212, 
    0x0212, 0x0212, 0x0232, 0x0233, 0x0233, 0x0212, 0x0212, 0x0212, 0x0212, 0x0212, 0x0232, 0x0232, 
    0x0232, 0x0232, 0x0233, 0x0212, 0x0212, 0x0212, 0x0232, 0x0232, 0x0232, 0x0212, 0x0212, 0x0212, 
    0x0212, 0x0212, 0x0212, 0x0212, 0x0212, 0x0212, 0x0232, 0x0232, 0x0212, 0x0212, 0x0212, 0x0212, 
    0x0232, 0x0232, 0x0212, 0x0212, 0x0212, 0x0212, 0x0212, 0x0212, 0x0232, 0x0232, 0x0212, 0x0212, 
    0x0212, 0x0212, 0x0212, 0x0232, 0x0212, 0x0212, 0x0A32, 0x0232, 0x0212, 0x0212, 0x0212, 0x0212, 
    0x0212, 0x0212, 0x0212, 0x0212, 0x0212, 0x0232, 0x0232, 0x0232, 0x0232, 0x0232, 0x0212, 0x0212, 
    0x0212, 0x0212, 0x0212, 0x0212, 0x0212, 0x0212, 0x0212, 0x0212, 0x0212, 0x0213, 0x0233, 0x0233, 
    0x0212, 0x0212, 0x0212, 0x0212, 0x0212, 0x0212, 0x0212, 0x01F2, 0x01F2, 0x01F2, 0x0212, 0x0212, 
    0x01F2, 0x0212, 0x01F2, 0x0212, 0x01F2, 0x01F2, 0x01F2, 0x0212, 0x0212, 0x0212, 0x0212, 0x0212, 
    0x0232, 0x0232, 0x0212, 0x0212, 0x0212, 0x0232, 0x0232, 0x0232, 0x0212, 0x0212, 0x0212, 0x0212, 
    0x0212, 0x0212, 0x0212, 0x0212, 0x0212, 0x0212, 0x0212, 0x0212, 0x0212, 0x0212, 0x0232, 0x0232, 
    0x0232, 0x0232, 0x0232, 0x0233, 0x0212, 0x0212, 0x0212, 0x0212, 0x0212, 0x0212, 0x0212, 0x0212, 
    0x0212, 0x0212, 0x0212, 0x0212, 0x0212, 0x0212, 0x0212, 0x0212, 0x0212, 0x0212, 0x0212, 0x0212, 
    0x0212, 0x0232, 0x0233, 0x0233, 0x0212, 0x0212, 0x0212, 0x0212, 0x0212, 0x0212, 0x0232, 0x0233, 
    0x0212, 0x0232, 0x0233, 0x0232, 0x0232, 0x0212, 0x0232, 0x0232, 0x0212, 0x0212, 0x0212, 0x0212, 
    0x0212, 0x0212, 0x0212, 0x0212, 0x0212, 0x0212, 0x0213, 0x0233, 0x0233, 0x0233, 0x0212, 0x0233, 
    0x0A32, 0x0A33, 0x0232, 0x0232, 0x0213, 0x0212, 0x0212, 0x0212, 0x0212, 0x0232, 0x0212, 0x0232, 
    0x0212, 0x0212, 0x0212, 0x0212, 0x0212, 0x0212, 0x0212, 0x0212, 0x0212, 0x0212, 0x0212, 0x0232, 
    0x0233, 0x0233, 0x0A53, 0x0A53, 0x0A53, 0x0A53, 0x0A53, 0x0A53, 0x0A53, 0x0A53, 0x0A53, 0x0A53, 
    0x0A53, 0x0A33, 0x0A33, 0x0A33, 0x0A33, 0x0A33, 0x0233, 0x0233, 0x0233, 0x0233, 0x0A33, 0x0233, 
    0x0A33, 0x0A33, 0x0A53, 0x0A53, 0x0A53, 0x0A53, 0x0A53, 0x0A53, 0x0A53, 0x0A33, 0x0A53, 0x0A53, 
    0x0A53, 0x0A53, 0x0A53, 0x0A33, 0x0A33, 0x0A33, 0x0A33, 0x0A53, 0x0A53, 0x0A53, 0x0253, 0x0253, 
    0x0233, 0x0A33, 0x0A33, 0x0A33, 0x0A33, 0x0A33, 0x0A33, 0x0A53, 0x0A53, 0x0A53, 0x0A53, 0x0A33, 
    0x0A33, 0x0A33, 0x0A33, 0x0A33, 0x0A33, 0x0A33, 0x0A33, 0x0A33, 0x0A53, 0x0A53, 0x0A33, 0x0A33, 
    0x0A33, 0x0A33, 0x0A53, 0x0A53, 0x0A53, 0x0A33, 0x0A33, 0x0A53, 0x0A33, 0x0233, 0x0233, 0x0A33, 
    0x0A53, 0x0A53, 0x0A53, 0x0233, 0x0233, 0x0A33, 0x0A33, 0x0A53, 0x0A53, 0x0A33, 0x0A33, 0x0A33, 
    0x0A33, 0x0A33, 0x0A33, 0x0A33, 0x0A33, 0x0A33, 0x0233, 0x0A33, 0x0A33, 0x0253, 0x0A53, 0x0A53, 
    0x0233, 0x0233, 0x0233, 0x0232, 0x0233, 0x0233, 0x0A53, 0x0A33, 0x0233, 0x0A32, 0x0232, 0x0232, 
    0x0A32, 0x0232, 0x0233, 0x0A33, 0x0A33, 0x0232, 0x0212, 0x0232, 0x0A33, 0x0A33, 0x0A33, 0x0A53, 
    0x0A33, 0x0A33, 0x0A33, 0x0A33, 0x0A33, 0x0A53, 0x0A53, 0x0A33, 0x0A33, 0x0A33, 0x0A33, 0x0A33, 
    0x0A33, 0x0A33, 0x0A33, 0x0A33, 0x0A33, 0x0A33, 0x0A53, 0x0A33, 0x0233, 0x0A33, 0x0A53, 0x0A53, 
    0x0A53, 0x0A53, 0x0A53, 0x0A53, 0x0A33, 0x0A33, 0x0A53, 0x0A53, 0x0A53, 0x0A33, 0x0A33, 0x0A33, 
    0x0A53, 0x0A33, 0x0A33, 0x0A33, 0x0A33, 0x0A53, 0x0A53, 0x0A53, 0x0A53, 0x0A53, 0x0A33, 0x0A33, 
    0x0A33, 0x0A53, 0x0A53, 0x0A53, 0x0A53, 0x0A53, 0x0A33, 0x0A53, 0x0A53, 0x0A53, 0x0A53, 0x0A53, 
    0x0A53, 0x0A53, 0x0A53, 0x0A53, 0x0A53, 0x0A53, 0x0A53, 0x0A53, 0x0A33, 0x0A33, 0x0A32, 0x0A33, 
    0x0A32, 0x0A32, 0x0232, 0x0233, 0x0233, 0x0A33, 0x0A33, 0x0A33, 0x0A33, 0x0A33, 0x0A53, 0x0A53, 
    0x0A53, 0x0A53, 0x0A53, 0x0A53, 0x0A33, 0x0A33, 0x0A33, 0x0A33, 0x0A33, 0x0A33, 0x0A53, 0x0A33, 
    0x0A33, 0x0A33, 0x0A53, 0x0A53, 0x0A53, 0x0A53, 0x0A33, 0x0A33, 0x0A33, 0x0A53, 0x0A53, 0x0A53, 
    0x0233, 0x0233, 0x0A33, 0x0A53, 0x0A53, 0x0A53, 0x0A33, 0x0A33, 0x0A33, 0x0A33, 0x0A33, 0x0A33, 
    0x0A33, 0x0A33, 0x0233, 0x0A33, 0x0A33, 0x0A33, 0x0233, 0x0A33, 0x0233, 0x0A33, 0x0A33, 0x0A33, 
    0x0A33, 0x0A33, 0x0A33, 0x0A33, 0x0A33, 0x0A33, 0x0A33, 0x0A33, 0x0A33, 0x0A33, 0x0A53, 0x0A53, 
    0x0A53, 0x0A33, 0x0233, 0x0A33, 0x0A33, 0x0A33, 0x0A33, 0x0A53, 0x0A53, 0x0A33, 0x0A33, 0x0A33, 
    0x0233, 0x0A33, 0x0A33, 0x0A33, 0x0A33, 0x0A33, 0x0A33, 0x0A33, 0x0A53, 0x0A53, 0x0A53, 0x0A53, 
    0x0A33, 0x0A33, 0x0A33, 0x0A33, 0x0A33, 0x0233, 0x0A33, 0x0233, 0x0233, 0x0A33, 0x0A33, 0x0A33, 
    0x0A33, 0x0A33, 0x0A53, 0x0A33, 0x0A33, 0x0A33, 0x0A33, 0x0A33, 0x0233, 0x0233, 0x0233, 0x0A33, 
    0x0A33, 0x0A33, 0x0A33, 0x0A33, 0x0A33, 0x0A33, 0x0A33, 0x0A33, 0x0A33, 0x0A33, 0x0A33, 0x0A33, 
    0x0A33, 0x0A33, 0x0A33, 0x0A33, 0x0A33, 0x0233, 0x0233, 0x0A33, 0x0A53, 0x0A53, 0x0A53, 0x0A53, 
    0x0A53, 0x0A33, 0x0233, 0x0233, 0x0233, 0x0212, 0x0109, 0x00E8, 0x00E8, 0x00E8, 0x00E7, 0x00C8, 
    0x00E8, 0x00E8, 0x00E8, 0x00E8, 0x00E8, 0x01D0, 0x0233, 0x0233, 0x0A33, 0x0A33, 0x0A33, 0x0A33, 
    0x0A33, 0x0A33, 0x0A32, 0x0A33, 0x0A33, 0x0253, 0x0A33, 0x0A33, 0x0A33, 0x0A33, 0x0A33, 0x0A33, 
    0x0A33, 0x0A33, 0x0233, 0x0A33, 0x0A33, 0x0A53, 0x0A33, 0x0A33, 0x0A33, 0x0A33, 0x0A33, 0x0A53, 
    0x0A53, 0x0A33, 0x0A33, 0x0233, 0x0A33, 0x0A33, 0x0A33, 0x0A33, 0x0A33, 0x0A33, 0x0A33, 0x0A33, 
    0x0A33, 0x0A53, 0x0A53, 0x0A33, 0x0A53, 0x0A53, 0x0A53, 0x0A53, 0x0A53, 0x0A33, 0x0A33, 0x0A33, 
    0x0A33, 0x0A53, 0x0A53, 0x0A33, 0x0A33, 0x0A33, 0x0233, 0x0A33, 0x0A53, 0x0A33, 0x0A53, 0x0A53, 
    0x0A33, 0x0A53, 0x0A53, 0x0A33, 0x0A33, 0x0A33, 0x0A53, 0x0A33, 0x0A33, 0x0A33, 0x0A33, 0x0A33, 
    0x0A33, 0x0A33, 0x0A33, 0x0233, 0x0233, 0x0A33, 0x0233, 0x0A33, 0x0A33, 0x0A33, 0x0A33, 0x0A53, 
    0x0A33, 0x0A33, 0x0A33, 0x0A33, 0x0A33, 0x0A33, 0x0A33, 0x0A33, 0x0A33, 0x0A53, 0x0A53, 0x0A33, 
    0x0233, 0x0A33, 0x0A53, 0x0A33, 0x0A33, 0x0A33, 0x0A33, 0x0A33, 0x0A33, 0x0A33, 0x0A33, 0x0A33, 
    0x0212, 0x0212, 0x0212, 0x0A33, 0x0A33, 0x0A33, 0x0A33, 0x0A32, 0x0A32, 0x0A32, 0x0A33, 0x0233, 
    0x0233, 0x0A33, 0x0212, 0x0212, 0x0232, 0x0212, 0x0233, 0x0233, 0x0233, 0x0233, 0x0232, 0x0212, 
    0x0232, 0x0233, 0x0232, 0x0212, 0x0A33, 0x0232, 0x0212, 0x0212, 0x0233, 0x0233, 0x0A33, 0x0A33, 
    0x0233, 0x0213, 0x0213, 0x0212, 0x0212, 0x0233, 0x0233, 0x0233, 0x0212, 0x0232, 0x0212, 0x0233, 
    0x0233, 0x0233, 0x0212, 0x0233, 0x0233, 0x0233, 0x0233, 0x0233, 0x0A32, 0x0233, 0x0232, 0x0232, 
    0x0212, 0x0212, 0x0212, 0x0212, 0x0212, 0x0212, 0x0212, 0x0212, 0x0232, 0x0212, 0x0212, 0x0212, 
    0x0212, 0x0A32, 0x0A32, 0x0A32, 0x0212, 0x0233, 0x0A33, 0x0232, 0x0212, 0x0212, 0x0212, 0x0212, 
    0x0212, 0x0212, 0x0212, 0x0212, 0x0A32, 0x0A32, 0x0A32, 0x0A33, 0x0233, 0x0A32, 0x0A32, 0x0A32, 
    0x0212, 0x0212, 0x0212, 0x0212, 0x0212, 0x0212, 0x0212, 0x0213, 0x0233, 0x0232, 0x0233, 0x0233, 
    0x0212, 0x0212, 0x0233, 0x01D0, 0x018E, 0x0129, 0x18C1, 0x2902, 0x2922, 0x2902, 0x2902, 0x2902, 
    0x2902, 0x2902, 0x2902, 0x2902, 0x20C1, 0x0908, 0x016D, 0x01AE, 0x0A33, 0x0232, 0x0212, 0x0232, 
    0x0233, 0x0232, 0x0212, 0x0233, 0x0233, 0x0233, 0x0233, 0x0233, 0x0212, 0x0212, 0x0212, 0x0A12, 
    0x0232, 0x0212, 0x0233, 0x0233, 0x0A33, 0x0213, 0x0212, 0x0232, 0x0A32, 0x0A33, 0x0A33, 0x0A33, 
    0x0A33, 0x0A33, 0x0213, 0x0213, 0x0232, 0x0212, 0x0232, 0x0A12, 0x0A12, 0x0212, 0x0A12, 0x0212, 
    0x0212, 0x0A32, 0x0233, 0x0233, 0x0A33, 0x0A32, 0x0A33, 0x0233, 0x0233, 0x0232, 0x0212, 0x0A12, 
    0x0233, 0x0A33, 0x0A32, 0x0A12, 0x0A32, 0x0233, 0x0233, 0x0A33, 0x0A33, 0x0233, 0x0233, 0x0A33, 
    0x0A33, 0x0A33, 0x0A33, 0x0A33, 0x0A33, 0x0A33, 0x0A33, 0x0233, 0x0A33, 0x0A12, 0x0A32, 0x0A32, 
    0x0A12, 0x0A12, 0x0A12, 0x0212, 0x0212, 0x0233, 0x0233, 0x0233, 0x0233, 0x0233, 0x0233, 0x0233, 
    0x0233, 0x0212, 0x0212, 0x0212, 0x0212, 0x0212, 0x0212, 0x0212, 0x0A12, 0x0A12, 0x0A12, 0x0212, 
    0x0213, 0x0212, 0x0212, 0x0212, 0x0A12, 0x0A32, 0x0A12, 0x0212, 0x0212, 0x0212, 0x0212, 0x0212, 
    0x0233, 0x0233, 0x0A53, 0x0A53, 0x0A53, 0x0A53, 0x0A53, 0x0A53, 0x0A53, 0x0A53, 0x0A53, 0x0A53, 
    0x0A53, 0x0A53, 0x0A53, 0x0A53, 0x0A53, 0x0A53, 0x0A53, 0x0A53, 0x0A53, 0x0A53, 0x0A53, 0x0A53, 
    0x0A53, 0x0A53, 0x0A53, 0x0A53, 0x0A53, 0x0A53, 0x0A33, 0x0A53, 0x0A53, 0x0A53, 0x0A53, 0x0A53, 
    0x0A53, 0x0A53, 0x0A33, 0x0233, 0x0A53, 0x0A53, 0x0A53, 0x0A53, 0x0A53, 0x0A53, 0x0A53, 0x0A53, 
    0x0A53, 0x0A53, 0x0A53, 0x0A53, 0x0A53, 0x0A53, 0x0A53, 0x0A53, 0x0A53, 0x0A53, 0x0A53, 0x0A53, 
    0x0253, 0x0253, 0x0A53, 0x0A33, 0x0A33, 0x0233, 0x0A33, 0x0A53, 0x0A33, 0x0A53, 0x0A53, 0x0A53, 
    0x0A53, 0x0A53, 0x0A53, 0x0A53, 0x0A53, 0x0A53, 0x0A53, 0x0A53, 0x0A53, 0x0233, 0x0233, 0x0A33, 
    0x0233, 0x0A33, 0x0A33, 0x0A33, 0x0A53, 0x0A53, 0x0A53, 0x0A53, 0x0A53, 0x0A53, 0x0A53, 0x0A53, 
    0x0A53, 0x0253, 0x0A53, 0x0A53, 0x0A53, 0x0A53, 0x0A53, 0x0A53, 0x0A53, 0x0A53, 0x0A53, 0x0A53, 
    0x0A53, 0x0A53, 0x01F0, 0x00A4, 0x0840, 0x18A1, 0xB48B, 0xD58F, 0xD58F, 0xD5AF, 0xDDD0, 0xD5AF, 
    0xD58F, 0xD58F, 0xD58F, 0xD56E, 0xBCAB, 0x2922, 0x0820, 0x0041, 0x016C, 0x0A32, 0x0A33, 0x0A53, 
    0x0A53, 0x0A53, 0x0A33, 0x0A53, 0x0A53, 0x0A53, 0x0A53, 0x0A53, 0x0A53, 0x0A53, 0x0A53, 0x0A53, 
    0x0A53, 0x0A53, 0x0A53, 0x0A53, 0x0A53, 0x0A53, 0x0A53, 0x0A53, 0x0A53, 0x0A53, 0x0A53, 0x0A53, 
    0x0A53, 0x0A53, 0x0A53, 0x0A53, 0x0A53, 0x0A53, 0x0A53, 0x0A53, 0x0A53, 0x0A53, 0x0A53, 0x0A53, 
    0x0A53, 0x0A53, 0x0A53, 0x0A53, 0x0A53, 0x0A53, 0x0A53, 0x0A53, 0x0A53, 0x0A53, 0x0A53, 0x0A53, 
    0x0A53, 0x0A53, 0x0A53, 0x0A53, 0x0A53, 0x0A53, 0x0A53, 0x0A53, 0x0A53, 0x0A53, 0x0A53, 0x0A53, 
    0x0A53, 0x0A53, 0x0A53, 0x0A53, 0x0A53, 0x0A53, 0x0A53, 0x0A53, 0x0A53, 0x0A53, 0x0A53, 0x0A53, 
    0x0A53, 0x0A53, 0x0A53, 0x0A53, 0x0A53, 0x0A53, 0x0A53, 0x0A53, 0x0A53, 0x0A53, 0x0A53, 0x0A53, 
    0x0A53, 0x0A53, 0x0A53, 0x0A53, 0x0A53, 0x0A53, 0x0A53, 0x0A53, 0x0A53, 0x0A53, 0x0A53, 0x0A53, 
    0x0A53, 0x0A53, 0x0A53, 0x0A53, 0x0A53, 0x0A53, 0x0A53, 0x0A53, 0x0A53, 0x0A53, 0x0A53, 0x0A33, 
    0x0212, 0x0212, 0x0212, 0x0212, 0x0233, 0x0A33, 0x0233, 0x0A33, 0x0A33, 0x0A13, 0x0233, 0x0A33, 
    0x0A33, 0x0A32, 0x0232, 0x0212, 0x0212, 0x0A32, 0x0233, 0x0233, 0x0233, 0x0233, 0x0A32, 0x0A32, 
    0x0232, 0x0A32, 0x0232, 0x0A32, 0x0212, 0x0232, 0x0A33, 0x0A33, 0x0A33, 0x0A33, 0x0A33, 0x0233, 
    0x0212, 0x0212, 0x0212, 0x0232, 0x0A33, 0x0A33, 0x0233, 0x0233, 0x0233, 0x0232, 0x0A32, 0x0A32, 
    0x0233, 0x0A33, 0x0A33, 0x0233, 0x0233, 0x0233, 0x0233, 0x0232, 0x0212, 0x0212, 0x0212, 0x0212, 
    0x0212, 0x0212, 0x0212, 0x0232, 0x0212, 0x0212, 0x0212, 0x0233, 0x0232, 0x0232, 0x0212, 0x0212, 
    0x0232, 0x0232, 0x0A33, 0x0A32, 0x0A12, 0x0212, 0x0212, 0x0212, 0x0212, 0x0212, 0x0212, 0x0212, 
    0x0212, 0x0212, 0x0212, 0x0212, 0x0A32, 0x0A32, 0x0A32, 0x0A32, 0x0212, 0x0212, 0x0212, 0x0232, 
    0x0233, 0x0212, 0x0232, 0x0212, 0x0212, 0x0212, 0x0212, 0x0212, 0x0212, 0x0212, 0x0212, 0x0232, 
    0x0253, 0x01CF, 0x0001, 0x6AA6, 0xB48B, 0xBCAC, 0xD590, 0xE632, 0xDE12, 0xD5B0, 0xCD6E, 0xCD4E, 
    0xC50C, 0xC4EC, 0xC4EC, 0xC50D, 0xC4EC, 0xB46B, 0xAC2A, 0x72A6, 0x0000, 0x00A5, 0x0232, 0x0233, 
    0x0232, 0x0233, 0x0233, 0x0212, 0x0212, 0x0233, 0x0233, 0x0233, 0x0233, 0x0A33, 0x0A33, 0x0A33, 
    0x0A33, 0x0A33, 0x0A33, 0x0A33, 0x0A33, 0x0233, 0x0233, 0x0233, 0x0A33, 0x0A33, 0x0A33, 0x0A33, 
    0x0A33, 0x0233, 0x0232, 0x0233, 0x0233, 0x0233, 0x0233, 0x0A33, 0x0A33, 0x0A33, 0x0233, 0x0A33, 
    0x0A33, 0x0A33, 0x0233, 0x0233, 0x0233, 0x0212, 0x0212, 0x0233, 0x0A33, 0x0A33, 0x0A33, 0x0A33, 
    0x0A33, 0x0A33, 0x0A33, 0x0A32, 0x0233, 0x0A33, 0x0A33, 0x0233, 0x0233, 0x0233, 0x0A33, 0x0A33, 
    0x0A33, 0x0A33, 0x0A33, 0x0A33, 0x0A33, 0x0A33, 0x0A33, 0x0A33, 0x0233, 0x0A32, 0x0A12, 0x0A33, 
    0x0A12, 0x0233, 0x0233, 0x0232, 0x0212, 0x0A32, 0x0A32, 0x0A32, 0x0A32, 0x0A32, 0x0233, 0x0233, 
    0x0233, 0x0233, 0x0233, 0x0233, 0x0212, 0x0233, 0x0A33, 0x0A33, 0x0A33, 0x0A33, 0x0A33, 0x0A33, 
    0x0A33, 0x0233, 0x0A33, 0x0233, 0x0A33, 0x0A33, 0x0212, 0x0233, 0x0213, 0x0212, 0x0212, 0x0212, 
    0x0233, 0x0233, 0x0233, 0x0A33, 0x0A33, 0x0A53, 0x0A33, 0x0A33, 0x0A33, 0x0A33, 0x0A53, 0x0A53, 
    0x0A53, 0x0A33, 0x0A33, 0x0A33, 0x0A33, 0x0233, 0x0233, 0x0233, 0x0233, 0x0A33, 0x0A53, 0x0A53, 
    0x0A53, 0x0A53, 0x0A33, 0x0A33, 0x0A53, 0x0A53, 0x0A33, 0x0A33, 0x0A33, 0x0A33, 0x0A53, 0x0A33, 
    0x0A33, 0x0A33, 0x0A33, 0x0A33, 0x0A33, 0x0A33, 0x0A33, 0x0A33, 0x0A33, 0x0A33, 0x0A33, 0x0A33, 
    0x0A33, 0x0A33, 0x0253, 0x0233, 0x0A53, 0x0A53, 0x0A33, 0x0233, 0x0233, 0x0233, 0x0233, 0x0233, 
    0x0233, 0x0233, 0x0A33, 0x0A33, 0x0233, 0x0233, 0x0A33, 0x0A33, 0x0A53, 0x0A33, 0x0233, 0x0233, 
    0x0233, 0x0233, 0x0A33, 0x0A33, 0x0A33, 0x0233, 0x0233, 0x0A33, 0x0A33, 0x0A33, 0x0233, 0x0233, 
    0x0233, 0x0233, 0x0233, 0x0A33, 0x0A33, 0x0A33, 0x0A33, 0x0A33, 0x0233, 0x0233, 0x0233, 0x0233, 
    0x0A33, 0x0233, 0x0233, 0x0233, 0x0233, 0x0233, 0x0A33, 0x0A33, 0x0A33, 0x0A53, 0x0A53, 0x0A53, 
    0x01AE, 0x0001, 0x72E6, 0xB48B, 0xCD2D, 0xDDD0, 0xDE12, 0xD590, 0xCD2E, 0xC50D, 0xC4CC, 0xBCCB, 
    0xC4CC, 0xC4CC, 0xBCCC, 0xBCCC, 0xBCCB, 0xC4CC, 0xC4CB, 0xAC2A, 0x7B07, 0x1081, 0x00A7, 0x0212, 
    0x0233, 0x0A53, 0x0A33, 0x0A33, 0x0A33, 0x0A33, 0x0233, 0x0A53, 0x0A53, 0x0A53, 0x0A53, 0x0A53, 
    0x0A53, 0x0A33, 0x0A53, 0x0A53, 0x0A53, 0x0A53, 0x0A53, 0x0A33, 0x0A33, 0x0A33, 0x0A33, 0x0A53, 
    0x0A33, 0x0233, 0x0233, 0x0A33, 0x0A53, 0x0A53, 0x0A53, 0x0A53, 0x0A53, 0x0A33, 0x0A33, 0x0233, 
    0x0233, 0x0A33, 0x0A33, 0x0A53, 0x0233, 0x0233, 0x0233, 0x0253, 0x0A53, 0x0A53, 0x0A53, 0x0253, 
    0x0A53, 0x0A33, 0x0A33, 0x0A33, 0x0A53, 0x0A53, 0x0A53, 0x0233, 0x0233, 0x0A33, 0x0A53, 0x0A53, 
    0x0A53, 0x0A53, 0x0A53, 0x0A53, 0x0A53, 0x0A33, 0x0A53, 0x0A53, 0x0A33, 0x0A33, 0x0A33, 0x0A33, 
    0x0A33, 0x0A33, 0x0A33, 0x0A33, 0x0A33, 0x0A33, 0x0A33, 0x0A33, 0x0A33, 0x0A33, 0x0A33, 0x0233, 
    0x0233, 0x0A33, 0x0A33, 0x0233, 0x0233, 0x0233, 0x0233, 0x0A33, 0x0A33, 0x0A33, 0x0A33, 0x0A33, 
    0x0A33, 0x0A33, 0x0A33, 0x0233, 0x0A33, 0x0A33, 0x0A33, 0x0A33, 0x0A33, 0x0233, 0x0233, 0x0233, 
    0x0233, 0x0A33, 0x0233, 0x0A33, 0x0A53, 0x0A53, 0x0A53, 0x0A33, 0x0A53, 0x0A53, 0x0A53, 0x0A53, 
    0x0A53, 0x0A53, 0x0A53, 0x0A53, 0x0A53, 0x0A53, 0x0233, 0x0A33, 0x0233, 0x0233, 0x0A53, 0x0A53, 
    0x0A53, 0x0A53, 0x0A53, 0x0A53, 0x0A53, 0x0A53, 0x0A53, 0x0A33, 0x0A33, 0x0A33, 0x0A33, 0x0A53, 
    0x0A53, 0x0A33, 0x0A33, 0x0A53, 0x0A53, 0x0A53, 0x0A33, 0x0A53, 0x0A53, 0x0A53, 0x0A33, 0x0A33, 
    0x0A53, 0x0A53, 0x0A53, 0x0A53, 0x0A53, 0x0A53, 0x0A53, 0x0A33, 0x0A53, 0x0253, 0x0253, 0x0A53, 
    0x0A53, 0x0A33, 0x0A33, 0x0A33, 0x0233, 0x0A53, 0x0A53, 0x0A53, 0x0A53, 0x0A53, 0x0A53, 0x0A33, 
    0x0A33, 0x0233, 0x0A33, 0x0A33, 0x0A33, 0x0A33, 0x0A53, 0x0A53, 0x0A53, 0x0A33, 0x0A53, 0x0A33, 
    0x0A53, 0x0A33, 0x0A33, 0x0233, 0x0A33, 0x0A33, 0x0A33, 0x0A53, 0x0A33, 0x0A33, 0x0253, 0x0A53, 
    0x0A53, 0x0A53, 0x0A33, 0x0233, 0x0233, 0x0233, 0x0233, 0x0233, 0x0A33, 0x0233, 0x0253, 0x0211, 
    0x0042, 0x5204, 0xBCAB, 0xD56F, 0xD58F, 0xDDD1, 0xD56F, 0xC4EC, 0xBCAB, 0xC4EC, 0xC4CC, 0xBCAB, 
    0xC4CC, 0xC4CC, 0xBCCC, 0xBCAB, 0xBCAB, 0xBCAB, 0xBC8A, 0xC4CB, 0xC4EC, 0x72A6, 0x18A1, 0x00C7, 
    0x0253, 0x0233, 0x0233, 0x0A33, 0x0A33, 0x0A33, 0x0A33, 0x0A33, 0x0A33, 0x0A53, 0x0A33, 0x0A53, 
    0x0A53, 0x0A53, 0x0A53, 0x0A53, 0x0A53, 0x0A53, 0x0A53, 0x0A53, 0x0A53, 0x0A53, 0x0A53, 0x0A33, 
    0x0A33, 0x0A33, 0x0A33, 0x0A33, 0x0A53, 0x0A53, 0x0A53, 0x0A53, 0x0A53, 0x0A53, 0x0A53, 0x0A33, 
    0x0A33, 0x0A33, 0x0A53, 0x0A53, 0x0A53, 0x0253, 0x0253, 0x0253, 0x0A53, 0x0A53, 0x0A53, 0x0A53, 
    0x0A53, 0x0A53, 0x0A53, 0x0A33, 0x0A53, 0x0A53, 0x0A53, 0x0A33, 0x0233, 0x0A53, 0x0A53, 0x0A53, 
    0x0A53, 0x0A53, 0x0A53, 0x0A53, 0x0A53, 0x0233, 0x0A53, 0x0A53, 0x0A53, 0x0A33, 0x0A33, 0x0A33, 
    0x0A33, 0x0A53, 0x0A53, 0x0A53, 0x0A53, 0x0A53, 0x0A53, 0x0A53, 0x0A53, 0x0A53, 0x0A53, 0x0A53, 
    0x0A53, 0x0A53, 0x0A33, 0x0A33, 0x0233, 0x0253, 0x0253, 0x0A53, 0x0A53, 0x0A53, 0x0A53, 0x0A53, 
    0x0A53, 0x0A53, 0x0A53, 0x0233, 0x0A53, 0x0A53, 0x0A33, 0x0A53, 0x0A53, 0x0253, 0x0233, 0x0233, 
    0x0212, 0x0212, 0x0212, 0x0212, 0x0212, 0x0A32, 0x0A32, 0x0A12, 0x0212, 0x0233, 0x0233, 0x0213, 
    0x0213, 0x0A33, 0x0A32, 0x0A33, 0x0A33, 0x0A32, 0x0212, 0x0212, 0x0212, 0x0212, 0x0232, 0x0232, 
    0x0A32, 0x0A32, 0x0A32, 0x0A32, 0x0A33, 0x0233, 0x0233, 0x0212, 0x0212, 0x0A32, 0x0A32, 0x0A33, 
    0x0A33, 0x0233, 0x0A33, 0x0A33, 0x0A33, 0x0A33, 0x0232, 0x0A33, 0x0233, 0x0212, 0x0212, 0x0A32, 
    0x0A32, 0x0A33, 0x0233, 0x0233, 0x0A33, 0x0A33, 0x0A33, 0x0233, 0x0213, 0x0233, 0x0233, 0x0233, 
    0x0212, 0x0A12, 0x0A12, 0x0212, 0x0233, 0x0233, 0x0233, 0x0A33, 0x0233, 0x0A33, 0x0A33, 0x0A33, 
    0x0A33, 0x0A33, 0x0A32, 0x0212, 0x0212, 0x0A33, 0x0233, 0x0233, 0x0233, 0x0233, 0x0233, 0x0233, 
    0x0A33, 0x0A33, 0x0233, 0x0233, 0x0212, 0x0233, 0x0233, 0x0233, 0x0232, 0x0232, 0x0233, 0x0212, 
    0x0232, 0x0212, 0x0212, 0x0212, 0x0212, 0x0212, 0x0233, 0x0233, 0x0233, 0x0233, 0x0212, 0x0084, 
    0x20E2, 0xB48B, 0xCD2D, 0xDDD1, 0xDDF1, 0xD58F, 0xC4CB, 0xBCAB, 0xBCCB, 0xC4CC, 0xC4CC, 0xC4CC, 
    0xC4CC, 0xBCCC, 0xBCAB, 0xBCAB, 0xC4CB, 0xC4CB, 0xBCAB, 0xBCCC, 0xBCCC, 0xBC8B, 0x5A24, 0x0840, 
    0x0109, 0x0212, 0x0212, 0x0212, 0x0212, 0x0212, 0x0A32, 0x0A32, 0x0A32, 0x0A32, 0x0A32, 0x0A32, 
    0x0A32, 0x0A32, 0x0A12, 0x0A32, 0x0A33, 0x0A32, 0x0233, 0x0233, 0x0A33, 0x0A33, 0x0233, 0x0232, 
    0x0213, 0x0212, 0x0212, 0x0232, 0x0A33, 0x0233, 0x0212, 0x0233, 0x0233, 0x0233, 0x0A33, 0x0A33, 
    0x0213, 0x0213, 0x0232, 0x0A33, 0x0233, 0x0233, 0x0233, 0x0233, 0x0233, 0x0233, 0x0233, 0x0A33, 
    0x0233, 0x0233, 0x0A32, 0x0212, 0x0212, 0x0233, 0x0213, 0x0212, 0x0213, 0x0233, 0x0233, 0x0233, 
    0x0233, 0x0233, 0x0A33, 0x0233, 0x0233, 0x0233, 0x0233, 0x0233, 0x0A33, 0x0233, 0x0A33, 0x0212, 
    0x0212, 0x0212, 0x0233, 0x0A33, 0x0A33, 0x0233, 0x0213, 0x0213, 0x0213, 0x0233, 0x0233, 0x0232, 
    0x0212, 0x0212, 0x0212, 0x0232, 0x0213, 0x0233, 0x0A32, 0x0212, 0x0212, 0x0232, 0x0233, 0x0233, 
    0x0233, 0x0233, 0x0233, 0x0212, 0x0A33, 0x0A33, 0x0A33, 0x0A33, 0x0A33, 0x0233, 0x0A33, 0x0233, 
    0x0A53, 0x0A33, 0x0A33, 0x0A53, 0x0A53, 0x0A53, 0x0A53, 0x0A53, 0x0A53, 0x0A53, 0x0A53, 0x0A53, 
    0x0A53, 0x0A53, 0x0A53, 0x0A53, 0x0A53, 0x0A53, 0x0A53, 0x0A53, 0x0A53, 0x0A53, 0x0A53, 0x0A53, 
    0x0A53, 0x0A53, 0x0A53, 0x0A53, 0x0A53, 0x0A53, 0x0A53, 0x0A53, 0x0A53, 0x0A53, 0x0A53, 0x0A53, 
    0x0A53, 0x0A53, 0x0A53, 0x0A53, 0x0A53, 0x0A53, 0x0A53, 0x0A53, 0x0A53, 0x0A53, 0x0A53, 0x0A53, 
    0x0A53, 0x0A53, 0x0A53, 0x0A53, 0x0A53, 0x0A53, 0x0A53, 0x0A53, 0x0A53, 0x0A53, 0x0A53, 0x0A53, 
    0x0A33, 0x0A33, 0x0A53, 0x0A53, 0x0A53, 0x0A53, 0x0A53, 0x0A53, 0x0A53, 0x0A53, 0x0A53, 0x0A53, 
    0x0A53, 0x0A53, 0x0A53, 0x0A53, 0x0A53, 0x0A53, 0x0A53, 0x0A53, 0x0A53, 0x0A53, 0x0A53, 0x0A53, 
    0x0A53, 0x0A53, 0x0A53, 0x0A53, 0x0A53, 0x0A53, 0x0A53, 0x0A53, 0x0A53, 0x0A53, 0x0A53, 0x0A53, 
    0x0A53, 0x0A33, 0x0A33, 0x0233, 0x0233, 0x0A53, 0x0A53, 0x0A53, 0x0A53, 0x0A54, 0x09EF, 0x0000, 
    0x9BC9, 0xD52C, 0xD56E, 0xDDD0, 0xD56E, 0xC4CC, 0xBCAB, 0xBCAB, 0xC4CB, 0xC4CB, 0xC4CB, 0xC4CC, 
    0xC4CB, 0xBCAB, 0xBCAB, 0xBCAB, 0xBCAB, 0xC4CC, 0xC4CC, 0xBCAB, 0xBCAC, 0xB44A, 0xA409, 0x49A3, 
    0x0022, 0x0A32, 0x0A33, 0x0A53, 0x0A53, 0x0A53, 0x0A53, 0x0A53, 0x0A33, 0x0A53, 0x0A53, 0x0A53, 
    0x0A53, 0x0A53, 0x0A53, 0x0A53, 0x0A53, 0x0A53, 0x0A53, 0x0A53, 0x0A53, 0x0A53, 0x0A53, 0x0A53, 
    0x0A53, 0x0A53, 0x0A53, 0x0A53, 0x0A53, 0x0A53, 0x0A53, 0x0A53, 0x0A53, 0x0A53, 0x0A53, 0x0A53, 
    0x0A53, 0x0A53, 0x0A53, 0x0A53, 0x0A53, 0x0A53, 0x0253, 0x0253, 0x0A53, 0x0A53, 0x0A53, 0x0A53, 
    0x0A53, 0x0A53, 0x0A53, 0x0A53, 0x0A53, 0x0A53, 0x0A53, 0x0A53, 0x0A53, 0x0A53, 0x0A53, 0x0A53, 
    0x0A53, 0x0A53, 0x0A53, 0x0A53, 0x0A53, 0x0A53, 0x0A53, 0x0A53, 0x0A53, 0x0A53, 0x0A53, 0x0A53, 
    0x0A53, 0x0A53, 0x0A53, 0x0A53, 0x0A53, 0x0A53, 0x0A53, 0x0A53, 0x0A53, 0x0A53, 0x0A53, 0x0A53, 
    0x0A53, 0x0A53, 0x0A53, 0x0A53, 0x0A53, 0x0A53, 0x0A53, 0x0A53, 0x0A53, 0x0253, 0x0A53, 0x0A53, 
    0x0A53, 0x0A53, 0x0A53, 0x0A53, 0x0A53, 0x0A53, 0x0A53, 0x0A53, 0x0A53, 0x0A53, 0x0A53, 0x0A53, 
    0x0232, 0x0212, 0x0212, 0x0232, 0x0A32, 0x0A32, 0x0A32, 0x0A12, 0x0A12, 0x0212, 0x0A33, 0x0233, 
    0x0212, 0x0A12, 0x0A32, 0x0212, 0x0212, 0x0212, 0x0212, 0x0212, 0x0A33, 0x0A33, 0x0A33, 0x0233, 
    0x0233, 0x0A32, 0x0A33, 0x0A33, 0x0233, 0x0233, 0x0232, 0x0212, 0x0212, 0x0212, 0x0232, 0x0A33, 
    0x0A32, 0x0212, 0x0212, 0x0232, 0x0233, 0x0233, 0x0233, 0x0232, 0x0212, 0x0232, 0x0212, 0x0232, 
    0x0232, 0x0212, 0x0212, 0x0212, 0x0212, 0x0212, 0x0212, 0x0212, 0x0232, 0x0233, 0x0232, 0x0A32, 
    0x0A12, 0x0A12, 0x0A32, 0x0A32, 0x0A32, 0x0A33, 0x0212, 0x0212, 0x0212, 0x0233, 0x0232, 0x0232, 
    0x0232, 0x0232, 0x0233, 0x0233, 0x0233, 0x0233, 0x0233, 0x0232, 0x0212, 0x0212, 0x0A33, 0x0232, 
    0x0233, 0x0233, 0x0A33, 0x0233, 0x0233, 0x0233, 0x0233, 0x0A33, 0x0A33, 0x0232, 0x0212, 0x0212, 
    0x0212, 0x0212, 0x0212, 0x0213, 0x0213, 0x0213, 0x0212, 0x0212, 0x0233, 0x01F0, 0x0882, 0x5A25, 
    0xB46B, 0xCD2C, 0xC4EC, 0xCD2D, 0xC4EC, 0xC4EC, 0xC4CC, 0xC4CB, 0xBCAB, 0xC4CB, 0xC4CB, 0xC4CC, 
    0xC4CC, 0xBCCB, 0xBCCB, 0xBCAB, 0xC4CB, 0xC4EC, 0xC4CC, 0xBCAB, 0xBC8B, 0xB44A, 0xAC2A, 0x6265, 
    0x1081, 0x00E8, 0x0233, 0x0233, 0x0233, 0x0233, 0x0233, 0x0A33, 0x0212, 0x0212, 0x0232, 0x0A32, 
    0x0232, 0x0233, 0x0A32, 0x0A33, 0x0A33, 0x0A33, 0x0A12, 0x0233, 0x0233, 0x0233, 0x0233, 0x0233, 
    0x0233, 0x0233, 0x0232, 0x0212, 0x0212, 0x0212, 0x0212, 0x0212, 0x0233, 0x0233, 0x0212, 0x0212, 
    0x0212, 0x0233, 0x0233, 0x0233, 0x0233, 0x0233, 0x0233, 0x0233, 0x0233, 0x0233, 0x0A33, 0x0A33, 
    0x0A33, 0x0233, 0x0233, 0x0A33, 0x0233, 0x0233, 0x0233, 0x0233, 0x0233, 0x0233, 0x0233, 0x0233, 
    0x0233, 0x0233, 0x0233, 0x0233, 0x0233, 0x0233, 0x0232, 0x0232, 0x0233, 0x0233, 0x0232, 0x0A32, 
    0x0232, 0x0233, 0x0233, 0x0233, 0x0232, 0x0232, 0x0232, 0x0233, 0x0A32, 0x0A32, 0x0212, 0x0212, 
    0x0212, 0x0212, 0x0232, 0x0A33, 0x0A33, 0x0A33, 0x0A33, 0x0A33, 0x0A33, 0x0233, 0x0233, 0x0233, 
    0x0233, 0x0232, 0x0212, 0x0212, 0x0212, 0x0212, 0x0212, 0x0212, 0x0212, 0x0233, 0x0233, 0x0232, 
    0x0A53, 0x0233, 0x0A33, 0x0A33, 0x0A33, 0x0A33, 0x0A33, 0x0A53, 0x0A33, 0x0A33, 0x0233, 0x0233, 
    0x0A33, 0x0A53, 0x0A33, 0x0A33, 0x0A33, 0x0A33, 0x0A33, 0x0A33, 0x0A33, 0x0A53, 0x0A53, 0x0A53, 
    0x0A53, 0x0A53, 0x0A53, 0x0A33, 0x0A53, 0x0A53, 0x0233, 0x0233, 0x0233, 0x0233, 0x0A53, 0x0A53, 
    0x0A33, 0x0A33, 0x0A33, 0x0A33, 0x0A53, 0x0A53, 0x0A53, 0x0A33, 0x0A33, 0x0A33, 0x0A33, 0x0A33, 
    0x0A53, 0x0A33, 0x0A33, 0x0A33, 0x0A33, 0x0A33, 0x0233, 0x0A33, 0x0A53, 0x0A33, 0x0A53, 0x0A53, 
    0x0A33, 0x0A33, 0x0A33, 0x0A33, 0x0A33, 0x0A53, 0x0A33, 0x0A33, 0x0A33, 0x0233, 0x0A53, 0x0A33, 
    0x0A33, 0x0A33, 0x0A53, 0x0253, 0x0A53, 0x0A53, 0x0A53, 0x0A53, 0x0A53, 0x0A33, 0x0233, 0x0233, 
    0x0A53, 0x0A33, 0x0A33, 0x0A53, 0x0A53, 0x0A53, 0x0A53, 0x0A53, 0x0A53, 0x0253, 0x0253, 0x0233, 
    0x0233, 0x0233, 0x0254, 0x01CF, 0x016D, 0x018E, 0x0A53, 0x0A53, 0x0A54, 0x01AE, 0x1061, 0xAC29, 
    0xC4EC, 0xBCAB, 0xB48A, 0xBC8B, 0xBCAB, 0xC4CC, 0xBCCB, 0xBCCB, 0xBCAB, 0xC4CC, 0xC4CC, 0xBCAB, 
    0xC4CB, 0xC4CB, 0xBCCB, 0xC4CC, 0xC4CC, 0xBCAB, 0xC4CC, 0xB46A, 0x8B47, 0x9BC9, 0xA3E9, 0x9388, 
    0x6265, 0x0042, 0x0212, 0x0253, 0x0254, 0x01F0, 0x012A, 0x014B, 0x0212, 0x0A53, 0x0A33, 0x0A53, 
    0x0A53, 0x0A53, 0x0A53, 0x0A53, 0x0A53, 0x0A53, 0x0A53, 0x0A53, 0x0253, 0x0233, 0x0A33, 0x0A53, 
    0x0A53, 0x0A53, 0x0A53, 0x0A33, 0x0A53, 0x0A33, 0x0A33, 0x0233, 0x0233, 0x0233, 0x0233, 0x0233, 
    0x0A53, 0x0A33, 0x0A53, 0x0233, 0x0233, 0x0233, 0x0A33, 0x0A33, 0x0233, 0x0233, 0x0233, 0x0233, 
    0x0A33, 0x0A33, 0x0233, 0x0A53, 0x0A53, 0x0233, 0x0A33, 0x0A33, 0x0A53, 0x0A53, 0x0A53, 0x0A53, 
    0x0A33, 0x0233, 0x0A53, 0x0233, 0x0233, 0x0A53, 0x0A53, 0x0253, 0x0A53, 0x0A53, 0x0A53, 0x0A53, 
    0x0A53, 0x0A53, 0x0A53, 0x0A53, 0x0A33, 0x0A33, 0x0A33, 0x0A53, 0x0A33, 0x0A33, 0x0A33, 0x0A33, 
    0x0233, 0x0232, 0x0A33, 0x0A33, 0x0A33, 0x0A33, 0x0233, 0x0233, 0x0233, 0x0233, 0x0233, 0x0233, 
    0x0A33, 0x0A33, 0x0A53, 0x0233, 0x0A33, 0x0233, 0x0A33, 0x0A33, 0x0A33, 0x0A53, 0x0233, 0x0233, 
    0x0A33, 0x0A33, 0x0A33, 0x0A33, 0x0A33, 0x0A33, 0x0A33, 0x0A33, 0x0A33, 0x0A33, 0x0233, 0x0A33, 
    0x0A53, 0x0A33, 0x0A33, 0x0A33, 0x0A33, 0x0A33, 0x0A33, 0x0233, 0x0233, 0x0A33, 0x0A53, 0x0A53, 
    0x0A53, 0x0A53, 0x0A33, 0x0A53, 0x0A53, 0x0A33, 0x0233, 0x0233, 0x0233, 0x0233, 0x0A33, 0x0A33, 
    0x0A33, 0x0A33, 0x0A33, 0x0A33, 0x0A33, 0x0A33, 0x0A53, 0x0A33, 0x0A33, 0x0A33, 0x0A33, 0x0A33, 
    0x0A33, 0x0A33, 0x0233, 0x0233, 0x0A33, 0x0A33, 0x0233, 0x0233, 0x0233, 0x0233, 0x0233, 0x0A33, 
    0x0A33, 0x0A33, 0x0A33, 0x0A53, 0x0A53, 0x0A33, 0x0A33, 0x0A33, 0x0A33, 0x0A33, 0x0A33, 0x0A53, 
    0x0233, 0x0A33, 0x0A33, 0x0233, 0x0A53, 0x0A53, 0x0A33, 0x0A33, 0x0233, 0x0233, 0x0233, 0x0233, 
    0x0233, 0x0233, 0x0233, 0x0233, 0x0233, 0x0233, 0x0233, 0x0233, 0x0233, 0x0A33, 0x0A33, 0x0A33, 
    0x0233, 0x0233, 0x01AE, 0x1905, 0x2922, 0x2103, 0x016B, 0x0212, 0x0253, 0x018D, 0x1081, 0xB48B, 
    0xBCCB, 0xAC4A, 0x9BA9, 0xBCAB, 0xC50D, 0xCD2D, 0xCD0C, 0xC4EC, 0xC4CB, 0xC4CC, 0xC4EC, 0xBCAB, 
    0xC4CB, 0xC4CC, 0xC4CB, 0xC4EC, 0xC4EC, 0xC4CB, 0xC4CC, 0xBCAB, 0x9368, 0x8327, 0x93A8, 0x9BC8, 
    0x72A6, 0x0042, 0x01F1, 0x0A53, 0x01F0, 0x08E6, 0x3122, 0x20E2, 0x012A, 0x0211, 0x0A53, 0x0A33, 
    0x0A53, 0x0A53, 0x0A53, 0x0A33, 0x0A53, 0x0233, 0x0A53, 0x0A53, 0x0A53, 0x0A33, 0x0A33, 0x0233, 
    0x0233, 0x0A33, 0x0A33, 0x0A33, 0x0233, 0x0A33, 0x0233, 0x0233, 0x0233, 0x0233, 0x0233, 0x0233, 
    0x0233, 0x0A33, 0x0A53, 0x0A33, 0x0A53, 0x0A33, 0x0233, 0x0A33, 0x0233, 0x0233, 0x0233, 0x0233, 
    0x0233, 0x0A33, 0x0233, 0x0A53, 0x0A53, 0x0A33, 0x0A53, 0x0A53, 0x0A53, 0x0A53, 0x0A53, 0x0A53, 
    0x0A33, 0x0A33, 0x0A33, 0x0233, 0x0A33, 0x0A53, 0x0A53, 0x0A53, 0x0A53, 0x0A53, 0x0A53, 0x0A53, 
    0x0A53, 0x0A53, 0x0A33, 0x0A33, 0x0A33, 0x0A33, 0x0A53, 0x0A53, 0x0A53, 0x0A53, 0x0A33, 0x0A33, 
    0x0A33, 0x0A33, 0x0A33, 0x0A33, 0x0A33, 0x0A33, 0x0A33, 0x0A33, 0x0233, 0x0233, 0x0233, 0x0A53, 
    0x0A53, 0x0A53, 0x0A53, 0x0A33, 0x0A33, 0x0A33, 0x0A33, 0x0A53, 0x0A53, 0x0A53, 0x0A53, 0x0233, 
    0x0212, 0x0212, 0x0213, 0x0212, 0x0212, 0x0212, 0x0212, 0x0212, 0x0232, 0x0232, 0x0A32, 0x0A32, 
    0x0A32, 0x0A32, 0x0212, 0x0212, 0x0A33, 0x0233, 0x0233, 0x0233, 0x0233, 0x0A53, 0x0A53, 0x0A53, 
    0x0A53, 0x0A53, 0x0A53, 0x0A53, 0x0A53, 0x0A33, 0x0A33, 0x0A33, 0x0A33, 0x0233, 0x0212, 0x0232, 
    0x0212, 0x0212, 0x0212, 0x0232, 0x0A32, 0x0A33, 0x0A33, 0x0212, 0x0233, 0x0233, 0x0233, 0x0233, 
    0x0212, 0x0212, 0x0213, 0x0213, 0x0212, 0x0212, 0x0213, 0x0213, 0x0212, 0x0212, 0x0213, 0x0213, 
    0x0212, 0x0232, 0x0232, 0x0232, 0x0233, 0x0212, 0x0212, 0x0212, 0x0212, 0x0212, 0x0212, 0x0213, 
    0x0212, 0x0213, 0x0212, 0x0213, 0x0212, 0x0212, 0x0212, 0x0212, 0x0212, 0x0213, 0x0212, 0x0212, 
    0x0212, 0x0212, 0x0213, 0x0213, 0x0233, 0x0233, 0x0233, 0x0213, 0x0213, 0x0213, 0x0213, 0x0213, 
    0x0212, 0x01CF, 0x08A3, 0x7307, 0xDD8F, 0xB48B, 0x18A1, 0x0109, 0x01F1, 0x016D, 0x1061, 0xB46B, 
    0xAC4A, 0x8B67, 0x9BE9, 0xD54E, 0xC50D, 0xAC6B, 0xAC4B, 0xAC2A, 0xBCAB, 0xC4CC, 0xC4CC, 0xC4CB, 
    0xBCCB, 0xBCCB, 0xC4CC, 0xB48B, 0xA40A, 0x9BE9, 0x9BEA, 0xBC8B, 0xBCAC, 0x7AE6, 0x8307, 0x9B88, 
    0x72C6, 0x0021, 0x01CF, 0x01AF, 0x08C5, 0x41A4, 0xDDAE, 0xBCAB, 0x20C1, 0x0108, 0x0211, 0x0232, 
    0x0233, 0x0233, 0x0213, 0x0212, 0x0212, 0x0212, 0x0212, 0x0212, 0x0212, 0x0213, 0x0213, 0x0212, 
    0x0212, 0x0212, 0x0213, 0x0212, 0x0212, 0x0212, 0x0212, 0x0212, 0x0212, 0x0212, 0x0212, 0x0212, 
    0x0212, 0x0212, 0x0212, 0x0212, 0x0212, 0x0212, 0x0212, 0x0213, 0x0233, 0x0213, 0x0213, 0x0213, 
    0x0213, 0x0233, 0x0213, 0x0213, 0x0213, 0x0233, 0x0233, 0x0233, 0x0233, 0x0233, 0x0233, 0x0233, 
    0x0233, 0x0233, 0x0233, 0x0233, 0x0233, 0x0A33, 0x0A33, 0x0212, 0x0233, 0x0233, 0x0233, 0x0233, 
    0x0233, 0x0233, 0x0213, 0x0213, 0x0213, 0x0A33, 0x0233, 0x0233, 0x0233, 0x0A33, 0x0A33, 0x0213, 
    0x0233, 0x0233, 0x0233, 0x0213, 0x0212, 0x0212, 0x0A33, 0x0233, 0x0213, 0x0213, 0x0213, 0x0233, 
    0x0233, 0x0233, 0x0213, 0x0212, 0x0212, 0x0213, 0x0233, 0x0233, 0x0233, 0x0233, 0x0233, 0x0233, 
    0x0233, 0x0233, 0x0233, 0x0233, 0x0233, 0x0A33, 0x0A33, 0x0A53, 0x0A53, 0x0A53, 0x0A53, 0x0A53, 
    0x0A33, 0x0A32, 0x0A32, 0x0232, 0x0212, 0x0233, 0x0A33, 0x0A33, 0x0A33, 0x0233, 0x0A33, 0x0A32, 
    0x0A33, 0x0A32, 0x0A32, 0x0212, 0x0213, 0x0212, 0x0212, 0x0212, 0x0233, 0x0A33, 0x0A32, 0x0A32, 
    0x0A33, 0x0A33, 0x0A33, 0x0A32, 0x0A32, 0x0A32, 0x0A32, 0x0A33, 0x0A53, 0x0A53, 0x0A33, 0x0A33, 
    0x0A33, 0x0A53, 0x0A53, 0x0A53, 0x0A53, 0x0A53, 0x0A53, 0x0253, 0x0253, 0x0253, 0x0A53, 0x0A53, 
    0x0A53, 0x0A53, 0x0A53, 0x0A33, 0x0A33, 0x0A32, 0x0232, 0x0A33, 0x0A53, 0x0A53, 0x0A53, 0x0A53, 
    0x0A53, 0x0A53, 0x0A53, 0x0A53, 0x0253, 0x0233, 0x0233, 0x0233, 0x0233, 0x0253, 0x0253, 0x0233, 
    0x0233, 0x0233, 0x0A33, 0x0233, 0x0233, 0x0233, 0x0233, 0x0233, 0x0233, 0x0A33, 0x0A33, 0x0233, 
    0x0254, 0x0085, 0x7B07, 0xD590, 0xDDD1, 0xC4EC, 0x9BC9, 0x18A1, 0x010A, 0x018D, 0x1060, 0xAC4A, 
    0x9367, 0x9BC9, 0xCD2D, 0xB44A, 0x41A3, 0x0020, 0x0861, 0x1061, 0x72A6, 0xC4EC, 0xBCAB, 0xC4CC, 
    0xBCCB, 0xC4CB, 0xB44A, 0x3143, 0x0020, 0x0840, 0x0020, 0x49C4, 0xBC8B, 0xAC4B, 0x6A86, 0x7B07, 
    0x72A6, 0x0021, 0x01F0, 0x0085, 0x5A45, 0xCD4E, 0xD5B0, 0xC50D, 0xAC09, 0x20E1, 0x018D, 0x0A74, 
    0x0A53, 0x0A53, 0x0233, 0x0253, 0x0253, 0x0A53, 0x0A53, 0x0A53, 0x0A53, 0x0A53, 0x0A53, 0x0A53, 
    0x0A53, 0x0A53, 0x0A53, 0x0253, 0x0A53, 0x0A53, 0x0A53, 0x0A53, 0x0233, 0x0A33, 0x0A53, 0x0A53, 
    0x0A53, 0x0A33, 0x0A33, 0x0233, 0x0233, 0x0253, 0x0253, 0x0A53, 0x0253, 0x0253, 0x0A53, 0x0A53, 
    0x0A53, 0x0A53, 0x0A53, 0x0A53, 0x0A53, 0x0A53, 0x0A53, 0x0A33, 0x0253, 0x0A33, 0x0A33, 0x0233, 
    0x0232, 0x0232, 0x0233, 0x0233, 0x0A33, 0x0A53, 0x0A33, 0x0A33, 0x0A53, 0x0A53, 0x0A33, 0x0233, 
    0x0A53, 0x0253, 0x0A33, 0x0A53, 0x0A53, 0x0A53, 0x0A53, 0x0A33, 0x0A33, 0x0A33, 0x0A33, 0x0233, 
    0x0233, 0x0A33, 0x0A33, 0x0A53, 0x0A53, 0x0A53, 0x0A53, 0x0A53, 0x0A53, 0x0A53, 0x0A53, 0x0A53, 
    0x0A53, 0x0A53, 0x0A53, 0x0A53, 0x0A53, 0x0A53, 0x0A53, 0x0A53, 0x0A53, 0x0A53, 0x0A53, 0x0A53, 
    0x0233, 0x0232, 0x0233, 0x0233, 0x0A33, 0x0A33, 0x0A33, 0x0A33, 0x0A33, 0x0A33, 0x0233, 0x0A33, 
    0x0233, 0x0A32, 0x0A32, 0x0212, 0x0212, 0x0232, 0x0A33, 0x0A53, 0x0A53, 0x0A33, 0x0A33, 0x0A33, 
    0x0A53, 0x0A53, 0x0A53, 0x0A53, 0x0A53, 0x0A53, 0x0A33, 0x0A33, 0x0A33, 0x0A33, 0x0A33, 0x0233, 
    0x0233, 0x0A33, 0x0A32, 0x0A33, 0x0A33, 0x0233, 0x0233, 0x0233, 0x0A33, 0x0233, 0x0233, 0x0233, 
    0x0A33, 0x0A33, 0x0A53, 0x0A53, 0x0A53, 0x0A33, 0x0233, 0x0A33, 0x0233, 0x0A33, 0x0233, 0x0233, 
    0x0233, 0x0A33, 0x0A33, 0x0A33, 0x0A32, 0x0A33, 0x0A33, 0x0232, 0x0233, 0x0233, 0x0233, 0x0232, 
    0x0212, 0x0213, 0x0212, 0x0212, 0x0212, 0x0212, 0x0212, 0x0212, 0x0212, 0x0212, 0x0212, 0x0212, 
    0x0212, 0x0212, 0x0212, 0x0212, 0x0212, 0x0212, 0x0212, 0x0212, 0x0212, 0x0212, 0x0212, 0x0233, 
    0x01D0, 0x0022, 0x6AA6, 0xBCCD, 0xD56F, 0xB44A, 0x7AE6, 0x18A1, 0x012B, 0x018E, 0x0840, 0x9367, 
    0x8327, 0xAC2A, 0xC4CC, 0x5A04, 0x0000, 0x0020, 0x0021, 0x0021, 0x18A1, 0x7AE6, 0xBCCB, 0xBCCC, 
    0xC4EC, 0xA409, 0x3963, 0x0000, 0x0020, 0x0020, 0x0020, 0x0020, 0x5A04, 0xC4EC, 0x8328, 0x6A86, 
    0x5A25, 0x0021, 0x0211, 0x0085, 0x51E4, 0xAC4A, 0xC50D, 0xBCCC, 0xAC09, 0x20C1, 0x0109, 0x0A32, 
    0x0233, 0x0233, 0x0232, 0x0212, 0x0233, 0x0213, 0x0212, 0x0212, 0x0212, 0x0212, 0x0212, 0x0212, 
    0x0212, 0x0212, 0x0212, 0x0212, 0x0212, 0x0212, 0x0212, 0x0212, 0x0212, 0x0212, 0x0212, 0x0212, 
    0x0212, 0x0212, 0x0212, 0x0212, 0x0212, 0x0212, 0x0212, 0x0212, 0x0233, 0x0233, 0x0233, 0x0A53, 
    0x0A53, 0x0A53, 0x0A33, 0x0A33, 0x0A53, 0x0A53, 0x0A33, 0x0A33, 0x0A33, 0x0A33, 0x0A33, 0x0A32, 
    0x0232, 0x0232, 0x0233, 0x0233, 0x0A33, 0x0A53, 0x0A53, 0x0A33, 0x0A33, 0x0A33, 0x0A33, 0x0A33, 
    0x0A33, 0x0A33, 0x0233, 0x0A33, 0x0233, 0x0A33, 0x0A53, 0x0A33, 0x0A53, 0x0A53, 0x0A33, 0x0233, 
    0x0233, 0x0A33, 0x0A33, 0x0A53, 0x0233, 0x0233, 0x0A33, 0x0A53, 0x0A33, 0x0233, 0x0233, 0x0A33, 
    0x0A33, 0x0233, 0x0232, 0x0212, 0x0212, 0x0A12, 0x0232, 0x0A12, 0x0A32, 0x0232, 0x0A33, 0x0233, 
    0x0233, 0x0233, 0x0233, 0x0A33, 0x0A33, 0x0A33, 0x0A33, 0x0A33, 0x0A33, 0x0A33, 0x0233, 0x0A33, 
    0x0A33, 0x0A33, 0x0A32, 0x0232, 0x0232, 0x0A33, 0x0A53, 0x0A53, 0x0A33, 0x0233, 0x0233, 0x0A33, 
    0x0A33, 0x0A53, 0x0A53, 0x0A53, 0x0A33, 0x0233, 0x0233, 0x0A33, 0x0A33, 0x0A33, 0x0233, 0x0233, 
    0x0233, 0x0233, 0x0A33, 0x0A33, 0x0233, 0x0233, 0x0233, 0x0232, 0x0212, 0x0212, 0x0233, 0x0233, 
    0x0233, 0x0233, 0x0233, 0x0233, 0x0A33, 0x0A33, 0x0233, 0x0A33, 0x0233, 0x0A33, 0x0A33, 0x0A33, 
    0x0A33, 0x0A33, 0x0233, 0x0A33, 0x0A32, 0x0A33, 0x0233, 0x0233, 0x0233, 0x0253, 0x0233, 0x0233, 
    0x0233, 0x0233, 0x0233, 0x0233, 0x0233, 0x0233, 0x0233, 0x0233, 0x0233, 0x0233, 0x0233, 0x0233, 
    0x0A33, 0x0233, 0x0233, 0x0233, 0x0233, 0x0233, 0x0233, 0x0233, 0x0253, 0x0233, 0x0233, 0x0109, 
    0x10A2, 0x3964, 0x72C6, 0xB46B, 0xC4CC, 0x8B68, 0x3122, 0x0862, 0x01AF, 0x01AF, 0x0840, 0x6AA6, 
    0x7AE6, 0xBC8B, 0x7B07, 0x0020, 0x0021, 0x0041, 0x0041, 0x0041, 0x0000, 0x2923, 0xC4EC, 0xBCAB, 
    0xC4EC, 0x8348, 0x0000, 0x0021, 0x0021, 0x0021, 0x0041, 0x0021, 0x0861, 0xAC2A, 0x8348, 0x5A05, 
    0x49E4, 0x0021, 0x0212, 0x012A, 0x20C2, 0x72A6, 0xBCAC, 0xBCAB, 0x93A8, 0x49C4, 0x3984, 0x0083, 
    0x018D, 0x0253, 0x0A33, 0x0233, 0x0233, 0x0233, 0x0233, 0x0233, 0x0233, 0x0233, 0x0233, 0x0A33, 
    0x0233, 0x0233, 0x0233, 0x0233, 0x0233, 0x0233, 0x0233, 0x0233, 0x0253, 0x0A53, 0x0A33, 0x0A33, 
    0x0233, 0x0233, 0x0233, 0x0233, 0x0A33, 0x0A33, 0x0A32, 0x0A33, 0x0A33, 0x0233, 0x0233, 0x0A33, 
    0x0A33, 0x0233, 0x0A33, 0x0233, 0x0A33, 0x0A33, 0x0A33, 0x0A33, 0x0A33, 0x0A33, 0x0A33, 0x0A33, 
    0x0232, 0x0232, 0x0233, 0x0233, 0x0233, 0x0A33, 0x0A33, 0x0A33, 0x0A33, 0x0A33, 0x0A33, 0x0A33, 
    0x0A33, 0x0A33, 0x0A33, 0x0A33, 0x0A33, 0x0A33, 0x0A33, 0x0A53, 0x0A53, 0x0A53, 0x0A33, 0x0A33, 
    0x0A33, 0x0233, 0x0233, 0x0A33, 0x0A33, 0x0A33, 0x0A33, 0x0233, 0x0A33, 0x0A33, 0x0233, 0x0A33, 
    0x0A33, 0x0A33, 0x0A33, 0x0A32, 0x0A32, 0x0A33, 0x0A33, 0x0A32, 0x0A32, 0x0A33, 0x0A33, 0x0A33, 
    0x0212, 0x0212, 0x0212, 0x0A13, 0x0A32, 0x0A12, 0x0A12, 0x0A12, 0x0A12, 0x0A12, 0x0212, 0x0212, 
    0x0212, 0x0212, 0x0A32, 0x0A32, 0x0A33, 0x0A33, 0x0A33, 0x0A32, 0x0A12, 0x0212, 0x0213, 0x0213, 
    0x0213, 0x0233, 0x0233, 0x0233, 0x0233, 0x0212, 0x0212, 0x0212, 0x0212, 0x0A32, 0x0232, 0x0212, 
    0x0A12, 0x0233, 0x0212, 0x0232, 0x0212, 0x0212, 0x0212, 0x0212, 0x0212, 0x0213, 0x0233, 0x0233, 
    0x0233, 0x0233, 0x0233, 0x0233, 0x0213, 0x0213, 0x0213, 0x0A12, 0x0212, 0x0A32, 0x0A33, 0x0A33, 
    0x0A33, 0x0A33, 0x0A33, 0x0A32, 0x0232, 0x0233, 0x0233, 0x018E, 0x014B, 0x014C, 0x014B, 0x014B, 
    0x014B, 0x014B, 0x014B, 0x014B, 0x014B, 0x014B, 0x014B, 0x014B, 0x014B, 0x014B, 0x014B, 0x016C, 
    0x016C, 0x014B, 0x014B, 0x014B, 0x014B, 0x014C, 0x016C, 0x016C, 0x016C, 0x016C, 0x0109, 0x18E3, 
    0x93CA, 0xDDAF, 0xBCAC, 0xB46B, 0xB46A, 0x9388, 0x20C1, 0x0022, 0x01AF, 0x01D1, 0x0084, 0x3143, 
    0x72C6, 0xC4CC, 0x6AC7, 0x0000, 0x0041, 0x0041, 0x0041, 0x0041, 0x0020, 0x2923, 0xC4EC, 0xBCAB, 
    0xC4CB, 0x7B28, 0x0000, 0x0041, 0x0041, 0x0041, 0x0041, 0x0041, 0x0021, 0x93C9, 0x8327, 0x41A4, 
    0x2923, 0x00A5, 0x0233, 0x014B, 0x0841, 0x6A86, 0xBCAB, 0xBCAB, 0xB48B, 0xC4ED, 0xCD2D, 0x5225, 
    0x10A3, 0x012A, 0x016C, 0x014C, 0x014C, 0x014C, 0x016C, 0x016C, 0x016C, 0x016C, 0x016C, 0x016C, 
    0x014C, 0x016C, 0x016C, 0x014C, 0x014C, 0x014B, 0x014B, 0x016B, 0x016C, 0x016C, 0x016C, 0x016B, 
    0x014B, 0x014B, 0x014B, 0x014B, 0x01AE, 0x0253, 0x0A33, 0x0A33, 0x0A33, 0x0233, 0x0233, 0x0233, 
    0x0233, 0x0A33, 0x0A33, 0x0A33, 0x0A33, 0x0A33, 0x0212, 0x0212, 0x0212, 0x0A33, 0x0233, 0x0233, 
    0x0233, 0x0233, 0x0233, 0x0233, 0x0233, 0x0233, 0x0233, 0x0232, 0x0A33, 0x0A32, 0x0232, 0x0A33, 
    0x0A33, 0x0233, 0x0A33, 0x0233, 0x0233, 0x0233, 0x0233, 0x0A33, 0x0A33, 0x0A33, 0x0233, 0x0233, 
    0x0233, 0x0233, 0x0213, 0x0212, 0x0212, 0x0212, 0x0212, 0x0212, 0x0A33, 0x0A33, 0x0A32, 0x0A33, 
    0x0A33, 0x0A33, 0x0A53, 0x0A33, 0x0A53, 0x0A53, 0x0A53, 0x0A33, 0x0A33, 0x0A33, 0x0A33, 0x0A33, 
    0x0233, 0x0A33, 0x0A33, 0x0A53, 0x0A53, 0x0A53, 0x0A33, 0x0233, 0x0233, 0x0233, 0x0233, 0x0A33, 
    0x0A53, 0x0A33, 0x0A33, 0x0A53, 0x0A53, 0x0A53, 0x0A53, 0x0A33, 0x0A33, 0x0A53, 0x0A33, 0x0A33, 
    0x0233, 0x0A33, 0x0253, 0x0A53, 0x0233, 0x0A53, 0x0A33, 0x0A33, 0x0A33, 0x0A53, 0x0A33, 0x0A33, 
    0x0A33, 0x0A33, 0x0A33, 0x0A33, 0x0A33, 0x0A53, 0x0A53, 0x0A33, 0x09EF, 0x09EF, 0x01F0, 0x0211, 
    0x0A53, 0x0A53, 0x0A53, 0x0253, 0x0253, 0x0253, 0x0253, 0x0A33, 0x0A53, 0x0A33, 0x0A33, 0x0A53, 
    0x0A53, 0x0A53, 0x0A53, 0x0A53, 0x0A32, 0x0A10, 0x012A, 0x10A2, 0x18C1, 0x18C1, 0x18C1, 0x20C2, 
    0x20C1, 0x20C1, 0x20C1, 0x20C1, 0x20C1, 0x18C1, 0x18C1, 0x18C1, 0x20C1, 0x18C1, 0x18C1, 0x18C1, 
    0x18C1, 0x18C1, 0x20C1, 0x18C1, 0x18C1, 0x18C1, 0x20C2, 0x18C1, 0x18C1, 0x18C1, 0x0000, 0x6266, 
    0xCD2D, 0xCD2E, 0xBCAC, 0xAC4A, 0xA3E9, 0xB48B, 0xAC2A, 0x3983, 0x0862, 0x014C, 0x014C, 0x0000, 
    0x5A45, 0xC4CC, 0x6AC7, 0x0000, 0x0841, 0x0861, 0x0841, 0x0841, 0x0021, 0x41A4, 0xBCCC, 0xBCCC, 
    0xC4EC, 0x8B69, 0x0840, 0x0041, 0x0841, 0x0841, 0x0841, 0x0041, 0x0000, 0x9BE9, 0x8B48, 0x3122, 
    0x0021, 0x018D, 0x0109, 0x1081, 0x6AA6, 0xC4EC, 0xBCAC, 0xB46A, 0xBC8B, 0xCD2D, 0xCD2D, 0xB48B, 
    0x2922, 0x1060, 0x20C1, 0x20C1, 0x20C1, 0x20C1, 0x20C1, 0x18C1, 0x18C1, 0x20C2, 0x20C2, 0x18C1, 
    0x18C1, 0x20C1, 0x18C1, 0x20C1, 0x20C1, 0x18C1, 0x18C1, 0x18C1, 0x18C1, 0x20C2, 0x20C2, 0x20C1, 
    0x20C1, 0x18C1, 0x18C1, 0x18C1, 0x10A2, 0x014B, 0x01F0, 0x0A32, 0x0253, 0x0253, 0x0253, 0x0253, 
    0x0233, 0x0A53, 0x0A53, 0x0A53, 0x0A53, 0x0A53, 0x0A53, 0x0A33, 0x0A32, 0x0A53, 0x0A53, 0x0A32, 
    0x01F0, 0x01F0, 0x01F0, 0x0A32, 0x0A53, 0x0A53, 0x0A53, 0x0A53, 0x0A53, 0x0A53, 0x0A53, 0x0A53, 
    0x0A53, 0x0253, 0x0253, 0x0A53, 0x0A53, 0x0A53, 0x0A53, 0x0A53, 0x0A53, 0x0A53, 0x0A53, 0x0A53, 
    0x0A53, 0x0A53, 0x0A33, 0x0A33, 0x0A33, 0x0A33, 0x0A33, 0x0A33, 0x0A33, 0x0A53, 0x0A53, 0x0A33, 
    0x0A53, 0x0A53, 0x0A53, 0x0A33, 0x0A33, 0x0A33, 0x0A33, 0x0A33, 0x0A33, 0x0A33, 0x0233, 0x0233, 
    0x0A32, 0x0A33, 0x0A33, 0x0A53, 0x0A53, 0x0A53, 0x0A53, 0x0A53, 0x0A53, 0x0A53, 0x0253, 0x0A53, 
    0x0A53, 0x0A53, 0x0A53, 0x0233, 0x0233, 0x0233, 0x0A53, 0x0A53, 0x0A53, 0x0A53, 0x0A53, 0x0A33, 
    0x0A32, 0x0A32, 0x0A53, 0x0A53, 0x0233, 0x0A53, 0x0A53, 0x0A53, 0x0A53, 0x0A53, 0x0A53, 0x0A53, 
    0x0A53, 0x0253, 0x0233, 0x0A53, 0x0A53, 0x0A53, 0x0A73, 0x098C, 0x0021, 0x0021, 0x0000, 0x00C6, 
    0x0253, 0x0A53, 0x0A53, 0x0253, 0x0253, 0x0253, 0x0253, 0x0233, 0x0233, 0x0233, 0x0233, 0x0A33, 
    0x0A33, 0x0A53, 0x09F0, 0x01AE, 0x0109, 0x0021, 0x0000, 0x8B89, 0xD56E, 0xCD4E, 0xCD4E, 0xD58F, 
    0xCD4E, 0xD56E, 0xD56E, 0xD56E, 0xCD4E, 0xCD6E, 0xCD4E, 0xCD4D, 0xCD4E, 0xCD4E, 0xCD4E, 0xCD4E, 
    0xCD6E, 0xCD4E, 0xCD4E, 0xCD4E, 0xCD4E, 0xCD4E, 0xCD4E, 0xCD2E, 0xC50D, 0xBCED, 0x2923, 0x4183, 
    0x9388, 0xAC2A, 0xAC2A, 0x7B07, 0x72C6, 0xAC2A, 0xC4EC, 0xC4CB, 0x5A45, 0x0000, 0x0000, 0x0000, 
    0x5A45, 0xC4EC, 0x8B68, 0x1081, 0x0021, 0x0841, 0x0861, 0x0021, 0x20C2, 0xB48B, 0xC4EC, 0xB48B, 
    0xBCCC, 0xBCAB, 0x7AE7, 0x0021, 0x0841, 0x0841, 0x0841, 0x0020, 0x20C1, 0xAC4A, 0x9368, 0x20C2, 
    0x0000, 0x0020, 0x1881, 0x93C9, 0xC50D, 0xAC6B, 0x8B88, 0x7AE7, 0x9BA8, 0xAC2A, 0xA3E9, 0x7AE7, 
    0x18A1, 0x7B28, 0xCD4D, 0xCD6E, 0xCD4E, 0xCD4E, 0xCD4E, 0xCD4E, 0xCD4D, 0xCD4E, 0xCD6E, 0xCD4E, 
    0xCD4E, 0xCD4D, 0xCD2D, 0xCD4D, 0xCD2D, 0xCD4D, 0xCD4E, 0xCD4E, 0xCD4E, 0xCD6E, 0xCD6E, 0xCD4E, 
    0xCD4E, 0xCD2E, 0xCD2E, 0xCD2E, 0x72E7, 0x0000, 0x0021, 0x012A, 0x01CF, 0x0232, 0x0253, 0x0A53, 
    0x0253, 0x0253, 0x0A53, 0x0A53, 0x0A53, 0x0A53, 0x0A53, 0x0A33, 0x0A33, 0x0A53, 0x0A53, 0x0129, 
    0x0020, 0x0041, 0x0020, 0x0108, 0x0A53, 0x0A53, 0x0A53, 0x0A53, 0x0A53, 0x0A53, 0x0233, 0x0232, 
    0x0233, 0x0233, 0x0232, 0x0232, 0x0233, 0x0233, 0x0233, 0x0A53, 0x0A53, 0x0A53, 0x0A53, 0x0A53, 
    0x0A53, 0x0A53, 0x0A53, 0x0A53, 0x0A53, 0x0A53, 0x0A53, 0x0253, 0x0253, 0x0253, 0x0A53, 0x0A53, 
    0x0A53, 0x0A53, 0x0A53, 0x0A33, 0x0A53, 0x0A33, 0x0A33, 0x0A33, 0x0A33, 0x0A33, 0x0A33, 0x0A53, 
    0x0212, 0x0212, 0x0212, 0x0212, 0x0212, 0x0212, 0x0212, 0x0212, 0x0212, 0x0213, 0x0213, 0x0212, 
    0x0212, 0x0212, 0x0212, 0x0212, 0x0212, 0x0212, 0x0212, 0x0232, 0x0212, 0x0212, 0x0212, 0x0212, 
    0x0212, 0x0212, 0x0212, 0x0212, 0x0232, 0x0232, 0x0212, 0x0212, 0x0212, 0x0232, 0x0233, 0x0233, 
    0x0233, 0x0212, 0x0212, 0x0212, 0x0212, 0x0A53, 0x014B, 0x0861, 0xA46C, 0xB4AD, 0xAC4B, 0x41C4, 
    0x0065, 0x0211, 0x0233, 0x0233, 0x0233, 0x0212, 0x0212, 0x0212, 0x0212, 0x0212, 0x0212, 0x0212, 
    0x0232, 0x0211, 0x0108, 0x0840, 0x5246, 0xA42B, 0x9C0B, 0xAC4C, 0x93CA, 0x9389, 0x93A9, 0x93CA, 
    0x93A9, 0x93CA, 0x93A9, 0x93A9, 0x93A9, 0x93A9, 0x93A9, 0x93C9, 0x9BC9, 0x93C9, 0x93A9, 0x93A9, 
    0x9BC9, 0x93A9, 0x93A9, 0x93A9, 0x93CA, 0x93CA, 0x93AA, 0x93AA, 0x93CA, 0x93AA, 0x41C4, 0x0840, 
    0x51E4, 0x8327, 0x8327, 0x41A4, 0x18C2, 0x6A65, 0x8B27, 0xAC4A, 0xAC2A, 0x7B07, 0x1881, 0x2923, 
    0xB46B, 0xCD0C, 0xCD0D, 0x8327, 0x20C1, 0x0000, 0x0000, 0x2922, 0x93C9, 0xC4CC, 0x9BEA, 0x18E2, 
    0x49E5, 0xC4CB, 0xBCAB, 0x7307, 0x0020, 0x0000, 0x0000, 0x3983, 0xB48C, 0xBCAB, 0x9388, 0x5A45, 
    0x0020, 0x41A3, 0xA42A, 0xB46B, 0x9BE9, 0x72A6, 0x49C4, 0x18A1, 0x5A45, 0x8327, 0x7B07, 0x3983, 
    0x20E2, 0x7B08, 0x93AA, 0x93AA, 0x93A9, 0x93A9, 0x93A9, 0x93A9, 0x93A9, 0x93A9, 0x93A9, 0x93A9, 
    0x93A9, 0x93A9, 0x9389, 0x9389, 0x93A9, 0x9BC9, 0x9BC9, 0x9BEA, 0x9BEA, 0x9BCA, 0x9BCA, 0x9BEA, 
    0x9BEA, 0x9BEA, 0xA40A, 0xA40A, 0x93CA, 0x9C0B, 0x9C0B, 0x3143, 0x0000, 0x01AE, 0x0233, 0x0232, 
    0x0212, 0x0232, 0x0232, 0x0232, 0x0233, 0x0233, 0x0A33, 0x0A32, 0x0232, 0x0A33, 0x00C8, 0x2943, 
    0xB4AC, 0xAC6C, 0xAC8C, 0x2902, 0x00A6, 0x0212, 0x0233, 0x0233, 0x0233, 0x0A33, 0x0A33, 0x0A33, 
    0x0233, 0x0232, 0x0212, 0x0A32, 0x0233, 0x0232, 0x0A32, 0x0A32, 0x0A33, 0x0233, 0x0233, 0x0A33, 
    0x0A33, 0x0A33, 0x0A33, 0x0A32, 0x0A32, 0x0232, 0x0232, 0x0232, 0x0232, 0x0232, 0x0233, 0x0233, 
    0x0233, 0x0A33, 0x0A33, 0x0A33, 0x0232, 0x0232, 0x0A32, 0x0A32, 0x0A33, 0x0A33, 0x0A33, 0x0232, 
    0x0A32, 0x0A33, 0x0A33, 0x0232, 0x0232, 0x0233, 0x0233, 0x0233, 0x0233, 0x0233, 0x0233, 0x0233, 
    0x0233, 0x0A33, 0x0A33, 0x0232, 0x0212, 0x0212, 0x0232, 0x0232, 0x0A32, 0x0A32, 0x0232, 0x0232, 
    0x0232, 0x0232, 0x0A33, 0x0233, 0x0A33, 0x0A33, 0x0A33, 0x0A33, 0x0A33, 0x0A33, 0x0A33, 0x0A33, 
    0x0233, 0x0A33, 0x0A33, 0x0A33, 0x0253, 0x014C, 0x2923, 0x8BA9, 0xDDD0, 0xD56E, 0xC50C, 0x93A9, 
    0x49A3, 0x00A6, 0x0233, 0x0233, 0x0233, 0x0233, 0x0233, 0x0233, 0x0233, 0x0233, 0x0A33, 0x0A33, 
    0x0A53, 0x00E8, 0x3143, 0xB48C, 0x9BEA, 0x9BEA, 0x9389, 0x6266, 0x2922, 0x3122, 0x3123, 0x3123, 
    0x3123, 0x3123, 0x3123, 0x3123, 0x3122, 0x3123, 0x3123, 0x3123, 0x3143, 0x3122, 0x3122, 0x3122, 
    0x3122, 0x3122, 0x2922, 0x3123, 0x3123, 0x3123, 0x3123, 0x3123, 0x3143, 0x2923, 0x2902, 0x0000, 
    0x1081, 0x3963, 0x3142, 0x0041, 0x0042, 0x0861, 0x3102, 0x6A86, 0x9BA8, 0xA3E9, 0x18C1, 0x3963, 
    0x9BC8, 0xB46A, 0xCD2D, 0xC4EC, 0xA40A, 0x7B08, 0x7B28, 0xAC4A, 0xCD0C, 0xB44A, 0x3143, 0x0020, 
    0x1081, 0x6AC7, 0xBCAB, 0xBCAB, 0x7B27, 0x7B28, 0x7B28, 0xA42A, 0xCD4E, 0xBC8B, 0x8307, 0x6245, 
    0x0840, 0x6266, 0xA40A, 0x8328, 0x5204, 0x28E2, 0x0041, 0x0021, 0x18A1, 0x3963, 0x3122, 0x0020, 
    0x18C2, 0x3143, 0x2923, 0x3123, 0x3123, 0x3123, 0x3123, 0x2922, 0x3123, 0x3123, 0x2902, 0x3122, 
    0x3123, 0x2922, 0x3122, 0x3123, 0x3123, 0x3123, 0x3143, 0x3143, 0x3143, 0x3143, 0x3143, 0x3143, 
    0x3143, 0x3143, 0x3963, 0x4184, 0x7B28, 0x9C0B, 0x93CA, 0x72C7, 0x5A45, 0x1082, 0x01CF, 0x0233, 
    0x0233, 0x0233, 0x0233, 0x0233, 0x0A33, 0x0A33, 0x0A33, 0x0A33, 0x0A53, 0x012A, 0x41A4, 0x9BEA, 
    0xE5F0, 0xD56E, 0xCD0D, 0x8348, 0x3963, 0x00C7, 0x0233, 0x0233, 0x0233, 0x0A33, 0x0A53, 0x0A53, 
    0x0A33, 0x0A53, 0x0A53, 0x0A53, 0x0A53, 0x0A53, 0x0A53, 0x0A33, 0x0A33, 0x0A33, 0x0233, 0x0A33, 
    0x0A33, 0x0A33, 0x0A33, 0x0A33, 0x0233, 0x0A32, 0x0A33, 0x0A33, 0x0A33, 0x0A33, 0x0A53, 0x0A33, 
    0x0A33, 0x0A33, 0x0A33, 0x0A53, 0x0A53, 0x0A33, 0x0A33, 0x0A53, 0x0A53, 0x0A33, 0x0A53, 0x0A33, 
    0x0233, 0x0233, 0x0233, 0x0233, 0x0233, 0x0233, 0x0233, 0x0233, 0x0A33, 0x0A53, 0x0A33, 0x0233, 
    0x0233, 0x0A33, 0x0A33, 0x0A33, 0x0233, 0x0233, 0x0233, 0x0A33, 0x0A33, 0x0A33, 0x0233, 0x0233, 
    0x0A33, 0x0A33, 0x0A33, 0x0233, 0x0A33, 0x0A53, 0x0A53, 0x0A53, 0x0A53, 0x0A53, 0x0A53, 0x0A53, 
    0x0A33, 0x0A33, 0x0A33, 0x0233, 0x0253, 0x00C7, 0x4183, 0xC4ED, 0xC4EC, 0xBCAC, 0xB48B, 0xBC8B, 
    0x7AC6, 0x0063, 0x0A32, 0x0233, 0x0233, 0x0233, 0x0233, 0x0233, 0x0233, 0x0233, 0x0A33, 0x0A33, 
    0x0A53, 0x00A7, 0x5205, 0xBCCD, 0x6245, 0x4184, 0x3123, 0x2902, 0x0000, 0x0021, 0x0021, 0x0021, 
    0x0021, 0x0021, 0x0021, 0x0021, 0x0021, 0x0021, 0x0021, 0x0021, 0x0021, 0x0021, 0x0021, 0x0021, 
    0x0021, 0x0021, 0x0021, 0x0021, 0x0021, 0x0021, 0x0021, 0x0021, 0x0021, 0x0021, 0x0001, 0x0021, 
    0x0021, 0x0021, 0x0021, 0x0042, 0x0084, 0x0063, 0x0000, 0x3142, 0x6265, 0x8327, 0x2922, 0x20C2, 
    0x72A5, 0x9BC9, 0xBCAB, 0xCD2D, 0xCD2D, 0xC4EC, 0xAC4A, 0xB48B, 0xCD0C, 0x93A9, 0x0020, 0x0000, 
    0x0000, 0x20E2, 0xAC4A, 0xBC8B, 0xAC2A, 0xB46B, 0xC4CB, 0xC4EC, 0xC4ED, 0xA3E9, 0x6A85, 0x4183, 
    0x0840, 0x6245, 0x72E7, 0x49C4, 0x18C2, 0x0001, 0x0083, 0x0084, 0x0041, 0x0021, 0x0001, 0x0021, 
    0x0021, 0x0021, 0x0021, 0x0021, 0x0021, 0x0021, 0x0021, 0x0021, 0x0021, 0x0021, 0x0021, 0x0021, 
    0x0021, 0x0021, 0x0021, 0x0021, 0x0021, 0x0021, 0x0021, 0x0021, 0x0021, 0x0021, 0x0021, 0x0021, 
    0x0021, 0x0021, 0x0021, 0x0020, 0x3143, 0x2902, 0x3123, 0x8348, 0xA3EA, 0x18A1, 0x01AF, 0x0A53, 
    0x0A53, 0x0A33, 0x0A33, 0x0A33, 0x0233, 0x0A33, 0x0A33, 0x0A53, 0x0A74, 0x0085, 0x72C7, 0xD56E, 
    0xCD2E, 0xBCAC, 0xB48B, 0xB44A, 0x6A65, 0x0043, 0x0A33, 0x0233, 0x0A33, 0x0A33, 0x0233, 0x0A33, 
    0x0233, 0x0A33, 0x0A53, 0x0A53, 0x0A33, 0x0A33, 0x0A33, 0x0233, 0x0A33, 0x0A33, 0x0233, 0x0A33, 
    0x0A33, 0x0A33, 0x0A33, 0x0A33, 0x0233, 0x0233, 0x0A33, 0x0A33, 0x0A33, 0x0A33, 0x0A33, 0x0A33, 
    0x0A33, 0x0233, 0x0A33, 0x0A32, 0x0A33, 0x0A33, 0x0232, 0x0A32, 0x0A32, 0x0A33, 0x0A33, 0x0A33, 
    0x0212, 0x0212, 0x0212, 0x0212, 0x0212, 0x0212, 0x0212, 0x0212, 0x0212, 0x0212, 0x0212, 0x0212, 
    0x0212, 0x0213, 0x0213, 0x0212, 0x0212, 0x0212, 0x0212, 0x0212, 0x0212, 0x0212, 0x0212, 0x0212, 
    0x0212, 0x0212, 0x0212, 0x0212, 0x0212, 0x0232, 0x0233, 0x0233, 0x0233, 0x0233, 0x0233, 0x0233, 
    0x0213, 0x0212, 0x0212, 0x0212, 0x01F0, 0x0086, 0x20C1, 0x7B07, 0xB46B, 0xBCAC, 0xBCAC, 0xB46B, 
    0x6245, 0x0043, 0x01F0, 0x0212, 0x0212, 0x0213, 0x0213, 0x0213, 0x0212, 0x0212, 0x0212, 0x0232, 
    0x0233, 0x00A6, 0x49C4, 0xBCAC, 0x5A45, 0x20E2, 0x72E9, 0x1081, 0x0042, 0x08A4, 0x0884, 0x0084, 
    0x0084, 0x0084, 0x00A4, 0x00A4, 0x0084, 0x00A4, 0x00A4, 0x00A4, 0x00A4, 0x00A4, 0x00A4, 0x00A4, 
    0x00A4, 0x00A4, 0x00A4, 0x00A4, 0x00A4, 0x00A4, 0x00A4, 0x00A4, 0x00A4, 0x00A4, 0x00A4, 0x0084, 
    0x0083, 0x0063, 0x0083, 0x0083, 0x0084, 0x0063, 0x0062, 0x0001, 0x2902, 0x5205, 0x51E5, 0x0840, 
    0x49A3, 0x72A5, 0x9388, 0xAC4A, 0xA3E9, 0x8327, 0x5A24, 0x9BC9, 0xCD0C, 0x4A05, 0x0000, 0x3163, 
    0x18A1, 0x0000, 0x8B68, 0xBCAC, 0x72C6, 0x6A86, 0x8B68, 0xA3E9, 0x93A8, 0x7B07, 0x5205, 0x0020, 
    0x3123, 0x5A25, 0x41A4, 0x0840, 0x0021, 0x0063, 0x0083, 0x0083, 0x0083, 0x0083, 0x0083, 0x0063, 
    0x0084, 0x00A5, 0x00A4, 0x00A4, 0x00A5, 0x08A4, 0x00A4, 0x08A5, 0x00A5, 0x00A5, 0x00A5, 0x00A5, 
    0x00A5, 0x00A5, 0x00A4, 0x00A4, 0x00A4, 0x00A4, 0x08A4, 0x00A4, 0x0084, 0x0084, 0x0084, 0x0084, 
    0x0084, 0x0084, 0x0084, 0x0021, 0x2103, 0x7B6A, 0x2943, 0x72E8, 0x8B68, 0x1061, 0x016D, 0x0233, 
    0x0212, 0x0212, 0x0212, 0x0213, 0x0212, 0x0212, 0x0232, 0x0232, 0x09F1, 0x0064, 0x6AA6, 0xC4EC, 
    0xBCAB, 0xBCAC, 0xBCAB, 0x8B68, 0x3942, 0x0022, 0x01D0, 0x0212, 0x0212, 0x0212, 0x0212, 0x0212, 
    0x0232, 0x0233, 0x0233, 0x0233, 0x0233, 0x0233, 0x0232, 0x0212, 0x0212, 0x0233, 0x0212, 0x0212, 
    0x0212, 0x0213, 0x0233, 0x0213, 0x0213, 0x0212, 0x0212, 0x0212, 0x0A12, 0x0A33, 0x0A33, 0x0A33, 
    0x0233, 0x0233, 0x0A33, 0x0A53, 0x0A53, 0x0A53, 0x0A53, 0x0A33, 0x0A53, 0x0A33, 0x0A33, 0x0A32, 
    0x0233, 0x0253, 0x0A53, 0x0A53, 0x0A53, 0x0A53, 0x0A53, 0x0A53, 0x0A53, 0x0A33, 0x0A33, 0x0A53, 
    0x0A53, 0x0A53, 0x0A53, 0x0A53, 0x0A53, 0x0A53, 0x0A53, 0x0A53, 0x0A53, 0x0A53, 0x0A53, 0x0233, 
    0x0A53, 0x0A53, 0x0A33, 0x0A53, 0x0A53, 0x0A53, 0x0A53, 0x0A53, 0x0A53, 0x0A53, 0x0A53, 0x0A53, 
    0x0233, 0x0A33, 0x0A53, 0x0210, 0x0063, 0x3163, 0x5205, 0x5A04, 0x9388, 0xB44A, 0xBCAB, 0xB46B, 
    0x9BA8, 0x41A3, 0x0022, 0x01AF, 0x0A32, 0x0A53, 0x0A33, 0x0A33, 0x0A33, 0x0A53, 0x0A53, 0x0A53, 
    0x09F0, 0x0021, 0x4A05, 0xBCAC, 0x5205, 0x7309, 0xCD70, 0x5226, 0x0022, 0x08C5, 0x08A5, 0x08A5, 
    0x00A4, 0x00A4, 0x00A4, 0x00A4, 0x00A4, 0x00A4, 0x00A4, 0x00A4, 0x00A4, 0x00A4, 0x00A4, 0x00A4, 
    0x00A4, 0x00A4, 0x00A4, 0x08A4, 0x00A4, 0x00A4, 0x08A5, 0x08A5, 0x08A4, 0x08A4, 0x00A5, 0x00A5, 
    0x00A4, 0x00A4, 0x00A4, 0x08A5, 0x08A5, 0x00A4, 0x00A4, 0x00A4, 0x0882, 0x0840, 0x1061, 0x0861, 
    0x0841, 0x20E2, 0x72A6, 0x72A6, 0x6A65, 0x20C2, 0x3963, 0xA409, 0xC4EC, 0x72E7, 0x5205, 0xB46A, 
    0x8B48, 0x3983, 0x9BA9, 0xB46B, 0x7B06, 0x20C2, 0x3963, 0x7AC6, 0x6A65, 0x20E2, 0x0841, 0x0041, 
    0x1061, 0x0861, 0x0020, 0x0063, 0x00A4, 0x00A4, 0x00A5, 0x00A5, 0x00A5, 0x00A4, 0x00A4, 0x00A4, 
    0x00A5, 0x00A5, 0x00A4, 0x00A5, 0x08A5, 0x08A4, 0x00A5, 0x08A5, 0x00A5, 0x00A4, 0x00A4, 0x00A5, 
    0x00A5, 0x00A5, 0x08A5, 0x00A4, 0x08A4, 0x00A4, 0x08A4, 0x08A4, 0x08A4, 0x08A5, 0x08A5, 0x08A5, 
    0x08A5, 0x08A5, 0x08A5, 0x0021, 0x7B4A, 0xB4AE, 0x3964, 0x7B08, 0x93A9, 0x1081, 0x0042, 0x01F0, 
    0x0233, 0x0A33, 0x0A53, 0x0A53, 0x0A53, 0x0A53, 0x0253, 0x01AD, 0x0021, 0x4183, 0xAC4A, 0xC4EC, 
    0xBC8B, 0xB48B, 0xA3E9, 0x6265, 0x3122, 0x3963, 0x0041, 0x01CF, 0x0253, 0x0A53, 0x0A53, 0x0A53, 
    0x0A53, 0x0A53, 0x0A53, 0x0A53, 0x0A53, 0x0A53, 0x0A53, 0x0A53, 0x0A53, 0x0A53, 0x0A53, 0x0A53, 
    0x0A53, 0x0A53, 0x0A53, 0x0A53, 0x0A53, 0x0A53, 0x0A53, 0x0A53, 0x0A53, 0x0A53, 0x0A53, 0x0233, 
    0x0233, 0x0232, 0x0232, 0x0A32, 0x0A32, 0x0212, 0x0A12, 0x0212, 0x0A12, 0x0232, 0x0232, 0x0232, 
    0x0213, 0x0233, 0x0233, 0x0233, 0x0233, 0x0233, 0x0212, 0x0232, 0x0212, 0x0212, 0x0212, 0x0212, 
    0x0212, 0x0233, 0x0232, 0x0233, 0x0A33, 0x0A33, 0x0232, 0x0212, 0x0232, 0x0232, 0x0232, 0x0232, 
    0x0212, 0x0212, 0x0212, 0x0232, 0x0232, 0x0232, 0x0232, 0x0A33, 0x0A32, 0x0A33, 0x0A33, 0x0232, 
    0x0232, 0x0253, 0x01F0, 0x0083, 0x8348, 0xCD0D, 0xCD2D, 0xB46B, 0xB46B, 0xB46B, 0xBCAC, 0xBC8B, 
    0xC4AB, 0xB48B, 0x6AA6, 0x0042, 0x0043, 0x018D, 0x0211, 0x0233, 0x0233, 0x0233, 0x0253, 0x01F0, 
    0x0083, 0x8B89, 0x93A9, 0x8327, 0x41A4, 0x20E2, 0x5226, 0x20E2, 0x0062, 0x08C5, 0x08A5, 0x08A5, 
    0x08A5, 0x08A5, 0x00A4, 0x00A5, 0x00A5, 0x00A5, 0x00A4, 0x00A5, 0x00A5, 0x00A5, 0x00A4, 0x00A4, 
    0x00A5, 0x00A5, 0x00A5, 0x00A5, 0x00A5, 0x00A5, 0x00A5, 0x00A5, 0x08A5, 0x08A5, 0x08A5, 0x00A5, 
    0x00A5, 0x00A5, 0x08A5, 0x08A5, 0x08A5, 0x08A5, 0x08C5, 0x08C5, 0x08A5, 0x0083, 0x0063, 0x0063, 
    0x0083, 0x0882, 0x18A1, 0x18A1, 0x1061, 0x1081, 0x7B06, 0xB46A, 0xBCAB, 0xC4CC, 0xC4CB, 0xBC8B, 
    0xBC8B, 0xBCAB, 0xBC8B, 0xB46B, 0x9BC9, 0x5A25, 0x0861, 0x18C2, 0x18A1, 0x0020, 0x0042, 0x0062, 
    0x0042, 0x0063, 0x00A4, 0x08A4, 0x00A5, 0x08A5, 0x00A5, 0x08A5, 0x00A5, 0x00A5, 0x00A5, 0x08A5, 
    0x00A5, 0x00A5, 0x00A5, 0x00A5, 0x08A5, 0x00A5, 0x00A5, 0x08A5, 0x00A5, 0x00A5, 0x00A4, 0x00A5, 
    0x08A5, 0x08A5, 0x00A5, 0x00A5, 0x00A5, 0x00A4, 0x00A4, 0x00A5, 0x00A5, 0x00A4, 0x00A5, 0x08A5, 
    0x08A5, 0x08A5, 0x00A5, 0x0042, 0x2923, 0x41C5, 0x0861, 0x49E5, 0x8348, 0x9C0A, 0x6AE7, 0x0063, 
    0x0212, 0x0253, 0x0254, 0x0233, 0x01AE, 0x0064, 0x0063, 0x18E3, 0x93C9, 0xC4ED, 0xD56F, 0xBCCC, 
    0xBC8B, 0xBC8B, 0xBCAC, 0xAC4A, 0xB46B, 0xB46B, 0x72E7, 0x0883, 0x018E, 0x0233, 0x0212, 0x0212, 
    0x0232, 0x0212, 0x0232, 0x0232, 0x0212, 0x0212, 0x0212, 0x0212, 0x0212, 0x0212, 0x0232, 0x0A32, 
    0x0A32, 0x0A32, 0x0232, 0x0A33, 0x0233, 0x0A33, 0x0A32, 0x0233, 0x0A33, 0x0A33, 0x0A32, 0x0232, 
    0x0212, 0x0232, 0x0A33, 0x0A33, 0x0A33, 0x0A33, 0x0A33, 0x0A33, 0x0A53, 0x0A33, 0x0A33, 0x0A53, 
    0x0233, 0x0233, 0x0233, 0x0A53, 0x0233, 0x0233, 0x0233, 0x0A33, 0x0A33, 0x0A33, 0x0A33, 0x0A33, 
    0x0233, 0x0233, 0x0233, 0x0A33, 0x0A53, 0x0A53, 0x0A33, 0x0A33, 0x0233, 0x0233, 0x0233, 0x0A33, 
    0x0A33, 0x0A33, 0x0233, 0x0A33, 0x0233, 0x0A33, 0x0A33, 0x0A53, 0x0A53, 0x0A53, 0x0A53, 0x0A53, 
    0x0A53, 0x0A53, 0x01CF, 0x0820, 0xAC2B, 0xD54E, 0xCD4E, 0xBCAC, 0xBC8B, 0xA40A, 0xA40A, 0xBC8B, 
    0xBCCC, 0xCD0D, 0xBCAC, 0x8348, 0x72E7, 0x18C2, 0x0043, 0x00C7, 0x00E7, 0x01F1, 0x0254, 0x01CF, 
    0x0840, 0xB4AC, 0xA3EA, 0x3963, 0x0021, 0x0042, 0x0022, 0x0042, 0x08A4, 0x08A5, 0x08A5, 0x08A5, 
    0x08A5, 0x00A5, 0x00A5, 0x00A4, 0x0062, 0x0022, 0x0022, 0x0022, 0x0022, 0x0042, 0x00A4, 0x08A5, 
    0x00A4, 0x0042, 0x0022, 0x0022, 0x0022, 0x0042, 0x0062, 0x00A4, 0x0063, 0x0042, 0x0042, 0x0022, 
    0x0022, 0x0042, 0x0084, 0x08A5, 0x00A5, 0x0083, 0x0042, 0x0042, 0x0022, 0x0022, 0x0063, 0x0083, 
    0x0083, 0x0041, 0x0000, 0x0000, 0x0000, 0x18A1, 0x9BC9, 0xBC8B, 0x93A8, 0xB46B, 0xBC8B, 0x9BA8, 
    0xBC8B, 0xC4EC, 0x9BE9, 0x5A45, 0x8B88, 0x3963, 0x0000, 0x0000, 0x0000, 0x0000, 0x0001, 0x0001, 
    0x0021, 0x0022, 0x0063, 0x0063, 0x0084, 0x0062, 0x0022, 0x0022, 0x0022, 0x0022, 0x0062, 0x00A4, 
    0x00A5, 0x0063, 0x0022, 0x0022, 0x0042, 0x0022, 0x0042, 0x0084, 0x00A4, 0x0042, 0x0022, 0x0022, 
    0x0022, 0x0022, 0x0022, 0x0022, 0x0022, 0x0022, 0x0022, 0x0022, 0x0062, 0x00A4, 0x08A5, 0x08A5, 
    0x08A5, 0x08A5, 0x08A5, 0x0084, 0x0042, 0x0042, 0x0062, 0x0021, 0x5205, 0xC4ED, 0x8368, 0x0042, 
    0x01F1, 0x01CF, 0x00E8, 0x00C7, 0x0021, 0x5A45, 0x8BAA, 0xA46C, 0xCD4E, 0xCD2E, 0xC50D, 0xAC4A, 
    0xA3E9, 0xBCCC, 0xC4ED, 0xC4ED, 0xC4CC, 0xC4ED, 0x9BC9, 0x1040, 0x016C, 0x0A53, 0x0A33, 0x0A53, 
    0x0A33, 0x0A33, 0x0A53, 0x0A53, 0x0A53, 0x0A53, 0x0A33, 0x0A33, 0x0A53, 0x0A33, 0x0233, 0x0A33, 
    0x0A53, 0x0A53, 0x0A33, 0x0A33, 0x0A33, 0x0A53, 0x0A33, 0x0A53, 0x0A53, 0x0A53, 0x0A53, 0x0A33, 
    0x0A33, 0x0233, 0x0A33, 0x0A33, 0x0A33, 0x0A32, 0x0A32, 0x0A32, 0x0A32, 0x0A33, 0x0A32, 0x0A32, 
    0x0253, 0x0253, 0x0253, 0x0A53, 0x0A33, 0x0A33, 0x0233, 0x0A33, 0x0A33, 0x0A33, 0x0A32, 0x0A32, 
    0x0A33, 0x0233, 0x0233, 0x0233, 0x0A33, 0x0233, 0x0A33, 0x0A53, 0x0A33, 0x0A53, 0x0A33, 0x0A53, 
    0x0A53, 0x0A53, 0x0A53, 0x0A53, 0x0A53, 0x0A53, 0x0A53, 0x0A53, 0x0A53, 0x0A32, 0x0232, 0x0A33, 
    0x0A33, 0x0233, 0x01CF, 0x0020, 0x8B48, 0xB4AC, 0xC4ED, 0xB48B, 0xB46B, 0x8B68, 0x7AE6, 0x8B67, 
    0xA40A, 0xAC6B, 0xBCAB, 0xCD2D, 0xDDAF, 0x9C0A, 0x41A4, 0x41A3, 0x0840, 0x00C7, 0x014B, 0x012A, 
    0x0861, 0xB4AD, 0x9BEA, 0x3143, 0x0021, 0x00A4, 0x00A4, 0x08A5, 0x08A5, 0x08A5, 0x08A5, 0x08A5, 
    0x00A5, 0x00A5, 0x00A5, 0x00A4, 0x0020, 0x3940, 0x4180, 0x4180, 0x4180, 0x1060, 0x0083, 0x08A5, 
    0x0084, 0x1060, 0x4160, 0x3940, 0x4160, 0x3940, 0x0020, 0x0084, 0x0041, 0x3940, 0x4180, 0x3960, 
    0x4160, 0x28E0, 0x0042, 0x08A5, 0x00A4, 0x0041, 0x3140, 0x49A0, 0x4180, 0x49A0, 0x20E0, 0x0042, 
    0x0063, 0x0840, 0x3940, 0x3940, 0x20C0, 0x18A1, 0xA3E9, 0xB46B, 0x41A3, 0xAC2A, 0xBC8B, 0x6244, 
    0xAC2A, 0xC4EC, 0x8B68, 0x18A1, 0x8B25, 0x3921, 0x30E0, 0x4160, 0x4180, 0x4180, 0x4180, 0x4160, 
    0x4180, 0x41A0, 0x28E0, 0x0021, 0x0084, 0x1080, 0x41A0, 0x4180, 0x4180, 0x3940, 0x0020, 0x0084, 
    0x00A4, 0x0021, 0x3120, 0x4180, 0x4180, 0x49A0, 0x18A0, 0x0063, 0x0063, 0x1080, 0x4180, 0x4180, 
    0x4180, 0x4180, 0x4180, 0x4180, 0x4180, 0x4180, 0x4180, 0x4160, 0x0840, 0x0083, 0x08A5, 0x08A5, 
    0x08A5, 0x00A5, 0x08A5, 0x08A5, 0x08A5, 0x08A4, 0x00A4, 0x0001, 0x5205, 0xBCCD, 0x7B28, 0x0021, 
    0x00E9, 0x0883, 0x3963, 0x41C4, 0x7B28, 0xCD2D, 0xD58E, 0xCD6F, 0xB48B, 0xAC6B, 0x9388, 0x8307, 
    0x7B07, 0xA3E9, 0xBCAC, 0xBCAC, 0xBCAC, 0xA40B, 0x7B07, 0x1040, 0x016C, 0x0A53, 0x0A32, 0x0A33, 
    0x0A33, 0x0A33, 0x0A33, 0x0A33, 0x0A33, 0x0A53, 0x0A33, 0x0A33, 0x0A33, 0x0233, 0x0233, 0x0A33, 
    0x0A33, 0x0A33, 0x0A33, 0x0A53, 0x0A53, 0x0A53, 0x0A53, 0x0A53, 0x0A53, 0x0A53, 0x0A53, 0x0A53, 
    0x0A33, 0x0A32, 0x0212, 0x0A12, 0x0212, 0x0A12, 0x0A12, 0x0A12, 0x0A32, 0x0A32, 0x0A32, 0x0212, 
    0x0232, 0x0212, 0x0212, 0x0212, 0x0212, 0x0212, 0x0A12, 0x0232, 0x0A33, 0x0A33, 0x0A33, 0x0A33, 
    0x0A33, 0x0A33, 0x0A33, 0x0232, 0x0232, 0x0232, 0x0A33, 0x0A33, 0x0233, 0x0233, 0x0A32, 0x0A33, 
    0x0A33, 0x0233, 0x0233, 0x0A32, 0x0A32, 0x0A32, 0x0A32, 0x0A32, 0x0A33, 0x0A53, 0x0A53, 0x0A53, 
    0x0A53, 0x0A74, 0x0210, 0x0063, 0x5205, 0x7AE7, 0xAC2A, 0xAC4A, 0x93A9, 0x6A85, 0x3963, 0x3122, 
    0x6265, 0x7AE6, 0x93A8, 0xB46B, 0xB48B, 0xCD0D, 0xDD8E, 0xDD6E, 0x93C9, 0x3143, 0x18A1, 0x0840, 
    0x0861, 0xB4AC, 0x9BE9, 0x3143, 0x0021, 0x00A5, 0x00A4, 0x00A4, 0x00A5, 0x00A5, 0x08A5, 0x08A5, 
    0x00A5, 0x00A5, 0x00A5, 0x0084, 0x0840, 0xC420, 0xE4C0, 0xE4C0, 0xE4E0, 0x3940, 0x0043, 0x08A5, 
    0x0063, 0x3120, 0xDC80, 0xD460, 0xD460, 0xB3E0, 0x0840, 0x0084, 0x0861, 0xBC20, 0xDCA0, 0xD440, 
    0xD480, 0x82E0, 0x0021, 0x00A4, 0x0084, 0x0841, 0xBBE0, 0xDCA0, 0xD440, 0xE480, 0x6A60, 0x0022, 
    0x0063, 0x20E0, 0xCC40, 0xCC20, 0x9300, 0x28E1, 0x72A6, 0x8327, 0x1081, 0x9BA9, 0xAC09, 0x0861, 
    0x8B89, 0xBCCC, 0x72C6, 0x1060, 0x7A20, 0x92A0, 0xAB40, 0xD480, 0xD480, 0xDC80, 0xDC80, 0xD480, 
    0xD460, 0xDC80, 0x82C0, 0x0021, 0x0063, 0x3120, 0xDCC0, 0xDCA0, 0xE4C0, 0xC420, 0x0860, 0x0084, 
    0x00A5, 0x0021, 0xA380, 0xDCA0, 0xD480, 0xDCA0, 0x51C0, 0x0043, 0x0043, 0x4180, 0xE500, 0xDCC0, 
    0xDCC0, 0xDCA0, 0xDCA0, 0xDC80, 0xDC80, 0xDCA0, 0xDCA0, 0xD480, 0x20C0, 0x0063, 0x08A5, 0x08A5, 
    0x08A5, 0x00A5, 0x00A5, 0x08A5, 0x08A5, 0x08A5, 0x00A4, 0x0001, 0x5205, 0xBCCD, 0x7B28, 0x0020, 
    0x18A1, 0x72C6, 0xCD0C, 0xDD8F, 0xDDAF, 0xC4CC, 0xAC4A, 0xA3E9, 0x9BC9, 0x6AA6, 0x6245, 0x3963, 
    0x28E2, 0x6244, 0xA3EA, 0xAC2A, 0x9389, 0x6AA6, 0x5204, 0x0862, 0x016D, 0x0212, 0x0232, 0x0233, 
    0x0232, 0x0232, 0x0232, 0x0212, 0x0213, 0x0A33, 0x0A32, 0x0A12, 0x0212, 0x0212, 0x0212, 0x0212, 
    0x0212, 0x0212, 0x0232, 0x0A32, 0x0A32, 0x0232, 0x0212, 0x0232, 0x0A32, 0x0A33, 0x0A33, 0x0A33, 
    0x0A33, 0x0A33, 0x0A33, 0x0233, 0x0233, 0x0A33, 0x0A53, 0x0A53, 0x0A53, 0x0A53, 0x0A53, 0x0A53, 
    0x0A53, 0x0A53, 0x0A32, 0x0212, 0x0212, 0x0212, 0x0A12, 0x0A12, 0x0A32, 0x0A33, 0x0A32, 0x0A33, 
    0x0A33, 0x0A32, 0x0A32, 0x0A32, 0x0A32, 0x0232, 0x0A32, 0x0A33, 0x0A33, 0x0A33, 0x0A33, 0x0A53, 
    0x0A53, 0x0A53, 0x0A53, 0x0A53, 0x0A53, 0x0A53, 0x0A53, 0x0A53, 0x0A53, 0x0A53, 0x0A53, 0x0A53, 
    0x0A53, 0x0A53, 0x0254, 0x0231, 0x0062, 0x3963, 0x72C6, 0x8307, 0x72A6, 0x2902, 0x0022, 0x0085, 
    0x0041, 0x20C1, 0x6245, 0x72A6, 0x9388, 0x9BE9, 0xB48B, 0xBCAC, 0xC4EC, 0xC4EC, 0xC4CC, 0x72C6, 
    0x0861, 0xB4AC, 0x9BEA, 0x3143, 0x0021, 0x08A5, 0x00A5, 0x00A5, 0x00A5, 0x00A5, 0x00A5, 0x08A5, 
    0x00A5, 0x08A5, 0x00A5, 0x0084, 0x0840, 0xABA0, 0xCC20, 0xCC20, 0xD460, 0x3940, 0x0064, 0x08A5, 
    0x0043, 0x3120, 0xD460, 0xCC20, 0xCC20, 0xB3C0, 0x0840, 0x0063, 0x0840, 0xABA0, 0xCC20, 0xC400, 
    0xCC40, 0x7AA0, 0x0001, 0x08A4, 0x00A5, 0x0861, 0xB3E0, 0xD440, 0xCC20, 0xD440, 0x6220, 0x0001, 
    0x0063, 0x28E0, 0xCC20, 0xCC00, 0xC3C0, 0x8AA0, 0x1060, 0x20C1, 0x0840, 0x6245, 0x6A85, 0x1081, 
    0x6265, 0x72A6, 0x51E4, 0x1060, 0xA340, 0xBBC0, 0xC400, 0xC420, 0xCC20, 0xC420, 0xC420, 0xCC20, 
    0xCC20, 0xD440, 0x7AA0, 0x0022, 0x0043, 0x3120, 0xCC40, 0xCC20, 0xCC40, 0xBBE0, 0x1060, 0x0064, 
    0x00A5, 0x0041, 0x9B40, 0xCC40, 0xC420, 0xD460, 0x51C0, 0x0043, 0x0043, 0x4160, 0xD460, 0xCC40, 
    0xCC40, 0xCC20, 0xCC20, 0xCC20, 0xC400, 0xCC20, 0xCC40, 0xCC40, 0x20C0, 0x0063, 0x08A5, 0x00A5, 
    0x00A5, 0x08A5, 0x08A5, 0x08A5, 0x08A5, 0x08A5, 0x00A5, 0x0001, 0x4A05, 0xBCCC, 0x7308, 0x18C2, 
    0xC4ED, 0xCD2D, 0xBCCC, 0xB48B, 0xAC4B, 0x9BC9, 0x8348, 0x6A86, 0x51E4, 0x0840, 0x0020, 0x0085, 
    0x0084, 0x1881, 0x72C6, 0x7B07, 0x72C6, 0x49C4, 0x0042, 0x016D, 0x01AF, 0x01AF, 0x0A53, 0x0A53, 
    0x0A53, 0x0A53, 0x0A53, 0x0A53, 0x0A53, 0x0A53, 0x0A53, 0x0A53, 0x0A33, 0x0A33, 0x0A53, 0x0A53, 
    0x0A53, 0x0A53, 0x0A53, 0x0A53, 0x0A53, 0x0A53, 0x0A53, 0x0A53, 0x0A53, 0x0A53, 0x0A53, 0x0A53, 
    0x0A53, 0x0A33, 0x0A33, 0x0A33, 0x0A33, 0x0A33, 0x0A33, 0x0A33, 0x0A33, 0x0A33, 0x0A33, 0x0A53, 
    0x0233, 0x0A53, 0x0A53, 0x0A53, 0x0A53, 0x0A33, 0x0A33, 0x0A53, 0x0A53, 0x0A53, 0x0A53, 0x0A33, 
    0x0A33, 0x0A33, 0x0A32, 0x0A32, 0x0232, 0x0232, 0x0232, 0x0233, 0x0A33, 0x0A53, 0x0A53, 0x0A33, 
    0x0A33, 0x0233, 0x0233, 0x0233, 0x0233, 0x0232, 0x0A32, 0x0232, 0x0A32, 0x0212, 0x0212, 0x0A12, 
    0x0212, 0x0232, 0x0233, 0x0212, 0x016D, 0x08A4, 0x1880, 0x18A1, 0x1880, 0x0064, 0x012B, 0x016E, 
    0x012B, 0x0085, 0x0020, 0x1060, 0x28E1, 0x6265, 0x8327, 0x9368, 0x9BE9, 0xAC4A, 0xBCAC, 0x93CA, 
    0x0861, 0xB4AC, 0xA3EA, 0x3963, 0x0021, 0x08A5, 0x08A5, 0x00A5, 0x00A5, 0x00A5, 0x00A5, 0x08A5, 
    0x08A5, 0x08A5, 0x08A5, 0x0084, 0x0840, 0xB3C0, 0xCC20, 0xC400, 0xCC20, 0x3100, 0x0042, 0x0084, 
    0x0022, 0x2900, 0xCC20, 0xC420, 0xCC20, 0xB3E0, 0x0840, 0x0043, 0x0040, 0xAB80, 0xCC20, 0xCC20, 
    0xD460, 0x7AA0, 0x0001, 0x08A5, 0x00A5, 0x0861, 0xB3C0, 0xCC40, 0xC400, 0xD440, 0x6200, 0x0021, 
    0x0063, 0x2900, 0xCC40, 0xCC20, 0xC400, 0xA360, 0x0820, 0x0001, 0x0021, 0x1081, 0x18A2, 0x0020, 
    0x1061, 0x0861, 0x0841, 0x1880, 0xBBC0, 0xC420, 0xCC20, 0xC420, 0xD460, 0xD460, 0xCC40, 0xD440, 
    0xD460, 0xDC80, 0x82C0, 0x0021, 0x0043, 0x3120, 0xD480, 0xCC40, 0xCC20, 0xB3C0, 0x0840, 0x0001, 
    0x0083, 0x0021, 0x9B40, 0xCC40, 0xC420, 0xD460, 0x49A0, 0x0043, 0x0043, 0x4160, 0xD460, 0xCC20, 
    0xCC20, 0xCC40, 0xDC80, 0xD460, 0xCC20, 0xCC40, 0xD460, 0xD480, 0x20C0, 0x0063, 0x08A5, 0x08A5, 
    0x00A5, 0x08A5, 0x08A5, 0x08A5, 0x08A5, 0x08A4, 0x00A5, 0x0001, 0x4A05, 0xBCCD, 0x7308, 0x18A1, 
    0xB46B, 0xB46B, 0xA40A, 0x8327, 0x72A6, 0x5A25, 0x28E2, 0x1060, 0x0021, 0x00C7, 0x0109, 0x016D, 
    0x016D, 0x00C6, 0x1880, 0x18A1, 0x18A1, 0x1082, 0x012A, 0x018E, 0x01D0, 0x0211, 0x0232, 0x0212, 
    0x0212, 0x0212, 0x0212, 0x0212, 0x0212, 0x0A12, 0x0A12, 0x0212, 0x0212, 0x0212, 0x0212, 0x0212, 
    0x0212, 0x0212, 0x0232, 0x0212, 0x0212, 0x0212, 0x0212, 0x0212, 0x0212, 0x0A12, 0x0232, 0x0212, 
    0x0212, 0x0212, 0x0212, 0x0212, 0x0212, 0x0212, 0x0212, 0x0A12, 0x0A32, 0x0212, 0x0A12, 0x0A32, 
    0x0232, 0x0233, 0x0A32, 0x0A32, 0x0232, 0x0232, 0x0232, 0x0232, 0x0A32, 0x0A32, 0x0A32, 0x0A33, 
    0x0A32, 0x0233, 0x0232, 0x0A32, 0x0A32, 0x0A32, 0x0212, 0x0212, 0x0232, 0x0233, 0x0A33, 0x0233, 
    0x0233, 0x0233, 0x0A33, 0x0A33, 0x0A33, 0x0A33, 0x0A33, 0x0A53, 0x0A53, 0x0A33, 0x0A33, 0x0A33, 
    0x0A53, 0x0A53, 0x0A32, 0x0211, 0x0212, 0x014B, 0x00C8, 0x00C7, 0x00E8, 0x012B, 0x016D, 0x016D, 
    0x016D, 0x014C, 0x00E9, 0x00C7, 0x0085, 0x18A2, 0x2922, 0x3983, 0x6AA6, 0x7B07, 0x8B47, 0x7B07, 
    0x0861, 0xB4AC, 0xA40A, 0x3963, 0x0021, 0x08A5, 0x00A4, 0x00A5, 0x00A5, 0x00A5, 0x00A5, 0x08A5, 
    0x08A5, 0x08A5, 0x08A5, 0x0084, 0x0860, 0xBBE0, 0xD440, 0xC400, 0xCC20, 0x9300, 0x3940, 0x0000, 
    0x6220, 0x9B40, 0xC420, 0xC400, 0xCC20, 0xBBE0, 0x0840, 0x0063, 0x0040, 0xA360, 0xCC40, 0xCC20, 
    0xD460, 0x7AA0, 0x0022, 0x08C5, 0x0084, 0x0841, 0xABA0, 0xCC20, 0xCC20, 0xD440, 0x6220, 0x0022, 
    0x0063, 0x2900, 0xCC40, 0xCC20, 0xCC20, 0xB3A0, 0x0840, 0x0063, 0x0063, 0x0062, 0x0062, 0x0042, 
    0x0042, 0x0042, 0x0022, 0x18C0, 0xC420, 0xCC20, 0xCC20, 0xC400, 0x6A60, 0x6220, 0x6220, 0x6A20, 
    0x6A20, 0x6A40, 0x4160, 0x0021, 0x0043, 0x3120, 0xD480, 0xCC60, 0xCC40, 0xC420, 0x8B00, 0x59E0, 
    0x0042, 0x0041, 0x9B40, 0xD460, 0xCC20, 0xD460, 0x49A0, 0x0043, 0x0043, 0x4160, 0xD460, 0xCC20, 
    0xCC20, 0xB3A0, 0x6A40, 0x6A40, 0x6200, 0x6200, 0x6200, 0x6A20, 0x1060, 0x0063, 0x08A5, 0x08A5, 
    0x08A5, 0x08A5, 0x08A5, 0x08A5, 0x00A5, 0x00A5, 0x00A5, 0x0001, 0x49E5, 0xBCCD, 0x7B28, 0x1061, 
    0x8347, 0x8B68, 0x6AA6, 0x28E2, 0x28E1, 0x0883, 0x00A6, 0x00C8, 0x012A, 0x016D, 0x016D, 0x016D, 
    0x016D, 0x014C, 0x00E8, 0x00E8, 0x0108, 0x0109, 0x016D, 0x01AF, 0x0A32, 0x0A32, 0x0A33, 0x0A33, 
    0x0A33, 0x0A33, 0x0A33, 0x0A33, 0x0A33, 0x0A33, 0x0A33, 0x0A33, 0x0A33, 0x0A33, 0x0A32, 0x0A33, 
    0x0A33, 0x0233, 0x0233, 0x0A33, 0x0233, 0x0233, 0x0233, 0x0233, 0x0A33, 0x0A53, 0x0A53, 0x0A33, 
    0x0A33, 0x0A33, 0x0A53, 0x0A33, 0x0A33, 0x0A33, 0x0A33, 0x0A33, 0x0A33, 0x0A33, 0x0A33, 0x0A33, 
    0x0232, 0x0232, 0x0A32, 0x0232, 0x0A33, 0x0232, 0x0233, 0x0232, 0x0232, 0x0A32, 0x0A32, 0x0A32, 
    0x0212, 0x0212, 0x0212, 0x0232, 0x0A32, 0x0232, 0x0212, 0x0212, 0x0212, 0x0233, 0x0233, 0x0233, 
    0x0233, 0x0A33, 0x0A33, 0x0A53, 0x0A53, 0x0A53, 0x0A53, 0x0A53, 0x0A53, 0x0A33, 0x0A33, 0x0A53, 
    0x0A53, 0x0A53, 0x0A33, 0x0A32, 0x0A32, 0x0A32, 0x01CF, 0x018E, 0x01AF, 0x01AF, 0x018E, 0x018E, 
    0x018E, 0x018E, 0x018E, 0x016E, 0x016D, 0x00A6, 0x0064, 0x0064, 0x0841, 0x3143, 0x41A4, 0x5205, 
    0x0841, 0xB4AC, 0xA40A, 0x3963, 0x0021, 0x08A5, 0x00A5, 0x00A5, 0x08A5, 0x00A5, 0x00A5, 0x00A5, 
    0x08A5, 0x08A5, 0x08A5, 0x0084, 0x0840, 0x7A80, 0xAB80, 0xCC40, 0xCC20, 0xD440, 0x6A40, 0x0000, 
    0xA380, 0xE4A0, 0xCC20, 0xC400, 0xAB60, 0x7260, 0x0840, 0x0084, 0x0040, 0xAB80, 0xD440, 0xCC20, 
    0xCC40, 0x7A80, 0x0021, 0x0083, 0x0062, 0x0840, 0xB3C0, 0xCC40, 0xCC20, 0xD440, 0x6A20, 0x0022, 
    0x0063, 0x28E0, 0xCC40, 0xC420, 0xCC20, 0xBC00, 0x0860, 0x0084, 0x00A4, 0x00A4, 0x00A4, 0x0084, 
    0x0084, 0x0084, 0x0063, 0x18C0, 0xC440, 0xCC20, 0xCC20, 0xBBC0, 0x0840, 0x0001, 0x0021, 0x0022, 
    0x0022, 0x0021, 0x0021, 0x0063, 0x0063, 0x3120, 0xD460, 0xCC60, 0xCC40, 0xCC40, 0xD440, 0x8B00, 
    0x0001, 0x0021, 0x9B40, 0xD460, 0xCC40, 0xD460, 0x51A0, 0x0043, 0x0043, 0x4180, 0xD460, 0xCC40, 
    0xCC40, 0x9300, 0x0000, 0x0042, 0x0042, 0x0022, 0x0021, 0x0022, 0x0042, 0x0084, 0x08A5, 0x08A5, 
    0x08A5, 0x08A5, 0x08A5, 0x08A5, 0x00A5, 0x00A5, 0x08A5, 0x0001, 0x49E5, 0xBCCD, 0x7B48, 0x0840, 
    0x3143, 0x3943, 0x1082, 0x0086, 0x0064, 0x014B, 0x01AE, 0x018D, 0x018E, 0x018E, 0x018E, 0x018E, 
    0x01AE, 0x01AF, 0x01AF, 0x018E, 0x01AF, 0x01AF, 0x01AE, 0x0211, 0x0A33, 0x0A53, 0x0A33, 0x0A33, 
    0x0A33, 0x0A33, 0x0A33, 0x0A33, 0x0A33, 0x0A53, 0x0A53, 0x0A53, 0x0A33, 0x0A33, 0x0A33, 0x0A33, 
    0x0A33, 0x0A33, 0x0A33, 0x0A33, 0x0A33, 0x0233, 0x0233, 0x0233, 0x0A53, 0x0A53, 0x0A53, 0x0A53, 
    0x0A33, 0x0A33, 0x0A33, 0x0A33, 0x0A33, 0x0A33, 0x0A33, 0x0A33, 0x0A33, 0x0A33, 0x0A33, 0x0A32, 
    0x0253, 0x0253, 0x0A53, 0x0A53, 0x0A53, 0x0A53, 0x0A33, 0x0A33, 0x0A33, 0x0A33, 0x0A32, 0x0A33, 
    0x0A33, 0x0A33, 0x0A33, 0x0A53, 0x0A53, 0x0A53, 0x0A53, 0x0A33, 0x0A33, 0x0233, 0x0253, 0x0A53, 
    0x0A53, 0x0A53, 0x0A33, 0x0A33, 0x0A33, 0x0233, 0x0A33, 0x0A33, 0x0A32, 0x0232, 0x0232, 0x0233, 
    0x0233, 0x0233, 0x0A32, 0x0A32, 0x0A33, 0x0A73, 0x0A32, 0x01D0, 0x01B0, 0x01D1, 0x01D0, 0x018E, 
    0x01D0, 0x01AF, 0x018E, 0x016E, 0x016E, 0x012B, 0x00E9, 0x00C7, 0x0001, 0x1061, 0x18A1, 0x18A1, 
    0x0840, 0xB4AC, 0xA40A, 0x3963, 0x0021, 0x08A5, 0x08A5, 0x00A5, 0x08A5, 0x08A5, 0x00A5, 0x08A5, 
    0x08A5, 0x08A5, 0x08A5, 0x00A4, 0x0041, 0x0000, 0x59E0, 0xDC80, 0xCC20, 0xCC40, 0x7AA0, 0x2900, 
    0xABA0, 0xD460, 0xCC20, 0xCC40, 0x6200, 0x0000, 0x0042, 0x00A5, 0x0841, 0xABA0, 0xD440, 0xCC00, 
    0xC400, 0xB3C0, 0x9320, 0x1081, 0x28E0, 0x9B40, 0xC400, 0xCC20, 0xC400, 0xD440, 0x6A20, 0x0022, 
    0x0063, 0x28E0, 0xCC40, 0xCC20, 0xCC40, 0xBC00, 0x0860, 0x0084, 0x00A5, 0x08A4, 0x00A5, 0x08A5, 
    0x08A5, 0x08A5, 0x0084, 0x18A0, 0xC420, 0xCC40, 0xCC40, 0xB3A0, 0x0860, 0x0063, 0x0063, 0x0063, 
    0x0063, 0x0084, 0x00A5, 0x00A5, 0x0043, 0x3100, 0xCC40, 0xCC40, 0xCC60, 0xCC40, 0xCC40, 0x9B40, 
    0x28E0, 0x0020, 0x9B40, 0xD460, 0xCC40, 0xD460, 0x49A0, 0x0042, 0x0043, 0x4180, 0xD460, 0xCC40, 
    0xD460, 0x9320, 0x0000, 0x0063, 0x00A5, 0x00A5, 0x0084, 0x0084, 0x08A5, 0x08A5, 0x08A5, 0x08A5, 
    0x08A5, 0x08A5, 0x08A5, 0x08A5, 0x08A5, 0x00A5, 0x08A5, 0x0001, 0x5205, 0xBCED, 0x7B28, 0x0020, 
    0x1061, 0x1061, 0x0883, 0x012B, 0x010A, 0x012A, 0x016D, 0x018D, 0x01AE, 0x01F1, 0x01AF, 0x01AF, 
    0x01F0, 0x01F1, 0x01B0, 0x018E, 0x01AF, 0x01F1, 0x0233, 0x0232, 0x0232, 0x0232, 0x0232, 0x0A33, 
    0x0A32, 0x0A32, 0x0212, 0x0A32, 0x0A33, 0x0A32, 0x0A32, 0x0A32, 0x0A32, 0x0A12, 0x0212, 0x0212, 
    0x0233, 0x0233, 0x0A33, 0x0A33, 0x0A33, 0x0232, 0x0A12, 0x0212, 0x0A33, 0x0A33, 0x0A33, 0x0A33, 
    0x0A33, 0x0A33, 0x0A33, 0x0A33, 0x0A33, 0x0A33, 0x0A33, 0x0A32, 0x0A33, 0x0A33, 0x0A32, 0x0A32, 
    0x0213, 0x0213, 0x0233, 0x0212, 0x0212, 0x0A32, 0x0212, 0x0212, 0x0212, 0x0A12, 0x0212, 0x0212, 
    0x0212, 0x0212, 0x0212, 0x0212, 0x0212, 0x0212, 0x0212, 0x0212, 0x0232, 0x0232, 0x0212, 0x0232, 
    0x0A33, 0x0233, 0x0A33, 0x0A33, 0x0A33, 0x0A33, 0x0A33, 0x0A53, 0x0A53, 0x0A53, 0x0A53, 0x0A53, 
    0x0A73, 0x0A53, 0x0A53, 0x0A33, 0x0A33, 0x0A32, 0x0A11, 0x01F0, 0x09F0, 0x0212, 0x0232, 0x0212, 
    0x0232, 0x01F1, 0x016D, 0x012B, 0x012A, 0x0001, 0x0020, 0x20E2, 0x7B07, 0xAC4A, 0x9BA8, 0x6245, 
    0x0840, 0xB48C, 0xA40A, 0x3963, 0x0021, 0x08A5, 0x00A5, 0x00A5, 0x00A5, 0x08A5, 0x08A5, 0x08A5, 
    0x08A5, 0x08A5, 0x08A5, 0x00A5, 0x00A4, 0x0021, 0x6200, 0xD460, 0xC400, 0xC400, 0xCC20, 0xCC20, 
    0xC400, 0xC400, 0xC400, 0xCC20, 0x6200, 0x0000, 0x0084, 0x00A4, 0x0840, 0xA360, 0xCC00, 0xC400, 
    0xC400, 0xCC20, 0xCC40, 0x1081, 0x3120, 0xCC40, 0xC400, 0xC400, 0xCC00, 0xCC20, 0x5A00, 0x0022, 
    0x0064, 0x28E0, 0xCC40, 0xCC20, 0xCC40, 0xBBE0, 0x0860, 0x0084, 0x08A5, 0x08A5, 0x00A5, 0x08A5, 
    0x00A5, 0x08A5, 0x0084, 0x18A0, 0xC420, 0xCC40, 0xCC40, 0xB3C0, 0x1880, 0x1080, 0x1080, 0x1060, 
    0x0840, 0x0042, 0x00A5, 0x00A5, 0x0063, 0x3100, 0xD440, 0xCC60, 0xCC40, 0xCC40, 0xCC20, 0xCC20, 
    0xC400, 0x1080, 0x9B20, 0xD460, 0xCC20, 0xD460, 0x51A0, 0x0042, 0x0043, 0x4160, 0xCC40, 0xCC40, 
    0xD460, 0xA360, 0x1060, 0x1060, 0x1080, 0x10A0, 0x0840, 0x0062, 0x08A5, 0x08A5, 0x08A5, 0x08A5, 
    0x08C5, 0x08A5, 0x08A5, 0x08A5, 0x00A5, 0x00A4, 0x00A5, 0x0001, 0x5225, 0xBCCC, 0x7308, 0x1081, 
    0x8327, 0x8B68, 0x6265, 0x1061, 0x1061, 0x0000, 0x00E8, 0x016D, 0x01AF, 0x01F1, 0x0211, 0x0211, 
    0x0212, 0x0232, 0x0A11, 0x01CF, 0x01F0, 0x0232, 0x0254, 0x0233, 0x0A33, 0x0A53, 0x0A53, 0x0A53, 
    0x0A53, 0x0A53, 0x0A53, 0x0A53, 0x0A53, 0x0A53, 0x0A53, 0x0A53, 0x0A53, 0x0A53, 0x0A53, 0x0A53, 
    0x0A53, 0x0A53, 0x0A53, 0x0A53, 0x0A53, 0x0A53, 0x0A33, 0x0A53, 0x0A53, 0x0A53, 0x0A53, 0x0A53, 
    0x0A33, 0x0A33, 0x0A53, 0x0A33, 0x0A53, 0x0A53, 0x0A53, 0x0A33, 0x0A33, 0x0A33, 0x0A53, 0x0A53, 
    0x0A53, 0x0A53, 0x0A53, 0x0A53, 0x0A53, 0x0A53, 0x0A53, 0x0A53, 0x0A53, 0x0A53, 0x0A33, 0x0A53, 
    0x0A53, 0x0A33, 0x0A53, 0x0A53, 0x0A53, 0x0A53, 0x0A53, 0x0A53, 0x0A53, 0x0A53, 0x0A53, 0x0A53, 
    0x0A53, 0x0A53, 0x0A53, 0x0A53, 0x0A53, 0x0A53, 0x0A53, 0x0A53, 0x0A33, 0x0A33, 0x0A33, 0x0A33, 
    0x0A33, 0x0A33, 0x0A53, 0x0A53, 0x0A52, 0x00A5, 0x0021, 0x0021, 0x0021, 0x00C7, 0x0232, 0x0233, 
    0x0212, 0x014B, 0x0021, 0x0000, 0x0021, 0x6AC6, 0xAC6B, 0xBCCC, 0xCD4D, 0xC4CC, 0xB46A, 0x7AC6, 
    0x0840, 0xB48C, 0xA40A, 0x3963, 0x0021, 0x08A5, 0x08A5, 0x08A5, 0x08A5, 0x00A5, 0x08A5, 0x08A5, 
    0x08A5, 0x08A5, 0x08A5, 0x08A5, 0x00A4, 0x0084, 0x0861, 0x3100, 0xBBC0, 0xCC20, 0xCC20, 0xCC20, 
    0xC400, 0xC3E0, 0xCC20, 0x51A0, 0x0841, 0x0063, 0x00A4, 0x00A5, 0x0083, 0x18A0, 0x28E0, 0xB3A0, 
    0xCC40, 0xCC40, 0xCC20, 0x4160, 0x5A00, 0xCC40, 0xCC20, 0xD440, 0xA340, 0x20C0, 0x1060, 0x0063, 
    0x0063, 0x20E0, 0xCC40, 0xCC20, 0xCC40, 0xBBE0, 0x0860, 0x0084, 0x08A5, 0x08A5, 0x08A5, 0x08A5, 
    0x08A5, 0x08A5, 0x0084, 0x18C0, 0xC420, 0xCC40, 0xCC20, 0xCC20, 0xBBE0, 0xC400, 0xC400, 0xBC00, 
    0x8B00, 0x0020, 0x0084, 0x00A5, 0x0043, 0x3100, 0xD460, 0xCC60, 0xCC40, 0xCC40, 0xCC40, 0xCC40, 
    0xCC20, 0x51E0, 0xABA0, 0xD440, 0xCC40, 0xD460, 0x49A0, 0x0043, 0x0043, 0x4160, 0xD460, 0xCC40, 
    0xCC40, 0xCC40, 0xC400, 0xB3E0, 0xB3E0, 0xC420, 0x6A40, 0x0022, 0x08A5, 0x08A5, 0x08A5, 0x08A5, 
    0x08C5, 0x08A5, 0x08A5, 0x08A5, 0x00A5, 0x00A5, 0x00A4, 0x0000, 0x5225, 0xBCAC, 0x72C7, 0x1081, 
    0xA40A, 0xBCAB, 0xBCAC, 0xB4AC, 0xB46B, 0x6AA6, 0x1081, 0x0022, 0x0022, 0x012A, 0x0211, 0x0A53, 
    0x0A33, 0x016B, 0x0021, 0x0021, 0x0041, 0x0085, 0x0233, 0x0233, 0x0233, 0x0A33, 0x0233, 0x0A33, 
    0x0A33, 0x0A32, 0x0A33, 0x0A33, 0x0A33, 0x0A33, 0x0A33, 0x0A32, 0x0A32, 0x0A32, 0x0A33, 0x0A33, 
    0x0A33, 0x0A33, 0x0A33, 0x0A33, 0x0A33, 0x0A33, 0x0A33, 0x0A33, 0x0A33, 0x0A33, 0x0A53, 0x0A33, 
    0x0A33, 0x0A33, 0x0A33, 0x0233, 0x0233, 0x0A33, 0x0A33, 0x0A53, 0x0A33, 0x0A33, 0x0A33, 0x0A53, 
    0x0233, 0x0233, 0x0232, 0x0A12, 0x0A12, 0x0A32, 0x0A32, 0x0A32, 0x0A32, 0x0A12, 0x0A12, 0x0A12, 
    0x0A32, 0x0A32, 0x0A32, 0x0A32, 0x0A32, 0x0A32, 0x0A32, 0x0A32, 0x0A32, 0x0A32, 0x0212, 0x0212, 
    0x0212, 0x0212, 0x0A32, 0x0232, 0x0A32, 0x0A32, 0x0A32, 0x0A32, 0x0A32, 0x0A32, 0x0A33, 0x0A33, 
    0x0232, 0x0232, 0x0233, 0x0212, 0x0064, 0x49E4, 0xA40B, 0xA46C, 0x8B89, 0x2923, 0x0043, 0x00A5, 
    0x0043, 0x1061, 0x51E4, 0x93A9, 0xA40A, 0xCD2D, 0xCD0D, 0xC4EC, 0xB44A, 0x9BC9, 0x9367, 0x6265, 
    0x0840, 0xB48C, 0xA40A, 0x3963, 0x0021, 0x08A5, 0x08A5, 0x00A5, 0x00A5, 0x00A5, 0x08A5, 0x08A5, 
    0x08A5, 0x08A5, 0x08A5, 0x08A5, 0x08A4, 0x00A5, 0x0084, 0x0042, 0x4160, 0xCC40, 0xCC20, 0xCC20, 
    0xCC20, 0xC3E0, 0x4980, 0x0861, 0x0085, 0x08A5, 0x08A5, 0x00A5, 0x00A5, 0x0064, 0x0841, 0x9B00, 
    0xC400, 0xCC40, 0xC420, 0xC400, 0xCC40, 0xCC40, 0xCC20, 0xCC00, 0x8AC0, 0x0001, 0x0084, 0x00A5, 
    0x0063, 0x20E0, 0xCC40, 0xCC40, 0xCC40, 0xBC00, 0x0860, 0x0084, 0x08A5, 0x08A5, 0x08A5, 0x08A5, 
    0x08A5, 0x00A5, 0x0063, 0x18C0, 0xCC40, 0xCC20, 0xCC20, 0xCC40, 0xD440, 0xCC20, 0xCC20, 0xD460, 
    0xA380, 0x0020, 0x0084, 0x00A5, 0x0043, 0x3100, 0xD460, 0xCC40, 0xCC40, 0xCC40, 0xCC40, 0xCC40, 
    0xCC40, 0xD440, 0xD440, 0xCC40, 0xCC40, 0xD460, 0x49A0, 0x0043, 0x0043, 0x4160, 0xD460, 0xCC40, 
    0xCC20, 0xCC20, 0xD440, 0xCC40, 0xC400, 0xD440, 0x7280, 0x0022, 0x08A5, 0x08A5, 0x08A5, 0x08A5, 
    0x08A5, 0x08A5, 0x08A5, 0x00A5, 0x08A5, 0x08A4, 0x00A4, 0x0000, 0x5205, 0xB48C, 0x6AC7, 0x1061, 
    0x8327, 0xA42A, 0xB46B, 0xC4CC, 0xC4CB, 0xCD2D, 0xAC4C, 0x93EA, 0x7B28, 0x0020, 0x0023, 0x0085, 
    0x0085, 0x1081, 0x8BA9, 0xA42B, 0x93A9, 0x5225, 0x0063, 0x01F1, 0x0253, 0x0233, 0x0A32, 0x0A32, 
    0x0A32, 0x0A32, 0x0A32, 0x0A12, 0x0A32, 0x0A32, 0x0A32, 0x0A32, 0x0A12, 0x0A12, 0x0A12, 0x0A12, 
    0x0232, 0x0A32, 0x0A33, 0x0A33, 0x0A33, 0x0233, 0x0A33, 0x0A33, 0x0A32, 0x0A32, 0x0A32, 0x0A33, 
    0x0A12, 0x0A12, 0x0A12, 0x0212, 0x0212, 0x0A32, 0x0A33, 0x0A33, 0x0A33, 0x0A33, 0x0A33, 0x0A32, 
    0x0A33, 0x0A33, 0x0A33, 0x0A33, 0x0A33, 0x0A33, 0x0A33, 0x0A33, 0x0A33, 0x0A33, 0x0A32, 0x0232, 
    0x0233, 0x0A53, 0x0A33, 0x0A33, 0x0A33, 0x0233, 0x0A33, 0x0A33, 0x0A33, 0x0A33, 0x0A33, 0x0232, 
    0x0A32, 0x0A32, 0x0A32, 0x0A33, 0x0A33, 0x0A33, 0x0A53, 0x0A33, 0x0A53, 0x0A33, 0x0A33, 0x0A53, 
    0x0A53, 0x0253, 0x0212, 0x00E6, 0x4A05, 0x9C0A, 0xD56E, 0xD56F, 0xC4ED, 0x6AA6, 0x3943, 0x3963, 
    0x6265, 0x9BEA, 0xCD2D, 0xCD2E, 0xC4EC, 0xBC8B, 0xAC2A, 0xA3E9, 0x8B47, 0x6A65, 0x51E4, 0x3122, 
    0x0841, 0xB48C, 0xA3EA, 0x3963, 0x0021, 0x08A5, 0x08A5, 0x00A5, 0x00A5, 0x00A5, 0x00A4, 0x00A5, 
    0x00A5, 0x08A5, 0x08A5, 0x00A5, 0x08A5, 0x08A5, 0x00A4, 0x0022, 0x20C0, 0xCC20, 0xC400, 0xCC40, 
    0xCC40, 0xCC20, 0x1880, 0x0001, 0x0084, 0x00A5, 0x08A5, 0x08A4, 0x00A5, 0x00A5, 0x0063, 0x0020, 
    0x7260, 0xD440, 0xC400, 0xCC20, 0xCC20, 0xCC20, 0xCC40, 0x59C0, 0x1880, 0x0063, 0x08A5, 0x00A5, 
    0x0063, 0x28E0, 0xCC40, 0xCC20, 0xCC40, 0xBC00, 0x0860, 0x0084, 0x08A5, 0x08C5, 0x08C5, 0x08A5, 
    0x00A5, 0x00A5, 0x0084, 0x18C0, 0xC440, 0xCC40, 0xCC40, 0xCC40, 0xD460, 0xCC20, 0xCC20, 0xD440, 
    0xAB80, 0x0020, 0x0084, 0x00A5, 0x0043, 0x3100, 0xCC40, 0xCC40, 0xCC40, 0xCC40, 0xCC40, 0xCC20, 
    0xC420, 0xC400, 0xCC20, 0xCC40, 0xCC40, 0xD460, 0x51A0, 0x0022, 0x0043, 0x4160, 0xD460, 0xCC20, 
    0xC420, 0xCC20, 0xD440, 0xD460, 0xCC20, 0xD440, 0x6A40, 0x0022, 0x08A5, 0x00A5, 0x08A5, 0x08A5, 
    0x00A5, 0x08A5, 0x08A5, 0x08A5, 0x00A5, 0x00A4, 0x00A4, 0x0000, 0x5205, 0xB48C, 0x72C8, 0x1061, 
    0x6265, 0x7AE7, 0x8B47, 0x9388, 0xA3E9, 0xBCCC, 0xCD4E, 0xCD2D, 0xC4ED, 0x6AA7, 0x6286, 0x5204, 
    0x3942, 0x6A86, 0xCD2D, 0xDD8F, 0xBCCC, 0x8B68, 0x4183, 0x08E6, 0x01F1, 0x0A53, 0x0A53, 0x0A33, 
    0x0A33, 0x0233, 0x0A33, 0x0A33, 0x0A33, 0x0A32, 0x0A33, 0x0A33, 0x0A33, 0x0A33, 0x0A33, 0x0A53, 
    0x0A53, 0x0A53, 0x0A53, 0x0A33, 0x0A33, 0x0233, 0x0A33, 0x0A53, 0x0A53, 0x0A53, 0x0233, 0x0233, 
    0x0233, 0x0A32, 0x0A33, 0x0A33, 0x0A33, 0x0A53, 0x0233, 0x0253, 0x0A53, 0x0A53, 0x0A33, 0x0A33, 
    0x0A33, 0x0A33, 0x0A33, 0x0A53, 0x0A53, 0x0A53, 0x0A53, 0x0A53, 0x0A53, 0x0A33, 0x0A33, 0x0233, 
    0x0A33, 0x0A33, 0x0A33, 0x0A33, 0x0A33, 0x0A33, 0x0A33, 0x0A33, 0x0A33, 0x0A33, 0x0A32, 0x0A32, 
    0x0A32, 0x0A32, 0x0A32, 0x0A33, 0x0A33, 0x0A53, 0x0A53, 0x0A53, 0x0A53, 0x0A53, 0x0A33, 0x0A53, 
    0x0A33, 0x0A53, 0x01F0, 0x0840, 0xAC4B, 0xCD2D, 0xBCAC, 0xB48B, 0xB46B, 0xA40A, 0xA40A, 0xD56E, 
    0xD52D, 0xC4CC, 0xB48B, 0xA40A, 0xA40A, 0x8307, 0x7AC6, 0x6245, 0x49C3, 0x20C1, 0x0041, 0x0022, 
    0x0841, 0xB4AC, 0xA3EA, 0x3963, 0x0021, 0x00A5, 0x00A5, 0x00A5, 0x00A5, 0x00A5, 0x00A4, 0x00A4, 
    0x00A4, 0x08A5, 0x08A5, 0x00A5, 0x08A5, 0x00A4, 0x1081, 0x49A0, 0x6220, 0xC400, 0xC400, 0xCC20, 
    0xCC40, 0xCC40, 0x6A20, 0x4160, 0x0041, 0x00A4, 0x00A4, 0x00A4, 0x00A4, 0x00A5, 0x00A4, 0x0001, 
    0x49A0, 0xA340, 0xC400, 0xCC20, 0xCC40, 0xC420, 0xA340, 0x28E0, 0x0001, 0x00A4, 0x08A5, 0x08A5, 
    0x0063, 0x28E0, 0xD440, 0xCC20, 0xCC40, 0xBC00, 0x1060, 0x0084, 0x08A5, 0x08C5, 0x08C5, 0x08A5, 
    0x00A5, 0x00A5, 0x0064, 0x18A0, 0xC420, 0xCC40, 0xCC40, 0xC400, 0x9B20, 0x9320, 0x9300, 0x9B20, 
    0x7A80, 0x0021, 0x00A4, 0x08A5, 0x0063, 0x3100, 0xD440, 0xCC40, 0xCC40, 0xCC40, 0x9B40, 0xBBC0, 
    0xCC20, 0xCC20, 0xCC20, 0xCC40, 0xCC40, 0xD460, 0x51A0, 0x0022, 0x0043, 0x4140, 0xD440, 0xCC40, 
    0xCC40, 0xBBE0, 0x9B20, 0x9B20, 0x9B20, 0x9B20, 0x51A0, 0x0042, 0x08A5, 0x00A5, 0x08A5, 0x08A5, 
    0x08A5, 0x08A5, 0x00A5, 0x08A5, 0x00A5, 0x00A4, 0x00A4, 0x0001, 0x4A05, 0xB4AC, 0x72E8, 0x0020, 
    0x0840, 0x3122, 0x49C3, 0x5A04, 0x8327, 0x93A9, 0xA42A, 0xAC4A, 0xBCAB, 0xCD0C, 0xD54E, 0xBCAC, 
    0xA3E9, 0xAC4A, 0xCD0D, 0xBCAB, 0xB46B, 0xB48C, 0x93A9, 0x1060, 0x018D, 0x0A74, 0x0A53, 0x0A53, 
    0x0253, 0x0233, 0x0233, 0x0A33, 0x0A33, 0x0A33, 0x0A33, 0x0A33, 0x0A53, 0x0A53, 0x0A53, 0x0A53, 
    0x0A53, 0x0A53, 0x0A53, 0x0A53, 0x0A33, 0x0A33, 0x0A33, 0x0A32, 0x0A33, 0x0A33, 0x0A53, 0x0A53, 
    0x0A53, 0x0A33, 0x0A53, 0x0A33, 0x0A53, 0x0A53, 0x0253, 0x0253, 0x0A53, 0x0A53, 0x0A53, 0x0A53, 
    0x0212, 0x0212, 0x0212, 0x0212, 0x0A12, 0x0212, 0x0232, 0x0232, 0x0212, 0x0212, 0x0212, 0x0212, 
    0x0212, 0x0212, 0x0212, 0x0212, 0x0212, 0x0212, 0x0212, 0x0212, 0x0212, 0x0212, 0x0212, 0x0212, 
    0x0212, 0x0212, 0x0212, 0x0212, 0x0212, 0x0212, 0x0233, 0x0233, 0x0A33, 0x0233, 0x0233, 0x0233, 
    0x0233, 0x0233, 0x01AF, 0x0020, 0x93A9, 0xB48B, 0xAC4B, 0x9BE9, 0xA3E9, 0xB48B, 0xC4ED, 0xBCCC, 
    0xB48B, 0xA3E9, 0x8B68, 0x72C6, 0x72A6, 0x5A25, 0x2902, 0x0021, 0x0021, 0x0042, 0x00E9, 0x00EA, 
    0x0841, 0xB48C, 0xA40A, 0x3963, 0x0021, 0x08A5, 0x08A5, 0x08A5, 0x08A5, 0x00A5, 0x00A5, 0x00A5, 
    0x08A5, 0x00A5, 0x08A5, 0x08A5, 0x08A5, 0x0063, 0x3120, 0xDC80, 0xD460, 0xCC20, 0xCC20, 0xCC20, 
    0xC420, 0xCC40, 0xDC60, 0xBBA0, 0x1060, 0x0063, 0x00A5, 0x00A5, 0x00A5, 0x00A5, 0x00A5, 0x0083, 
    0x0020, 0x1060, 0xBBE0, 0xCC40, 0xCC20, 0xBC00, 0x1880, 0x0001, 0x0083, 0x08A5, 0x08A5, 0x00A5, 
    0x0063, 0x20C0, 0xCC40, 0xCC20, 0xCC40, 0xC400, 0x1060, 0x0084, 0x08A5, 0x08C5, 0x08A5, 0x08A5, 
    0x00A5, 0x00A5, 0x0063, 0x18A0, 0xC440, 0xCC40, 0xCC40, 0xAB80, 0x0840, 0x0000, 0x0020, 0x0000, 
    0x0000, 0x0042, 0x08A5, 0x08C5, 0x0063, 0x3100, 0xD440, 0xCC40, 0xCC40, 0xB3E0, 0x0840, 0x9300, 
    0xD440, 0xCC40, 0xCC40, 0xCC40, 0xCC40, 0xD460, 0x51A0, 0x0043, 0x0043, 0x3940, 0xD440, 0xCC20, 
    0xD460, 0x9B40, 0x0000, 0x0000, 0x0000, 0x0020, 0x0021, 0x0084, 0x08A5, 0x08A5, 0x08A5, 0x08A5, 
    0x00A5, 0x08A5, 0x08A5, 0x00A5, 0x00A5, 0x00A4, 0x00A4, 0x0001, 0x5205, 0xB48C, 0x72C7, 0x0021, 
    0x00A7, 0x0042, 0x0021, 0x0841, 0x5A25, 0x6A86, 0x7AE6, 0x8B48, 0xA40A, 0xB48B, 0xBCCC, 0xBCCD, 
    0xBCAC, 0xBC8B, 0xB46B, 0xA40A, 0xAC4A, 0xA42A, 0x8348, 0x1060, 0x014C, 0x0233, 0x0233, 0x0A33, 
    0x0233, 0x0212, 0x0212, 0x0212, 0x0212, 0x0212, 0x0212, 0x0212, 0x0212, 0x0233, 0x0A32, 0x0233, 
    0x0A33, 0x0A33, 0x0A33, 0x0233, 0x0233, 0x0232, 0x0232, 0x0A32, 0x0A33, 0x0233, 0x0233, 0x0233, 
    0x0A33, 0x0233, 0x0A32, 0x0A32, 0x0A33, 0x0233, 0x0233, 0x0233, 0x0233, 0x0233, 0x0233, 0x0232, 
    0x0233, 0x0A33, 0x0A53, 0x0A33, 0x0A33, 0x0A33, 0x0A33, 0x0A33, 0x0A53, 0x0A53, 0x0A53, 0x0A53, 
    0x0A53, 0x0A53, 0x0A53, 0x0A53, 0x0A53, 0x0A53, 0x0A53, 0x0A53, 0x0A53, 0x0A53, 0x0A53, 0x0A53, 
    0x0A53, 0x0A33, 0x0A33, 0x0233, 0x0233, 0x0A33, 0x0253, 0x0A53, 0x0A53, 0x0A53, 0x0A53, 0x0A53, 
    0x0A53, 0x0A74, 0x0210, 0x0021, 0x41A4, 0x7B07, 0x7B07, 0x6AA6, 0x7B07, 0xBCAC, 0xB46B, 0xAC4A, 
    0x8B68, 0x7AE7, 0x6A86, 0x3983, 0x0841, 0x0020, 0x0063, 0x012A, 0x014B, 0x014C, 0x014D, 0x00EA, 
    0x0020, 0xAC6B, 0xA40A, 0x3963, 0x0021, 0x08A5, 0x00A5, 0x00A5, 0x08A5, 0x08A5, 0x08A5, 0x08A5, 
    0x08A5, 0x08A4, 0x08A4, 0x00A4, 0x0083, 0x0020, 0x3940, 0xCC40, 0xCC20, 0xCC40, 0xABA0, 0x6220, 
    0xB380, 0xD440, 0xCC20, 0xBBC0, 0x1060, 0x0021, 0x0083, 0x00A4, 0x08A5, 0x08A5, 0x08A4, 0x08A5, 
    0x0084, 0x1080, 0xC400, 0xCC40, 0xCC20, 0xC400, 0x1880, 0x0063, 0x00A5, 0x00A5, 0x08A5, 0x08A5, 
    0x0063, 0x20C0, 0xCC20, 0xCC40, 0xCC40, 0xBBE0, 0x1060, 0x0064, 0x00A5, 0x00A4, 0x00A4, 0x00A4, 
    0x00A4, 0x00A4, 0x0063, 0x18A0, 0xCC40, 0xCC40, 0xCC40, 0xB3A0, 0x0840, 0x0084, 0x0084, 0x0083, 
    0x0083, 0x0084, 0x08A5, 0x08A5, 0x0063, 0x3100, 0xCC40, 0xCC40, 0xCC40, 0xB3C0, 0x0840, 0x9300, 
    0xDC60, 0xD440, 0xCC20, 0xCC20, 0xCC20, 0xD440, 0x4980, 0x0043, 0x0043, 0x3940, 0xCC40, 0xCC20, 
    0xD440, 0x9B20, 0x0000, 0x0063, 0x0084, 0x0084, 0x00A4, 0x08A5, 0x08A5, 0x08A5, 0x00A5, 0x00A5, 
    0x00A5, 0x08A5, 0x08A5, 0x08A5, 0x08A5, 0x08A4, 0x00A4, 0x0001, 0x5226, 0xB48C, 0x6AA7, 0x0021, 
    0x012B, 0x012B, 0x014C, 0x012A, 0x0041, 0x0020, 0x1881, 0x49C4, 0x6A65, 0x9388, 0xA40A, 0xAC6B, 
    0xC4CC, 0xB46B, 0x9BC9, 0x72A6, 0x8307, 0x7AE7, 0x5A46, 0x0840, 0x018D, 0x0A54, 0x0A53, 0x0A53, 
    0x0A53, 0x0A53, 0x0A33, 0x0A33, 0x0253, 0x0A53, 0x0A53, 0x0A53, 0x0A53, 0x0A53, 0x0A53, 0x0A53, 
    0x0A53, 0x0A53, 0x0A53, 0x0A53, 0x0A53, 0x0A53, 0x0A53, 0x0A53, 0x0A53, 0x0A53, 0x0A53, 0x0A53, 
    0x0A53, 0x0A53, 0x0A53, 0x0A53, 0x0A53, 0x0A33, 0x0233, 0x0A33, 0x0A33, 0x0A33, 0x0233, 0x0233, 
    0x0212, 0x0212, 0x0212, 0x0212, 0x0212, 0x0212, 0x0212, 0x0212, 0x0212, 0x0213, 0x0212, 0x0212, 
    0x0212, 0x0212, 0x0212, 0x0213, 0x0233, 0x0233, 0x0232, 0x0A12, 0x0212, 0x0212, 0x0232, 0x0232, 
    0x0212, 0x0212, 0x0212, 0x0212, 0x0212, 0x0212, 0x0213, 0x0212, 0x0212, 0x0233, 0x0212, 0x0233, 
    0x0233, 0x0233, 0x0232, 0x01CF, 0x0042, 0x20C1, 0x2902, 0x49E4, 0xAC4B, 0xBCCC, 0xBCAC, 0xAC2A, 
    0x6A86, 0x41A4, 0x1060, 0x0021, 0x00E9, 0x012A, 0x016C, 0x016D, 0x014C, 0x014D, 0x014D, 0x010A, 
    0x0020, 0xAC6B, 0xA3EA, 0x3963, 0x0021, 0x08A5, 0x00A4, 0x00A5, 0x00A5, 0x08A5, 0x08A5, 0x08A5, 
    0x08A5, 0x08A5, 0x08A5, 0x00A4, 0x0841, 0x9340, 0xBBE0, 0xCC20, 0xC400, 0xD440, 0x8AE0, 0x0000, 
    0x9B20, 0xD440, 0xC400, 0xC400, 0xA360, 0x8B00, 0x0840, 0x0084, 0x08A5, 0x08A5, 0x08A5, 0x08A5, 
    0x0084, 0x1080, 0xC400, 0xCC40, 0xCC20, 0xC400, 0x1880, 0x0063, 0x00A5, 0x08A5, 0x08A5, 0x08A5, 
    0x0063, 0x20C0, 0xCC20, 0xCC40, 0xCC40, 0xBBC0, 0x0840, 0x0001, 0x0021, 0x0001, 0x0001, 0x0001, 
    0x0021, 0x0042, 0x0063, 0x18A0, 0xC440, 0xCC40, 0xCC40, 0xB3A0, 0x0020, 0x0001, 0x0021, 0x0001, 
    0x0001, 0x0001, 0x0021, 0x0083, 0x0063, 0x3100, 0xCC40, 0xCC40, 0xCC40, 0xB3A0, 0x0840, 0x20C1, 
    0x6A20, 0xD440, 0xCC20, 0xCC40, 0xCC40, 0xD440, 0x4980, 0x0043, 0x0043, 0x3940, 0xCC20, 0xCC20, 
    0xCC40, 0x9320, 0x0000, 0x0021, 0x0041, 0x0021, 0x0001, 0x0021, 0x0021, 0x0083, 0x00A5, 0x00A5, 
    0x00A5, 0x08C5, 0x08C5, 0x08A5, 0x08A5, 0x08A4, 0x00A4, 0x0001, 0x5205, 0xB48C, 0x6AA7, 0x0021, 
    0x010B, 0x014D, 0x016D, 0x016D, 0x012B, 0x012B, 0x0085, 0x0042, 0x1081, 0x41A3, 0x7B07, 0x9BE9, 
    0xBCCC, 0xBCAC, 0xB48B, 0x72E7, 0x3122, 0x3942, 0x0841, 0x010A, 0x01F1, 0x0A33, 0x0A33, 0x0232, 
    0x0232, 0x0232, 0x0212, 0x0212, 0x0212, 0x0233, 0x0A33, 0x0232, 0x0232, 0x0A32, 0x0A32, 0x0233, 
    0x0233, 0x0A33, 0x0A33, 0x0233, 0x0232, 0x0212, 0x0212, 0x0212, 0x0212, 0x0213, 0x0233, 0x0213, 
    0x0233, 0x0233, 0x0233, 0x0232, 0x0A32, 0x0233, 0x0233, 0x0233, 0x0A33, 0x0A33, 0x0232, 0x0232, 
    0x0233, 0x0A33, 0x0A33, 0x0A33, 0x0A33, 0x0A33, 0x0A33, 0x0A33, 0x0A33, 0x0233, 0x0212, 0x0212, 
    0x0232, 0x0A32, 0x0A33, 0x0A33, 0x0233, 0x0233, 0x0233, 0x0A33, 0x0A33, 0x0A33, 0x0233, 0x0233, 
    0x0A33, 0x0A33, 0x0A33, 0x0233, 0x0233, 0x0233, 0x0233, 0x0233, 0x0233, 0x0A33, 0x0A33, 0x0A33, 
    0x0A53, 0x0A53, 0x0A32, 0x01CF, 0x0109, 0x0023, 0x2922, 0x9BC9, 0xBCCC, 0xBCCD, 0xBCAC, 0xA3E9, 
    0x6265, 0x0021, 0x00C7, 0x00E8, 0x016D, 0x016D, 0x016D, 0x016D, 0x01AF, 0x01AF, 0x01AF, 0x014C, 
    0x0020, 0xAC6B, 0x9BEA, 0x3963, 0x0021, 0x00A5, 0x00A4, 0x00A5, 0x08A5, 0x08A5, 0x08A5, 0x08A5, 
    0x08A5, 0x08A5, 0x08A5, 0x00A4, 0x0861, 0xBBE0, 0xCC20, 0xC400, 0xC400, 0xBBC0, 0x7260, 0x0021, 
    0x6A20, 0xA340, 0xC3E0, 0xC3E0, 0xCC20, 0xB3C0, 0x0840, 0x0084, 0x08A5, 0x00A5, 0x08A5, 0x08A5, 
    0x0084, 0x1060, 0xBBE0, 0xCC20, 0xCC20, 0xC400, 0x1880, 0x0063, 0x08A5, 0x08A5, 0x08A5, 0x08A5, 
    0x0063, 0x20C0, 0xCC20, 0xCC40, 0xCC40, 0xC400, 0x9300, 0x8B00, 0x8B00, 0x8B00, 0x8B00, 0x9320, 
    0x5A00, 0x0001, 0x0063, 0x18A0, 0xC420, 0xCC40, 0xCC40, 0xC400, 0x9300, 0x8AE0, 0x8AE0, 0x8B00, 
    0x8B00, 0x8B00, 0x5A00, 0x0042, 0x0043, 0x3100, 0xCC40, 0xCC20, 0xCC20, 0xAB80, 0x0840, 0x0022, 
    0x3100, 0xAB60, 0xC400, 0xCC40, 0xCC40, 0xD440, 0x4980, 0x0043, 0x0043, 0x3940, 0xCC20, 0xC400, 
    0xCC20, 0xB3C0, 0x8AE0, 0x9300, 0x8B00, 0x8B00, 0x8B00, 0x8B00, 0x1880, 0x0063, 0x08A5, 0x08A5, 
    0x08A5, 0x08A5, 0x08A5, 0x08A5, 0x08A5, 0x08A4, 0x08A4, 0x0000, 0x49E5, 0xAC4B, 0x6AA7, 0x0021, 
    0x014D, 0x01AF, 0x01AF, 0x018E, 0x014C, 0x014C, 0x012B, 0x010A, 0x00C8, 0x0021, 0x6286, 0xA3E9, 
    0xBCCC, 0xBCAC, 0xB48B, 0x93A9, 0x3142, 0x0021, 0x00E9, 0x016E, 0x01D0, 0x0211, 0x0A53, 0x0A53, 
    0x0A53, 0x0233, 0x0233, 0x0233, 0x0A53, 0x0A53, 0x0A53, 0x0A53, 0x0A33, 0x0A33, 0x0A33, 0x0A33, 
    0x0A53, 0x0A33, 0x0A53, 0x0A33, 0x0A33, 0x0A33, 0x0A33, 0x0A33, 0x0A33, 0x0A33, 0x0A33, 0x0A33, 
    0x0A53, 0x0A53, 0x0A53, 0x0A53, 0x0A53, 0x0A53, 0x0A53, 0x0A53, 0x0A53, 0x0A53, 0x0A53, 0x0233, 
    0x0233, 0x0233, 0x0233, 0x0A33, 0x0A33, 0x0233, 0x0A33, 0x0A33, 0x0A33, 0x0233, 0x0233, 0x0233, 
    0x0233, 0x0A32, 0x0232, 0x0232, 0x0233, 0x0A33, 0x0233, 0x0A53, 0x0A33, 0x0A33, 0x0233, 0x0233, 
    0x0A33, 0x0A53, 0x0233, 0x0233, 0x0233, 0x0233, 0x0233, 0x0233, 0x0233, 0x0A33, 0x0A33, 0x0A53, 
    0x0A53, 0x0A53, 0x0A32, 0x01D0, 0x01AF, 0x00A6, 0x3142, 0x93A9, 0xAC4B, 0xB46B, 0xAC4A, 0x8B48, 
    0x5A25, 0x0063, 0x016D, 0x016D, 0x016D, 0x018E, 0x018E, 0x018E, 0x01AF, 0x0211, 0x0212, 0x018D, 
    0x0841, 0xAC6B, 0x9BEA, 0x3963, 0x0021, 0x00A4, 0x00A4, 0x08A5, 0x08A5, 0x08A5, 0x08A5, 0x08A5, 
    0x08A5, 0x08A5, 0x08A5, 0x00A4, 0x0840, 0xAB80, 0xCC00, 0xC400, 0xCC20, 0x3940, 0x0021, 0x0062, 
    0x0001, 0x2900, 0xCC20, 0xC400, 0xCC20, 0xB3C0, 0x0840, 0x0084, 0x00A5, 0x08A5, 0x08A5, 0x08A5, 
    0x0084, 0x1060, 0xBBE0, 0xCC20, 0xC400, 0xBBE0, 0x1880, 0x0063, 0x00A5, 0x00A5, 0x08A5, 0x08A5, 
    0x0063, 0x20C0, 0xCC20, 0xCC40, 0xCC20, 0xCC20, 0xD460, 0xD440, 0xCC40, 0xD440, 0xD440, 0xD460, 
    0x8AE0, 0x0001, 0x0064, 0x18C0, 0xC420, 0xCC40, 0xC420, 0xCC20, 0xD460, 0xD440, 0xCC40, 0xD460, 
    0xD460, 0xDC80, 0x82E0, 0x0022, 0x0043, 0x3100, 0xCC40, 0xCC20, 0xCC20, 0xB3A0, 0x0840, 0x0043, 
    0x0021, 0x0020, 0xA360, 0xD460, 0xCC20, 0xCC40, 0x4980, 0x0043, 0x0043, 0x3940, 0xCC20, 0xC400, 
    0xC400, 0xCC20, 0xD460, 0xD440, 0xD440, 0xCC20, 0xCC40, 0xCC40, 0x20E0, 0x0063, 0x08A5, 0x00A5, 
    0x08A5, 0x08A5, 0x08A5, 0x08A5, 0x08A5, 0x08A4, 0x08A4, 0x0000, 0x49E5, 0xA42B, 0x6AA6, 0x0042, 
    0x014D, 0x01B0, 0x01D0, 0x01AF, 0x016D, 0x016D, 0x016D, 0x014D, 0x016D, 0x0042, 0x5A25, 0x8B68, 
    0x9BEA, 0xB48B, 0xB46B, 0x9388, 0x41A3, 0x0063, 0x018F, 0x01AF, 0x01AF, 0x01F1, 0x0A53, 0x0A53, 
    0x0233, 0x0233, 0x0233, 0x0A53, 0x0A53, 0x0A53, 0x0A53, 0x0A53, 0x0A53, 0x0A33, 0x0A33, 0x0A53, 
    0x0A53, 0x0A53, 0x0A53, 0x0A33, 0x0A33, 0x0A33, 0x0A33, 0x0A33, 0x0A33, 0x0A33, 0x0A33, 0x0A33, 
    0x0A33, 0x0233, 0x0A33, 0x0233, 0x0232, 0x0233, 0x0233, 0x0233, 0x0233, 0x0233, 0x0A33, 0x0233, 
    0x0212, 0x0212, 0x0212, 0x0212, 0x0233, 0x0213, 0x0212, 0x0232, 0x0233, 0x0212, 0x0212, 0x0212, 
    0x0212, 0x0232, 0x0212, 0x0212, 0x0212, 0x0212, 0x0212, 0x0A33, 0x0233, 0x0213, 0x0232, 0x0232, 
    0x0233, 0x0233, 0x0233, 0x0212, 0x0212, 0x0212, 0x0233, 0x0233, 0x0233, 0x0233, 0x0A33, 0x0A33, 
    0x0A53, 0x0A33, 0x0A32, 0x0212, 0x01B0, 0x00C8, 0x18C2, 0x5204, 0x8B48, 0x9389, 0x9388, 0x6A65, 
    0x3122, 0x0063, 0x016D, 0x016D, 0x018E, 0x01CF, 0x01CF, 0x01D0, 0x0232, 0x0232, 0x0233, 0x01CF, 
    0x0841, 0xAC4B, 0x9BC9, 0x3983, 0x0021, 0x00A4, 0x08A4, 0x08A5, 0x08A5, 0x00A5, 0x00A5, 0x08A5, 
    0x08A5, 0x08A5, 0x08A5, 0x0084, 0x0840, 0xB3A0, 0xCC20, 0xCC20, 0xD440, 0x3120, 0x0022, 0x0084, 
    0x0043, 0x3120, 0xCC40, 0xCC00, 0xCC20, 0xAB80, 0x0840, 0x0084, 0x00A4, 0x08A5, 0x08A5, 0x08A5, 
    0x0084, 0x1060, 0xC400, 0xCC20, 0xC400, 0xBBE0, 0x1880, 0x0063, 0x00A5, 0x00A5, 0x00A5, 0x08A5, 
    0x0063, 0x20C0, 0xCC20, 0xCC20, 0xCC20, 0xCC40, 0xCC40, 0xCC20, 0xCC20, 0xCC40, 0xCC20, 0xCC20, 
    0x7AA0, 0x0001, 0x0084, 0x18C0, 0xCC20, 0xCC40, 0xC420, 0xCC20, 0xCC20, 0xCC20, 0xCC20, 0xCC20, 
    0xCC20, 0xD460, 0x7AA0, 0x0022, 0x0063, 0x3100, 0xCC40, 0xCC20, 0xCC20, 0xB3C0, 0x0840, 0x0064, 
    0x00A5, 0x0042, 0xA360, 0xD440, 0xC420, 0xCC20, 0x4980, 0x0042, 0x0043, 0x3940, 0xCC20, 0xCC20, 
    0xCC20, 0xCC20, 0xCC20, 0xCC20, 0xCC20, 0xCC20, 0xCC20, 0xC420, 0x20C0, 0x0063, 0x08A5, 0x08A5, 
    0x08A5, 0x08A5, 0x08A5, 0x08A5, 0x08A5, 0x08A4, 0x08A4, 0x0001, 0x4A05, 0xA42B, 0x6AA6, 0x0042, 
    0x014D, 0x01D0, 0x0233, 0x0211, 0x01D0, 0x01D0, 0x01AE, 0x016D, 0x016C, 0x0043, 0x2922, 0x5A45, 
    0x7B07, 0xA3E9, 0x9388, 0x6245, 0x2922, 0x0085, 0x01AF, 0x01D0, 0x01F0, 0x0233, 0x0233, 0x0233, 
    0x0233, 0x0233, 0x0233, 0x0233, 0x0233, 0x0A33, 0x0233, 0x0233, 0x0233, 0x0233, 0x0233, 0x0233, 
    0x0A33, 0x0233, 0x0233, 0x0A32, 0x0232, 0x0232, 0x0A33, 0x0233, 0x0A33, 0x0A33, 0x0A33, 0x0A33, 
    0x0A33, 0x0A53, 0x0A53, 0x0A53, 0x0A53, 0x0A53, 0x0A53, 0x0253, 0x0A53, 0x0A53, 0x0A53, 0x0A53, 
    0x0253, 0x0253, 0x0A53, 0x0A53, 0x0A53, 0x0253, 0x0A53, 0x0A53, 0x0A53, 0x0A53, 0x0A53, 0x0A53, 
    0x0A53, 0x0A53, 0x0A53, 0x0A53, 0x0A53, 0x0A53, 0x0A53, 0x0A53, 0x0A53, 0x0A53, 0x0A53, 0x0A53, 
    0x0A53, 0x0A53, 0x0A53, 0x0A53, 0x0A53, 0x0A53, 0x0A53, 0x0A53, 0x0A53, 0x0A53, 0x0A53, 0x0A53, 
    0x0A53, 0x0A53, 0x0A53, 0x0A53, 0x01F0, 0x018E, 0x00A6, 0x0840, 0x6245, 0x6AA6, 0x6A86, 0x3122, 
    0x0022, 0x012B, 0x016E, 0x016E, 0x01AE, 0x0211, 0x0A53, 0x0A53, 0x0A53, 0x0A33, 0x0A53, 0x01CF, 
    0x0041, 0xA3EA, 0x93A9, 0x3984, 0x0021, 0x0042, 0x0022, 0x0083, 0x08A5, 0x08A5, 0x08A5, 0x08A5, 
    0x08A5, 0x00A5, 0x08A5, 0x0084, 0x0840, 0xAB80, 0xC3E0, 0xBBE0, 0xBBE0, 0x28E0, 0x0042, 0x00A4, 
    0x0063, 0x2900, 0xC3E0, 0xBBE0, 0xBBC0, 0xA360, 0x0840, 0x0084, 0x00A5, 0x08A5, 0x08A5, 0x08A5, 
    0x0084, 0x1060, 0xB3C0, 0xC400, 0xBBC0, 0xB3A0, 0x1880, 0x0063, 0x00A5, 0x00A4, 0x08A5, 0x08A5, 
    0x0063, 0x20C0, 0xBBE0, 0xBBE0, 0xBBE0, 0xC400, 0xC400, 0xC400, 0xC400, 0xC400, 0xBBE0, 0xC400, 
    0x7AA0, 0x0001, 0x0063, 0x1080, 0xBBC0, 0xC420, 0xC400, 0xC3E0, 0xC3E0, 0xC3E0, 0xC400, 0xBBE0, 
    0xBBE0, 0xC400, 0x7260, 0x0022, 0x0063, 0x3120, 0xC400, 0xBBE0, 0xC400, 0xAB60, 0x0840, 0x0084, 
    0x00A5, 0x0021, 0x9B20, 0xC400, 0xB3C0, 0xBBE0, 0x4980, 0x0043, 0x0043, 0x3920, 0xC3E0, 0xBBE0, 
    0xC3E0, 0xC3E0, 0xC3E0, 0xC3E0, 0xC3E0, 0xC400, 0xC400, 0xBBE0, 0x20A0, 0x0063, 0x08A5, 0x08A5, 
    0x08A5, 0x08A5, 0x08A5, 0x08C5, 0x00A4, 0x0043, 0x0041, 0x0820, 0x5226, 0xA42B, 0x6AA6, 0x0021, 
    0x014D, 0x01D0, 0x0A53, 0x0A53, 0x0A53, 0x0A53, 0x01D0, 0x01AF, 0x014C, 0x012B, 0x0043, 0x20E2, 
    0x6A86, 0x72A6, 0x6A65, 0x18A1, 0x0064, 0x016E, 0x01F1, 0x0212, 0x0A53, 0x0A53, 0x0A53, 0x0A53, 
    0x0A53, 0x0A53, 0x0A53, 0x0A73, 0x0A53, 0x0A53, 0x0A53, 0x0A53, 0x0A53, 0x0A53, 0x0A53, 0x0A53, 
    0x0A53, 0x0A53, 0x0A53, 0x0A53, 0x0A53, 0x0A53, 0x0A53, 0x0A53, 0x0A53, 0x0A53, 0x0A53, 0x0A33, 
    0x0A33, 0x0A33, 0x0A33, 0x0A33, 0x0A33, 0x0A33, 0x0233, 0x0A32, 0x0A32, 0x0233, 0x0212, 0x0232, 
    0x0212, 0x0212, 0x0212, 0x0212, 0x0212, 0x0212, 0x0212, 0x0212, 0x0232, 0x0A32, 0x0232, 0x0212, 
    0x0212, 0x0212, 0x0212, 0x0212, 0x0212, 0x0212, 0x0212, 0x0212, 0x0212, 0x0232, 0x0232, 0x0212, 
    0x0212, 0x0232, 0x0232, 0x0232, 0x0233, 0x0233, 0x0A33, 0x0A33, 0x0A53, 0x0233, 0x0233, 0x0233, 
    0x0A33, 0x0A33, 0x0A53, 0x0A53, 0x0232, 0x01AF, 0x016D, 0x00C7, 0x0860, 0x0860, 0x0820, 0x0084, 
    0x012B, 0x014C, 0x018E, 0x01AF, 0x01D0, 0x0212, 0x0232, 0x0212, 0x0232, 0x0233, 0x0233, 0x01CE, 
    0x0021, 0x3143, 0x5A25, 0x8B48, 0x41C4, 0x20E2, 0x6AC8, 0x18C3, 0x0063, 0x08A5, 0x08A4, 0x08A4, 
    0x00A4, 0x00A4, 0x00A5, 0x00A4, 0x0020, 0x1880, 0x18A0, 0x1880, 0x1880, 0x0020, 0x0083, 0x00A5, 
    0x0084, 0x0040, 0x1880, 0x1880, 0x1880, 0x1880, 0x0021, 0x00A4, 0x00A5, 0x00A4, 0x00A4, 0x00A5, 
    0x0084, 0x0020, 0x1880, 0x18A0, 0x1880, 0x1880, 0x0020, 0x0084, 0x00A4, 0x00A4, 0x00A5, 0x08A5, 
    0x0084, 0x0041, 0x1880, 0x1880, 0x1880, 0x1880, 0x1880, 0x1880, 0x1880, 0x1880, 0x1880, 0x18A0, 
    0x1060, 0x0041, 0x0083, 0x0000, 0x1880, 0x18A0, 0x18A0, 0x18A0, 0x1880, 0x1880, 0x1880, 0x1880, 
    0x1880, 0x1880, 0x1060, 0x0042, 0x0084, 0x0840, 0x18A0, 0x1880, 0x18A0, 0x1060, 0x0020, 0x0084, 
    0x00A4, 0x0021, 0x1060, 0x18A0, 0x1880, 0x1880, 0x0840, 0x0084, 0x0084, 0x0840, 0x1880, 0x1880, 
    0x1880, 0x1880, 0x18A0, 0x18A0, 0x18A0, 0x18A0, 0x18A0, 0x18A0, 0x0020, 0x0083, 0x08A5, 0x08A5, 
    0x08A5, 0x08A5, 0x08A5, 0x08A4, 0x2145, 0x5A87, 0x0861, 0x6287, 0x7B28, 0x5A46, 0x18C1, 0x0063, 
    0x012C, 0x01B0, 0x0233, 0x0233, 0x0232, 0x0233, 0x0211, 0x01F1, 0x01D0, 0x018D, 0x014C, 0x0084, 
    0x0840, 0x0861, 0x0840, 0x00A6, 0x014C, 0x018F, 0x01F1, 0x0212, 0x0232, 0x0233, 0x0233, 0x0233, 
    0x0A33, 0x0A32, 0x0232, 0x0233, 0x0233, 0x0232, 0x0212, 0x0212, 0x0212, 0x0212, 0x0212, 0x0212, 
    0x0212, 0x0212, 0x0212, 0x0212, 0x0212, 0x0212, 0x0A12, 0x0212, 0x0A12, 0x0212, 0x0212, 0x0212, 
    0x0A33, 0x0212, 0x0233, 0x0A33, 0x0A53, 0x0A53, 0x0A33, 0x0A53, 0x0A33, 0x0233, 0x0A33, 0x0A33, 
    0x0A33, 0x0A33, 0x0A33, 0x0A33, 0x0A33, 0x0A33, 0x0A33, 0x0A33, 0x0A53, 0x0A53, 0x0A53, 0x0A53, 
    0x0A53, 0x0A53, 0x0A33, 0x0A53, 0x0A33, 0x0A33, 0x0A33, 0x0A33, 0x0A33, 0x0A33, 0x0A33, 0x0A33, 
    0x0A33, 0x0A32, 0x0A32, 0x0A32, 0x0232, 0x0232, 0x0233, 0x0233, 0x0232, 0x0212, 0x0212, 0x0212, 
    0x0212, 0x0212, 0x0232, 0x0232, 0x0233, 0x0212, 0x01AF, 0x016D, 0x012B, 0x012A, 0x010A, 0x012B, 
    0x016E, 0x018E, 0x01AF, 0x01F1, 0x0233, 0x0253, 0x0A33, 0x0A33, 0x0A33, 0x0A33, 0x0A33, 0x0211, 
    0x018D, 0x0022, 0x4184, 0xA3EA, 0x49E5, 0x6288, 0xA42D, 0x3144, 0x0022, 0x0084, 0x08A4, 0x08A4, 
    0x00A4, 0x00A4, 0x00A4, 0x08A4, 0x0083, 0x0063, 0x0063, 0x0063, 0x0063, 0x0083, 0x00A4, 0x00A5, 
    0x00A5, 0x0084, 0x0063, 0x0063, 0x0063, 0x0063, 0x00A4, 0x08A5, 0x00A5, 0x00A4, 0x00A4, 0x00A4, 
    0x00A4, 0x0083, 0x0063, 0x0063, 0x0063, 0x0063, 0x0083, 0x00A4, 0x00A4, 0x00A5, 0x00A4, 0x00A4, 
    0x00A4, 0x0084, 0x0063, 0x0063, 0x0063, 0x0063, 0x0063, 0x0063, 0x0063, 0x0063, 0x0063, 0x0063, 
    0x0063, 0x0083, 0x00A4, 0x0083, 0x0063, 0x0063, 0x0063, 0x0063, 0x0063, 0x0063, 0x0063, 0x0063, 
    0x0063, 0x0063, 0x0063, 0x00A4, 0x08A4, 0x0083, 0x0063, 0x0063, 0x0063, 0x0063, 0x0084, 0x00A4, 
    0x00A4, 0x0084, 0x0063, 0x0083, 0x0083, 0x0063, 0x0084, 0x08A5, 0x08C5, 0x0084, 0x0063, 0x0063, 
    0x0063, 0x0063, 0x0063, 0x0063, 0x0063, 0x0063, 0x0063, 0x0063, 0x0083, 0x08A5, 0x08A5, 0x08A5, 
    0x08A5, 0x08A5, 0x08A5, 0x0021, 0x4A26, 0xACAE, 0x41C5, 0x7329, 0x8349, 0x18A2, 0x00C7, 0x012B, 
    0x018E, 0x01F1, 0x0253, 0x0A53, 0x0A53, 0x0A53, 0x0A53, 0x0A53, 0x0A12, 0x09F0, 0x016D, 0x012B, 
    0x010A, 0x012A, 0x0109, 0x012C, 0x018F, 0x01AF, 0x01CF, 0x01D0, 0x0211, 0x0211, 0x0211, 0x0A11, 
    0x0A32, 0x0A32, 0x0A32, 0x0A33, 0x0A33, 0x0A33, 0x0A33, 0x0A33, 0x0A33, 0x0A53, 0x0A53, 0x0A33, 
    0x0A33, 0x0A53, 0x0A53, 0x0A53, 0x0A53, 0x0A53, 0x0A53, 0x0A33, 0x0A33, 0x0A53, 0x0A53, 0x0A53, 
    0x0A53, 0x0A33, 0x0A33, 0x0A33, 0x0A33, 0x0A53, 0x0A53, 0x0A53, 0x0A33, 0x0A33, 0x0A33, 0x0A33, 
    0x0233, 0x0233, 0x0A33, 0x0A33, 0x0A33, 0x0A33, 0x0A33, 0x0A33, 0x0A33, 0x0A32, 0x0232, 0x0A32, 
    0x0232, 0x0A32, 0x0A32, 0x0A32, 0x0A32, 0x0A32, 0x0A32, 0x0232, 0x0232, 0x0A33, 0x0232, 0x0212, 
    0x0232, 0x0212, 0x0212, 0x0233, 0x0233, 0x0233, 0x0233, 0x0233, 0x0232, 0x0232, 0x0212, 0x0233, 
    0x0233, 0x0213, 0x0233, 0x0232, 0x0232, 0x0253, 0x0232, 0x0212, 0x01F1, 0x01AF, 0x018E, 0x018F, 
    0x018F, 0x018F, 0x01F0, 0x0233, 0x0233, 0x0233, 0x0233, 0x0232, 0x0233, 0x0233, 0x0233, 0x0211, 
    0x01D0, 0x0043, 0x41A4, 0xA3EB, 0x49C5, 0x18C2, 0x2923, 0x0841, 0x0041, 0x0083, 0x00A4, 0x00A4, 
    0x00A4, 0x00A5, 0x00A5, 0x00A4, 0x08A5, 0x00A5, 0x00A5, 0x00A5, 0x00A5, 0x00A5, 0x00A5, 0x00A5, 
    0x00A5, 0x08C5, 0x00C5, 0x00A5, 0x08A5, 0x08C5, 0x08A5, 0x00A5, 0x08A5, 0x08A5, 0x00A4, 0x08A4, 
    0x08A5, 0x08A5, 0x00A4, 0x00A5, 0x00A5, 0x00A5, 0x00A5, 0x00A4, 0x00A5, 0x00A5, 0x00A5, 0x00A4, 
    0x00A4, 0x08A4, 0x08A5, 0x00A5, 0x00A5, 0x00A5, 0x00A5, 0x00A5, 0x00A5, 0x00A5, 0x00A5, 0x00A5, 
    0x00A5, 0x00A4, 0x00A4, 0x00A5, 0x00A5, 0x00A5, 0x00A5, 0x00A5, 0x00A5, 0x00A5, 0x00A5, 0x00A5, 
    0x00A5, 0x00A5, 0x00A5, 0x00A5, 0x00A5, 0x00A5, 0x00C5, 0x00C5, 0x00C5, 0x00A5, 0x00A5, 0x00A5, 
    0x00A5, 0x08A5, 0x08A5, 0x00A5, 0x00A5, 0x00A5, 0x00A5, 0x08A5, 0x08A5, 0x00A5, 0x00A5, 0x00A4, 
    0x00A5, 0x00A5, 0x00A5, 0x00A5, 0x00A5, 0x00A5, 0x00A5, 0x08A5, 0x08A5, 0x00A4, 0x08A5, 0x08A5, 
    0x08A5, 0x08A4, 0x08A4, 0x0041, 0x10A2, 0x4A07, 0x1082, 0x7308, 0x7308, 0x0841, 0x010A, 0x016D, 
    0x016E, 0x01D1, 0x0233, 0x0232, 0x0232, 0x0233, 0x0233, 0x0232, 0x0232, 0x0232, 0x01D0, 0x01AF, 
    0x018F, 0x01AF, 0x018E, 0x00E8, 0x00A5, 0x0021, 0x0021, 0x0021, 0x0042, 0x0042, 0x0042, 0x0021, 
    0x012A, 0x01F0, 0x0253, 0x0A33, 0x0A33, 0x0233, 0x0232, 0x0232, 0x0A33, 0x0A33, 0x0A33, 0x0A33, 
    0x0A33, 0x0A33, 0x0A33, 0x0A33, 0x0A33, 0x0232, 0x0A32, 0x0A32, 0x0A33, 0x0A33, 0x0A33, 0x0A33, 
    0x0A33, 0x0A33, 0x0A33, 0x0A33, 0x0233, 0x0A33, 0x0A33, 0x0A33, 0x0A33, 0x0A33, 0x0A33, 0x0A33, 
    0x0253, 0x0253, 0x0253, 0x0A53, 0x0A53, 0x0A53, 0x0A33, 0x0A53, 0x0A33, 0x0A33, 0x0A33, 0x0A33, 
    0x0A33, 0x0A53, 0x0A53, 0x0A33, 0x0A33, 0x0A33, 0x0A53, 0x0A54, 0x0A54, 0x0A53, 0x0A32, 0x0A11, 
    0x0A11, 0x0109, 0x0064, 0x0064, 0x0064, 0x0064, 0x0064, 0x0064, 0x0064, 0x0064, 0x0064, 0x0064, 
    0x0064, 0x0064, 0x0064, 0x0064, 0x0064, 0x0064, 0x00A6, 0x01F0, 0x0211, 0x01F0, 0x01F1, 0x0232, 
    0x0212, 0x0232, 0x0A53, 0x0A33, 0x0A53, 0x0A53, 0x0A53, 0x0A53, 0x0A53, 0x0A53, 0x0A53, 0x0232, 
    0x0211, 0x0043, 0x4184, 0x6AA7, 0x49E5, 0x6246, 0x5225, 0x5A45, 0x0020, 0x0000, 0x0001, 0x0001, 
    0x0001, 0x0001, 0x0001, 0x0021, 0x0021, 0x0001, 0x0001, 0x0001, 0x0001, 0x0001, 0x0001, 0x0001, 
    0x0001, 0x0021, 0x0021, 0x0021, 0x0021, 0x0021, 0x0001, 0x0001, 0x0001, 0x0001, 0x0001, 0x0001, 
    0x0021, 0x0001, 0x0001, 0x0001, 0x0001, 0x0001, 0x0021, 0x0001, 0x0021, 0x0021, 0x0001, 0x0001, 
    0x0001, 0x0001, 0x0001, 0x0001, 0x0001, 0x0001, 0x0001, 0x0001, 0x0001, 0x0001, 0x0021, 0x0021, 
    0x0021, 0x0021, 0x0001, 0x0021, 0x0021, 0x0021, 0x0001, 0x0001, 0x0001, 0x0001, 0x0001, 0x0001, 
    0x0001, 0x0001, 0x0001, 0x0001, 0x0021, 0x0021, 0x0021, 0x0021, 0x0001, 0x0001, 0x0021, 0x0001, 
    0x0001, 0x0021, 0x0001, 0x0001, 0x0021, 0x0021, 0x0021, 0x0021, 0x0021, 0x0021, 0x0021, 0x0001, 
    0x0001, 0x0021, 0x0001, 0x0021, 0x0021, 0x0021, 0x0021, 0x0021, 0x0021, 0x0021, 0x0021, 0x0021, 
    0x0021, 0x0021, 0x0001, 0x0881, 0x6AC7, 0x6266, 0x6AC7, 0x5A66, 0x5246, 0x0820, 0x00E9, 0x018E, 
    0x01F1, 0x0232, 0x0233, 0x0A53, 0x0A53, 0x0A53, 0x0A53, 0x0233, 0x0232, 0x0233, 0x0233, 0x0212, 
    0x01F1, 0x012A, 0x0883, 0x18E3, 0x39A5, 0x6B0A, 0x732A, 0x6B0A, 0x6B2B, 0x6B2B, 0x62EA, 0x3185, 
    0x20E2, 0x08A4, 0x012A, 0x0A32, 0x0253, 0x0233, 0x0A33, 0x0A33, 0x0A33, 0x0A33, 0x0A53, 0x0A53, 
    0x0A53, 0x0A53, 0x0A53, 0x0A53, 0x0A53, 0x0A33, 0x0A53, 0x0A53, 0x0A53, 0x0A53, 0x0A53, 0x0A53, 
    0x0A53, 0x0A53, 0x0A53, 0x0A53, 0x0A33, 0x0A53, 0x0A53, 0x0A53, 0x0A53, 0x0A33, 0x0A33, 0x0A33, 
    0x0233, 0x0233, 0x0233, 0x0A33, 0x0A33, 0x0A33, 0x0A33, 0x0233, 0x0233, 0x0233, 0x0213, 0x0212, 
    0x0233, 0x0A33, 0x0A33, 0x0A33, 0x0233, 0x0233, 0x0211, 0x014A, 0x0109, 0x00A6, 0x0042, 0x0022, 
    0x0001, 0x18C2, 0x3984, 0x5225, 0x5A46, 0x6287, 0x62A7, 0x62A7, 0x62A7, 0x6287, 0x6287, 0x6287, 
    0x6287, 0x6287, 0x6287, 0x6287, 0x5A87, 0x5226, 0x2903, 0x18E3, 0x0041, 0x0043, 0x00A6, 0x00E8, 
    0x0129, 0x01F0, 0x0A53, 0x0A53, 0x0A53, 0x0A54, 0x0A53, 0x0233, 0x0233, 0x0233, 0x0232, 0x0232, 
    0x0232, 0x012A, 0x1904, 0x18C2, 0x49E5, 0x7B08, 0x8348, 0x8348, 0x5205, 0x49E5, 0x4A05, 0x4A05, 
    0x4A05, 0x4A05, 0x4A05, 0x4A05, 0x49E5, 0x4A05, 0x4A05, 0x49E5, 0x49E4, 0x49E4, 0x49E4, 0x49E5, 
    0x49E5, 0x49E5, 0x49E5, 0x49E5, 0x49E5, 0x49E5, 0x49E5, 0x49E5, 0x49E5, 0x49E5, 0x49E5, 0x49E5, 
    0x49E5, 0x49E5, 0x49E5, 0x49E5, 0x49E5, 0x4A05, 0x4A05, 0x4A05, 0x4A05, 0x49E5, 0x49E5, 0x4A05, 
    0x5205, 0x5205, 0x4A05, 0x5205, 0x4A05, 0x49E5, 0x4A05, 0x5205, 0x5205, 0x4A05, 0x4A05, 0x4A05, 
    0x4A05, 0x49E5, 0x49E4, 0x49E4, 0x49E4, 0x49E5, 0x49E5, 0x49E5, 0x49E5, 0x49E5, 0x49E5, 0x49E5, 
    0x49E5, 0x49E5, 0x49E5, 0x49E5, 0x49E5, 0x49E5, 0x49E5, 0x49E5, 0x49E5, 0x49E5, 0x49E5, 0x49E5, 
    0x49E5, 0x49E5, 0x49E5, 0x49E4, 0x49E5, 0x49E5, 0x49E5, 0x49E5, 0x49E5, 0x49E5, 0x49E5, 0x49E5, 
    0x49E5, 0x49E5, 0x49E5, 0x49E5, 0x49C5, 0x49C4, 0x49C4, 0x49C4, 0x49C4, 0x41C4, 0x49C4, 0x49E5, 
    0x49E5, 0x41C4, 0x41C4, 0x5226, 0x93A9, 0x8348, 0x8349, 0x49E5, 0x20C2, 0x0042, 0x012B, 0x018F, 
    0x0212, 0x0233, 0x0232, 0x0233, 0x0233, 0x0233, 0x0232, 0x0233, 0x0233, 0x0211, 0x016C, 0x00C8, 
    0x00C6, 0x1082, 0x5248, 0x942F, 0x944F, 0x8C0E, 0x942F, 0x8C2F, 0x83EE, 0x7B8D, 0x736C, 0x83CE, 
    0x7B8D, 0x5269, 0x2103, 0x00C5, 0x01CF, 0x0232, 0x0232, 0x0232, 0x0232, 0x0233, 0x0233, 0x0233, 
    0x0233, 0x0233, 0x0A33, 0x0A33, 0x0A33, 0x0A33, 0x0A33, 0x0A33, 0x0A33, 0x0A33, 0x0233, 0x0A33, 
    0x0A33, 0x0A33, 0x0233, 0x0233, 0x0233, 0x0A33, 0x0A33, 0x0233, 0x0233, 0x0233, 0x0233, 0x0233, 
    0x0233, 0x0233, 0x0A33, 0x0A33, 0x0A33, 0x0A33, 0x0A33, 0x0A33, 0x0233, 0x0233, 0x0212, 0x0212, 
    0x0A33, 0x0A53, 0x0232, 0x018D, 0x00E9, 0x00C7, 0x00A6, 0x0000, 0x2902, 0x6287, 0x62C8, 0x62A8, 
    0x5A67, 0x940C, 0xCD70, 0xBD0F, 0xACAE, 0xACAE, 0xACAE, 0xA48E, 0xA48E, 0xA48E, 0xA48E, 0xA48E, 
    0xA48E, 0xA48E, 0xACAE, 0xACAE, 0xACCF, 0xBD0F, 0xC550, 0xBCEF, 0x9C2C, 0x6B09, 0x5247, 0x5A66, 
    0x2902, 0x10C3, 0x0085, 0x00C7, 0x012A, 0x016C, 0x01F0, 0x0253, 0x0233, 0x0233, 0x0232, 0x0212, 
    0x0233, 0x0232, 0x00E7, 0x0022, 0x2103, 0x2923, 0x2902, 0x6286, 0x9BEA, 0x9BEA, 0x9BEA, 0x9C0B, 
    0x9C0B, 0x9C0B, 0x9C0A, 0x9BEA, 0x9C0A, 0xA42B, 0xA42B, 0x9BEA, 0x9BEA, 0x9BCA, 0x9BCA, 0x9BEA, 
    0x9BEA, 0x9BEA, 0x9BEA, 0x9BEA, 0x9BEA, 0x9BEA, 0x9BEA, 0x93CA, 0x9BEA, 0x9BEA, 0x9BEA, 0x9BEA, 
    0x9BEA, 0x9C0B, 0x9BEA, 0x9BEA, 0x9BCA, 0x9BEA, 0x9C0B, 0x9BEA, 0x9BEA, 0x9BEA, 0x9BEA, 0x9BEA, 
    0x9C0A, 0x9C0A, 0x9C0A, 0x9C0A, 0x9BEA, 0x9BEA, 0xA40B, 0xA40A, 0x9C0A, 0xA40B, 0x9C0B, 0x9C0B, 
    0x9C0B, 0x9C0A, 0x9BEA, 0x9BEA, 0x9BEA, 0x9BEA, 0x9C0A, 0x9C0A, 0x9C0B, 0x9C0A, 0x9C0A, 0xA40A, 
    0xA40B, 0xA40B, 0xA40A, 0xA40A, 0x9C0A, 0x9C0A, 0x9BEA, 0x9BEA, 0x9BEA, 0x9BEA, 0x9BEA, 0x9BEA, 
    0x9BEA, 0x9C0A, 0x9BEA, 0x9BEA, 0x9BCA, 0x9BEA, 0x9BEA, 0x93EA, 0x9BEA, 0x93CA, 0x93CA, 0x9BEA, 
    0x9BEA, 0x9BEA, 0x9BEA, 0x93CA, 0x93CA, 0x93CA, 0x93CA, 0x93CA, 0x93CA, 0x93CA, 0x9BCA, 0x9BEA, 
    0x9BEA, 0x93CA, 0x93AA, 0x93A9, 0x6266, 0x2923, 0x2923, 0x2902, 0x0063, 0x010A, 0x016D, 0x01D0, 
    0x0212, 0x0232, 0x0232, 0x0A32, 0x0232, 0x0233, 0x0233, 0x01F0, 0x00E9, 0x0043, 0x18A2, 0x39A5, 
    0x1081, 0x8BED, 0x942E, 0x630B, 0x734C, 0x8C0E, 0x7BAD, 0x9C70, 0x7BAD, 0x6B0C, 0x630B, 0x6B4C, 
    0x630C, 0x6B4C, 0x8BED, 0x20E2, 0x010A, 0x0233, 0x0212, 0x0232, 0x0232, 0x0233, 0x0A33, 0x0A53, 
    0x0A33, 0x0233, 0x0233, 0x0232, 0x0232, 0x0232, 0x0233, 0x0233, 0x0233, 0x0233, 0x0A33, 0x0A33, 
    0x0A33, 0x0A33, 0x0233, 0x0233, 0x0233, 0x0233, 0x0232, 0x0233, 0x0233, 0x0233, 0x0233, 0x0232, 
    0x0A53, 0x0A53, 0x0A53, 0x0A53, 0x0A53, 0x0A53, 0x0A53, 0x0A53, 0x0253, 0x0A53, 0x0A32, 0x0A53, 
    0x09F0, 0x01AD, 0x0129, 0x0020, 0x3164, 0x49E5, 0x6AC8, 0xB4CF, 0xBD2F, 0xBD0F, 0xB50F, 0xA48E, 
    0x7B6A, 0x62C9, 0x5A88, 0x4A27, 0x3985, 0x3165, 0x3165, 0x2944, 0x2944, 0x2124, 0x2965, 0x2944, 
    0x2944, 0x2944, 0x2964, 0x39C6, 0x41C6, 0x4A27, 0x5A68, 0x6AC8, 0x7B4A, 0x940C, 0xB4EF, 0xB4EF, 
    0xB4CE, 0xBCEE, 0x6AE8, 0x49C4, 0x3984, 0x0020, 0x00C6, 0x016C, 0x0A11, 0x0A53, 0x0A33, 0x0A33, 
    0x0A33, 0x0A33, 0x01F0, 0x01AE, 0x00C7, 0x0064, 0x0043, 0x3164, 0x5225, 0x5205, 0x5205, 0x5225, 
    0x5225, 0x5205, 0x5205, 0x5205, 0x5225, 0x5226, 0x5225, 0x5225, 0x5205, 0x49E5, 0x49E5, 0x49E5, 
    0x4A05, 0x4A05, 0x49E5, 0x4A05, 0x4A05, 0x4A05, 0x4A05, 0x4A05, 0x4A05, 0x4A05, 0x4A05, 0x4A05, 
    0x4A05, 0x4A05, 0x4A05, 0x4A05, 0x4A05, 0x4A05, 0x4A05, 0x5205, 0x5225, 0x5205, 0x5205, 0x4A05, 
    0x5205, 0x5205, 0x5206, 0x5205, 0x4A05, 0x4A05, 0x5205, 0x5205, 0x5205, 0x5206, 0x5206, 0x5226, 
    0x5205, 0x5205, 0x5205, 0x5205, 0x5205, 0x5205, 0x5205, 0x5205, 0x5225, 0x5225, 0x5205, 0x5226, 
    0x5205, 0x5205, 0x5205, 0x5225, 0x5226, 0x5225, 0x5205, 0x5205, 0x5225, 0x5225, 0x5205, 0x5205, 
    0x5205, 0x4A05, 0x4A05, 0x4A05, 0x4A05, 0x4A05, 0x4A05, 0x4A05, 0x49E5, 0x49E5, 0x4A05, 0x5205, 
    0x5205, 0x4A05, 0x49E5, 0x49E5, 0x49E5, 0x4A05, 0x5205, 0x4A05, 0x4A05, 0x5205, 0x5205, 0x5205, 
    0x5205, 0x49E5, 0x49E5, 0x5205, 0x3144, 0x0043, 0x0084, 0x0085, 0x016D, 0x018E, 0x018E, 0x0232, 
    0x0A53, 0x0A32, 0x0A33, 0x0A53, 0x0A53, 0x01AF, 0x0109, 0x0884, 0x41A5, 0x4A06, 0x93ED, 0xB4F0, 
    0x2124, 0x5A89, 0x9C6F, 0xA48F, 0x8BEE, 0x83CE, 0x8C2F, 0x7BCD, 0x734C, 0x736C, 0x7B8D, 0x7BAD, 
    0x7BCE, 0x942E, 0x5AA9, 0x1081, 0x012A, 0x0A53, 0x0A53, 0x0A53, 0x0233, 0x0A53, 0x0A53, 0x0A53, 
    0x0A53, 0x0A33, 0x0A53, 0x0233, 0x0233, 0x0253, 0x0A53, 0x0253, 0x0A53, 0x0A53, 0x0A53, 0x0A53, 
    0x0A53, 0x0A53, 0x0A53, 0x0A53, 0x0253, 0x0253, 0x0A33, 0x0A53, 0x0253, 0x0233, 0x0233, 0x0233, 
    0x0233, 0x0233, 0x0233, 0x0233, 0x0233, 0x0233, 0x0233, 0x0232, 0x0232, 0x0232, 0x0A53, 0x0211, 
    0x00C6, 0x0840, 0x2923, 0xA42C, 0xD570, 0xBD0F, 0x9C2D, 0x7B6B, 0x5A88, 0x39C6, 0x20E3, 0x0861, 
    0x10A2, 0x10A2, 0x18C2, 0x18C3, 0x3164, 0x4A07, 0x5248, 0x5A68, 0x5248, 0x5247, 0x5247, 0x5247, 
    0x5247, 0x5247, 0x5247, 0x41C5, 0x3164, 0x3164, 0x1081, 0x18A2, 0x1081, 0x18C2, 0x2924, 0x2124, 
    0x4A27, 0x732A, 0x93EC, 0xACAE, 0xCD71, 0xAC8E, 0x39A5, 0x1060, 0x00A4, 0x0129, 0x0A31, 0x0A53, 
    0x0A33, 0x0A32, 0x0A33, 0x01F1, 0x01AF, 0x018E, 0x016D, 0x0043, 0x0001, 0x0001, 0x0001, 0x0021, 
    0x0001, 0x0001, 0x0001, 0x0001, 0x0021, 0x0021, 0x0001, 0x0001, 0x0001, 0x0001, 0x0001, 0x0001, 
    0x0001, 0x0001, 0x0001, 0x0001, 0x0021, 0x0001, 0x0001, 0x0021, 0x0001, 0x0001, 0x0001, 0x0021, 
    0x0021, 0x0001, 0x0021, 0x0021, 0x0021, 0x0021, 0x0001, 0x0021, 0x0001, 0x0001, 0x0021, 0x0021, 
    0x0021, 0x0021, 0x0001, 0x0021, 0x0021, 0x0001, 0x0001, 0x0001, 0x0001, 0x0021, 0x0001, 0x0001, 
    0x0001, 0x0001, 0x0001, 0x0001, 0x0001, 0x0001, 0x0021, 0x0001, 0x0001, 0x0001, 0x0001, 0x0021, 
    0x0001, 0x0001, 0x0001, 0x0001, 0x0021, 0x0001, 0x0001, 0x0001, 0x0001, 0x0001, 0x0001, 0x0001, 
    0x0021, 0x0021, 0x0001, 0x0001, 0x0021, 0x0021, 0x0001, 0x0001, 0x0021, 0x0021, 0x0001, 0x0021, 
    0x0021, 0x0001, 0x0001, 0x0001, 0x0001, 0x0001, 0x0021, 0x0021, 0x0021, 0x0021, 0x0021, 0x0021, 
    0x0001, 0x0001, 0x0021, 0x0001, 0x0043, 0x016C, 0x018E, 0x018E, 0x016D, 0x01AF, 0x0233, 0x0212, 
    0x0232, 0x0233, 0x0232, 0x01CF, 0x00E8, 0x0021, 0x3144, 0x838B, 0xB531, 0x83ED, 0x5248, 0x39C6, 
    0x0861, 0x4207, 0x3186, 0x734B, 0x7B8C, 0xACF1, 0xB532, 0x9C6F, 0x944E, 0x9C90, 0xA4D1, 0x83EE, 
    0x5268, 0x3185, 0x2945, 0x10A2, 0x0063, 0x00E8, 0x016B, 0x01F0, 0x0A31, 0x0A53, 0x0A53, 0x0A53, 
    0x0A53, 0x0A53, 0x0A33, 0x0A53, 0x0253, 0x0233, 0x0233, 0x0233, 0x0253, 0x0A53, 0x0A53, 0x0A53, 
    0x0A53, 0x0A33, 0x0A32, 0x0233, 0x0233, 0x0233, 0x0232, 0x0232, 0x0212, 0x0212, 0x0212, 0x0212, 
    0x0233, 0x0A53, 0x0A53, 0x0A53, 0x0A53, 0x0A53, 0x0A53, 0x0A53, 0x0A32, 0x0A32, 0x01AE, 0x0022, 
    0x4A06, 0xAC8E, 0xBD0F, 0xAC8E, 0x7B6B, 0x39C6, 0x18E3, 0x0841, 0x10A2, 0x41C6, 0x5248, 0x62A8, 
    0x734B, 0x7B6B, 0x62EA, 0x4A48, 0x39E7, 0x3186, 0x3186, 0x31A7, 0x31A6, 0x31A6, 0x31A6, 0x3186, 
    0x3186, 0x3186, 0x31A6, 0x4207, 0x5AA9, 0x6B0A, 0x62CA, 0x6B0B, 0x6AEA, 0x62C9, 0x5AA9, 0x41C6, 
    0x2924, 0x0841, 0x18C2, 0x3185, 0x62C9, 0x8BED, 0xB4CF, 0xBCEF, 0x6287, 0x1061, 0x00A5, 0x0A11, 
    0x0A53, 0x0A33, 0x0A32, 0x0212, 0x01F1, 0x0211, 0x01B0, 0x014C, 0x012A, 0x012B, 0x012B, 0x012B, 
    0x012B, 0x012B, 0x012B, 0x012B, 0x012B, 0x012B, 0x012B, 0x012B, 0x012B, 0x012B, 0x012B, 0x012B, 
    0x012B, 0x012B, 0x012B, 0x012B, 0x012B, 0x012B, 0x012B, 0x012B, 0x012B, 0x012B, 0x012B, 0x012B, 
    0x014B, 0x014B, 0x012B, 0x012B, 0x012B, 0x012B, 0x012B, 0x012B, 0x012B, 0x012B, 0x014B, 0x014B, 
    0x014B, 0x014B, 0x012B, 0x012B, 0x012B, 0x012B, 0x012A, 0x012A, 0x012A, 0x012B, 0x012B, 0x012A, 
    0x012B, 0x012B, 0x012B, 0x012B, 0x012B, 0x012B, 0x012B, 0x012B, 0x012B, 0x012B, 0x012B, 0x012B, 
    0x012B, 0x012B, 0x012B, 0x012B, 0x012B, 0x012B, 0x012B, 0x012B, 0x012B, 0x012B, 0x012A, 0x012A, 
    0x012B, 0x012B, 0x012B, 0x012B, 0x012B, 0x012B, 0x012B, 0x012B, 0x012B, 0x012B, 0x014B, 0x012B, 
    0x012B, 0x012B, 0x012B, 0x012B, 0x012B, 0x012B, 0x012B, 0x012B, 0x014B, 0x012B, 0x014B, 0x014B, 
    0x012B, 0x012B, 0x012B, 0x012B, 0x012B, 0x014C, 0x018D, 0x01AF, 0x01AF, 0x0A32, 0x0233, 0x0233, 
    0x0232, 0x01CF, 0x00E7, 0x0021, 0x3164, 0xA48F, 0xA4B0, 0x736C, 0x31A6, 0x10A2, 0x1082, 0x10C3, 
    0x0841, 0x4A28, 0x4228, 0x7B8D, 0x41E7, 0x942E, 0x528A, 0x52AA, 0x5ACA, 0x4229, 0x39E7, 0x3186, 
    0x2965, 0x2965, 0x3186, 0x10A3, 0x3184, 0x41C5, 0x0840, 0x0041, 0x0042, 0x00A6, 0x00C7, 0x018D, 
    0x01F1, 0x0211, 0x0232, 0x0233, 0x0233, 0x0233, 0x0233, 0x0233, 0x0212, 0x0212, 0x0233, 0x0233, 
    0x0233, 0x0A33, 0x0A53, 0x0A53, 0x0A53, 0x0A53, 0x0A53, 0x0A53, 0x0A53, 0x0A53, 0x0A53, 0x0A53, 
    0x0232, 0x0A33, 0x0A33, 0x0A33, 0x0A33, 0x0A32, 0x0212, 0x0212, 0x0233, 0x01D0, 0x0021, 0x7B29, 
    0xB4CE, 0xB4EF, 0x62C9, 0x3185, 0x1082, 0x0861, 0x39A5, 0x7B4B, 0x732A, 0x6B0A, 0x5269, 0x31A6, 
    0x2145, 0x1924, 0x18E4, 0x1904, 0x2125, 0x2125, 0x2125, 0x2145, 0x2965, 0x2965, 0x2965, 0x2965, 
    0x2965, 0x2965, 0x2965, 0x2966, 0x2966, 0x2965, 0x2965, 0x2945, 0x31A6, 0x39C7, 0x39C6, 0x39C6, 
    0x62CA, 0x62EA, 0x5AA9, 0x2944, 0x1061, 0x18A2, 0x4A07, 0x93EC, 0xBD0F, 0xA44D, 0x49E5, 0x0022, 
    0x0211, 0x0A32, 0x0A12, 0x0212, 0x0212, 0x0212, 0x01F1, 0x01D0, 0x01AF, 0x01AF, 0x016D, 0x016D, 
    0x016C, 0x014C, 0x016C, 0x014C, 0x014C, 0x016C, 0x016C, 0x016C, 0x016D, 0x014D, 0x014D, 0x016D, 
    0x016D, 0x016D, 0x016D, 0x016D, 0x014C, 0x016D, 0x016D, 0x014C, 0x016C, 0x016C, 0x014C, 0x016D, 
    0x016D, 0x016D, 0x016D, 0x016D, 0x016C, 0x014C, 0x014C, 0x014C, 0x016C, 0x016C, 0x016C, 0x016C, 
    0x016C, 0x016C, 0x014C, 0x014C, 0x014C, 0x014D, 0x016C, 0x014C, 0x014C, 0x014C, 0x016C, 0x016C, 
    0x016C, 0x016C, 0x016C, 0x016D, 0x016D, 0x016D, 0x016C, 0x016C, 0x014C, 0x014C, 0x014C, 0x014C, 
    0x016C, 0x016D, 0x016D, 0x014C, 0x014C, 0x014C, 0x014C, 0x014C, 0x014C, 0x014C, 0x014C, 0x014C, 
    0x014C, 0x014C, 0x014C, 0x016D, 0x016D, 0x016D, 0x016D, 0x016C, 0x014C, 0x016D, 0x016D, 0x016D, 
    0x016D, 0x014C, 0x014C, 0x014C, 0x016D, 0x016C, 0x016C, 0x016C, 0x014C, 0x014C, 0x016C, 0x016C, 
    0x016D, 0x016D, 0x016D, 0x016D, 0x018E, 0x01D0, 0x01F0, 0x01F1, 0x01F1, 0x0232, 0x0A33, 0x01AF, 
    0x0085, 0x0041, 0x41C6, 0x9C2E, 0x9C4F, 0x6B4C, 0x39C7, 0x10A2, 0x1082, 0x18E4, 0x31C7, 0x4A49, 
    0x10A2, 0x4207, 0x4208, 0x8BEE, 0x5AAA, 0xA4B0, 0x528A, 0x62EA, 0x736C, 0x4A69, 0x39E7, 0x41E7, 
    0x2986, 0x31A6, 0x3186, 0x1082, 0x62C9, 0xACD0, 0x940E, 0x9C6E, 0x8BCC, 0x5A67, 0x3984, 0x2103, 
    0x0042, 0x0022, 0x0043, 0x0064, 0x018D, 0x0A11, 0x0A32, 0x0A53, 0x0A53, 0x0A53, 0x0A53, 0x0A33, 
    0x0233, 0x0233, 0x0A32, 0x0A32, 0x0A33, 0x0A33, 0x0A33, 0x0A32, 0x0A33, 0x0233, 0x0233, 0x0232, 
    0x0A33, 0x0A33, 0x0A53, 0x0A53, 0x0A33, 0x0A33, 0x0A33, 0x0A33, 0x01CF, 0x08C4, 0x62C8, 0xBD0F, 
    0xACAE, 0x5A88, 0x1081, 0x18C2, 0x4A27, 0x732B, 0x7B6B, 0x5268, 0x2125, 0x10A3, 0x08A3, 0x10C4, 
    0x10E4, 0x18E4, 0x18E4, 0x1904, 0x2125, 0x2125, 0x2145, 0x2145, 0x2945, 0x2965, 0x2966, 0x2966, 
    0x2966, 0x2966, 0x2966, 0x2966, 0x2966, 0x2965, 0x2965, 0x2965, 0x2945, 0x2145, 0x2125, 0x1904, 
    0x2104, 0x31A6, 0x4A48, 0x732B, 0x62A9, 0x3985, 0x1082, 0x3185, 0x940C, 0xBCEF, 0x9C0C, 0x4A05, 
    0x0084, 0x0211, 0x0A53, 0x0A33, 0x0A33, 0x0A32, 0x0233, 0x0232, 0x01F1, 0x01B0, 0x018F, 0x018E, 
    0x018E, 0x018E, 0x018E, 0x018E, 0x018E, 0x018E, 0x018E, 0x018E, 0x018E, 0x018E, 0x018E, 0x018F, 
    0x018F, 0x018E, 0x018E, 0x018E, 0x018E, 0x018E, 0x018D, 0x016D, 0x016D, 0x018D, 0x016D, 0x018E, 
    0x018E, 0x018E, 0x018E, 0x018E, 0x016E, 0x018E, 0x016D, 0x018E, 0x018E, 0x018E, 0x018E, 0x018E, 
    0x018E, 0x018E, 0x018E, 0x018E, 0x018E, 0x018E, 0x01AF, 0x018F, 0x198E, 0x29AF, 0x29AF, 0x29B0, 
    0x29AF, 0x198E, 0x018F, 0x018F, 0x01AF, 0x018E, 0x018E, 0x018E, 0x018E, 0x018E, 0x018E, 0x018E, 
    0x018E, 0x018E, 0x018E, 0x018E, 0x018E, 0x018E, 0x018E, 0x01AE, 0x01AE, 0x018E, 0x018E, 0x018E, 
    0x016D, 0x018E, 0x018E, 0x018E, 0x018E, 0x016D, 0x016E, 0x018E, 0x016E, 0x018E, 0x016E, 0x018E, 
    0x016E, 0x016E, 0x016D, 0x016E, 0x018E, 0x016D, 0x016D, 0x016E, 0x018D, 0x018E, 0x018E, 0x018E, 
    0x018E, 0x018E, 0x018E, 0x018E, 0x01D0, 0x0212, 0x0232, 0x0233, 0x0233, 0x01AE, 0x00A6, 0x0041, 
    0x41C5, 0x83AC, 0xACF1, 0x8BEE, 0x3186, 0x10A2, 0x18C3, 0x18E3, 0x39E7, 0x4228, 0x4A69, 0x5269, 
    0x1082, 0x4207, 0x39E7, 0x83CE, 0x62CA, 0xACD1, 0x5ACA, 0x6B0B, 0x736C, 0x4A69, 0x4208, 0x4208, 
    0x2965, 0x3186, 0x3186, 0x10A3, 0x18C3, 0x2965, 0x4208, 0x734C, 0x8BEE, 0x942E, 0xACF0, 0xB511, 
    0x8BCD, 0x734A, 0x6AE9, 0x41C5, 0x2103, 0x0062, 0x0063, 0x00C7, 0x00E8, 0x0108, 0x0A11, 0x0A54, 
    0x0A54, 0x0A53, 0x0A33, 0x0A33, 0x0A53, 0x0A53, 0x0A53, 0x0A53, 0x0A33, 0x0A33, 0x0A53, 0x0A33, 
    0x0A33, 0x0A33, 0x0A33, 0x0A53, 0x0A33, 0x0A33, 0x0A33, 0x0233, 0x016C, 0x1081, 0xBD2F, 0xC550, 
    0x838B, 0x0841, 0x20E3, 0x62EA, 0x6B2B, 0x4A28, 0x10C3, 0x08A3, 0x10C3, 0x10C4, 0x10E4, 0x10E4, 
    0x18E4, 0x18E4, 0x18E4, 0x1904, 0x2125, 0x1904, 0x2125, 0x2145, 0x2945, 0x2965, 0x2965, 0x2966, 
    0x3186, 0x3186, 0x2966, 0x2966, 0x2986, 0x2986, 0x2966, 0x2966, 0x2966, 0x2965, 0x2145, 0x2125, 
    0x2125, 0x1904, 0x10C3, 0x10C3, 0x4207, 0x83CD, 0x62C9, 0x18C3, 0x3164, 0x8BCC, 0xBD0F, 0x9C0C, 
    0x0020, 0x01AE, 0x0213, 0x0232, 0x0233, 0x0233, 0x0233, 0x0233, 0x0253, 0x0232, 0x0212, 0x01F0, 
    0x01D0, 0x01D1, 0x01F1, 0x01D1, 0x01F1, 0x01F1, 0x01F1, 0x0212, 0x01F1, 0x01F1, 0x01F1, 0x01F1, 
    0x01F1, 0x01F1, 0x01F1, 0x01F1, 0x01F1, 0x01F1, 0x01CF, 0x01CF, 0x01AF, 0x01AF, 0x01AF, 0x01CF, 
    0x01AF, 0x01CF, 0x01CF, 0x01D0, 0x01D0, 0x01D0, 0x01D0, 0x01D0, 0x01D0, 0x01D0, 0x01D0, 0x01D0, 
    0x01D0, 0x09D0, 0x09CF, 0x11AF, 0x19B0, 0x11D0, 0x21F1, 0x19F1, 0x31F2, 0x4A13, 0x3A13, 0x3A12, 
    0x3233, 0x2A12, 0x19F2, 0x19F1, 0x09F2, 0x19D1, 0x11D0, 0x11F0, 0x09F1, 0x01F1, 0x01F1, 0x01F1, 
    0x01F1, 0x01F0, 0x01F1, 0x01F1, 0x01F1, 0x01F1, 0x01F1, 0x01F1, 0x01F1, 0x01F1, 0x01F1, 0x0212, 
    0x01CF, 0x01D0, 0x01D0, 0x01D0, 0x01CF, 0x01CF, 0x01D0, 0x01D0, 0x01D0, 0x01D0, 0x01D0, 0x01D0, 
    0x01D0, 0x01D0, 0x01D0, 0x01D0, 0x01CF, 0x01D0, 0x01D0, 0x01D0, 0x01D0, 0x01D0, 0x01D0, 0x01D0, 
    0x01D0, 0x01D0, 0x0A11, 0x0A32, 0x0A53, 0x0232, 0x0212, 0x018D, 0x00C7, 0x0062, 0x3985, 0x8BEC, 
    0xACF0, 0x7BAD, 0x41E8, 0x2124, 0x1082, 0x18C3, 0x31A6, 0x4208, 0x528A, 0x630C, 0x4A28, 0x18C3, 
    0x0020, 0x39C6, 0x4208, 0x83CE, 0x5AAA, 0xACD0, 0x5ACB, 0x6B2B, 0x738C, 0x4A49, 0x4228, 0x4A69, 
    0x2986, 0x31A6, 0x2945, 0x0861, 0x0000, 0x0862, 0x10A3, 0x10A2, 0x18E3, 0x2124, 0x39E7, 0x5AA9, 
    0x734C, 0x944F, 0xB511, 0xB511, 0xACF0, 0x62C9, 0x49E6, 0x4A06, 0x3164, 0x0861, 0x0064, 0x00E7, 
    0x0108, 0x096B, 0x0A32, 0x0A33, 0x0A33, 0x0A53, 0x0A53, 0x0A53, 0x0A33, 0x0A33, 0x0A53, 0x0A53, 
    0x0232, 0x0A32, 0x0232, 0x0233, 0x0A33, 0x0A33, 0x0A32, 0x0253, 0x018D, 0x1081, 0xB4CE, 0xBCEE, 
    0x838A, 0x0820, 0x4207, 0x940D, 0x18E3, 0x0062, 0x10C4, 0x10C4, 0x10C4, 0x10C4, 0x10C4, 0x10E4, 
    0x18E4, 0x18E4, 0x1904, 0x1904, 0x18E4, 0x1904, 0x1925, 0x2146, 0x2146, 0x2146, 0x2166, 0x2146, 
    0x2146, 0x2166, 0x2966, 0x2966, 0x2966, 0x2986, 0x2966, 0x2966, 0x2965, 0x2945, 0x2145, 0x2145, 
    0x2125, 0x1925, 0x1904, 0x10C4, 0x0882, 0x3185, 0x942E, 0x3164, 0x0861, 0x8BAB, 0xBD0F, 0x940C, 
    0x0021, 0x01CF, 0x0233, 0x0233, 0x0253, 0x0253, 0x0253, 0x0A53, 0x0A53, 0x0A53, 0x0A53, 0x0A53, 
    0x0A53, 0x0A53, 0x0A53, 0x0A32, 0x09F0, 0x198C, 0x19AE, 0x1232, 0x0A53, 0x0A53, 0x0A53, 0x0A53, 
    0x0A53, 0x0A53, 0x0A53, 0x0A53, 0x0A53, 0x0A53, 0x0A53, 0x0A74, 0x0A73, 0x0A53, 0x0A53, 0x0A73, 
    0x0A53, 0x0A53, 0x0A53, 0x0A53, 0x0A53, 0x0A53, 0x0A53, 0x0A53, 0x0A53, 0x0A53, 0x0A53, 0x0A53, 
    0x0A53, 0x1232, 0x1A32, 0x3233, 0x3A12, 0x2A12, 0x3A12, 0x2A33, 0x3213, 0x3213, 0x2A13, 0x2A13, 
    0x2212, 0x2A12, 0x3212, 0x3213, 0x1213, 0x3212, 0x3232, 0x2A12, 0x1212, 0x0A53, 0x0A53, 0x0A53, 
    0x0A53, 0x0A53, 0x0A53, 0x0A53, 0x0A53, 0x0A53, 0x0A53, 0x0A53, 0x0A53, 0x0A53, 0x0A53, 0x0A53, 
    0x0A53, 0x0A53, 0x0A73, 0x0A53, 0x0A73, 0x0A54, 0x0A53, 0x0A53, 0x0A53, 0x0A53, 0x0A53, 0x0A53, 
    0x0A53, 0x0A53, 0x0A53, 0x0A32, 0x0A31, 0x09EF, 0x0A53, 0x0A74, 0x0A73, 0x0A74, 0x0A74, 0x0A73, 
    0x0A73, 0x0A73, 0x0A73, 0x0A53, 0x0A53, 0x0A53, 0x09EF, 0x0021, 0x3163, 0x83AB, 0xACD0, 0x7B6C, 
    0x39A7, 0x18C3, 0x0841, 0x1082, 0x31C7, 0x4A69, 0x528A, 0x5ACB, 0x630C, 0x528A, 0x0861, 0x2944, 
    0x2945, 0x18E4, 0x39E8, 0x7B8D, 0x5269, 0x9C6F, 0x52A9, 0x62EB, 0x7BAD, 0x4A49, 0x39E8, 0x4A48, 
    0x3186, 0x31A7, 0x10A3, 0x0861, 0x18E3, 0x10C3, 0x31A7, 0x2966, 0x2945, 0x1904, 0x10A2, 0x1082, 
    0x0861, 0x2124, 0x41E7, 0x4A48, 0x62EA, 0x9C4F, 0xACCF, 0xB4F0, 0xA48E, 0x8BED, 0x6B09, 0x5A88, 
    0x3984, 0x0000, 0x00E8, 0x0211, 0x0233, 0x0233, 0x0233, 0x0A33, 0x0233, 0x0233, 0x0233, 0x0233, 
    0x0A53, 0x0A53, 0x0A53, 0x0A53, 0x0A53, 0x0A33, 0x0A33, 0x0A53, 0x01AD, 0x0020, 0x62A8, 0xBCCE, 
    0xB4CE, 0x5247, 0x10A2, 0x7B6B, 0x18E3, 0x0883, 0x10C4, 0x10C4, 0x10E4, 0x10E4, 0x10C4, 0x10E4, 
    0x10E4, 0x10E4, 0x10E5, 0x00E7, 0x00E7, 0x00E7, 0x00E8, 0x012A, 0x014A, 0x014B, 0x016B, 0x014B, 
    0x014A, 0x012A, 0x014A, 0x0129, 0x0929, 0x1128, 0x1926, 0x2146, 0x2145, 0x2145, 0x2145, 0x2145, 
    0x2145, 0x2125, 0x1904, 0x10E4, 0x10C4, 0x18C3, 0x62A9, 0x0841, 0x6AC8, 0xB4CF, 0xB4AE, 0x62A8, 
    0x0000, 0x01CF, 0x0212, 0x0212, 0x0212, 0x0233, 0x0213, 0x0212, 0x0212, 0x0212, 0x0212, 0x0212, 
    0x0212, 0x0212, 0x0212, 0x09F0, 0x192A, 0x7AB1, 0x5A2F, 0x192A, 0x0A12, 0x0233, 0x0233, 0x0253, 
    0x0A32, 0x0A12, 0x0212, 0x0212, 0x0232, 0x0232, 0x0232, 0x0232, 0x0232, 0x0212, 0x0212, 0x0212, 
    0x0212, 0x0232, 0x0212, 0x0212, 0x0232, 0x0232, 0x0232, 0x0232, 0x0212, 0x0212, 0x0A32, 0x0A32, 
    0x0A32, 0x1A12, 0x2A12, 0x2233, 0x2234, 0x2A33, 0x21F1, 0x19F1, 0x19F2, 0x21F2, 0x21F2, 0x19F2, 
    0x19F1, 0x21D1, 0x19D1, 0x19D1, 0x1A12, 0x2A13, 0x3233, 0x3212, 0x1A33, 0x1212, 0x0A32, 0x0A32, 
    0x0A12, 0x0232, 0x0232, 0x0232, 0x0212, 0x0212, 0x0212, 0x0212, 0x0212, 0x0213, 0x0213, 0x0212, 
    0x0212, 0x0233, 0x0233, 0x0233, 0x0212, 0x0212, 0x0212, 0x0212, 0x0212, 0x0232, 0x0A32, 0x0A33, 
    0x0A33, 0x0A32, 0x0A32, 0x0A11, 0x194B, 0x49CD, 0x19AE, 0x0A12, 0x0232, 0x0232, 0x0233, 0x0233, 
    0x0233, 0x0233, 0x0233, 0x0233, 0x0233, 0x0212, 0x0084, 0x5227, 0x942E, 0x7B8C, 0x39C7, 0x2104, 
    0x0841, 0x18C3, 0x2986, 0x39E7, 0x52AA, 0x5AEB, 0x5AEB, 0x5ACB, 0x62EB, 0x31A6, 0x0882, 0x83CE, 
    0x5ACA, 0x20E3, 0x10A2, 0x2924, 0x39A6, 0x8BED, 0x5289, 0x6B2C, 0x7BCE, 0x4A69, 0x39C7, 0x3186, 
    0x10C3, 0x10A3, 0x0862, 0x2124, 0x39C7, 0x0861, 0x2966, 0x4229, 0x4A49, 0x4A6A, 0x4208, 0x2145, 
    0x2125, 0x2945, 0x18E3, 0x0841, 0x1082, 0x10A2, 0x1082, 0x2945, 0x5289, 0x734C, 0x8C2E, 0xA48F, 
    0xA48F, 0x732A, 0x18C2, 0x00A6, 0x0211, 0x0233, 0x0232, 0x0A33, 0x0A33, 0x0A33, 0x0A33, 0x0A53, 
    0x0A12, 0x0A12, 0x0A32, 0x0A32, 0x0A33, 0x0A53, 0x0A33, 0x0A53, 0x018D, 0x0020, 0x2944, 0x836A, 
    0xC551, 0xCD92, 0x734A, 0x3185, 0x0020, 0x0021, 0x08A3, 0x10C4, 0x08C4, 0x08A4, 0x08A4, 0x00A5, 
    0x00C7, 0x00E8, 0x0129, 0x014B, 0x014B, 0x014B, 0x014B, 0x014B, 0x016B, 0x016C, 0x016B, 0x016B, 
    0x016B, 0x016B, 0x014B, 0x016B, 0x016B, 0x014B, 0x014A, 0x0129, 0x00E8, 0x00E7, 0x08E6, 0x1905, 
    0x1925, 0x2145, 0x1925, 0x10E4, 0x0883, 0x0020, 0x2923, 0x62C8, 0xC52F, 0xBD2F, 0x7B4A, 0x2944, 
    0x0020, 0x01F0, 0x0A53, 0x0A53, 0x0253, 0x0233, 0x0253, 0x0253, 0x0A53, 0x0253, 0x0253, 0x0253, 
    0x0A53, 0x0A53, 0x0A52, 0x112A, 0x5A0F, 0x7292, 0x5A32, 0x396C, 0x01AE, 0x0A53, 0x0A53, 0x0A74, 
    0x11AE, 0x18E9, 0x10E9, 0x18E9, 0x116D, 0x0A74, 0x0A53, 0x0A53, 0x0A53, 0x0A53, 0x0A53, 0x0A53, 
    0x0A53, 0x0A53, 0x0A53, 0x0A53, 0x0A53, 0x0A53, 0x0A53, 0x0A53, 0x0A53, 0x0A53, 0x1233, 0x2A33, 
    0x3A33, 0x4233, 0x3A12, 0x2A13, 0x2234, 0x114C, 0x0021, 0x0021, 0x0021, 0x0022, 0x0022, 0x0022, 
    0x0022, 0x0021, 0x0001, 0x0021, 0x0022, 0x21AF, 0x2A34, 0x2A13, 0x3213, 0x4233, 0x1A33, 0x0A33, 
    0x0A53, 0x0A53, 0x0A53, 0x0A53, 0x0232, 0x0233, 0x0A53, 0x0A53, 0x0A53, 0x0A53, 0x0A53, 0x0A53, 
    0x0A53, 0x0A53, 0x0A53, 0x0A53, 0x0A53, 0x0A53, 0x0A53, 0x0A53, 0x0A53, 0x0A53, 0x0A53, 0x0A53, 
    0x0A53, 0x0A33, 0x0232, 0x01AE, 0x318E, 0x6274, 0x41CE, 0x10E9, 0x0A32, 0x0A53, 0x0A53, 0x0A53, 
    0x0A53, 0x0A53, 0x0A53, 0x0A53, 0x0A53, 0x0211, 0x0041, 0xACD0, 0x83CD, 0x18E3, 0x0841, 0x0020, 
    0x18E4, 0x31A6, 0x4A49, 0x5AEB, 0x5ACB, 0x62EB, 0x632C, 0x632C, 0x630C, 0x31A6, 0x0841, 0x528A, 
    0x8C0F, 0xA490, 0x39C6, 0x2103, 0x0841, 0x2104, 0x2104, 0x2965, 0x2965, 0x10A3, 0x1082, 0x0000, 
    0x0861, 0x18E4, 0x39E7, 0x4A49, 0x3186, 0x0020, 0x2965, 0x4A69, 0x5AAA, 0x4208, 0x62CA, 0x62EA, 
    0x5ACA, 0x4A49, 0x39E8, 0x4228, 0x39E8, 0x31A6, 0x2125, 0x10C3, 0x18C3, 0x1082, 0x2104, 0x2945, 
    0x3185, 0xA48F, 0x940D, 0x0020, 0x01AF, 0x0233, 0x0A33, 0x0A33, 0x0A33, 0x0A33, 0x0233, 0x0233, 
    0x0A33, 0x0A33, 0x0A33, 0x0A33, 0x0A33, 0x0A33, 0x0A33, 0x0233, 0x01CF, 0x0021, 0x10A2, 0x39C6, 
    0x62EA, 0x940D, 0xCDB1, 0x9C4D, 0x5A67, 0x2923, 0x0000, 0x0021, 0x00A5, 0x00C7, 0x00E8, 0x0109, 
    0x010A, 0x010A, 0x012A, 0x014B, 0x014B, 0x012A, 0x014B, 0x014B, 0x014B, 0x014B, 0x014B, 0x014B, 
    0x016B, 0x016B, 0x014B, 0x014B, 0x014B, 0x014B, 0x014B, 0x014B, 0x012A, 0x010A, 0x012A, 0x0108, 
    0x00E7, 0x08A4, 0x0882, 0x0000, 0x10A2, 0x732A, 0xAC8E, 0xCD50, 0x9C2D, 0x5268, 0x3165, 0x10A2, 
    0x0021, 0x01CF, 0x0253, 0x0233, 0x0232, 0x0233, 0x0233, 0x0233, 0x0233, 0x0233, 0x0233, 0x0233, 
    0x0233, 0x0233, 0x0A33, 0x11CF, 0x296C, 0x49F0, 0x396C, 0x192B, 0x0A31, 0x0A53, 0x0A74, 0x11CF, 
    0x214B, 0x5A0F, 0x5A0E, 0x51EE, 0x318D, 0x114C, 0x0A32, 0x0253, 0x0A33, 0x0233, 0x0233, 0x0A32, 
    0x0A53, 0x0A33, 0x0A33, 0x0A53, 0x0A33, 0x0A33, 0x0A33, 0x0233, 0x0A33, 0x1233, 0x3233, 0x3233, 
    0x3A34, 0x3255, 0x216D, 0x0886, 0x0064, 0x2924, 0x8349, 0x8349, 0x8369, 0x8B8A, 0x8389, 0x838A, 
    0x8BAA, 0x8BAA, 0x8389, 0x8369, 0x7307, 0x18C4, 0x0065, 0x08C8, 0x2A33, 0x3A34, 0x3233, 0x2A33, 
    0x2232, 0x0A32, 0x0A32, 0x0212, 0x0212, 0x0232, 0x0233, 0x0233, 0x0233, 0x0233, 0x0233, 0x0A33, 
    0x0A33, 0x0A33, 0x0A33, 0x0A33, 0x0A53, 0x0A33, 0x0A33, 0x0254, 0x09F1, 0x114B, 0x114B, 0x114B, 
    0x118D, 0x0A53, 0x0A53, 0x0A12, 0x194D, 0x316E, 0x212B, 0x098E, 0x0A32, 0x0A33, 0x0A53, 0x0A53, 
    0x0A33, 0x0A33, 0x0A33, 0x0233, 0x0233, 0x0211, 0x0062, 0x6B2B, 0xB511, 0xB511, 0x838B, 0x62C9, 
    0x39A5, 0x2103, 0x1082, 0x18C3, 0x2945, 0x4208, 0x5ACB, 0x630C, 0x62EC, 0x528A, 0x2945, 0x18E4, 
    0x5289, 0x7B8D, 0xB511, 0x944E, 0x6B2B, 0x5AA9, 0x2924, 0x2124, 0x2103, 0x2124, 0x3165, 0x31A7, 
    0x4A48, 0x4208, 0x39C7, 0x2124, 0x0841, 0x2124, 0x4A29, 0x5AAA, 0x4207, 0x5248, 0x39E7, 0x39C6, 
    0x39C6, 0x4A48, 0x41E7, 0x31A6, 0x528A, 0x528A, 0x528A, 0x4A6A, 0x39E8, 0x2966, 0x1904, 0x0000, 
    0x20E3, 0xA48F, 0x7B8C, 0x0021, 0x01CF, 0x0A53, 0x0A53, 0x0A53, 0x0A53, 0x0A53, 0x0A33, 0x0232, 
    0x0A33, 0x0A53, 0x0A33, 0x0A33, 0x0A33, 0x0A33, 0x0232, 0x0233, 0x0211, 0x0042, 0x0021, 0x2103, 
    0x39A6, 0x4207, 0x734B, 0xA48E, 0xCD91, 0xA46D, 0x6AC9, 0x4A06, 0x10A2, 0x0062, 0x0064, 0x0064, 
    0x00A6, 0x00A7, 0x00E9, 0x010A, 0x012A, 0x012A, 0x012A, 0x012B, 0x012B, 0x012B, 0x014B, 0x014B, 
    0x014B, 0x014B, 0x014B, 0x014B, 0x014B, 0x014B, 0x012A, 0x0109, 0x0108, 0x00C7, 0x00A6, 0x0085, 
    0x0063, 0x10A2, 0x41E6, 0x7329, 0xBD30, 0xCD91, 0xA46E, 0x7B8B, 0x41E7, 0x2103, 0x1082, 0x0841, 
    0x0041, 0x01CF, 0x0233, 0x0213, 0x0233, 0x0A33, 0x0A33, 0x0A33, 0x0A33, 0x0A33, 0x0A33, 0x0233, 
    0x0233, 0x0A33, 0x0A33, 0x0A32, 0x118D, 0x210A, 0x110A, 0x09AE, 0x0274, 0x09AE, 0x096D, 0x294B, 
    0x5A0E, 0x8B13, 0x8B13, 0x7AB2, 0x51EF, 0x312B, 0x114C, 0x09F0, 0x0233, 0x0232, 0x0A32, 0x11F0, 
    0x11CF, 0x0233, 0x0A33, 0x0A33, 0x0A33, 0x0A33, 0x0233, 0x0233, 0x1232, 0x2A33, 0x4232, 0x3234, 
    0x29AE, 0x112A, 0x2126, 0x5245, 0x5225, 0x8369, 0xD590, 0xDDB0, 0xDDD0, 0xE5F1, 0xDDD0, 0xD58F, 
    0xD58F, 0xD58F, 0xD56E, 0xD56E, 0xC4EC, 0x6286, 0x49E4, 0x3964, 0x08E9, 0x216D, 0x3A34, 0x3A33, 
    0x2A32, 0x0232, 0x0A12, 0x0212, 0x0A32, 0x0A33, 0x0A33, 0x0233, 0x0233, 0x0233, 0x0A33, 0x0A33, 
    0x0A33, 0x0A53, 0x0A53, 0x0A53, 0x0A53, 0x0A53, 0x0A53, 0x09D0, 0x218C, 0x49CD, 0x49CD, 0x51CD, 
    0x396C, 0x196D, 0x098D, 0x0A53, 0x11AF, 0x190A, 0x094B, 0x0A32, 0x0A33, 0x0A33, 0x0A33, 0x0A33, 
    0x0A33, 0x0A33, 0x0232, 0x0232, 0x0233, 0x0211, 0x0062, 0x4207, 0x5AA9, 0x7BAD, 0xA48F, 0xACF0, 
    0xC572, 0xB510, 0x6AE9, 0x62A8, 0x5267, 0x2944, 0x18C3, 0x1082, 0x18E3, 0x2965, 0x4208, 0x2104, 
    0x2124, 0x31A7, 0x39C6, 0x6B2B, 0x8C0E, 0xA4B0, 0x9C6F, 0x7B6C, 0x6B2B, 0x630B, 0x62EB, 0x4A69, 
    0x4228, 0x2945, 0x10A2, 0x0841, 0x2104, 0x4A69, 0x630C, 0x2965, 0x39C6, 0x18E3, 0x0000, 0x0000, 
    0x0000, 0x0000, 0x2965, 0x18C3, 0x528A, 0x5ACB, 0x5ACB, 0x5ACB, 0x526A, 0x2965, 0x10A2, 0x39C5, 
    0x8BED, 0x7B8C, 0x31A6, 0x0041, 0x01CF, 0x0A33, 0x0A33, 0x0A33, 0x0A33, 0x0233, 0x0233, 0x0233, 
    0x0A53, 0x0A33, 0x0A33, 0x0A53, 0x0A53, 0x0A53, 0x0A33, 0x0A33, 0x0211, 0x0063, 0x08C5, 0x0063, 
    0x0042, 0x18A2, 0x3165, 0x41E7, 0x5A89, 0x940D, 0xBD51, 0xD5B2, 0xC570, 0x8BAB, 0x41E5, 0x41E5, 
    0x20E2, 0x10A2, 0x1082, 0x0883, 0x00C7, 0x00C7, 0x00C7, 0x00C7, 0x00C8, 0x00E8, 0x00E8, 0x00E8, 
    0x00E7, 0x00C7, 0x00E8, 0x00E8, 0x00C7, 0x00C7, 0x00C6, 0x1082, 0x10A2, 0x2944, 0x41E6, 0x39A5, 
    0x7B49, 0xC54F, 0xCD71, 0xB510, 0x83CD, 0x5AA9, 0x4207, 0x3186, 0x18C3, 0x0841, 0x10A2, 0x2124, 
    0x0020, 0x01F0, 0x0253, 0x0A33, 0x0A53, 0x0A53, 0x0A53, 0x0A53, 0x0A53, 0x0A53, 0x0A53, 0x0A53, 
    0x0A53, 0x0A53, 0x0A53, 0x0A53, 0x0A53, 0x092A, 0x09AE, 0x0253, 0x11CF, 0x294B, 0x3129, 0x5A0E, 
    0x9314, 0x82D2, 0x82F3, 0x7AB2, 0x7292, 0x6232, 0x290A, 0x114C, 0x0211, 0x0232, 0x19CE, 0x3A10, 
    0x296E, 0x0232, 0x0A53, 0x0A53, 0x0A53, 0x0A53, 0x0A53, 0x1253, 0x2253, 0x3253, 0x4233, 0x29D1, 
    0x08A5, 0x20E2, 0x62A7, 0xE611, 0xE632, 0xE632, 0xDDF2, 0xDDD1, 0xDDF1, 0xDDD1, 0xD58F, 0xC50D, 
    0xC50D, 0xC50D, 0xC4EC, 0xC4EC, 0xC50D, 0xCD2D, 0xCD2D, 0x9BC9, 0x2922, 0x1083, 0x198E, 0x3212, 
    0x3A33, 0x1A32, 0x1232, 0x0A53, 0x0A53, 0x0A53, 0x0A53, 0x0A53, 0x0A53, 0x0A53, 0x0A53, 0x0A53, 
    0x0A53, 0x0A53, 0x0A53, 0x0A53, 0x0A73, 0x0A53, 0x19AE, 0x296B, 0x51CC, 0x9313, 0x8B14, 0x9334, 
    0x6230, 0x314C, 0x2109, 0x11CF, 0x0A33, 0x01CF, 0x0A73, 0x0A53, 0x0A73, 0x0A73, 0x0A53, 0x0A53, 
    0x0A53, 0x0A53, 0x0A53, 0x0A53, 0x0A53, 0x0212, 0x0042, 0x0861, 0x3185, 0x4A48, 0x5269, 0x5AAA, 
    0x630B, 0x736C, 0x8C2F, 0xB532, 0xBD72, 0xBD31, 0xB4F0, 0x838C, 0x4A07, 0x5AA8, 0x2924, 0x10A2, 
    0x1082, 0x18C3, 0x2945, 0x18E3, 0x18E4, 0x1904, 0x2124, 0x2124, 0x2145, 0x2945, 0x2124, 0x1082, 
    0x18C3, 0x2124, 0x31A6, 0x4208, 0x5ACB, 0x630B, 0x6B4D, 0x2124, 0x5248, 0x732A, 0x3185, 0x2103, 
    0x2124, 0x41E7, 0x5ACA, 0x0861, 0x4208, 0x5AAB, 0x5AAA, 0x4A49, 0x18E3, 0x2944, 0x9C90, 0xACD0, 
    0x62EA, 0x31A7, 0x18E3, 0x0020, 0x01AF, 0x0233, 0x0233, 0x0233, 0x0233, 0x0233, 0x0A33, 0x0A33, 
    0x0233, 0x0233, 0x0232, 0x0212, 0x0212, 0x0212, 0x0212, 0x0212, 0x01F0, 0x0062, 0x2966, 0x0907, 
    0x00C6, 0x0042, 0x0000, 0x1081, 0x39A6, 0x4A28, 0x5289, 0x734B, 0x83CC, 0xACCF, 0xCDB2, 0xCD91, 
    0xBD50, 0xC550, 0xB4EE, 0x93CB, 0x2923, 0x18C2, 0x18C2, 0x18C2, 0x18C2, 0x18C2, 0x18C2, 0x18C2, 
    0x18C2, 0x18C2, 0x20E2, 0x2103, 0x2903, 0x18C2, 0x5226, 0x9C2C, 0xBD2F, 0xD5B1, 0xD5D3, 0xC592, 
    0xA48E, 0x83AC, 0x5AC9, 0x41E7, 0x39A6, 0x39C7, 0x18E3, 0x0020, 0x0020, 0x2924, 0x39A6, 0x3165, 
    0x0020, 0x01CF, 0x0233, 0x0213, 0x0213, 0x0233, 0x0213, 0x0213, 0x0233, 0x0A33, 0x0233, 0x0212, 
    0x0212, 0x0233, 0x0233, 0x0233, 0x0232, 0x0A32, 0x0A11, 0x11CF, 0x2109, 0x7290, 0x8AF2, 0x82F3, 
    0x8B13, 0x7292, 0x6A91, 0x7AB2, 0x7272, 0x6A73, 0x6232, 0x312B, 0x096C, 0x0253, 0x21AF, 0x41B1, 
    0x192D, 0x0211, 0x0233, 0x0233, 0x0233, 0x0233, 0x0A33, 0x2233, 0x3233, 0x4233, 0x31F2, 0x0885, 
    0x2922, 0xC52E, 0xD58F, 0xDDD1, 0xDE12, 0xE654, 0xDE12, 0xCD4E, 0xC4EC, 0xC4EC, 0xC4EC, 0xC4ED, 
    0xC50D, 0xC50D, 0xC4EC, 0xC4EC, 0xC50D, 0xC4ED, 0xC4EC, 0xC4CC, 0xBCAC, 0x3983, 0x0020, 0x216E, 
    0x3A12, 0x4212, 0x2232, 0x1233, 0x0A33, 0x0233, 0x0233, 0x0233, 0x0233, 0x0A33, 0x0A53, 0x0A33, 
    0x0212, 0x0A12, 0x0A53, 0x0A53, 0x0A53, 0x09AE, 0x318C, 0x7AD2, 0x9333, 0x8AF3, 0x82F2, 0x7AB2, 
    0x7292, 0x6231, 0x51F0, 0x18E8, 0x09D0, 0x0253, 0x0253, 0x0A53, 0x0A33, 0x0233, 0x0233, 0x0233, 
    0x0233, 0x0233, 0x0232, 0x0212, 0x0212, 0x01F1, 0x0042, 0x00A5, 0x0062, 0x0021, 0x0862, 0x10C3, 
    0x18E3, 0x39C7, 0x5269, 0x528A, 0x5AAA, 0x6B2C, 0x8BEE, 0x9C70, 0xB532, 0xCDD3, 0xBD31, 0xACCF, 
    0x940D, 0x49E6, 0x2924, 0x2103, 0x2103, 0x10A2, 0x10A2, 0x3186, 0x4228, 0x4A69, 0x4A28, 0x4A49, 
    0x4A49, 0x52AA, 0x630C, 0x6B2C, 0x62EB, 0x5ACB, 0x6B2C, 0x39E7, 0x1082, 0x734B, 0x9C6F, 0x83CD, 
    0x7B8C, 0x5269, 0x2104, 0x1082, 0x3A08, 0x528A, 0x3186, 0x18A2, 0x6AEA, 0xB532, 0x83AD, 0x4A48, 
    0x39C7, 0x18C3, 0x0000, 0x0000, 0x01AF, 0x0253, 0x0A53, 0x0A53, 0x0A33, 0x0233, 0x0233, 0x0233, 
    0x0253, 0x0A53, 0x0A33, 0x0A33, 0x0A33, 0x0A53, 0x0A33, 0x0A33, 0x0211, 0x0062, 0x2965, 0x0907, 
    0x00E7, 0x00E7, 0x00C6, 0x0063, 0x0062, 0x0841, 0x10A2, 0x2924, 0x2945, 0x41E7, 0x5A89, 0x5A89, 
    0x6B0A, 0x8BED, 0xA48F, 0xACAF, 0xC572, 0xCDB2, 0xCD92, 0xCD91, 0xC591, 0xCD91, 0xCD71, 0xCD91, 
    0xC571, 0xC571, 0xC551, 0xC530, 0xBD10, 0xACCF, 0x9C6E, 0x83AC, 0x734B, 0x6B0B, 0x5269, 0x4207, 
    0x39C7, 0x39C7, 0x2965, 0x18E3, 0x0020, 0x0021, 0x18C3, 0x3185, 0x3185, 0x3185, 0x41E6, 0x41C5, 
    0x0020, 0x01CF, 0x0233, 0x0233, 0x0A33, 0x0A33, 0x0A33, 0x0A53, 0x0253, 0x0A53, 0x0A53, 0x0A53, 
    0x0A53, 0x0A53, 0x0A53, 0x0A53, 0x0A53, 0x0A53, 0x09AE, 0x2129, 0x6A50, 0x8AF2, 0x82F3, 0x82F3, 
    0x8AF3, 0x7AB3, 0x7292, 0x7AB2, 0x6A51, 0x7292, 0x6232, 0x49D0, 0x210A, 0x0A31, 0x0A53, 0x114D, 
    0x118E, 0x0253, 0x0253, 0x0A53, 0x0A53, 0x0A53, 0x1A53, 0x3A33, 0x4233, 0x2A12, 0x1109, 0x1061, 
    0xBCCD, 0xDDB0, 0xDE12, 0xDE12, 0xDE12, 0xDDF2, 0xC50D, 0xC50D, 0xC4ED, 0xC4ED, 0xC4EC, 0xC4EC, 
    0xC50D, 0xC50D, 0xC4ED, 0xC50D, 0xC50D, 0xC4ED, 0xC4CC, 0xC4CC, 0xC4EC, 0xB46B, 0x3983, 0x0000, 
    0x194A, 0x3254, 0x4A52, 0x3233, 0x2233, 0x0A53, 0x0A53, 0x0A53, 0x0A53, 0x0A73, 0x0A73, 0x0A32, 
    0x39ED, 0x39AB, 0x09F0, 0x0A74, 0x0A33, 0x10E9, 0x622F, 0x7AB2, 0x7AB3, 0x82F3, 0x6A92, 0x6A71, 
    0x6A72, 0x6A73, 0x59F1, 0x20C9, 0x09AE, 0x0253, 0x0A53, 0x0A53, 0x0A53, 0x0A53, 0x0A53, 0x0A53, 
    0x0A53, 0x0A53, 0x0A53, 0x0A33, 0x0A33, 0x0211, 0x0042, 0x00E8, 0x0129, 0x00E7, 0x00E8, 0x00E7, 
    0x0085, 0x0063, 0x0862, 0x0841, 0x1082, 0x2124, 0x3185, 0x39C7, 0x5269, 0x630B, 0x6B0B, 0x736C, 
    0x942F, 0xA4B0, 0xBD52, 0xBD52, 0xBD30, 0x9C4E, 0x6AEA, 0x41E6, 0x18E3, 0x1082, 0x0861, 0x2104, 
    0x2966, 0x4228, 0x5ACB, 0x632C, 0x630C, 0x62EB, 0x62EB, 0x630C, 0x39C7, 0x0861, 0x2103, 0x10C3, 
    0x10A2, 0x0041, 0x1082, 0x4228, 0x39E7, 0x18C3, 0x3164, 0xACAF, 0xA48F, 0x5269, 0x31A6, 0x10A2, 
    0x0041, 0x0084, 0x00A5, 0x0000, 0x01AF, 0x0233, 0x0233, 0x0A53, 0x0253, 0x0233, 0x0233, 0x0253, 
    0x0233, 0x0A33, 0x0A33, 0x0A33, 0x0A33, 0x0A33, 0x0A33, 0x0A53, 0x0A32, 0x0062, 0x2945, 0x0907, 
    0x0128, 0x014A, 0x014A, 0x0129, 0x0109, 0x00E7, 0x0085, 0x0022, 0x0021, 0x0861, 0x1082, 0x10A2, 
    0x3185, 0x39C6, 0x4A07, 0x5A89, 0x6B0B, 0x6B2B, 0x736C, 0x734C, 0x736C, 0x736C, 0x734C, 0x734C, 
    0x734C, 0x6B2B, 0x630B, 0x5ACA, 0x5AAA, 0x5A89, 0x4A48, 0x39C7, 0x3165, 0x2965, 0x2104, 0x1061, 
    0x0861, 0x0862, 0x0021, 0x0063, 0x00C5, 0x1925, 0x39C6, 0x41E6, 0x5227, 0x5227, 0x4A06, 0x3165, 
    0x0020, 0x01F0, 0x0A53, 0x0A53, 0x0A53, 0x0A53, 0x0A53, 0x0A53, 0x0A53, 0x0A53, 0x0A53, 0x0A53, 
    0x0A53, 0x0A53, 0x0A53, 0x0A53, 0x0A53, 0x0A53, 0x098E, 0x2909, 0x6A72, 0x72B3, 0x82D3, 0x82B2, 
    0x7291, 0x82D3, 0x7AB3, 0x7292, 0x6A52, 0x6A52, 0x59F1, 0x49D0, 0x20E9, 0x09F0, 0x0A53, 0x09F1, 
    0x09F1, 0x0233, 0x0233, 0x0233, 0x0233, 0x0A33, 0x19F2, 0x3A33, 0x3A55, 0x112A, 0x0840, 0xA44B, 
    0xD5B0, 0xE632, 0xE653, 0xDE12, 0xCD0D, 0xC50D, 0xC4EC, 0xC50D, 0xC50D, 0xC50D, 0xC4EC, 0xC4EC, 
    0xC4EC, 0xC4EC, 0xC50D, 0xC50D, 0xC50D, 0xC50D, 0xC4ED, 0xC50D, 0xC50D, 0xBCAC, 0x9BC9, 0x49C4, 
    0x0042, 0x2A12, 0x4233, 0x3A33, 0x2233, 0x0233, 0x0A33, 0x0A33, 0x0A33, 0x0A53, 0x0A52, 0x216C, 
    0x82B3, 0x6A71, 0x294B, 0x01AF, 0x0A33, 0x18E9, 0x49CE, 0x5A10, 0x6A51, 0x7292, 0x7293, 0x7292, 
    0x6252, 0x5A32, 0x4190, 0x20C8, 0x09CF, 0x0233, 0x0233, 0x0233, 0x0A33, 0x0A33, 0x0A33, 0x0A53, 
    0x0A53, 0x0A53, 0x0A53, 0x0A33, 0x0A33, 0x01F1, 0x0042, 0x0129, 0x016B, 0x0109, 0x00E8, 0x0109, 
    0x0129, 0x0129, 0x0108, 0x00C7, 0x00C6, 0x0084, 0x0063, 0x0041, 0x0862, 0x10A2, 0x2944, 0x31A6, 
    0x4A28, 0x5289, 0x5AAA, 0x6B2C, 0x736C, 0x8BEE, 0xB4F1, 0xBD32, 0xB510, 0xACD0, 0x9C4E, 0x62C9, 
    0x41C6, 0x2103, 0x18C2, 0x10A3, 0x10C3, 0x4208, 0x4A49, 0x528A, 0x528A, 0x4A49, 0x4A48, 0x4228, 
    0x4228, 0x4208, 0x39E7, 0x2945, 0x18C3, 0x736B, 0xACB0, 0x734B, 0x39E7, 0x2945, 0x0861, 0x0021, 
    0x00A5, 0x00C6, 0x00A5, 0x0000, 0x01AF, 0x0A33, 0x0A33, 0x0A33, 0x0233, 0x0233, 0x0233, 0x0233, 
    0x0A33, 0x0A33, 0x0A33, 0x0A33, 0x0A33, 0x0A33, 0x0232, 0x0233, 0x0211, 0x0063, 0x2945, 0x0907, 
    0x0084, 0x0085, 0x00A5, 0x014A, 0x014B, 0x014A, 0x0129, 0x0109, 0x0108, 0x00C6, 0x08C4, 0x2944, 
    0x2923, 0x1082, 0x0042, 0x1925, 0x2125, 0x18E3, 0x2965, 0x2965, 0x2945, 0x3165, 0x2965, 0x2965, 
    0x2965, 0x2945, 0x2945, 0x2124, 0x2124, 0x2124, 0x18E3, 0x0041, 0x0063, 0x0042, 0x0043, 0x00A5, 
    0x2124, 0x1127, 0x0109, 0x0928, 0x31A6, 0x41C6, 0x4A26, 0x6288, 0x6AC8, 0x5247, 0x41E6, 0x3164, 
    0x0020, 0x01CF, 0x0233, 0x0212, 0x0A33, 0x0A33, 0x0233, 0x0233, 0x0A33, 0x0233, 0x0233, 0x0233, 
    0x0213, 0x0213, 0x0232, 0x0212, 0x0232, 0x0233, 0x098D, 0x20E9, 0x5210, 0x6A72, 0x7292, 0x7292, 
    0x6A51, 0x7272, 0x7272, 0x6A72, 0x6A52, 0x6252, 0x51D1, 0x41B0, 0x20E9, 0x0A11, 0x0A74, 0x0A53, 
    0x0A53, 0x0233, 0x0233, 0x0A33, 0x0253, 0x0A33, 0x2A12, 0x3254, 0x218F, 0x18E4, 0x72C7, 0xCD4E, 
    0xDDF1, 0xDDF1, 0xD5B0, 0xCD6F, 0xC4CC, 0xC4CC, 0xC4CC, 0xC4EC, 0xC4ED, 0xC50D, 0xC4EC, 0xC4EC, 
    0xC50D, 0xC4ED, 0xC4EC, 0xC4EC, 0xC4EC, 0xC4EC, 0xC50D, 0xC4EC, 0xC4CC, 0xBCAB, 0xBC8B, 0x8B68, 
    0x3963, 0x10E7, 0x2A12, 0x3A33, 0x2212, 0x0233, 0x0A53, 0x0A53, 0x0A53, 0x0A73, 0x0A32, 0x19CF, 
    0x5A31, 0x49CF, 0x210A, 0x09AF, 0x0212, 0x114C, 0x294C, 0x418E, 0x49F0, 0x5A31, 0x6A72, 0x6272, 
    0x5A32, 0x49D0, 0x290C, 0x10E9, 0x0A11, 0x0A33, 0x0233, 0x0233, 0x0233, 0x0233, 0x0233, 0x0A33, 
    0x0A33, 0x0A33, 0x0A33, 0x0A33, 0x0233, 0x0211, 0x0042, 0x014A, 0x0A0F, 0x120E, 0x09AC, 0x098C, 
    0x016B, 0x0129, 0x0129, 0x0109, 0x0129, 0x0129, 0x0108, 0x0108, 0x00E7, 0x0084, 0x0063, 0x0063, 
    0x0083, 0x0862, 0x2103, 0x2124, 0x2945, 0x39C7, 0x528A, 0x5ACA, 0x6B2B, 0x736C, 0x8C0E, 0xA4B0, 
    0xB531, 0xC592, 0xB4F0, 0x5AA8, 0x4206, 0x4A06, 0x2944, 0x10A2, 0x20E3, 0x2965, 0x39C7, 0x4207, 
    0x31A6, 0x2124, 0x1082, 0x4A06, 0xB4F0, 0x8C0E, 0x4A48, 0x31A6, 0x1082, 0x0021, 0x0063, 0x00C6, 
    0x00C6, 0x00C7, 0x00C6, 0x0021, 0x01CF, 0x0A53, 0x0A33, 0x0A33, 0x0233, 0x0233, 0x0233, 0x0233, 
    0x0A32, 0x0A32, 0x0233, 0x0A32, 0x0A33, 0x0A33, 0x0A33, 0x0233, 0x0211, 0x0062, 0x2965, 0x08A3, 
    0x39C6, 0x62A9, 0x41E6, 0x0063, 0x012A, 0x016B, 0x018B, 0x016B, 0x016B, 0x1189, 0x2987, 0x6AC8, 
    0x62A8, 0x31A6, 0x00C7, 0x00E8, 0x0084, 0x20C2, 0x18E2, 0x1082, 0x1081, 0x1081, 0x1061, 0x1061, 
    0x1061, 0x1061, 0x1081, 0x1081, 0x10A2, 0x1082, 0x18C2, 0x2124, 0x00E7, 0x00E8, 0x0108, 0x19AA, 
    0x6AE9, 0x3A29, 0x012A, 0x0948, 0x62A8, 0x7309, 0x7308, 0x6AA8, 0x5A87, 0x4A27, 0x41E6, 0x3165, 
    0x0020, 0x01CF, 0x0213, 0x0213, 0x0233, 0x0233, 0x0233, 0x0233, 0x0A33, 0x0A33, 0x0233, 0x0233, 
    0x0212, 0x0212, 0x0233, 0x0233, 0x0233, 0x0254, 0x09D0, 0x192B, 0x396E, 0x5210, 0x6252, 0x6A73, 
    0x7272, 0x6231, 0x6231, 0x6232, 0x5A11, 0x51F1, 0x41B0, 0x398F, 0x18E9, 0x0A11, 0x0A74, 0x0A53, 
    0x0A53, 0x0A53, 0x0A53, 0x0A73, 0x0A53, 0x1A53, 0x4253, 0x3255, 0x110A, 0x3963, 0xD54E, 0xD56E, 
    0xDDD0, 0xDDB0, 0xCD2D, 0xC4EC, 0xC4EC, 0xC4EC, 0xC4EC, 0xC4EC, 0xC4EC, 0xC4EC, 0xC4EC, 0xC4EC, 
    0xC50D, 0xC4ED, 0xC4EC, 0xC4EC, 0xC4EC, 0xC4EC, 0xC4EC, 0xC4CC, 0xBCCC, 0xBCAC, 0xBCCC, 0xAC09, 
    0x6AA6, 0x0021, 0x21D1, 0x3A13, 0x3212, 0x1232, 0x0A53, 0x0A53, 0x0A53, 0x0A53, 0x0A53, 0x0A53, 
    0x298D, 0x214C, 0x116D, 0x0A53, 0x0A33, 0x0A53, 0x094C, 0x292C, 0x396E, 0x49D0, 0x5A11, 0x6252, 
    0x5A32, 0x49D0, 0x394E, 0x192B, 0x11CF, 0x09CF, 0x0A11, 0x0A33, 0x0233, 0x0233, 0x0233, 0x0232, 
    0x0212, 0x0A32, 0x0A32, 0x0A32, 0x0A33, 0x0212, 0x0042, 0x0129, 0x01CD, 0x01AC, 0x09AC, 0x09EE, 
    0x09EE, 0x09EE, 0x09CD, 0x09EE, 0x096B, 0x016A, 0x014A, 0x0129, 0x0109, 0x0108, 0x0109, 0x0109, 
    0x0108, 0x00C7, 0x0085, 0x0063, 0x0021, 0x0042, 0x0882, 0x1082, 0x18C3, 0x3186, 0x39E7, 0x4A69, 
    0x5ACB, 0x6B2B, 0x83CD, 0x83CD, 0xA4AF, 0xBD31, 0xBD52, 0x9C4E, 0x5268, 0x39C5, 0x39A5, 0x39C6, 
    0x39C5, 0x5268, 0x83AC, 0x944F, 0x5AA9, 0x39E7, 0x1904, 0x0041, 0x0042, 0x00A6, 0x00C6, 0x00E7, 
    0x0108, 0x0108, 0x00A6, 0x0021, 0x01CF, 0x0A53, 0x0A53, 0x0A53, 0x0A33, 0x0A53, 0x0A33, 0x0A53, 
    0x0A33, 0x0A33, 0x0A33, 0x0A33, 0x0A53, 0x0A33, 0x0A33, 0x0A33, 0x0211, 0x0062, 0x2124, 0x10A2, 
    0x62EA, 0x8BEE, 0x9C4E, 0x20E3, 0x0063, 0x014A, 0x018C, 0x09CD, 0x01AD, 0x2A0B, 0x5268, 0x93EB, 
    0x7329, 0x5A88, 0x0949, 0x016B, 0x2187, 0x7B29, 0x62A8, 0x5247, 0x5247, 0x4A27, 0x4A06, 0x4A06, 
    0x4A06, 0x4A06, 0x5227, 0x5247, 0x5227, 0x5226, 0x5226, 0x5A47, 0x1968, 0x012A, 0x1169, 0x7B49, 
    0x836A, 0x6B0A, 0x014B, 0x1148, 0x7B49, 0x7308, 0x6AC8, 0x62A8, 0x5A67, 0x4A06, 0x41E6, 0x3185, 
    0x0020, 0x01CF, 0x0A53, 0x0A53, 0x0A53, 0x0A53, 0x0A53, 0x0A53, 0x0A53, 0x0A53, 0x0A53, 0x0A53, 
    0x0A33, 0x0A33, 0x0A53, 0x0A32, 0x0A33, 0x0A32, 0x0A33, 0x0A11, 0x18C8, 0x398E, 0x5A11, 0x6252, 
    0x6A72, 0x6251, 0x5A11, 0x51F1, 0x49B0, 0x398F, 0x396E, 0x312D, 0x10A7, 0x09F0, 0x0A54, 0x0A33, 
    0x0A33, 0x0A33, 0x0233, 0x0233, 0x1A33, 0x4253, 0x3254, 0x21D0, 0x0863, 0x41A4, 0xCD2D, 0xCD4E, 
    0xDDB0, 0xCD6E, 0xC4EC, 0xC4EC, 0xC4EC, 0xC50C, 0xC4EC, 0xC4EC, 0xC50D, 0xC50D, 0xC4EC, 0xC4EC, 
    0xC4EC, 0xC4EC, 0xC4EC, 0xC50D, 0xC50D, 0xC4EC, 0xC4EC, 0xC4EC, 0xC4ED, 0xC4EC, 0xBCAB, 0xB44A, 
    0x72E7, 0x0820, 0x1109, 0x3A13, 0x4253, 0x4232, 0x0A33, 0x0A33, 0x0233, 0x0233, 0x0A33, 0x0233, 
    0x010A, 0x09CF, 0x0A94, 0x0A53, 0x0A11, 0x0A11, 0x0A31, 0x112A, 0x20EA, 0x398F, 0x5211, 0x6A72, 
    0x7272, 0x7293, 0x6252, 0x6252, 0x41AE, 0x2109, 0x10E8, 0x0A53, 0x0A53, 0x0A53, 0x0A53, 0x0A53, 
    0x0A53, 0x0A53, 0x0A53, 0x0A53, 0x0A53, 0x0A32, 0x0042, 0x016A, 0x01CE, 0x018C, 0x016B, 0x016B, 
    0x018C, 0x018C, 0x018C, 0x09CE, 0x09CE, 0x09EE, 0x09EE, 0x09EF, 0x01CD, 0x09AC, 0x016B, 0x014A, 
    0x0129, 0x0108, 0x0108, 0x0108, 0x00E7, 0x0108, 0x00E7, 0x00A6, 0x0085, 0x0063, 0x0021, 0x0862, 
    0x10A2, 0x18C3, 0x2944, 0x4228, 0x4A69, 0x5ACB, 0x7BAD, 0x8C0F, 0xA4D1, 0xBD52, 0xBD72, 0xBD72, 
    0xACD0, 0x944F, 0x6B4C, 0x39E7, 0x2945, 0x1082, 0x0021, 0x00A5, 0x00C7, 0x00C6, 0x00E7, 0x0129, 
    0x0108, 0x00C6, 0x00C6, 0x0020, 0x01CF, 0x0A53, 0x0A33, 0x0A53, 0x0A53, 0x0A53, 0x0A53, 0x0A33, 
    0x0212, 0x0212, 0x0212, 0x0212, 0x0232, 0x0232, 0x0232, 0x0212, 0x01F1, 0x0062, 0x2125, 0x0862, 
    0x1082, 0x0841, 0x5ACA, 0x5268, 0x0042, 0x0129, 0x018C, 0x09CD, 0x01AC, 0x2A0B, 0x5A88, 0x93CB, 
    0x93CB, 0x93CB, 0x29CA, 0x018C, 0x21A8, 0x93EB, 0x8BAB, 0x8BAB, 0x7B49, 0x7B29, 0x7B29, 0x7B29, 
    0x7B29, 0x7B29, 0x836A, 0x836A, 0x834A, 0x7B29, 0x7B49, 0x93AA, 0x31E9, 0x012A, 0x1169, 0x7B29, 
    0x836A, 0x7309, 0x1106, 0x08C5, 0x7309, 0x7309, 0x6AE8, 0x6AC8, 0x5A67, 0x4A06, 0x41E6, 0x3165, 
    0x0020, 0x01CF, 0x0233, 0x0233, 0x0233, 0x0233, 0x0233, 0x0233, 0x0233, 0x0233, 0x0233, 0x0233, 
    0x0233, 0x0233, 0x09AF, 0x18E9, 0x190A, 0x1909, 0x116C, 0x0A33, 0x398E, 0x51D0, 0x5A11, 0x6232, 
    0x6232, 0x51F1, 0x51D1, 0x41AF, 0x396E, 0x314E, 0x18C9, 0x10EA, 0x09F0, 0x0233, 0x0A53, 0x0A53, 
    0x0A53, 0x0A53, 0x0A53, 0x0253, 0x1A33, 0x4253, 0x2A54, 0x0885, 0x49E4, 0xC4CC, 0xCD2D, 0xCD0D, 
    0xCD0D, 0xC4EC, 0xC4EC, 0xC50D, 0xC4CC, 0xC4CC, 0xC4EC, 0xC50D, 0xC50D, 0xC4EC, 0xC4EC, 0xC4CC, 
    0xC4EC, 0xC4EC, 0xC4EC, 0xC50D, 0xC50D, 0xC50D, 0xC50D, 0xC4EC, 0xAC2A, 0xBC8B, 0xBCAC, 0xB44A, 
    0x8B47, 0x5A25, 0x0820, 0x318D, 0x4A54, 0x3A33, 0x0253, 0x0253, 0x0233, 0x0A33, 0x0233, 0x0233, 
    0x0232, 0x0233, 0x0A53, 0x09F0, 0x10E9, 0x190A, 0x18E9, 0x316C, 0x49AF, 0x51F0, 0x7272, 0x6A72, 
    0x6A72, 0x7293, 0x82F3, 0x8AF3, 0x7292, 0x59F0, 0x314C, 0x114C, 0x0232, 0x0233, 0x0A33, 0x0A33, 
    0x0A33, 0x0232, 0x0232, 0x0A32, 0x0A32, 0x0211, 0x0042, 0x016B, 0x01EE, 0x018C, 0x018C, 0x016C, 
    0x018C, 0x018C, 0x016C, 0x018C, 0x018C, 0x018C, 0x018C, 0x01AC, 0x018C, 0x09AD, 0x09CE, 0x09EE, 
    0x0A0E, 0x09CD, 0x098B, 0x098B, 0x014A, 0x0108, 0x0108, 0x0108, 0x0109, 0x0108, 0x0108, 0x00E8, 
    0x00A6, 0x0085, 0x0043, 0x0041, 0x0861, 0x18E3, 0x2965, 0x3186, 0x5289, 0x6B0B, 0x62EB, 0x5AEA, 
    0x4A49, 0x39E7, 0x2945, 0x1082, 0x0041, 0x0084, 0x00C6, 0x00C7, 0x00E7, 0x0129, 0x0109, 0x00E7, 
    0x00C7, 0x00E7, 0x00C6, 0x0020, 0x01AE, 0x0213, 0x0A12, 0x0212, 0x0212, 0x0212, 0x0212, 0x0212, 
    0x0233, 0x0233, 0x0233, 0x0A33, 0x0A33, 0x0A33, 0x0A53, 0x0A53, 0x0211, 0x0062, 0x10A3, 0x10A2, 
    0x5268, 0x2944, 0x2945, 0x39C6, 0x0042, 0x012A, 0x01AC, 0x09CD, 0x018C, 0x2A0A, 0x5A88, 0x8B8A, 
    0x836A, 0x93CB, 0x31E8, 0x012A, 0x5289, 0x93AB, 0x836A, 0x7B4A, 0x7B49, 0x7B49, 0x7B29, 0x7B49, 
    0x7B6A, 0x7B29, 0x836A, 0x836A, 0x7B4A, 0x7B49, 0x7B49, 0x8B8A, 0x5AA9, 0x1989, 0x1169, 0x7B4A, 
    0x7B49, 0x7B29, 0x5267, 0x3185, 0x7B29, 0x7B29, 0x7309, 0x6AC8, 0x5A67, 0x4A26, 0x41C6, 0x2965, 
    0x0020, 0x01F0, 0x0253, 0x0253, 0x0253, 0x0253, 0x0253, 0x0253, 0x0233, 0x0233, 0x0233, 0x0254, 
    0x09AF, 0x112C, 0x318C, 0x6A4F, 0x7270, 0x6A50, 0x49EE, 0x39CF, 0x5A11, 0x5A11, 0x59F1, 0x51F1, 
    0x41B0, 0x4190, 0x396E, 0x314D, 0x290C, 0x20E9, 0x114B, 0x09AF, 0x0274, 0x0253, 0x0253, 0x0253, 
    0x0A53, 0x0A53, 0x0253, 0x2233, 0x3A12, 0x4233, 0x3255, 0x0085, 0x5A45, 0xD52C, 0xC4CC, 0xC4EC, 
    0xB48B, 0xB46A, 0xC4EC, 0xC50D, 0xC4CB, 0xC4AB, 0xC4EC, 0xC4EC, 0xC4EC, 0xC4EC, 0xC4EC, 0xC4CC, 
    0xC4EC, 0xC50D, 0xC4EC, 0xC50C, 0xC4EC, 0xC4CC, 0xC4ED, 0xC4EC, 0xAC2A, 0x9BA8, 0xAC0A, 0xAC2A, 
    0x8B27, 0x72C6, 0x0840, 0x396D, 0x4A33, 0x3A33, 0x2A33, 0x0A33, 0x0253, 0x0A53, 0x0A53, 0x0253, 
    0x0253, 0x0253, 0x09F0, 0x196C, 0x520E, 0x6A50, 0x622F, 0x6A51, 0x6A52, 0x6A71, 0x6A51, 0x6A52, 
    0x6A72, 0x6A72, 0x7AB3, 0x7A92, 0x6A51, 0x5A11, 0x418F, 0x18E9, 0x0A32, 0x0A74, 0x0A53, 0x0A53, 
    0x0A53, 0x0A53, 0x0A53, 0x0A53, 0x0253, 0x0232, 0x0042, 0x016A, 0x01AD, 0x00E7, 0x0109, 0x014A, 
    0x016B, 0x018C, 0x018C, 0x018C, 0x018C, 0x018C, 0x018C, 0x018C, 0x016B, 0x016B, 0x016B, 0x018B, 
    0x09AC, 0x018C, 0x09AD, 0x09CD, 0x09AD, 0x018C, 0x09AC, 0x09AC, 0x098C, 0x016B, 0x0129, 0x0108, 
    0x0109, 0x0109, 0x0108, 0x00E8, 0x0108, 0x00E7, 0x00A6, 0x0064, 0x0882, 0x10C3, 0x10A3, 0x10A2, 
    0x1082, 0x0882, 0x0042, 0x0063, 0x00E7, 0x00E7, 0x00E7, 0x0129, 0x0129, 0x0108, 0x00E7, 0x00C6, 
    0x00C6, 0x00C7, 0x00C5, 0x0000, 0x01AF, 0x0233, 0x0A33, 0x0A33, 0x0233, 0x0233, 0x0233, 0x0233, 
    0x0233, 0x0A33, 0x0233, 0x0233, 0x0233, 0x0233, 0x0A33, 0x0A33, 0x0232, 0x0042, 0x1081, 0x942E, 
    0x8C0E, 0x20E3, 0x18C3, 0x2965, 0x0042, 0x014A, 0x01AC, 0x01CD, 0x018C, 0x2A0A, 0x5AA8, 0x838A, 
    0x836A, 0x8BCB, 0x6B0A, 0x1967, 0x7B4A, 0x7B4A, 0x7309, 0x7309, 0x7309, 0x7329, 0x7329, 0x7B29, 
    0x7B29, 0x7B29, 0x7309, 0x72E9, 0x7309, 0x7329, 0x7B29, 0x836A, 0x836A, 0x4A28, 0x29A8, 0x838A, 
    0x836A, 0x7B29, 0x7B49, 0x7B49, 0x836A, 0x7B29, 0x5A87, 0x3164, 0x41E6, 0x4A27, 0x41E6, 0x3165, 
    0x0020, 0x01F0, 0x0253, 0x0233, 0x0A53, 0x0253, 0x0233, 0x0233, 0x0233, 0x0233, 0x0233, 0x09D0, 
    0x194B, 0x418D, 0x6A71, 0x8B13, 0x82F2, 0x7AB2, 0x7272, 0x6251, 0x6A72, 0x51F1, 0x49D0, 0x418F, 
    0x314E, 0x292C, 0x290B, 0x20EA, 0x18E9, 0x090A, 0x09F0, 0x0254, 0x0233, 0x0233, 0x0233, 0x0233, 
    0x0233, 0x0233, 0x0A33, 0x1A33, 0x3A13, 0x3A34, 0x2A55, 0x00A6, 0x6265, 0xCCEC, 0xB46A, 0xAC2A, 
    0xA409, 0xC50D, 0xCD4E, 0xD58F, 0xD56E, 0xCD2D, 0xCD0C, 0xC50C, 0xC4EC, 0xC4CC, 0xC4EC, 0xC4EC, 
    0xC4EC, 0xC4EC, 0xC4EC, 0xCD2D, 0xC50D, 0xC4EC, 0xC50D, 0xCD2D, 0xCD2E, 0xA40A, 0x8327, 0x9368, 
    0x8327, 0x7AC6, 0x0860, 0x398D, 0x5233, 0x3A13, 0x2A33, 0x0A33, 0x0233, 0x0233, 0x0A33, 0x0233, 
    0x0253, 0x09F0, 0x198D, 0x398D, 0x72B2, 0x8AF2, 0x8B13, 0x82F3, 0x72B3, 0x7292, 0x6231, 0x6231, 
    0x6231, 0x6252, 0x6252, 0x5A32, 0x5A11, 0x51F1, 0x41AF, 0x18E9, 0x0A12, 0x0A54, 0x0A53, 0x0A53, 
    0x0A33, 0x0A33, 0x0A53, 0x0A53, 0x0253, 0x0211, 0x0042, 0x016A, 0x0128, 0x0862, 0x0862, 0x0862, 
    0x0063, 0x00A5, 0x0107, 0x0108, 0x016B, 0x018C, 0x018C, 0x018C, 0x018C, 0x016C, 0x016C, 0x018C, 
    0x018C, 0x018C, 0x018C, 0x018C, 0x016C, 0x018C, 0x01AD, 0x09AD, 0x09CE, 0x09EE, 0x09CD, 0x09CD, 
    0x016B, 0x016B, 0x016B, 0x016B, 0x014A, 0x0129, 0x0109, 0x0108, 0x00E7, 0x00E7, 0x00E7, 0x00C6, 
    0x00E7, 0x00E7, 0x00C7, 0x00E7, 0x00C7, 0x00E8, 0x0109, 0x012A, 0x00E7, 0x00E7, 0x00E7, 0x00E7, 
    0x00C7, 0x00C7, 0x00A5, 0x0000, 0x01AF, 0x0A33, 0x0A33, 0x0A53, 0x0A53, 0x0233, 0x0233, 0x0233, 
    0x0232, 0x0233, 0x0233, 0x0233, 0x0233, 0x0A33, 0x0A53, 0x0A53, 0x01AD, 0x0000, 0x6B0A, 0xA4B0, 
    0x4207, 0x1082, 0x2124, 0x1082, 0x00A5, 0x014A, 0x01AC, 0x018C, 0x01AC, 0x2A0A, 0x62A8, 0x93CB, 
    0x8BAB, 0x838A, 0x838A, 0x836A, 0x8B8A, 0x7B49, 0x7B29, 0x7309, 0x7309, 0x7329, 0x7B4A, 0x7B49, 
    0x7B29, 0x7329, 0x7309, 0x7309, 0x7329, 0x7B29, 0x7B29, 0x836A, 0x8349, 0x7B29, 0x8369, 0x8B8A, 
    0x838A, 0x7B49, 0x7308, 0x5A67, 0x39A5, 0x20E3, 0x0882, 0x0021, 0x2944, 0x5247, 0x41E6, 0x3165, 
    0x0020, 0x01F0, 0x0233, 0x0233, 0x0233, 0x0233, 0x0233, 0x0233, 0x0233, 0x0233, 0x0232, 0x110A, 
    0x316C, 0x6A72, 0x8AF3, 0x8AF3, 0x8AF2, 0x82B2, 0x7A92, 0x7272, 0x6252, 0x49D0, 0x396F, 0x316E, 
    0x312D, 0x18C8, 0x10C7, 0x10C7, 0x092A, 0x0A54, 0x0253, 0x0233, 0x0233, 0x0233, 0x0212, 0x0212, 
    0x0233, 0x0233, 0x1212, 0x1253, 0x2A54, 0x3A54, 0x2A55, 0x0085, 0x5A25, 0xC4CC, 0xA409, 0x82E6, 
    0xB46B, 0xDDD1, 0xD5D1, 0xC54F, 0xC50D, 0xBCCC, 0xBCCC, 0xCD0D, 0xC4EC, 0xBCCC, 0xC4CC, 0xC4EC, 
    0xC4EC, 0xC4EC, 0xC4EC, 0xC4EC, 0xBCCC, 0xBCCC, 0xBCCC, 0xBCCC, 0xCD2E, 0xC50D, 0x8348, 0x7AC6, 
    0x8B27, 0x7AC6, 0x0840, 0x316D, 0x4A33, 0x4A12, 0x4A12, 0x0A12, 0x0212, 0x0213, 0x0213, 0x0233, 
    0x0254, 0x094C, 0x396C, 0x7272, 0x7AB2, 0x8AF2, 0x7AB2, 0x72B3, 0x6252, 0x6232, 0x6232, 0x5A11, 
    0x5A32, 0x6232, 0x51F1, 0x49D0, 0x49D0, 0x41B0, 0x314D, 0x10C8, 0x01F1, 0x0233, 0x0233, 0x0233, 
    0x0A33, 0x0A33, 0x0A33, 0x0A33, 0x0233, 0x0211, 0x0042, 0x016B, 0x0907, 0x0882, 0x10A3, 0x10A3, 
    0x1082, 0x0882, 0x0882, 0x0861, 0x0062, 0x0084, 0x00C5, 0x00E6, 0x0129, 0x014A, 0x016B, 0x018C, 
    0x018C, 0x018C, 0x018C, 0x018C, 0x018C, 0x016B, 0x016B, 0x016B, 0x016B, 0x016B, 0x016B, 0x018C, 
    0x09AD, 0x09CE, 0x0A0F, 0x0A0F, 0x0A0F, 0x09EE, 0x09CD, 0x014A, 0x0129, 0x014A, 0x0129, 0x0108, 
    0x0129, 0x0109, 0x00E8, 0x00E7, 0x014A, 0x014A, 0x0108, 0x00C7, 0x00E7, 0x00E7, 0x00E7, 0x00E7, 
    0x00C7, 0x00C7, 0x00C6, 0x0020, 0x01AE, 0x0213, 0x0212, 0x0A33, 0x0233, 0x0213, 0x0212, 0x0212, 
    0x0253, 0x0A53, 0x0A53, 0x0253, 0x0A53, 0x0A53, 0x0A74, 0x0A52, 0x00A6, 0x41E6, 0x9C90, 0x5268, 
    0x10A2, 0x0041, 0x0841, 0x0042, 0x0109, 0x016B, 0x0969, 0x0083, 0x0883, 0x10C3, 0x3164, 0x5A67, 
    0x7309, 0x7309, 0x7309, 0x7B4A, 0x838A, 0x7B49, 0x7B29, 0x7329, 0x7B29, 0x7B29, 0x7B49, 0x7B49, 
    0x7B29, 0x7309, 0x7309, 0x7329, 0x7B29, 0x7B29, 0x72E8, 0x7B29, 0x72E8, 0x6287, 0x5246, 0x41E5, 
    0x3164, 0x18E3, 0x0861, 0x0041, 0x0041, 0x0882, 0x0882, 0x0862, 0x3164, 0x5A67, 0x41E6, 0x2944, 
    0x0020, 0x01F0, 0x0A53, 0x0A53, 0x0A53, 0x0A53, 0x0A53, 0x0A53, 0x0A73, 0x0253, 0x098E, 0x316D, 
    0x5211, 0x7AB2, 0x9B33, 0x82D2, 0x7AB2, 0x7292, 0x6A51, 0x6251, 0x6231, 0x49D0, 0x396F, 0x312E, 
    0x290C, 0x10A7, 0x098C, 0x0211, 0x0232, 0x0A74, 0x0A54, 0x0A54, 0x0A53, 0x0A53, 0x0A53, 0x0A53, 
    0x0A53, 0x0A73, 0x0A54, 0x3253, 0x4A33, 0x3A33, 0x3A55, 0x0885, 0x5A25, 0xBCAB, 0x8B47, 0x8B47, 
    0xCD6E, 0xB48C, 0x6266, 0x1081, 0x18A2, 0x10A2, 0x18A1, 0xA42A, 0xCCEC, 0xBCCC, 0xC4CC, 0xC4EC, 
    0xC4EC, 0xC4EC, 0xC4CC, 0x51E4, 0x10A2, 0x18C2, 0x10A2, 0x20E2, 0x8327, 0xBCCC, 0xBCAC, 0x72C6, 
    0x72C6, 0x8307, 0x0860, 0x316D, 0x4A12, 0x41F2, 0x39F1, 0x0A33, 0x0A53, 0x0A53, 0x0A53, 0x0A53, 
    0x0A74, 0x116D, 0x396C, 0x6232, 0x6252, 0x6A72, 0x6A52, 0x6A52, 0x6A52, 0x6232, 0x5A31, 0x6232, 
    0x51F1, 0x418F, 0x396E, 0x396E, 0x396E, 0x292D, 0x20EA, 0x10C8, 0x0A32, 0x0A53, 0x0A53, 0x0A53, 
    0x0A73, 0x0A53, 0x0A53, 0x0A53, 0x0A73, 0x0A32, 0x0042, 0x016A, 0x00E7, 0x1082, 0x18C3, 0x10A2, 
    0x10A3, 0x10A2, 0x0882, 0x0882, 0x1082, 0x1082, 0x0882, 0x0861, 0x0041, 0x0062, 0x0062, 0x00A4, 
    0x00E6, 0x0108, 0x014A, 0x016B, 0x018C, 0x018C, 0x016C, 0x016B, 0x016B, 0x016B, 0x016B, 0x016C, 
    0x016B, 0x016B, 0x018C, 0x018C, 0x018C, 0x018C, 0x018C, 0x09CD, 0x09CD, 0x09AD, 0x09CD, 0x11ED, 
    0x098C, 0x016B, 0x0129, 0x018C, 0x016C, 0x00E8, 0x00C7, 0x00C7, 0x00E7, 0x00E7, 0x00E7, 0x00C7, 
    0x00C6, 0x00C6, 0x00C6, 0x0000, 0x01CF, 0x0A54, 0x0A53, 0x0A53, 0x0A53, 0x0A53, 0x0A53, 0x0A53, 
    0x0233, 0x0233, 0x0233, 0x0233, 0x0232, 0x0232, 0x0A53, 0x0109, 0x20E3, 0x944F, 0x7B8C, 0x2123, 
    0x0042, 0x0083, 0x0063, 0x00E7, 0x016B, 0x09CD, 0x0927, 0x0861, 0x10A2, 0x0882, 0x0861, 0x0862, 
    0x1082, 0x1081, 0x1081, 0x18C2, 0x20E2, 0x49E5, 0x6287, 0x5A88, 0x6287, 0x5A67, 0x5A87, 0x6287, 
    0x5A87, 0x5A67, 0x5247, 0x4A26, 0x41C5, 0x2103, 0x18C2, 0x18C2, 0x1061, 0x0861, 0x0841, 0x0041, 
    0x0861, 0x0882, 0x10A2, 0x0882, 0x0841, 0x0041, 0x0882, 0x0882, 0x3164, 0x5267, 0x39C6, 0x1904, 
    0x0020, 0x01F0, 0x0A53, 0x0A53, 0x0A33, 0x0A33, 0x0233, 0x0233, 0x0233, 0x0212, 0x10E9, 0x51EF, 
    0x7AB2, 0x8AF3, 0x7AB3, 0x7292, 0x7272, 0x7292, 0x6A72, 0x6A52, 0x6A72, 0x51F1, 0x41B0, 0x396E, 
    0x312D, 0x10C8, 0x10E9, 0x0909, 0x112A, 0x11CF, 0x0A74, 0x0A33, 0x0A33, 0x0233, 0x0233, 0x0A33, 
    0x0233, 0x0233, 0x0233, 0x1A12, 0x3212, 0x4233, 0x3234, 0x0065, 0x51E4, 0xB44A, 0x8327, 0xBCAC, 
    0xBCAC, 0x49C4, 0x1081, 0x0000, 0x0020, 0x0021, 0x0000, 0x2902, 0x8B68, 0xCD0D, 0xC4CC, 0xC4ED, 
    0xC4CC, 0xBCAC, 0x72C6, 0x0840, 0x0000, 0x0020, 0x0020, 0x0020, 0x18A1, 0x8B48, 0xC4EC, 0x8368, 
    0x6265, 0x7AE6, 0x1061, 0x316D, 0x4A12, 0x39F2, 0x2A12, 0x0A12, 0x0233, 0x0232, 0x0A32, 0x0233, 
    0x0254, 0x114C, 0x292A, 0x49D0, 0x5211, 0x6232, 0x6232, 0x5A11, 0x6232, 0x6232, 0x5A32, 0x5A32, 
    0x49D0, 0x396E, 0x290B, 0x290C, 0x20EA, 0x18C8, 0x10C8, 0x09AF, 0x0233, 0x0233, 0x0233, 0x0233, 
    0x0233, 0x0A33, 0x0A33, 0x0A33, 0x0A53, 0x0A31, 0x0042, 0x016A, 0x00E7, 0x4207, 0xBD31, 0x8BCD, 
    0x10C3, 0x2124, 0x2924, 0x10A2, 0x1082, 0x0882, 0x0862, 0x0882, 0x1082, 0x1082, 0x10A2, 0x0882, 
    0x0861, 0x0861, 0x0861, 0x0062, 0x0083, 0x00A4, 0x0129, 0x014A, 0x016B, 0x016B, 0x018C, 0x018C, 
    0x018C, 0x018C, 0x018C, 0x016B, 0x016B, 0x016B, 0x016B, 0x016C, 0x018C, 0x016C, 0x018C, 0x09EE, 
    0x016B, 0x0129, 0x0108, 0x018C, 0x016B, 0x00E8, 0x00C7, 0x00E7, 0x00E7, 0x00E7, 0x00E7, 0x00C7, 
    0x00C6, 0x00C6, 0x00A5, 0x0000, 0x01AF, 0x0233, 0x0A33, 0x0A33, 0x0A33, 0x0A33, 0x0233, 0x0233, 
    0x0233, 0x0233, 0x0A33, 0x0232, 0x0232, 0x0233, 0x0211, 0x0084, 0x5247, 0x942E, 0x39C6, 0x0861, 
    0x0084, 0x00A5, 0x00C6, 0x0108, 0x018B, 0x09CD, 0x0107, 0x0861, 0x1082, 0x0882, 0x0882, 0x1082, 
    0x10A2, 0x1082, 0x0882, 0x0882, 0x0861, 0x0861, 0x0862, 0x0882, 0x0882, 0x0861, 0x0841, 0x0841, 
    0x0841, 0x0861, 0x0861, 0x0861, 0x0841, 0x0861, 0x0862, 0x0882, 0x10A2, 0x10A3, 0x10A2, 0x0882, 
    0x0862, 0x0882, 0x10A3, 0x0861, 0x39C6, 0x62C9, 0x18C3, 0x0882, 0x3164, 0x5247, 0x31A6, 0x1105, 
    0x0020, 0x01F0, 0x0253, 0x0233, 0x0A33, 0x0A33, 0x0A33, 0x0A33, 0x0253, 0x0232, 0x18E9, 0x5A0F, 
    0x7291, 0x7A92, 0x6A72, 0x7292, 0x7292, 0x7A92, 0x7272, 0x6A72, 0x7292, 0x6231, 0x51F1, 0x49AF, 
    0x418E, 0x49AD, 0x418C, 0x396B, 0x312A, 0x190A, 0x098D, 0x0A32, 0x0A33, 0x0A33, 0x0A33, 0x0A33, 
    0x0A33, 0x0A33, 0x0A33, 0x0A12, 0x2212, 0x4A33, 0x3234, 0x0885, 0x4183, 0x9388, 0x9BC8, 0xCD4E, 
    0x5A45, 0x1081, 0x0000, 0x0021, 0x0021, 0x0021, 0x0021, 0x0000, 0x51E4, 0xAC2A, 0xBCCC, 0xC4EC, 
    0xC4EC, 0x93A9, 0x18A1, 0x0020, 0x0021, 0x0041, 0x0041, 0x0021, 0x0020, 0x3143, 0x8B69, 0xA40A, 
    0x6A85, 0x6A85, 0x0860, 0x316E, 0x4A13, 0x39F2, 0x2A13, 0x0A33, 0x0233, 0x0233, 0x0232, 0x0A32, 
    0x0A53, 0x09CF, 0x192B, 0x290B, 0x41AF, 0x41B0, 0x49D0, 0x51D1, 0x51F1, 0x5A11, 0x5A32, 0x5A12, 
    0x51F1, 0x418F, 0x210B, 0x18C9, 0x18A8, 0x112A, 0x09F0, 0x0233, 0x0253, 0x0A33, 0x0A33, 0x0233, 
    0x0A33, 0x0A33, 0x0A53, 0x0A53, 0x0A53, 0x0A31, 0x0042, 0x016A, 0x0107, 0x4A48, 0x9C6F, 0x83AC, 
    0x5AA9, 0x62C9, 0xC571, 0xACCF, 0x18E3, 0x41E7, 0x62CA, 0x18E3, 0x1082, 0x0882, 0x0862, 0x10A2, 
    0x0882, 0x0882, 0x10A2, 0x0882, 0x1082, 0x1082, 0x0862, 0x0862, 0x0062, 0x0063, 0x00A4, 0x0129, 
    0x018B, 0x018C, 0x018C, 0x016C, 0x016C, 0x016B, 0x016C, 0x016C, 0x016C, 0x016B, 0x016B, 0x09CD, 
    0x016B, 0x0108, 0x0108, 0x018C, 0x016B, 0x00E8, 0x00C7, 0x00E7, 0x00E7, 0x00E7, 0x00C7, 0x00C7, 
    0x00C7, 0x00C6, 0x00A5, 0x0000, 0x01AF, 0x0233, 0x0A33, 0x0A33, 0x0A33, 0x0A33, 0x0233, 0x0232, 
    0x0A53, 0x0A53, 0x0A53, 0x0A53, 0x0A33, 0x0253, 0x0129, 0x20E3, 0x83CD, 0x6B0A, 0x10A2, 0x0042, 
    0x00A5, 0x00C5, 0x00E8, 0x0129, 0x09AC, 0x01CD, 0x00E7, 0x0861, 0x0862, 0x31A6, 0x2965, 0x10A2, 
    0x0882, 0x10A2, 0x0882, 0x0882, 0x10A3, 0x10A2, 0x10A3, 0x1082, 0x0882, 0x1082, 0x0882, 0x0882, 
    0x0882, 0x1082, 0x10A3, 0x1082, 0x0882, 0x0882, 0x0882, 0x10A3, 0x0882, 0x0882, 0x1082, 0x18E3, 
    0x4A27, 0x4207, 0x0882, 0x39C6, 0xACD0, 0xACF0, 0x83AC, 0x0041, 0x2944, 0x5247, 0x31A7, 0x1105, 
    0x0020, 0x01F0, 0x0253, 0x0A53, 0x0A53, 0x0A53, 0x0253, 0x0A53, 0x0253, 0x0233, 0x18EA, 0x51EF, 
    0x5A11, 0x6231, 0x6A52, 0x7272, 0x6A72, 0x7272, 0x6A51, 0x6A51, 0x7272, 0x7273, 0x6231, 0x5A11, 
    0x5A31, 0x7AB3, 0x7293, 0x7292, 0x5A0F, 0x312A, 0x2909, 0x09AE, 0x0A53, 0x0A53, 0x0A53, 0x0A33, 
    0x0A33, 0x0A53, 0x0A54, 0x0A33, 0x1A12, 0x4212, 0x3234, 0x0885, 0x4183, 0x8B27, 0xB46B, 0xCD2D, 
    0x2102, 0x0000, 0x0041, 0x0041, 0x0041, 0x0041, 0x0041, 0x0021, 0x4183, 0x9BA8, 0xBCAB, 0xBCAB, 
    0xC4EC, 0x8B69, 0x0000, 0x0041, 0x0041, 0x0041, 0x0041, 0x0041, 0x0041, 0x0000, 0x7308, 0xAC4A, 
    0x72A6, 0x6245, 0x0840, 0x214D, 0x3A13, 0x39F2, 0x2A33, 0x0A53, 0x0A53, 0x0A53, 0x0A53, 0x0A53, 
    0x0A53, 0x0274, 0x09CF, 0x190A, 0x292C, 0x292C, 0x316D, 0x398F, 0x41AF, 0x49D0, 0x51F1, 0x5A11, 
    0x6232, 0x5A12, 0x41AF, 0x290A, 0x290A, 0x196C, 0x09F0, 0x0A53, 0x0A53, 0x0A33, 0x0A53, 0x0A53, 
    0x0A53, 0x0A53, 0x0A53, 0x0A53, 0x0A53, 0x0A32, 0x0042, 0x018B, 0x00E7, 0x4A27, 0x7B8B, 0x3165, 
    0x7B8C, 0x6AEA, 0x734B, 0x3185, 0x3186, 0xACF1, 0xACF0, 0x62EA, 0x39E7, 0x9C6F, 0x6B0A, 0x10A2, 
    0x18E3, 0x18C3, 0x0861, 0x0882, 0x1082, 0x0882, 0x10A3, 0x10A2, 0x1082, 0x0882, 0x0882, 0x0861, 
    0x0062, 0x0083, 0x00A4, 0x00C6, 0x0107, 0x0109, 0x016B, 0x016B, 0x018C, 0x018C, 0x018C, 0x09EE, 
    0x018C, 0x0109, 0x0108, 0x016B, 0x016B, 0x0108, 0x00E7, 0x00E7, 0x00E7, 0x00C7, 0x00C7, 0x00C7, 
    0x00C7, 0x00C7, 0x00A5, 0x0000, 0x01AF, 0x0253, 0x0A53, 0x0A53, 0x0A53, 0x0253, 0x0253, 0x0253, 
    0x0A33, 0x0A33, 0x0A33, 0x0A33, 0x0A33, 0x0232, 0x0043, 0x5A88, 0x8C0E, 0x2944, 0x0020, 0x00A4, 
    0x00C5, 0x00C6, 0x00E7, 0x014B, 0x09AD, 0x09CD, 0x00E7, 0x0841, 0x4A48, 0xBD31, 0xCDB3, 0x62EA, 
    0x0861, 0x18E3, 0x62EA, 0x5289, 0x1904, 0x10A3, 0x10A3, 0x2103, 0x18C2, 0x0862, 0x10A2, 0x2104, 
    0x2124, 0x2124, 0x18E3, 0x18C3, 0x18E3, 0x10C3, 0x39C6, 0x10A2, 0x4A27, 0x6B0A, 0x0861, 0x8C0E, 
    0xC592, 0xBD52, 0x39C6, 0x942E, 0x5268, 0x2124, 0x4207, 0x0021, 0x2944, 0x5267, 0x31C7, 0x10E5, 
    0x0021, 0x01F0, 0x0253, 0x0233, 0x0A53, 0x0253, 0x0253, 0x0A53, 0x0253, 0x0232, 0x10E9, 0x49AF, 
    0x5211, 0x5A32, 0x6232, 0x5A31, 0x6A72, 0x6231, 0x5A11, 0x6251, 0x6252, 0x6232, 0x6A72, 0x7A92, 
    0x7292, 0x6251, 0x82D2, 0x82B2, 0x6A72, 0x6251, 0x49CF, 0x18E8, 0x11F0, 0x0A53, 0x0A53, 0x0A53, 
    0x0A53, 0x0A53, 0x0A54, 0x19F1, 0x21AF, 0x31F2, 0x2213, 0x21B0, 0x2127, 0x3963, 0xAC4A, 0xC50D, 
    0x2903, 0x0020, 0x0841, 0x0841, 0x0841, 0x0841, 0x0841, 0x0020, 0x5205, 0xBCCB, 0xC4CC, 0xBCAB, 
    0xC4EC, 0x8B69, 0x0000, 0x0041, 0x0841, 0x0841, 0x0841, 0x0841, 0x0041, 0x0000, 0x7B28, 0xA40A, 
    0x5A25, 0x18A1, 0x0042, 0x298F, 0x3A13, 0x39D1, 0x11B0, 0x0A33, 0x0233, 0x0233, 0x0233, 0x0232, 
    0x0232, 0x0233, 0x0253, 0x09F0, 0x10E9, 0x10E8, 0x18E9, 0x210B, 0x314D, 0x41B0, 0x51D0, 0x5A11, 
    0x6252, 0x6A73, 0x6A72, 0x6A72, 0x5A11, 0x314C, 0x10E8, 0x09F1, 0x0232, 0x0232, 0x0233, 0x0233, 
    0x0233, 0x0A33, 0x0233, 0x0232, 0x0233, 0x0212, 0x0042, 0x016B, 0x00E7, 0x4A06, 0x838B, 0x2945, 
    0x8BED, 0x732A, 0x62C9, 0x0000, 0x39C6, 0x8C0E, 0x18E3, 0x7B6B, 0x5268, 0xA48F, 0x942E, 0x5248, 
    0x736C, 0xC572, 0x9C6F, 0x18E3, 0x2965, 0x41E7, 0x10A2, 0x1082, 0x0841, 0x0862, 0x10A3, 0x10A2, 
    0x0882, 0x0882, 0x0861, 0x0861, 0x0841, 0x0041, 0x0062, 0x0083, 0x00A4, 0x00C6, 0x016B, 0x09EE, 
    0x018C, 0x0129, 0x0108, 0x016B, 0x018B, 0x0109, 0x00E7, 0x00E7, 0x00E7, 0x00C7, 0x00C7, 0x00E7, 
    0x00C7, 0x00C7, 0x00A5, 0x0000, 0x01CF, 0x0A53, 0x0A53, 0x0A33, 0x0A33, 0x0233, 0x0233, 0x0232, 
    0x0A33, 0x0A32, 0x0A32, 0x0A32, 0x0232, 0x0212, 0x0043, 0x5A89, 0x734B, 0x1082, 0x10A2, 0x08E6, 
    0x00C5, 0x00C6, 0x0108, 0x014A, 0x09CD, 0x09CD, 0x00E7, 0x0021, 0x942E, 0x7B8C, 0x3185, 0xCD92, 
    0x3164, 0x7B6B, 0xC593, 0xC5B3, 0x6B2B, 0x0882, 0x2924, 0xB531, 0xB511, 0x18C3, 0x630A, 0xCE15, 
    0xC5D4, 0xCDD3, 0x6B2A, 0x6B0A, 0x83CD, 0x39A6, 0xC593, 0x18C3, 0x6B2B, 0x944E, 0x41E6, 0xACD0, 
    0x10A2, 0x5AA9, 0x3185, 0x944F, 0x6B2B, 0x0041, 0x0041, 0x0861, 0x3144, 0x5267, 0x31A7, 0x10E5, 
    0x0020, 0x01CF, 0x0233, 0x0233, 0x0213, 0x0233, 0x0A33, 0x0233, 0x0233, 0x0A11, 0x10C8, 0x314D, 
    0x49B0, 0x51F1, 0x51F1, 0x51F1, 0x5A11, 0x5A31, 0x5211, 0x5211, 0x6232, 0x6231, 0x6A72, 0x7A93, 
    0x82B3, 0x82B2, 0x7292, 0x6A52, 0x6A52, 0x6231, 0x59F1, 0x49D0, 0x210A, 0x09D0, 0x0233, 0x0233, 
    0x0233, 0x0233, 0x0A33, 0x0A33, 0x09F2, 0x19F3, 0x2A33, 0x2234, 0x08C9, 0x18A1, 0x93A9, 0xC50D, 
    0x2923, 0x0021, 0x0841, 0x0861, 0x0861, 0x0841, 0x0841, 0x0000, 0x5A66, 0xDDCF, 0xC50D, 0xC4EC, 
    0xC4CC, 0x8348, 0x0000, 0x0041, 0x0841, 0x0841, 0x0861, 0x0861, 0x0041, 0x0000, 0x7B08, 0xA3E9, 
    0x49C4, 0x0000, 0x298E, 0x39D1, 0x3233, 0x1A54, 0x0A33, 0x0233, 0x0233, 0x0233, 0x0233, 0x0233, 
    0x0A33, 0x0A53, 0x0A53, 0x0A53, 0x0A32, 0x0211, 0x08E8, 0x18E9, 0x294D, 0x41AF, 0x5A11, 0x5A32, 
    0x6A51, 0x7AB2, 0x82D2, 0x8AF3, 0x7AB2, 0x5A10, 0x396D, 0x18E9, 0x0A32, 0x0A73, 0x0A53, 0x0A53, 
    0x0A53, 0x0A53, 0x0A53, 0x0A53, 0x0A53, 0x0A32, 0x0042, 0x018B, 0x00E7, 0x4A06, 0x83AC, 0x3186, 
    0x8C0E, 0x6B0A, 0xBD31, 0x5AC9, 0x3185, 0x83CD, 0x0041, 0x0021, 0x5288, 0x6B0A, 0x39A5, 0x6B0A, 
    0x83AD, 0x736C, 0x4207, 0x18C3, 0x83CD, 0xCDD4, 0x2945, 0x0862, 0x7B8C, 0x62EA, 0x10A2, 0x18E3, 
    0x1082, 0x0861, 0x0882, 0x0882, 0x0882, 0x10A3, 0x10A2, 0x0882, 0x0882, 0x0861, 0x08E6, 0x01CE, 
    0x018C, 0x0129, 0x0108, 0x016B, 0x018C, 0x0109, 0x00E7, 0x00E7, 0x00E7, 0x00C7, 0x00E7, 0x00E7, 
    0x00C7, 0x00E7, 0x00A6, 0x0000, 0x01AF, 0x0233, 0x0212, 0x0212, 0x0212, 0x0212, 0x0212, 0x0212, 
    0x0A53, 0x0A53, 0x0A53, 0x0A53, 0x0A54, 0x012A, 0x3165, 0x736C, 0x4A27, 0x0861, 0x2965, 0x08E6, 
    0x00A5, 0x00C6, 0x0129, 0x014A, 0x09CD, 0x09CD, 0x00E7, 0x0020, 0x8C0E, 0x7B6C, 0x0882, 0x6B0A, 
    0x2103, 0xACF0, 0x5248, 0x2945, 0xBD73, 0x10A2, 0x732A, 0x8BED, 0x944F, 0x5268, 0x2124, 0x5ACA, 
    0xC5B3, 0x4A48, 0x18C2, 0x7B6C, 0x83CD, 0x3186, 0xD5F4, 0x5A88, 0x62EA, 0x944F, 0x41E6, 0xA4AF, 
    0x0021, 0x0000, 0x0041, 0x5ACA, 0xBD52, 0x8BED, 0x2104, 0x0862, 0x3164, 0x5247, 0x31A6, 0x10E5, 
    0x0020, 0x01F0, 0x0A53, 0x0253, 0x0253, 0x0253, 0x0A53, 0x0253, 0x0253, 0x0253, 0x09F0, 0x190A, 
    0x312C, 0x396F, 0x398F, 0x41B0, 0x49D0, 0x49B0, 0x41B0, 0x49D0, 0x51F0, 0x51D0, 0x6232, 0x6A72, 
    0x6A52, 0x6A72, 0x6231, 0x6231, 0x6252, 0x6232, 0x59F1, 0x51D1, 0x18E9, 0x09CF, 0x0A53, 0x0A53, 
    0x0A53, 0x0A53, 0x0A53, 0x2253, 0x3212, 0x31D2, 0x2A13, 0x19B0, 0x0044, 0x3143, 0xC4EC, 0xD54E, 
    0x6265, 0x0000, 0x0841, 0x0861, 0x0841, 0x0841, 0x0000, 0x49E5, 0xBCCC, 0xCD2D, 0xCD0D, 0xAC6B, 
    0xC4CC, 0xBC8B, 0x72C7, 0x0000, 0x0841, 0x0841, 0x0861, 0x0861, 0x0021, 0x3122, 0x93A9, 0xB46B, 
    0x6A86, 0x0020, 0x10E9, 0x39D2, 0x3A12, 0x2A34, 0x2233, 0x0A53, 0x0253, 0x0A53, 0x0A33, 0x0A53, 
    0x0A53, 0x0A53, 0x0253, 0x0A11, 0x112B, 0x110A, 0x18E9, 0x210B, 0x314D, 0x49D0, 0x6252, 0x6252, 
    0x6251, 0x6A51, 0x6A72, 0x7292, 0x6A52, 0x59F1, 0x49AF, 0x18E9, 0x0A32, 0x0A53, 0x0A33, 0x0A33, 
    0x0A33, 0x0233, 0x0A33, 0x0A53, 0x0A33, 0x0A32, 0x0042, 0x016A, 0x00C7, 0x4A27, 0x83CC, 0x3185, 
    0x8C0E, 0x6B0A, 0x942E, 0x4207, 0x3185, 0x8BED, 0x6B2B, 0x62EA, 0x5289, 0x83ED, 0x5A88, 0x732A, 
    0x7B6B, 0x4A27, 0x0021, 0x2104, 0xA4B0, 0x7BAC, 0x5248, 0x5288, 0x8BED, 0x944F, 0x4A07, 0x942E, 
    0xACF0, 0x734B, 0x3185, 0x5AA9, 0x39A6, 0x10A2, 0x1082, 0x0041, 0x0862, 0x10A3, 0x0862, 0x01AC, 
    0x018C, 0x0129, 0x0108, 0x016C, 0x018C, 0x0108, 0x00C7, 0x00E7, 0x00E7, 0x00E7, 0x00E7, 0x00C7, 
    0x00C7, 0x00C7, 0x00A6, 0x0000, 0x01AF, 0x0A53, 0x0A33, 0x0233, 0x0233, 0x0A53, 0x0A53, 0x0A53, 
    0x0233, 0x0233, 0x0233, 0x0233, 0x0212, 0x0063, 0x5268, 0x6B4C, 0x2944, 0x0041, 0x3186, 0x08E5, 
    0x00A5, 0x00C7, 0x012A, 0x014B, 0x09CD, 0x09CD, 0x00E7, 0x0020, 0x8C0E, 0x7B8C, 0x0041, 0x0041, 
    0x0882, 0xB511, 0x5248, 0x18E3, 0xB531, 0x18E3, 0x944E, 0x4A27, 0x62EA, 0x736C, 0x0862, 0x2965, 
    0xBD52, 0x18E3, 0x0000, 0x7BAD, 0x83CD, 0x3165, 0xCDD3, 0x9C6F, 0x736B, 0x942E, 0x41E6, 0x9C8F, 
    0x39C6, 0x944F, 0x4A27, 0x0021, 0x39C6, 0xB4F0, 0x8C0D, 0x0862, 0x2145, 0x4A28, 0x2167, 0x00A5, 
    0x0020, 0x01F0, 0x0A53, 0x0A53, 0x0A53, 0x0253, 0x0233, 0x0233, 0x0233, 0x0253, 0x0253, 0x098E, 
    0x110A, 0x290B, 0x314E, 0x394E, 0x396E, 0x394E, 0x314D, 0x396F, 0x418F, 0x51F1, 0x59F1, 0x5A11, 
    0x5A11, 0x6252, 0x6232, 0x5A31, 0x51F1, 0x59F1, 0x51D0, 0x41AF, 0x18E9, 0x09CF, 0x0A53, 0x0A53, 
    0x0A53, 0x0A53, 0x0253, 0x2A33, 0x3A12, 0x2A12, 0x21F2, 0x0885, 0x3143, 0x93A9, 0xDDAF, 0xCD2E, 
    0xAC2A, 0x49C4, 0x0020, 0x0000, 0x0000, 0x0020, 0x6AA7, 0xAC8C, 0xD56E, 0xBCAC, 0x4A05, 0x1081, 
    0x7B28, 0xCD2D, 0xBCAC, 0x6AA7, 0x0840, 0x0000, 0x0000, 0x0000, 0x3143, 0x9BE9, 0xB46A, 0xAC2A, 
    0x9368, 0x5A24, 0x0841, 0x316E, 0x39D2, 0x29F2, 0x1212, 0x0A33, 0x0233, 0x0233, 0x0233, 0x0233, 
    0x0253, 0x0253, 0x09CF, 0x194C, 0x416C, 0x51EE, 0x5A10, 0x51F0, 0x51F0, 0x5A11, 0x5A11, 0x5A11, 
    0x6252, 0x6252, 0x6252, 0x5A11, 0x5A11, 0x59F0, 0x49AF, 0x18E9, 0x0A11, 0x0233, 0x0232, 0x0232, 
    0x0233, 0x0233, 0x0233, 0x0232, 0x0233, 0x0212, 0x0042, 0x016A, 0x00C6, 0x5248, 0x944E, 0x4A27, 
    0x8BED, 0x6AEA, 0x5268, 0x0000, 0x39C6, 0x8C0E, 0x5288, 0xA4B0, 0x5268, 0xCDF4, 0xB511, 0x2944, 
    0x7B6B, 0xACD0, 0x4A28, 0x2104, 0x83CD, 0x41E7, 0x62EA, 0x734B, 0x5288, 0x2944, 0x3185, 0x9C4E, 
    0x62EA, 0x4A48, 0x62EA, 0xCDD4, 0xB532, 0x3186, 0x2103, 0x83AC, 0x41E6, 0x0882, 0x0062, 0x09AC, 
    0x018C, 0x0129, 0x0108, 0x018C, 0x016C, 0x0108, 0x00C7, 0x00E7, 0x00E7, 0x00E7, 0x00C7, 0x00E7, 
    0x00C7, 0x00C7, 0x00A6, 0x0000, 0x01AF, 0x0A53, 0x0A33, 0x0233, 0x0233, 0x0233, 0x0233, 0x0233, 
    0x0232, 0x0212, 0x0232, 0x0232, 0x01F1, 0x0021, 0x62CA, 0x5289, 0x18C3, 0x0021, 0x3186, 0x08E5, 
    0x00C6, 0x00E7, 0x012A, 0x014A, 0x09CD, 0x09AD, 0x00E6, 0x0021, 0x8C2E, 0x7B8C, 0x0041, 0x0862, 
    0x10A3, 0xB531, 0x4A48, 0x18E3, 0xB511, 0x3165, 0xBD52, 0x2145, 0x39E7, 0xB552, 0x10C3, 0x2965, 
    0xBD32, 0x2124, 0x0041, 0x7BAC, 0x7BAC, 0x3165, 0xC5B3, 0xC572, 0xBD31, 0x83CD, 0x4207, 0xA4B0, 
    0x4207, 0xC5B3, 0x5AA9, 0x0000, 0x0000, 0x5268, 0x9C6F, 0x0882, 0x1905, 0x4208, 0x2167, 0x00A5, 
    0x0020, 0x01F0, 0x0233, 0x0233, 0x0233, 0x0233, 0x0233, 0x0233, 0x0233, 0x0232, 0x0232, 0x0253, 
    0x098D, 0x110A, 0x20EB, 0x210B, 0x20EA, 0x20EA, 0x20EB, 0x290B, 0x312D, 0x49B0, 0x51D0, 0x51F0, 
    0x59F0, 0x6231, 0x5A11, 0x59F1, 0x49D0, 0x41B0, 0x4190, 0x396E, 0x18C8, 0x09D0, 0x0233, 0x0A33, 
    0x0A33, 0x0A33, 0x0253, 0x1A12, 0x3212, 0x2A13, 0x2A12, 0x0064, 0x5A45, 0xDD6E, 0xD56F, 0xC4EC, 
    0xCD0C, 0xB44A, 0x72C7, 0x41C4, 0x49E5, 0x49E4, 0xBCAB, 0xCD4E, 0xCD2D, 0x8B69, 0x0000, 0x0000, 
    0x3163, 0xB48C, 0xC4ED, 0xBCCC, 0x5225, 0x49E5, 0x41C4, 0x49E4, 0x8B47, 0xC4EC, 0xBCCC, 0xAC2A, 
    0x9388, 0x7285, 0x0860, 0x292C, 0x39B0, 0x29D0, 0x11F2, 0x0233, 0x0233, 0x0233, 0x0232, 0x0233, 
    0x0254, 0x09F0, 0x192A, 0x394B, 0x622F, 0x7271, 0x82F3, 0x72B3, 0x6A72, 0x6A51, 0x51F0, 0x51F1, 
    0x5A11, 0x6232, 0x5A12, 0x51D0, 0x51D0, 0x49D0, 0x418E, 0x10C8, 0x09F1, 0x0A53, 0x0A53, 0x0A53, 
    0x0A53, 0x0233, 0x0A33, 0x0A33, 0x0A53, 0x0211, 0x0042, 0x014A, 0x00E7, 0x39C6, 0xB511, 0xB4F0, 
    0x39C6, 0x6AEA, 0x83AC, 0x2104, 0x41E7, 0x942E, 0x18C3, 0x942E, 0x5268, 0x940E, 0x942E, 0x1062, 
    0x7B8C, 0xAD11, 0x5AA9, 0x4207, 0x8BED, 0x3185, 0x8C2E, 0x4A27, 0xA4B0, 0x18C3, 0x0841, 0x944E, 
    0x2104, 0x0021, 0x62EA, 0x6B0A, 0x5A88, 0x732B, 0x7B6B, 0x940E, 0x9C6F, 0x2124, 0x0042, 0x09CD, 
    0x018C, 0x0129, 0x0108, 0x016C, 0x016B, 0x0108, 0x00C7, 0x00C7, 0x00C7, 0x00E7, 0x00E7, 0x00C7, 
    0x00C7, 0x00C7, 0x00A5, 0x0000, 0x01AF, 0x0233, 0x0233, 0x0233, 0x0213, 0x0212, 0x0212, 0x0212, 
    0x0A53, 0x0A53, 0x0A53, 0x0233, 0x0211, 0x0042, 0x5AA9, 0x4207, 0x08C5, 0x0063, 0x3165, 0x08E6, 
    0x00C6, 0x0108, 0x0129, 0x014A, 0x09AC, 0x09AD, 0x00E7, 0x0041, 0x8C0E, 0x7B6B, 0x0041, 0x1082, 
    0x0882, 0xB511, 0x4A27, 0x18E3, 0xB511, 0x3185, 0xBD93, 0x41E7, 0x5268, 0xB532, 0x1082, 0x2124, 
    0xBD72, 0x2945, 0x0062, 0x7B8C, 0x83AC, 0x3185, 0xB532, 0x9C6F, 0xCDD3, 0x8BED, 0x4A27, 0xB511, 
    0x0021, 0x8BED, 0x5AA9, 0x6B0A, 0x4A27, 0x62C9, 0x940D, 0x0041, 0x2124, 0x4A27, 0x1947, 0x00A5, 
    0x0020, 0x01D0, 0x0253, 0x0A53, 0x0A53, 0x0A53, 0x0A53, 0x0A53, 0x0A53, 0x0A53, 0x0A53, 0x0233, 
    0x0253, 0x01D0, 0x08EA, 0x10C7, 0x10C7, 0x10E8, 0x10C8, 0x18C8, 0x20EA, 0x394E, 0x49D0, 0x5A11, 
    0x59F1, 0x51F0, 0x51D0, 0x49D0, 0x41B0, 0x418F, 0x314D, 0x210B, 0x10C8, 0x09F0, 0x0233, 0x0233, 
    0x0233, 0x0233, 0x0233, 0x0A12, 0x21F1, 0x4212, 0x3213, 0x0885, 0x51E4, 0xB46A, 0xB48B, 0xBCCC, 
    0xCD2E, 0xCD0C, 0xCD2D, 0xD56E, 0xD58E, 0xCD2D, 0xBCAB, 0xBCAB, 0xC4EC, 0x3984, 0x0000, 0x0020, 
    0x0020, 0x6AA6, 0xBCAB, 0xBC8B, 0xCD2D, 0xCD4D, 0xCD2D, 0xC4EC, 0xC4CC, 0xC4CC, 0xC4ED, 0xB46B, 
    0x8327, 0x5A24, 0x0820, 0x212C, 0x31F2, 0x2233, 0x0A53, 0x0253, 0x0233, 0x0A33, 0x0A33, 0x0253, 
    0x09F1, 0x194B, 0x41AD, 0x7AB2, 0x8AD2, 0x82D2, 0x7292, 0x7292, 0x7292, 0x5A11, 0x51F1, 0x51D0, 
    0x51D0, 0x51F1, 0x49D0, 0x49B0, 0x418F, 0x398F, 0x396E, 0x10C8, 0x0A11, 0x0A53, 0x0233, 0x0233, 
    0x0233, 0x0233, 0x0233, 0x0A33, 0x0A53, 0x0211, 0x0042, 0x016B, 0x0928, 0x1082, 0x18E3, 0x20E3, 
    0x0021, 0x41E6, 0xA46F, 0xACD0, 0x3185, 0xA48F, 0x8BED, 0x9C4F, 0x5248, 0x6B0A, 0x7BAC, 0x4A28, 
    0x7B8C, 0x4A48, 0x0000, 0x4A07, 0xC592, 0xB531, 0x8C0E, 0x0862, 0x83CD, 0x9C6F, 0x10A2, 0xA4D0, 
    0x8C2E, 0x2124, 0x62C9, 0x62C9, 0x4A07, 0x734B, 0x8BED, 0x2965, 0x41E6, 0x2103, 0x0062, 0x09CD, 
    0x018C, 0x0109, 0x0108, 0x016C, 0x016B, 0x0108, 0x00E7, 0x00E7, 0x00E7, 0x00E7, 0x00E7, 0x00E7, 
    0x00C7, 0x00C7, 0x00A5, 0x0020, 0x01AF, 0x0233, 0x0A33, 0x0A53, 0x0A33, 0x0A53, 0x0A53, 0x0A53, 
    0x0A33, 0x0A33, 0x0233, 0x0233, 0x0211, 0x0042, 0x5AA9, 0x39C6, 0x00A5, 0x0084, 0x3185, 0x1106, 
    0x00E7, 0x0108, 0x0129, 0x014A, 0x09AC, 0x09CD, 0x0107, 0x0020, 0x8BED, 0x7B8C, 0x18E3, 0xA4D0, 
    0x2944, 0xACF1, 0x4A28, 0x18E3, 0xBD31, 0x3165, 0xC593, 0xC593, 0xC593, 0xB4F1, 0x1082, 0x2124, 
    0xC593, 0x2945, 0x0041, 0x7BAC, 0x83CD, 0x39A6, 0xB532, 0x4A27, 0xCDB3, 0x942E, 0x5248, 0xBD52, 
    0x2944, 0x9C6F, 0x5268, 0x734B, 0xCDD4, 0xB4F1, 0x2924, 0x0021, 0x2103, 0x4A47, 0x2167, 0x00A5, 
    0x0020, 0x01F0, 0x0A53, 0x0A53, 0x0A53, 0x0A53, 0x0A53, 0x0A33, 0x0A53, 0x0A53, 0x0A53, 0x0A53, 
    0x0253, 0x0A33, 0x0A32, 0x0A32, 0x0A31, 0x0A52, 0x098D, 0x18C8, 0x292C, 0x49AF, 0x5A11, 0x5A12, 
    0x51F1, 0x418F, 0x394E, 0x396F, 0x398F, 0x314E, 0x210B, 0x10A6, 0x09F0, 0x0A53, 0x0A53, 0x0A53, 
    0x0A53, 0x0A53, 0x0253, 0x0253, 0x1A12, 0x4213, 0x3214, 0x08C8, 0x2923, 0x5A24, 0xA3E9, 0xB48B, 
    0xBCCC, 0xBCAB, 0xBCCC, 0xBCAC, 0xBC8B, 0xBC8B, 0xBCAB, 0xC4CB, 0x6AA6, 0x0041, 0x0041, 0x0041, 
    0x0020, 0x1081, 0x9BE9, 0xBCAB, 0xB46A, 0xB48C, 0xC4CC, 0xBCAC, 0xBC8B, 0xB46B, 0xA409, 0x8B67, 
    0x6265, 0x20E2, 0x0884, 0x318F, 0x4212, 0x3212, 0x0A53, 0x0253, 0x0A53, 0x0A53, 0x0A53, 0x0A74, 
    0x096C, 0x314B, 0x6A72, 0x82D3, 0x6A52, 0x7272, 0x6251, 0x6211, 0x59F0, 0x51F1, 0x49F1, 0x49B0, 
    0x398F, 0x396E, 0x398F, 0x418F, 0x396E, 0x314C, 0x210A, 0x114B, 0x0A33, 0x0A53, 0x0A53, 0x0A53, 
    0x0A53, 0x0A53, 0x0A53, 0x0A53, 0x0A53, 0x0A11, 0x0042, 0x018B, 0x016A, 0x0882, 0x0861, 0x0841, 
    0x0882, 0x0862, 0x1082, 0x2104, 0x0882, 0x39C6, 0x8BED, 0x4A07, 0x4A27, 0x734B, 0x5289, 0x7B8C, 
    0x7B8C, 0x6B2B, 0x10A2, 0x4A27, 0xACD0, 0x7BAD, 0x942E, 0x0021, 0x0041, 0x942E, 0x62C9, 0x9C6F, 
    0x9C8F, 0x39A6, 0x5A89, 0xB4F1, 0x9C4E, 0x5268, 0x7B8C, 0x83AC, 0x0041, 0x0862, 0x0883, 0x09CE, 
    0x018C, 0x0108, 0x0108, 0x016B, 0x016B, 0x0108, 0x00E7, 0x00E7, 0x00E7, 0x00E7, 0x00C7, 0x00E7, 
    0x00E7, 0x00E7, 0x00C6, 0x0020, 0x01CF, 0x0A53, 0x0A53, 0x0A33, 0x0A53, 0x0A53, 0x0A53, 0x0A53, 
    0x0233, 0x0233, 0x0232, 0x0233, 0x01F1, 0x0042, 0x5AA9, 0x39C6, 0x00A5, 0x0084, 0x3165, 0x0906, 
    0x00E7, 0x0108, 0x0129, 0x014A, 0x09CD, 0x09CD, 0x00E7, 0x0021, 0x2104, 0xACD0, 0xC572, 0xBD72, 
    0x2124, 0x9C6F, 0x734B, 0x4A27, 0xC593, 0x3165, 0xBD52, 0x4207, 0x5AA9, 0xB531, 0x10A2, 0x2944, 
    0xC593, 0x2124, 0x0020, 0x7B8C, 0x8C0E, 0x39C6, 0xB532, 0x1082, 0x944E, 0x9C8F, 0x2104, 0xACD0, 
    0xC572, 0x83AC, 0x0861, 0x18C3, 0x4207, 0x2144, 0x0882, 0x0841, 0x0083, 0x4228, 0x2188, 0x00A5, 
    0x0020, 0x01CF, 0x0233, 0x0233, 0x0233, 0x0A53, 0x0A33, 0x0A33, 0x0A33, 0x0A33, 0x0233, 0x0233, 
    0x0233, 0x0233, 0x0A53, 0x0A53, 0x0A32, 0x090A, 0x294B, 0x6230, 0x6251, 0x6231, 0x5A11, 0x5A11, 
    0x51F1, 0x396E, 0x314E, 0x312D, 0x292D, 0x290B, 0x10A7, 0x096D, 0x0A32, 0x0233, 0x0233, 0x0233, 
    0x0233, 0x0233, 0x0233, 0x0233, 0x1233, 0x2A13, 0x3A12, 0x31B1, 0x0065, 0x1880, 0x72A6, 0x8B68, 
    0xAC2A, 0xB48B, 0xA409, 0x8327, 0x6265, 0x72A6, 0xBCCC, 0xC4EC, 0x5225, 0x0000, 0x2103, 0x8327, 
    0x0840, 0x0020, 0x9C0A, 0xC4EC, 0x8327, 0x72A6, 0x7B07, 0x9BA9, 0xB44A, 0xA409, 0x7AE7, 0x6245, 
    0x4183, 0x0022, 0x29B1, 0x3A12, 0x3213, 0x1A13, 0x0233, 0x0233, 0x0233, 0x0233, 0x0A33, 0x0253, 
    0x094B, 0x314C, 0x5A32, 0x6232, 0x6A72, 0x6231, 0x6232, 0x6231, 0x51D0, 0x49B0, 0x41AF, 0x418F, 
    0x316E, 0x314D, 0x314D, 0x316E, 0x316E, 0x20E9, 0x08E8, 0x0233, 0x0253, 0x0233, 0x0233, 0x0233, 
    0x0A33, 0x0A33, 0x0233, 0x0233, 0x0233, 0x0211, 0x0042, 0x016B, 0x01EF, 0x0107, 0x0063, 0x0062, 
    0x0042, 0x0882, 0x1082, 0x0882, 0x10A2, 0x0861, 0x0021, 0x0862, 0x18E3, 0x2124, 0x2124, 0x4A27, 
    0x5AA9, 0xBD32, 0xACD0, 0x6B0A, 0x8C0E, 0x2965, 0x942F, 0x5AA9, 0x3185, 0x5AA9, 0x62E9, 0x944E, 
    0x2124, 0x0021, 0x62EA, 0xACF1, 0xA4AF, 0x1082, 0x18C3, 0xB4F0, 0x734B, 0x0882, 0x0883, 0x09CD, 
    0x018C, 0x0109, 0x0108, 0x018C, 0x018B, 0x0108, 0x00E7, 0x00E7, 0x00E7, 0x00E7, 0x00E7, 0x00E7, 
    0x00E7, 0x00E7, 0x00C6, 0x0020, 0x01AE, 0x0213, 0x0233, 0x0232, 0x0A32, 0x0233, 0x0233, 0x0233, 
    0x0233, 0x0233, 0x0A53, 0x0253, 0x0211, 0x0042, 0x5248, 0x31A6, 0x00A6, 0x0084, 0x2945, 0x08E6, 
    0x00C7, 0x0108, 0x0129, 0x016B, 0x09AD, 0x09CD, 0x00C6, 0x0841, 0x0862, 0x2965, 0x5AA9, 0x3185, 
    0x0841, 0x2944, 0xACF0, 0xCDD3, 0x736B, 0x1903, 0xBD52, 0x18E3, 0x39C6, 0xC573, 0x10C3, 0x2985, 
    0xD5F5, 0x2944, 0x0000, 0x7B6C, 0x8BED, 0x31A6, 0xACD0, 0x0882, 0x4A48, 0x62CA, 0x0041, 0x18E3, 
    0x2104, 0x1082, 0x0882, 0x0882, 0x0861, 0x0862, 0x0862, 0x0063, 0x0108, 0x3A08, 0x2187, 0x00C5, 
    0x0020, 0x01F0, 0x0A33, 0x0A33, 0x0253, 0x0253, 0x0A53, 0x0A53, 0x0A53, 0x0A53, 0x0A53, 0x0A53, 
    0x0A33, 0x0A33, 0x0A53, 0x0A32, 0x090B, 0x396B, 0x622F, 0x82D3, 0x7AB3, 0x6A52, 0x51F0, 0x49AF, 
    0x418F, 0x314E, 0x292C, 0x20E9, 0x18A8, 0x10E9, 0x09AD, 0x0A33, 0x0A53, 0x0A53, 0x0A53, 0x0A53, 
    0x0A53, 0x0A53, 0x0A53, 0x0253, 0x0A33, 0x2212, 0x2A12, 0x31D1, 0x296D, 0x18C7, 0x1880, 0x6A85, 
    0x7AE6, 0x7AE6, 0x72C5, 0x2102, 0x1881, 0x6A86, 0xBCCC, 0xC4EC, 0x6AC7, 0x2922, 0x93A9, 0xC4AB, 
    0x6AA6, 0x18E2, 0xAC2A, 0xC4CC, 0x9388, 0x3122, 0x18A1, 0x7285, 0x7AC6, 0x7AC6, 0x41A3, 0x1081, 
    0x0842, 0x296D, 0x39D1, 0x3212, 0x2212, 0x1212, 0x0A53, 0x0A53, 0x0A53, 0x0A53, 0x0A53, 0x0253, 
    0x094C, 0x312C, 0x41B0, 0x49D0, 0x51F0, 0x51D0, 0x59F1, 0x51F1, 0x49D0, 0x396E, 0x292C, 0x312C, 
    0x314D, 0x290C, 0x210B, 0x292C, 0x20C9, 0x110A, 0x09CF, 0x0233, 0x0233, 0x0233, 0x0A33, 0x0A53, 
    0x0A53, 0x0A53, 0x0A53, 0x0A53, 0x0A53, 0x0A32, 0x0042, 0x014A, 0x01CD, 0x018C, 0x014B, 0x016B, 
    0x016B, 0x0128, 0x00E6, 0x08C5, 0x08A3, 0x0862, 0x0841, 0x0862, 0x0882, 0x0882, 0x0862, 0x0041, 
    0x0861, 0x18C3, 0x3165, 0x31A6, 0x4A27, 0x2124, 0x7B8C, 0x41E6, 0xA4B0, 0xA4D0, 0x4A27, 0x9C6F, 
    0x4207, 0x0882, 0x6B0A, 0x6B2B, 0x8BCD, 0x39A6, 0x0000, 0x2124, 0xACF0, 0x3185, 0x0042, 0x01AD, 
    0x018C, 0x0129, 0x0108, 0x016C, 0x016B, 0x0108, 0x00C7, 0x00C7, 0x00E7, 0x00E7, 0x00E7, 0x00E7, 
    0x00E7, 0x00E7, 0x00C6, 0x0020, 0x01AF, 0x0233, 0x0233, 0x0A33, 0x0A33, 0x0233, 0x0233, 0x0233, 
    0x0233, 0x0233, 0x0233, 0x0233, 0x0211, 0x0021, 0x41E7, 0x39C6, 0x10A3, 0x0041, 0x2945, 0x08E5, 
    0x00C7, 0x0108, 0x0129, 0x016B, 0x018C, 0x09AC, 0x0948, 0x0041, 0x0862, 0x0882, 0x0862, 0x0862, 
    0x0882, 0x0862, 0x1082, 0x2104, 0x10C3, 0x10A2, 0x41E7, 0x1082, 0x18E3, 0x5289, 0x10C3, 0x18E4, 
    0x5ACA, 0x18E4, 0x0862, 0x2124, 0x2104, 0x0882, 0x18E3, 0x10A2, 0x0882, 0x0862, 0x0882, 0x0041, 
    0x0041, 0x0862, 0x0862, 0x10A2, 0x18C2, 0x2944, 0x41C5, 0x31C8, 0x014A, 0x4208, 0x2167, 0x00C5, 
    0x0020, 0x01D0, 0x0A33, 0x0A33, 0x0253, 0x0A53, 0x0A53, 0x0A53, 0x0A53, 0x0A53, 0x0A53, 0x0A53, 
    0x0A53, 0x0A53, 0x0A11, 0x114B, 0x316C, 0x7270, 0x7A91, 0x7AB2, 0x7292, 0x6A52, 0x51D0, 0x418E, 
    0x314D, 0x292D, 0x194D, 0x094C, 0x092B, 0x098E, 0x0253, 0x0A53, 0x0A53, 0x0A53, 0x0A53, 0x0A53, 
    0x0A53, 0x0A53, 0x0A53, 0x0253, 0x0A33, 0x2212, 0x1A12, 0x31F1, 0x39D1, 0x296F, 0x18C6, 0x2902, 
    0x3122, 0x3122, 0x3122, 0x18A1, 0x4183, 0x9388, 0xBCAB, 0xBC8B, 0xBC8B, 0xB48B, 0xBC8A, 0xB44A, 
    0xBCAB, 0xBC8B, 0xB46B, 0xB46A, 0x9388, 0x4183, 0x18A1, 0x2902, 0x3142, 0x3142, 0x1061, 0x0843, 
    0x210A, 0x39B1, 0x39D1, 0x2212, 0x2212, 0x1A32, 0x0A53, 0x0A53, 0x0A53, 0x0A33, 0x0A33, 0x0A53, 
    0x09CF, 0x190B, 0x20EA, 0x312D, 0x396E, 0x418F, 0x49D0, 0x49D0, 0x398F, 0x314C, 0x18C9, 0x18C9, 
    0x18E9, 0x18C9, 0x10A7, 0x10A7, 0x112A, 0x09D0, 0x0254, 0x0A33, 0x0A33, 0x0A33, 0x0A53, 0x0A33, 
    0x0A53, 0x0A53, 0x0A53, 0x0A53, 0x0A53, 0x0A32, 0x0062, 0x014A, 0x01AD, 0x016B, 0x016B, 0x018C, 
    0x01AD, 0x01AD, 0x018D, 0x01AD, 0x01AD, 0x014A, 0x00E7, 0x00C6, 0x08C5, 0x0062, 0x0862, 0x0861, 
    0x0861, 0x0861, 0x0882, 0x0882, 0x0861, 0x0862, 0x1082, 0x1082, 0x4207, 0x4A48, 0x0841, 0x83CD, 
    0xC592, 0x8C0D, 0x62EA, 0x62C9, 0x6B0A, 0x734B, 0x5AA9, 0x10A2, 0x83CD, 0x39C6, 0x0042, 0x01AD, 
    0x018C, 0x0129, 0x0109, 0x018C, 0x016B, 0x0108, 0x00C7, 0x00C7, 0x00C7, 0x00E7, 0x00E7, 0x00E7, 
    0x00E7, 0x00E7, 0x00C6, 0x0020, 0x01AF, 0x0A53, 0x0A53, 0x0A53, 0x0253, 0x0233, 0x0A33, 0x0A33, 
    0x0212, 0x0233, 0x0233, 0x0233, 0x01F1, 0x0021, 0x3186, 0x4208, 0x2104, 0x0020, 0x3165, 0x08E5, 
    0x00C6, 0x0108, 0x0129, 0x016B, 0x018C, 0x11CC, 0x1A0C, 0x0108, 0x00E6, 0x10E4, 0x18A2, 0x0861, 
    0x0861, 0x0862, 0x0041, 0x0041, 0x0862, 0x0862, 0x0041, 0x0862, 0x0862, 0x0061, 0x0882, 0x0862, 
    0x0041, 0x0882, 0x0882, 0x0862, 0x0041, 0x0841, 0x0862, 0x0862, 0x0021, 0x0841, 0x1082, 0x2103, 
    0x2923, 0x41E6, 0x6287, 0x72E8, 0x72E9, 0x62A8, 0x6AC8, 0x4229, 0x014A, 0x4A28, 0x1946, 0x00A5, 
    0x0000, 0x01CF, 0x0233, 0x0A33, 0x0233, 0x0233, 0x0233, 0x0A33, 0x0A33, 0x0A33, 0x0A33, 0x0232, 
    0x0233, 0x0233, 0x09F0, 0x18C8, 0x6230, 0x7AB3, 0x7272, 0x6A51, 0x6231, 0x5A11, 0x51D0, 0x418F, 
    0x312C, 0x18CA, 0x092B, 0x09AF, 0x0A32, 0x0A53, 0x0A33, 0x0233, 0x0A33, 0x0A33, 0x0A33, 0x0A53, 
    0x0A33, 0x0233, 0x0233, 0x0233, 0x0233, 0x0A32, 0x21F1, 0x31F2, 0x39D1, 0x39B0, 0x316F, 0x0865, 
    0x0844, 0x0864, 0x0001, 0x3122, 0x8B47, 0xBC8B, 0xBCAB, 0xBC8B, 0xBCAB, 0xC4EC, 0xBCAB, 0xBC8B, 
    0xC4EC, 0xC4EC, 0xBCAB, 0xBC8B, 0x9BA8, 0x72A6, 0x3983, 0x0021, 0x0885, 0x0844, 0x1086, 0x292D, 
    0x3190, 0x4190, 0x29F1, 0x21D1, 0x1A12, 0x0A33, 0x0A33, 0x0233, 0x0233, 0x0232, 0x0233, 0x0233, 
    0x0A53, 0x09AD, 0x10E9, 0x18CA, 0x290B, 0x314D, 0x396F, 0x418F, 0x49B0, 0x396E, 0x20EA, 0x10C7, 
    0x0908, 0x114B, 0x092A, 0x0909, 0x09F0, 0x0253, 0x0233, 0x0232, 0x0A32, 0x0232, 0x0A32, 0x0A32, 
    0x0A33, 0x0A33, 0x0A33, 0x0A33, 0x0A33, 0x0211, 0x0042, 0x014A, 0x01CD, 0x016B, 0x016B, 0x018C, 
    0x018C, 0x01AD, 0x0129, 0x00A5, 0x00C7, 0x014A, 0x016C, 0x016C, 0x018C, 0x016B, 0x016B, 0x014A, 
    0x00C6, 0x00A4, 0x0063, 0x0862, 0x0882, 0x0861, 0x0861, 0x0882, 0x0862, 0x0041, 0x0862, 0x1082, 
    0x2944, 0x2965, 0x39A5, 0x39A5, 0x41C6, 0x6B2B, 0x734B, 0x9C4E, 0xA48F, 0x3185, 0x0042, 0x01AD, 
    0x018C, 0x0129, 0x0108, 0x016B, 0x016B, 0x0108, 0x00C7, 0x00C7, 0x00C7, 0x00E7, 0x00C7, 0x00E7, 
    0x00C7, 0x00E7, 0x00C6, 0x0020, 0x01AF, 0x0233, 0x0A33, 0x0233, 0x0233, 0x0233, 0x0233, 0x0A33, 
    0x0253, 0x0253, 0x0A33, 0x0A53, 0x0A32, 0x0021, 0x2104, 0x39C7, 0x2965, 0x0020, 0x2124, 0x08E6, 
    0x00E7, 0x0108, 0x0129, 0x016B, 0x018C, 0x220C, 0x3A8D, 0x01AD, 0x016C, 0x426A, 0x8369, 0x7B29, 
    0x7308, 0x4A06, 0x3984, 0x3143, 0x20E3, 0x18C2, 0x18C3, 0x18C3, 0x18C3, 0x10A2, 0x10A2, 0x10A2, 
    0x10A2, 0x18A2, 0x20E3, 0x2103, 0x2103, 0x2103, 0x3164, 0x49E5, 0x5205, 0x6287, 0x7308, 0x8349, 
    0x8349, 0x72E9, 0x62A8, 0x5247, 0x6AC9, 0x62A8, 0x6AA8, 0x4229, 0x0129, 0x4A28, 0x1947, 0x00A5, 
    0x0000, 0x01F0, 0x0A53, 0x0A53, 0x0A53, 0x0A53, 0x0A53, 0x0A53, 0x0A53, 0x0A53, 0x0A53, 0x0A53, 
    0x0A53, 0x0A53, 0x0A11, 0x18E8, 0x51EF, 0x6232, 0x6231, 0x5A11, 0x51D0, 0x49D0, 0x49D0, 0x49B0, 
    0x396E, 0x20E9, 0x10A7, 0x116C, 0x0A32, 0x0A74, 0x0A53, 0x0A53, 0x0A53, 0x0A53, 0x0A53, 0x0A53, 
    0x0A53, 0x0A53, 0x0A53, 0x0A53, 0x0A53, 0x0A53, 0x0233, 0x2A33, 0x3A12, 0x39F1, 0x318F, 0x296F, 
    0x294E, 0x314E, 0x0023, 0x6AA6, 0xBCAB, 0xC4ED, 0xB48B, 0xAC4A, 0xBCAB, 0xBCCC, 0xBCCC, 0xAC4A, 
    0xBCAB, 0xBCCC, 0xB48B, 0xA40A, 0xC4CC, 0x9BA8, 0x5A24, 0x0021, 0x314E, 0x314E, 0x314E, 0x3990, 
    0x39D2, 0x39F1, 0x2232, 0x1212, 0x0A32, 0x0253, 0x0A53, 0x0A53, 0x0A53, 0x0A53, 0x0A53, 0x0A53, 
    0x0A53, 0x0A73, 0x09F1, 0x094D, 0x090A, 0x20EB, 0x292C, 0x396D, 0x418F, 0x418F, 0x418E, 0x20E8, 
    0x096C, 0x0A32, 0x0A74, 0x0A53, 0x0A32, 0x0A53, 0x0A53, 0x0A53, 0x0A53, 0x0A53, 0x0A53, 0x0A53, 
    0x0A53, 0x0A53, 0x0A53, 0x0A53, 0x0A53, 0x0A31, 0x0042, 0x016B, 0x01CE, 0x018C, 0x018C, 0x018C, 
    0x018C, 0x0149, 0x0061, 0x4980, 0x51A0, 0x3100, 0x20C0, 0x0041, 0x0064, 0x00C6, 0x0109, 0x016B, 
    0x018C, 0x098C, 0x016C, 0x016B, 0x014A, 0x0107, 0x00A4, 0x0083, 0x0862, 0x0882, 0x0882, 0x0882, 
    0x0882, 0x0882, 0x0861, 0x0861, 0x1082, 0x10C3, 0x1904, 0x732B, 0x5248, 0x0861, 0x0062, 0x01AD, 
    0x018C, 0x0129, 0x0108, 0x016B, 0x016B, 0x0108, 0x00C7, 0x00E7, 0x00C7, 0x00C7, 0x00C7, 0x00C7, 
    0x00E7, 0x00E7, 0x00C6, 0x0000, 0x01CF, 0x0A54, 0x0A53, 0x0A53, 0x0A53, 0x0A53, 0x0A53, 0x0A53, 
    0x0232, 0x0232, 0x0212, 0x0212, 0x0212, 0x0129, 0x0862, 0x39A6, 0x39C6, 0x1081, 0x20E3, 0x0906, 
    0x00E7, 0x0108, 0x0129, 0x016B, 0x018C, 0x324B, 0x52AB, 0x018C, 0x016C, 0x3A4A, 0x8B8A, 0x8BAA, 
    0x93CB, 0x93CB, 0x7B49, 0x7B29, 0x7B29, 0x7B29, 0x8369, 0x8B6A, 0x8B6A, 0x8349, 0x8349, 0x8369, 
    0x8349, 0x7B29, 0x8349, 0x8369, 0x8349, 0x8349, 0x7B29, 0x7B49, 0x6287, 0x41C5, 0x2944, 0x18C2, 
    0x18C2, 0x18A1, 0x18A0, 0x0020, 0x5247, 0x72E8, 0x6AC8, 0x4208, 0x0108, 0x39E7, 0x1127, 0x00A5, 
    0x0020, 0x01CF, 0x0213, 0x0212, 0x0232, 0x0233, 0x0233, 0x0233, 0x0233, 0x0233, 0x0213, 0x0212, 
    0x0212, 0x0233, 0x09F0, 0x10E8, 0x314D, 0x4990, 0x49B0, 0x49B0, 0x49B0, 0x418F, 0x418F, 0x49B0, 
    0x49D0, 0x41AF, 0x316D, 0x210A, 0x1109, 0x0A32, 0x0232, 0x0233, 0x0233, 0x0233, 0x0A33, 0x0233, 
    0x0233, 0x0233, 0x0233, 0x0233, 0x0233, 0x0233, 0x0232, 0x11F2, 0x1A12, 0x1A12, 0x39D1, 0x39B1, 
    0x39B0, 0x3190, 0x0023, 0x7B07, 0xC4CC, 0xC50D, 0x93A8, 0x72A5, 0xBCCC, 0xC4ED, 0xB46B, 0x7AE6, 
    0xB44A, 0xC4AB, 0x9BE9, 0x6A86, 0xB46B, 0xBCAB, 0x6A85, 0x0001, 0x314E, 0x3190, 0x41D1, 0x39D2, 
    0x2A13, 0x21F2, 0x19D0, 0x0A32, 0x0A53, 0x0A53, 0x0A53, 0x0A53, 0x0A53, 0x0233, 0x0233, 0x0233, 
    0x0232, 0x0232, 0x0253, 0x0254, 0x0212, 0x08C8, 0x10E9, 0x210A, 0x314D, 0x49D0, 0x5A11, 0x41AF, 
    0x2109, 0x110A, 0x0A12, 0x0232, 0x0212, 0x0212, 0x0233, 0x0233, 0x0232, 0x0232, 0x0212, 0x0212, 
    0x0212, 0x0232, 0x0232, 0x0233, 0x0213, 0x01F1, 0x0022, 0x014A, 0x01CE, 0x018C, 0x018C, 0x018C, 
    0x016C, 0x0042, 0x7240, 0xE544, 0xE524, 0xD4A2, 0xCC40, 0xA360, 0x82A0, 0x6220, 0x3100, 0x1060, 
    0x0861, 0x0043, 0x0086, 0x00C7, 0x016B, 0x01AD, 0x01AD, 0x018C, 0x014A, 0x014A, 0x0108, 0x08C5, 
    0x0062, 0x0862, 0x0862, 0x0862, 0x0882, 0x0882, 0x1082, 0x0862, 0x0862, 0x0882, 0x0062, 0x01AD, 
    0x018C, 0x0129, 0x0108, 0x016B, 0x016B, 0x0108, 0x00E7, 0x00E7, 0x00C7, 0x00C7, 0x00C7, 0x00C7, 
    0x00E7, 0x00E7, 0x00C6, 0x0000, 0x01AF, 0x0233, 0x0232, 0x0A33, 0x0A33, 0x0233, 0x0233, 0x0233, 
    0x0253, 0x0A53, 0x0A53, 0x0A53, 0x0A53, 0x0A74, 0x00A4, 0x18C2, 0x3186, 0x1082, 0x2103, 0x1106, 
    0x00E7, 0x0108, 0x0129, 0x016B, 0x016C, 0x4AAB, 0x7B6B, 0x098B, 0x016B, 0x424A, 0x93CA, 0x93CB, 
    0x93CB, 0x41C5, 0x0841, 0x1081, 0x1061, 0x1081, 0x10A2, 0x18C3, 0x18C2, 0x18C2, 0x18C2, 0x18C3, 
    0x10A2, 0x1081, 0x1061, 0x1081, 0x1081, 0x1081, 0x0861, 0x20C1, 0x3120, 0x4160, 0x5A00, 0x82C0, 
    0xAB80, 0xBBE0, 0xB3C0, 0x5180, 0x0861, 0x62A8, 0x72E8, 0x4208, 0x00E8, 0x1148, 0x0108, 0x00C5, 
    0x0020, 0x01F0, 0x0A53, 0x0A53, 0x0A53, 0x0A53, 0x0253, 0x0253, 0x0253, 0x0253, 0x0253, 0x0A53, 
    0x0A53, 0x0A53, 0x0A53, 0x0A11, 0x10E8, 0x292B, 0x396E, 0x396E, 0x396E, 0x312D, 0x312D, 0x396E, 
    0x51F1, 0x6A52, 0x7272, 0x59EF, 0x394C, 0x10C7, 0x09AF, 0x1273, 0x0A52, 0x0253, 0x0A53, 0x0A53, 
    0x0A53, 0x0A53, 0x0A53, 0x0253, 0x0253, 0x0A53, 0x0A53, 0x1233, 0x1A32, 0x2233, 0x4A12, 0x41F1, 
    0x41F2, 0x39F2, 0x0843, 0x5A24, 0xA3E9, 0xC4EC, 0x5205, 0x3143, 0xC4CC, 0xC4ED, 0xAC4A, 0x18A1, 
    0xA40A, 0xCD0C, 0x93A9, 0x1881, 0x9388, 0x9BC9, 0x6265, 0x0021, 0x316F, 0x39B1, 0x41D2, 0x39D2, 
    0x2A12, 0x1253, 0x0A32, 0x0A32, 0x0233, 0x0233, 0x0233, 0x0233, 0x0233, 0x0A53, 0x0A53, 0x0A53, 
    0x0A53, 0x0253, 0x0253, 0x0253, 0x0253, 0x0A32, 0x0A53, 0x194B, 0x20E9, 0x398E, 0x5A31, 0x7273, 
    0x5210, 0x316D, 0x10E9, 0x0A32, 0x0A53, 0x0A53, 0x0A53, 0x0A53, 0x0A53, 0x0A53, 0x0A53, 0x0A53, 
    0x0A53, 0x0A53, 0x0A53, 0x0A53, 0x0A53, 0x0211, 0x0042, 0x016A, 0x01CE, 0x018C, 0x018C, 0x018C, 
    0x018C, 0x0062, 0xBC43, 0xD482, 0xC400, 0xC400, 0xCC40, 0xDCA1, 0xE502, 0xED63, 0xD4A1, 0xC420, 
    0xB3C0, 0x82C0, 0x6200, 0x4160, 0x0861, 0x0061, 0x0043, 0x0086, 0x00C7, 0x012A, 0x018D, 0x01AD, 
    0x016B, 0x016B, 0x016B, 0x0149, 0x00E7, 0x0083, 0x0862, 0x0882, 0x0882, 0x0861, 0x0883, 0x01AD, 
    0x018C, 0x0129, 0x0108, 0x016B, 0x016B, 0x0108, 0x00C7, 0x00E7, 0x00C7, 0x00C7, 0x00C7, 0x00E7, 
    0x00E7, 0x00E7, 0x00C6, 0x0021, 0x01CF, 0x0A54, 0x0A53, 0x0A53, 0x0A53, 0x0A53, 0x0A53, 0x0253, 
    0x0A33, 0x0A33, 0x0233, 0x0233, 0x0233, 0x0233, 0x01AF, 0x0084, 0x1061, 0x0841, 0x2924, 0x1106, 
    0x0107, 0x0108, 0x0129, 0x016B, 0x014B, 0x424A, 0x7309, 0x098B, 0x016B, 0x426A, 0x93CA, 0x93CA, 
    0x5246, 0x1080, 0x59E0, 0xC461, 0xABC0, 0xA3A0, 0x8B00, 0x82C0, 0x7AC0, 0x7A80, 0x7260, 0x7AA0, 
    0x9320, 0x9320, 0x82C0, 0x8AC0, 0x9B40, 0xA340, 0x9B40, 0xB3A0, 0xCC00, 0xC400, 0xB3A0, 0xBBE0, 
    0xBBC0, 0xBBC0, 0xB3A0, 0x8AC0, 0x0840, 0x62A7, 0x72E8, 0x4208, 0x00E8, 0x0949, 0x0108, 0x00A5, 
    0x0021, 0x01CF, 0x0233, 0x0A33, 0x0A33, 0x0233, 0x0233, 0x0233, 0x0233, 0x0233, 0x0233, 0x0A32, 
    0x0A33, 0x0232, 0x0232, 0x0212, 0x09AF, 0x1109, 0x18C8, 0x18C8, 0x18C9, 0x18C9, 0x20EA, 0x310C, 
    0x49AF, 0x6A52, 0x7272, 0x51F0, 0x41AF, 0x290A, 0x098E, 0x0254, 0x2270, 0x3AAE, 0x0233, 0x0A33, 
    0x0A33, 0x0233, 0x0233, 0x0A33, 0x0A33, 0x0A33, 0x0A33, 0x0A33, 0x0A33, 0x1212, 0x19D0, 0x39F1, 
    0x31F2, 0x29F3, 0x192B, 0x10A2, 0x5204, 0xA3C8, 0x3963, 0x2922, 0xB46A, 0xBCAB, 0x9BC9, 0x1081, 
    0xA40A, 0xB46A, 0x7AE7, 0x0840, 0x7AE7, 0x6A85, 0x18A0, 0x0863, 0x39B2, 0x39B1, 0x29D1, 0x2212, 
    0x1A32, 0x0A53, 0x0A53, 0x0A53, 0x0A53, 0x0A33, 0x0A33, 0x0A53, 0x0A53, 0x0A53, 0x0A73, 0x0A53, 
    0x0234, 0x630A, 0x42AD, 0x0233, 0x0A33, 0x0233, 0x0233, 0x09F1, 0x116D, 0x20EA, 0x51F0, 0x6252, 
    0x5A11, 0x396D, 0x10C8, 0x0211, 0x0232, 0x0A33, 0x0A33, 0x0A33, 0x0A32, 0x0A33, 0x0A33, 0x0A32, 
    0x0A32, 0x0A33, 0x0A32, 0x0A32, 0x0A32, 0x0211, 0x0042, 0x016B, 0x01CE, 0x018C, 0x016C, 0x018C, 
    0x018C, 0x0062, 0xB3E1, 0xCC20, 0xC3E0, 0xBBE0, 0xC3E0, 0xC3E0, 0xBBC0, 0xBBC0, 0xC420, 0xD460, 
    0xD440, 0xD440, 0xE4A0, 0xD480, 0xB3E0, 0xABA0, 0x8B00, 0x7A80, 0x3940, 0x20C0, 0x0882, 0x0063, 
    0x0085, 0x00A6, 0x0109, 0x018C, 0x01AD, 0x018C, 0x014A, 0x0129, 0x0108, 0x00E6, 0x016A, 0x01CE, 
    0x018C, 0x0129, 0x0108, 0x016B, 0x016B, 0x0108, 0x00E7, 0x00E7, 0x00E7, 0x00E7, 0x00E7, 0x00E7, 
    0x00E7, 0x00E7, 0x00A6, 0x0020, 0x01AF, 0x0A33, 0x0A33, 0x0A33, 0x0A33, 0x0232, 0x0212, 0x0212, 
    0x0A33, 0x0A33, 0x0233, 0x0233, 0x0233, 0x0233, 0x0233, 0x018C, 0x00A5, 0x0000, 0x2945, 0x2986, 
    0x1127, 0x0108, 0x0129, 0x016B, 0x012A, 0x4249, 0x732A, 0x098B, 0x016C, 0x426B, 0x93CA, 0x93CB, 
    0x3164, 0x51A0, 0xDCE2, 0xD4A0, 0xD480, 0xD460, 0xCC40, 0xD460, 0xD440, 0xCC40, 0xCC20, 0xC420, 
    0xCC20, 0xAB80, 0x6A60, 0x7260, 0xB3A0, 0xBBE0, 0xBBC0, 0xBBC0, 0xBBE0, 0xB3A0, 0xB3A0, 0xBBC0, 
    0xB360, 0xAB60, 0xB380, 0x8AA0, 0x0820, 0x6287, 0x72E8, 0x4208, 0x00E8, 0x0949, 0x0108, 0x00C5, 
    0x0020, 0x01CF, 0x0233, 0x0233, 0x0A32, 0x0A32, 0x0232, 0x0A33, 0x0A53, 0x0A53, 0x0A33, 0x0A33, 
    0x0A33, 0x0A33, 0x0A33, 0x0A33, 0x0253, 0x09AE, 0x096C, 0x096C, 0x096D, 0x09AE, 0x110A, 0x292B, 
    0x5A10, 0x6252, 0x5A10, 0x418F, 0x418F, 0x290A, 0x098E, 0x0254, 0x1251, 0x72E7, 0x2A6E, 0x0233, 
    0x0A32, 0x0A33, 0x0233, 0x0233, 0x0233, 0x0A33, 0x0A33, 0x0A33, 0x0A33, 0x0A12, 0x11D0, 0x21F1, 
    0x31F1, 0x31F2, 0x31F2, 0x18E9, 0x2904, 0x49C3, 0x18C1, 0x20C1, 0x8B67, 0x8B68, 0x6265, 0x0840, 
    0x8B48, 0x9367, 0x5A24, 0x0000, 0x3122, 0x2902, 0x1085, 0x212B, 0x39D1, 0x41D2, 0x29F1, 0x1A11, 
    0x0A33, 0x0A33, 0x0A53, 0x0A53, 0x0A53, 0x0A53, 0x0A53, 0x0A53, 0x0A53, 0x0A53, 0x0253, 0x0A53, 
    0x5AEB, 0x62E9, 0x226F, 0x0233, 0x0A33, 0x0A33, 0x0A53, 0x01CF, 0x196C, 0x418D, 0x59F1, 0x59F1, 
    0x41AF, 0x312C, 0x10C7, 0x0211, 0x0A33, 0x0A33, 0x0A33, 0x0A33, 0x0A33, 0x0A33, 0x0A32, 0x0A32, 
    0x0A33, 0x0A33, 0x0A33, 0x0A32, 0x0A33, 0x0211, 0x0042, 0x016B, 0x01CE, 0x018C, 0x016C, 0x018C, 
    0x018C, 0x0062, 0xB3A0, 0xC400, 0xBBE0, 0xC3E0, 0xC3E0, 0xC3E0, 0xBBC0, 0xB3A0, 0xBBE0, 0x9B20, 
    0x4161, 0x59E0, 0xAB80, 0xC400, 0xC400, 0xC400, 0xCC40, 0xD440, 0xD460, 0xCC40, 0xB3C0, 0x7260, 
    0x7A80, 0x59C0, 0x30E0, 0x0063, 0x016C, 0x018C, 0x018C, 0x018C, 0x01AD, 0x01AD, 0x018B, 0x01CE, 
    0x018C, 0x0129, 0x0108, 0x016B, 0x016B, 0x0108, 0x00C7, 0x00E7, 0x00E7, 0x00E7, 0x00E7, 0x00E7, 
    0x00E7, 0x00E7, 0x00A6, 0x0020, 0x01AF, 0x0A33, 0x0A33, 0x0A33, 0x0A33, 0x0233, 0x0A32, 0x0232, 
    0x0A53, 0x0A53, 0x0A53, 0x0A53, 0x0A53, 0x0A53, 0x0A32, 0x0233, 0x0211, 0x0042, 0x2944, 0x4A06, 
    0x2147, 0x0108, 0x0129, 0x016B, 0x014B, 0x4A6A, 0x7B6B, 0x098B, 0x016B, 0x424A, 0x93CA, 0x93AA, 
    0x3164, 0x51A0, 0xCC40, 0xC400, 0xC3E0, 0xBBC0, 0xBBC0, 0xBBC0, 0xBBC0, 0xBBC0, 0xB3A0, 0xB380, 
    0x82A0, 0x18A1, 0x18A2, 0x0861, 0x3920, 0x9300, 0xB380, 0xBBC0, 0xA340, 0x49A0, 0x2921, 0x8280, 
    0xAB60, 0xB380, 0xB380, 0x8AC0, 0x0840, 0x62A7, 0x7308, 0x4208, 0x00E8, 0x0949, 0x0928, 0x00C6, 
    0x0021, 0x01D0, 0x0233, 0x0A33, 0x0A33, 0x0A33, 0x0233, 0x0A33, 0x0A53, 0x0A53, 0x0A53, 0x0A53, 
    0x0A53, 0x0A33, 0x0A33, 0x0A33, 0x0A53, 0x0A53, 0x0253, 0x0253, 0x0253, 0x0A10, 0x216C, 0x49AD, 
    0x6231, 0x51F0, 0x49AF, 0x396E, 0x290B, 0x10E9, 0x09AE, 0x0233, 0x0212, 0x6AE9, 0x7328, 0x2A6F, 
    0x0253, 0x0A53, 0x0A33, 0x0A33, 0x0A53, 0x0A53, 0x0A53, 0x0A53, 0x0A53, 0x0A53, 0x1A12, 0x0A13, 
    0x3232, 0x39F1, 0x39D1, 0x39F2, 0x210A, 0x0023, 0x0864, 0x0862, 0x1081, 0x18C1, 0x0840, 0x0020, 
    0x18C1, 0x2102, 0x18A1, 0x0843, 0x0023, 0x0843, 0x296D, 0x41D1, 0x29F1, 0x29F2, 0x2212, 0x1A12, 
    0x0A53, 0x0A33, 0x0A33, 0x0A53, 0x0A53, 0x0A53, 0x0A53, 0x0A53, 0x0A53, 0x0234, 0x0A52, 0x3AAD, 
    0xBBE2, 0x3AAE, 0x0233, 0x0A33, 0x0A33, 0x0A53, 0x09F0, 0x194B, 0x418D, 0x6A53, 0x51F1, 0x418E, 
    0x312C, 0x20EA, 0x090A, 0x0232, 0x0A53, 0x0A53, 0x0A53, 0x0A53, 0x0A53, 0x0A53, 0x0A53, 0x0A53, 
    0x0A53, 0x0A53, 0x0A53, 0x0A53, 0x0A53, 0x0A11, 0x0042, 0x016A, 0x01CE, 0x018C, 0x018C, 0x018C, 
    0x018C, 0x0062, 0xABA0, 0xC400, 0xBBC0, 0xC3E0, 0xCC20, 0x9300, 0x6A20, 0xB3A0, 0xC3E0, 0x5A00, 
    0x0022, 0x0022, 0x7281, 0xC400, 0xBBE0, 0xBBC0, 0xBBA0, 0xBBC0, 0xC3E0, 0xBBE0, 0xC400, 0xD481, 
    0xDCA2, 0xDCA1, 0xB3A0, 0x28C0, 0x00A5, 0x018D, 0x018C, 0x018C, 0x018C, 0x016B, 0x0129, 0x01CD, 
    0x018C, 0x0129, 0x0109, 0x018B, 0x018B, 0x0108, 0x00C7, 0x00E7, 0x00E7, 0x00E7, 0x00E7, 0x00E7, 
    0x00E7, 0x00E7, 0x00C6, 0x0000, 0x01AF, 0x0A54, 0x0A53, 0x0A53, 0x0A33, 0x0A33, 0x0A33, 0x0A33, 
    0x0233, 0x0233, 0x0233, 0x0233, 0x0233, 0x0233, 0x0212, 0x0232, 0x0212, 0x0063, 0x3144, 0x41E6, 
    0x1946, 0x0108, 0x0129, 0x016B, 0x014B, 0x4A6A, 0x7B6B, 0x098A, 0x012A, 0x4249, 0x93CA, 0x93AA, 
    0x3164, 0x51A0, 0xC400, 0xBBE0, 0xBBE0, 0xBBC0, 0xBBC0, 0xBBC0, 0xBBE0, 0xBBC0, 0xBBC0, 0xB380, 
    0x28E0, 0x28E3, 0x6205, 0x4163, 0x0821, 0x28E0, 0x9B40, 0xAB60, 0x20C0, 0x0000, 0x0861, 0x0000, 
    0x4160, 0xAB60, 0xB380, 0x92C0, 0x0840, 0x62A8, 0x72E8, 0x4208, 0x00E8, 0x1149, 0x0928, 0x00C6, 
    0x0021, 0x01CF, 0x0233, 0x0232, 0x0212, 0x0212, 0x0212, 0x0212, 0x0212, 0x0212, 0x0212, 0x0212, 
    0x0212, 0x0212, 0x0212, 0x0212, 0x0233, 0x0233, 0x0232, 0x0233, 0x0232, 0x08E8, 0x416D, 0x6232, 
    0x41AF, 0x418F, 0x396E, 0x292C, 0x10C8, 0x09AE, 0x0233, 0x0233, 0x0233, 0x0233, 0xA384, 0x9B45, 
    0x1231, 0x0212, 0x0212, 0x0212, 0x0233, 0x0233, 0x0233, 0x0233, 0x0A33, 0x0A33, 0x0A33, 0x0A33, 
    0x11F1, 0x29F2, 0x39D1, 0x39F2, 0x39B1, 0x294E, 0x294E, 0x20E9, 0x0863, 0x0843, 0x0843, 0x18E9, 
    0x0843, 0x0062, 0x0864, 0x292C, 0x292D, 0x316F, 0x31B1, 0x31D1, 0x2A12, 0x19D1, 0x09F1, 0x0233, 
    0x0233, 0x0A33, 0x0233, 0x0233, 0x0233, 0x0212, 0x0233, 0x0A53, 0x0253, 0x0A32, 0x42AC, 0xCC00, 
    0x9B84, 0x1251, 0x0233, 0x0A33, 0x0A33, 0x0A32, 0x0929, 0x418D, 0x6A52, 0x51F1, 0x418F, 0x290C, 
    0x18C9, 0x092B, 0x0233, 0x0232, 0x0232, 0x0233, 0x0233, 0x0A33, 0x0A53, 0x0A53, 0x0A33, 0x0A33, 
    0x0A33, 0x0A33, 0x0233, 0x0A33, 0x0233, 0x0211, 0x0042, 0x016A, 0x01CE, 0x018C, 0x018C, 0x018C, 
    0x018C, 0x0062, 0xABA0, 0xC3E0, 0xBBC0, 0xC400, 0xAB60, 0x18C1, 0x0001, 0x7A80, 0xA360, 0x3940, 
    0x0042, 0x0062, 0x6A61, 0xCC00, 0xBBC0, 0x7A80, 0xAB60, 0xBBA0, 0xBBE0, 0xBBE0, 0xBBC0, 0xB3A0, 
    0xB3A0, 0xBBE0, 0xCC40, 0x9AE0, 0x0021, 0x016C, 0x018C, 0x018C, 0x018C, 0x016B, 0x014A, 0x09CE, 
    0x018C, 0x0129, 0x0108, 0x016C, 0x016B, 0x0108, 0x00C6, 0x00C7, 0x00C7, 0x00E7, 0x00E7, 0x00E7, 
    0x00E7, 0x00E7, 0x00A6, 0x0020, 0x01AF, 0x0233, 0x0212, 0x0212, 0x0212, 0x0213, 0x0233, 0x0233, 
    0x0233, 0x0233, 0x0233, 0x0233, 0x0233, 0x0233, 0x0233, 0x0233, 0x0232, 0x0063, 0x3144, 0x4A06, 
    0x2166, 0x0108, 0x1989, 0x016B, 0x016B, 0x426A, 0x8BAA, 0x4A69, 0x1169, 0x836A, 0x93CA, 0x93CA, 
    0x3164, 0x51A0, 0xC400, 0xBBE0, 0xBBE0, 0xBBE0, 0xBBE0, 0xBBC0, 0xBBC0, 0xBBC0, 0xC3E0, 0x8AC0, 
    0x0020, 0x3123, 0x3103, 0x5183, 0x3102, 0x0820, 0x1880, 0x18C1, 0x1881, 0x3902, 0x4963, 0x1881, 
    0x0000, 0x51C0, 0xB380, 0x8AA0, 0x0840, 0x6288, 0x72E8, 0x4208, 0x00E8, 0x1169, 0x0928, 0x00C6, 
    0x0021, 0x01F0, 0x0A53, 0x0A53, 0x0A53, 0x0A53, 0x0A53, 0x0A53, 0x0A53, 0x0A53, 0x0A53, 0x0A53, 
    0x0A53, 0x0A53, 0x0A53, 0x0A53, 0x0A53, 0x0A53, 0x0253, 0x0233, 0x0233, 0x08E8, 0x18C8, 0x292C, 
    0x290B, 0x312C, 0x396F, 0x212B, 0x01F0, 0x0232, 0x0253, 0x0A53, 0x0A53, 0x0233, 0x6AE8, 0xD400, 
    0x9B85, 0x09F2, 0x0212, 0x0233, 0x0233, 0x0233, 0x0233, 0x0233, 0x0233, 0x0233, 0x0233, 0x0233, 
    0x0A12, 0x0A12, 0x0A33, 0x31F2, 0x39D1, 0x41F2, 0x39D1, 0x318F, 0x316F, 0x316F, 0x314E, 0x316E, 
    0x314E, 0x316F, 0x316E, 0x316F, 0x316F, 0x49F2, 0x3212, 0x19F2, 0x1A12, 0x0A33, 0x0233, 0x0A53, 
    0x0A53, 0x0A53, 0x0A53, 0x0A53, 0x0A53, 0x0A53, 0x0A53, 0x0A53, 0x0253, 0x52CB, 0xC400, 0xC3E2, 
    0x2291, 0x0274, 0x0A53, 0x0A53, 0x0A53, 0x0A32, 0x09CF, 0x39D0, 0x49D0, 0x314D, 0x18C8, 0x10A6, 
    0x096C, 0x0253, 0x0233, 0x0A33, 0x0A53, 0x0A53, 0x0A53, 0x0A53, 0x0233, 0x0233, 0x0233, 0x0233, 
    0x0233, 0x0233, 0x0233, 0x0233, 0x0233, 0x0A32, 0x0042, 0x016A, 0x01CE, 0x018C, 0x016C, 0x018C, 
    0x018C, 0x0062, 0xABA0, 0xC3E0, 0xBBA0, 0xC3E0, 0x4160, 0x0001, 0x0041, 0x0861, 0x0861, 0x0041, 
    0x0861, 0x0062, 0x1081, 0x6200, 0x59E0, 0x0021, 0x4161, 0xBBA0, 0xBBC0, 0xBBE0, 0xBBC0, 0xBBC0, 
    0xBBC0, 0xBBC0, 0xBBC0, 0x92E0, 0x0021, 0x016B, 0x018C, 0x018C, 0x018C, 0x018C, 0x014A, 0x09EE, 
    0x018C, 0x0129, 0x0108, 0x016C, 0x016B, 0x0108, 0x00C7, 0x00C7, 0x00C7, 0x00C7, 0x00E7, 0x00E7, 
    0x00E7, 0x00E7, 0x00C6, 0x0020, 0x01CF, 0x0A53, 0x0A33, 0x0A33, 0x0233, 0x0233, 0x0233, 0x0233, 
    0x0253, 0x0A53, 0x0253, 0x0253, 0x0233, 0x0233, 0x0233, 0x0233, 0x0232, 0x0063, 0x2944, 0x5247, 
    0x2187, 0x1147, 0x5268, 0x016B, 0x014B, 0x4A8A, 0x8BAB, 0x838A, 0x7B4A, 0x93CB, 0x8BAA, 0x93CA, 
    0x3184, 0x51A0, 0xC400, 0xBBE0, 0xC3E0, 0xC3E0, 0xC3E0, 0xBBE0, 0xBBE0, 0xBBC0, 0xBBC0, 0x6200, 
    0x0021, 0x1081, 0x18A2, 0x3102, 0x4963, 0x3102, 0x0841, 0x3123, 0x5183, 0x4143, 0x28E2, 0x18A2, 
    0x1081, 0x1060, 0x9B00, 0x9AE0, 0x0840, 0x62A8, 0x72E8, 0x4228, 0x00E8, 0x1169, 0x0948, 0x00C6, 
    0x0021, 0x01F0, 0x0233, 0x0233, 0x0233, 0x0233, 0x0233, 0x0233, 0x0233, 0x0233, 0x0A33, 0x0A33, 
    0x0A33, 0x0A33, 0x0A33, 0x0A33, 0x0A33, 0x0233, 0x0233, 0x0253, 0x0253, 0x01F0, 0x098D, 0x098D, 
    0x116C, 0x18C8, 0x314D, 0x314D, 0x194C, 0x0212, 0x0233, 0x0233, 0x0232, 0x0233, 0x1250, 0x8366, 
    0xD440, 0x9B85, 0x1A50, 0x0234, 0x0A33, 0x0A53, 0x0A53, 0x0A53, 0x0A53, 0x0A53, 0x0A53, 0x0A53, 
    0x0A53, 0x0A11, 0x11B0, 0x1211, 0x21F1, 0x41F1, 0x21F2, 0x41D0, 0x41B0, 0x49F1, 0x49F2, 0x4A12, 
    0x49F2, 0x49D1, 0x49D1, 0x51F2, 0x3990, 0x29D1, 0x1A12, 0x19F1, 0x11D0, 0x0A12, 0x0233, 0x0233, 
    0x0A33, 0x0A33, 0x0A33, 0x0A33, 0x0A33, 0x0232, 0x0A32, 0x0233, 0x5AEA, 0xBC02, 0xDC40, 0x9345, 
    0x0A52, 0x0253, 0x0253, 0x0253, 0x0A53, 0x018E, 0x318D, 0x41AF, 0x292B, 0x18C7, 0x098D, 0x09F0, 
    0x0A31, 0x0A53, 0x0A53, 0x0A53, 0x0A53, 0x0A53, 0x0A53, 0x0A53, 0x0A53, 0x0A53, 0x0A53, 0x0A53, 
    0x0A53, 0x0A53, 0x0A53, 0x0A53, 0x0A53, 0x0A32, 0x0042, 0x016A, 0x01CE, 0x018C, 0x016C, 0x018C, 
    0x018C, 0x0062, 0xAB80, 0xC3E0, 0xBBC0, 0xBBC0, 0x9300, 0x18A0, 0x0041, 0x0041, 0x0062, 0x0062, 
    0x0041, 0x0041, 0x0041, 0x0041, 0x0041, 0x0862, 0x0042, 0x6200, 0xC3E0, 0xBBC0, 0xBBC0, 0xBBE0, 
    0xBBE0, 0xBBE0, 0xC3E0, 0x92E0, 0x0021, 0x016B, 0x018C, 0x018C, 0x01AD, 0x018C, 0x014A, 0x09EE, 
    0x01AC, 0x0129, 0x0108, 0x018C, 0x018C, 0x0108, 0x00C7, 0x00C7, 0x00C7, 0x00E7, 0x00E7, 0x00E7, 
    0x00E7, 0x00E7, 0x00C6, 0x0021, 0x01AF, 0x0A53, 0x0A53, 0x0A33, 0x0A33, 0x0233, 0x0233, 0x0233, 
    0x0233, 0x0A33, 0x0A33, 0x0233, 0x0233, 0x0232, 0x0232, 0x0233, 0x0212, 0x0043, 0x3164, 0x5247, 
    0x2188, 0x1947, 0x5248, 0x014A, 0x014B, 0x4A8A, 0x93CB, 0x8BAA, 0x8BAA, 0x8BAA, 0x8B8A, 0x93CA, 
    0x3184, 0x4980, 0xC400, 0xBBE0, 0xC3E0, 0xC3E0, 0xBBE0, 0xBBC0, 0xBBC0, 0xBBE0, 0x61E0, 0x2104, 
    0x4A69, 0x1082, 0x0861, 0x20C2, 0x4163, 0x4984, 0x1082, 0x4963, 0x4983, 0x28E2, 0x20A2, 0x20C2, 
    0x18A2, 0x0881, 0xA300, 0x9B00, 0x0840, 0x62A8, 0x72E8, 0x4228, 0x00E8, 0x1968, 0x1148, 0x00C6, 
    0x0020, 0x01D0, 0x0233, 0x0233, 0x0A33, 0x0A33, 0x0A33, 0x0233, 0x0233, 0x0233, 0x0A33, 0x0233, 
    0x0A33, 0x0233, 0x0A33, 0x0A33, 0x0233, 0x0A33, 0x0A33, 0x0233, 0x0A33, 0x0233, 0x0253, 0x0253, 
    0x0212, 0x096D, 0x18E9, 0x290B, 0x316D, 0x114C, 0x09F1, 0x0A33, 0x0A33, 0x0233, 0x0234, 0x5B0A, 
    0xD420, 0xCC40, 0x7307, 0x224F, 0x0213, 0x0A33, 0x0A33, 0x0A53, 0x0A33, 0x0A33, 0x0A53, 0x0A53, 
    0x0A53, 0x0A12, 0x09D0, 0x0A11, 0x11F0, 0x19D0, 0x11D1, 0x21AF, 0x31AF, 0x41F1, 0x5212, 0x5213, 
    0x4A12, 0x31AF, 0x21AF, 0x21F1, 0x218F, 0x11AF, 0x11F1, 0x11F1, 0x0A11, 0x0A33, 0x0A53, 0x0A53, 
    0x0A53, 0x0A53, 0x0A53, 0x0A33, 0x0233, 0x0233, 0x0212, 0x4AAC, 0xA3A3, 0xD460, 0xA3C4, 0x1231, 
    0x0233, 0x0A53, 0x0A53, 0x0A53, 0x0A11, 0x194C, 0x316D, 0x290B, 0x10E9, 0x096C, 0x0A11, 0x0253, 
    0x0A53, 0x0A53, 0x0A53, 0x0A53, 0x0A33, 0x0A33, 0x0A33, 0x0A32, 0x0A33, 0x0A33, 0x0A33, 0x0A53, 
    0x0A33, 0x0A33, 0x0A33, 0x0A32, 0x0A33, 0x0A11, 0x0042, 0x014A, 0x01CE, 0x018C, 0x016C, 0x018C, 
    0x018C, 0x0062, 0xAB60, 0xC3E0, 0xC3E0, 0xBBC0, 0xBBC0, 0x51A0, 0x0042, 0x0862, 0x0041, 0x1081, 
    0x0860, 0x0020, 0x0041, 0x0862, 0x0862, 0x0041, 0x0841, 0x6A40, 0xC3E0, 0xBBA0, 0xBBA0, 0xBBE0, 
    0xBBE0, 0xBBC0, 0xC3E0, 0x92E0, 0x0021, 0x016B, 0x018C, 0x018C, 0x018C, 0x018C, 0x014A, 0x09EE, 
    0x018C, 0x0129, 0x0108, 0x018C, 0x018C, 0x0108, 0x00C7, 0x00C7, 0x00C7, 0x00C7, 0x00E7, 0x00E7, 
    0x00C7, 0x00C7, 0x00C6, 0x0020, 0x01AF, 0x0233, 0x0A33, 0x0A32, 0x0232, 0x0212, 0x0212, 0x0212, 
    0x0233, 0x0A33, 0x0A33, 0x0A33, 0x0A33, 0x0233, 0x0232, 0x0233, 0x0212, 0x0043, 0x3164, 0x5247, 
    0x2167, 0x1107, 0x5247, 0x094A, 0x014B, 0x426A, 0x8BAA, 0x8B8A, 0x8BAA, 0x8BAA, 0x8B8A, 0x9BEB, 
    0x3985, 0x4980, 0xC3E0, 0xBBC0, 0xBBC0, 0xBBC0, 0xBBC0, 0xBBC0, 0xC3E0, 0x8AC0, 0x0861, 0x31A7, 
    0x5ACB, 0x4A69, 0x0841, 0x1081, 0x3123, 0x51A4, 0x3102, 0x20C2, 0x20C2, 0x1082, 0x18A2, 0x18A2, 
    0x1081, 0x0840, 0x9B00, 0x92E0, 0x0820, 0x6287, 0x7309, 0x4208, 0x00E8, 0x2168, 0x1148, 0x00C6, 
    0x0020, 0x01CF, 0x0A33, 0x0A33, 0x0A33, 0x0A33, 0x0A33, 0x0A33, 0x0233, 0x0233, 0x0A33, 0x0A33, 
    0x0A33, 0x0A33, 0x0A33, 0x0A33, 0x0A33, 0x0A33, 0x0A33, 0x0A33, 0x0A33, 0x0A33, 0x0A33, 0x0A32, 
    0x0233, 0x0253, 0x094B, 0x192A, 0x212B, 0x190B, 0x09F0, 0x0232, 0x0A52, 0x0A52, 0x0213, 0x52CA, 
    0xC3E0, 0xC400, 0xC400, 0x6AC7, 0x0A12, 0x0233, 0x0A33, 0x0A53, 0x0A33, 0x0A33, 0x0A53, 0x0233, 
    0x0233, 0x0233, 0x0253, 0x0A33, 0x0A12, 0x09F1, 0x09D0, 0x01AF, 0x11AE, 0x31D0, 0x49D0, 0x41F1, 
    0x39B0, 0x19AF, 0x09CF, 0x01F1, 0x09B0, 0x0A11, 0x0A32, 0x0253, 0x0253, 0x0A53, 0x0A53, 0x0A53, 
    0x0A53, 0x0A53, 0x0A53, 0x0A53, 0x0A53, 0x0233, 0x224F, 0xABA2, 0xD440, 0xC421, 0x9B83, 0x3A8D, 
    0x0A53, 0x0A54, 0x0A32, 0x0A53, 0x0A11, 0x212A, 0x192B, 0x110A, 0x096C, 0x0253, 0x0233, 0x0233, 
    0x0233, 0x0233, 0x0233, 0x0A33, 0x0A33, 0x0233, 0x0232, 0x0A32, 0x0232, 0x0A32, 0x0A33, 0x0A53, 
    0x0A33, 0x0A32, 0x0A32, 0x0A32, 0x0A33, 0x0A11, 0x0042, 0x014A, 0x01EF, 0x018C, 0x016C, 0x018C, 
    0x018C, 0x0062, 0xA340, 0xC3E0, 0xBBC0, 0x7240, 0x82A0, 0x18C1, 0x0062, 0x0041, 0x28E1, 0xA340, 
    0xA360, 0x9B20, 0x49A0, 0x0042, 0x0862, 0x0021, 0x6200, 0xC3E0, 0xC3C0, 0xBBC0, 0xBBC0, 0xBBE0, 
    0xBBE0, 0xBBC0, 0xC3E0, 0x92E0, 0x0021, 0x016B, 0x018C, 0x018C, 0x018C, 0x018C, 0x014A, 0x09EE, 
    0x018C, 0x0129, 0x0108, 0x016B, 0x016B, 0x0108, 0x00C7, 0x00C7, 0x00C7, 0x00C7, 0x00E7, 0x00E7, 
    0x00C7, 0x00C7, 0x00A5, 0x0020, 0x01AF, 0x0A33, 0x0A32, 0x0A32, 0x0A32, 0x0212, 0x0212, 0x0212, 
    0x0A53, 0x0A53, 0x0A53, 0x0A53, 0x0A53, 0x0A33, 0x0A33, 0x0A33, 0x0212, 0x0043, 0x2944, 0x5A67, 
    0x3186, 0x2966, 0x5A68, 0x0149, 0x012B, 0x4A6A, 0x8B8A, 0x8BAA, 0x93CB, 0x93AB, 0x8BAA, 0x9C0B, 
    0x3984, 0x4980, 0xC3E0, 0xBBC0, 0xBBE0, 0xBBC0, 0xC3E0, 0xB3C0, 0x8AE0, 0x1081, 0x0043, 0x0042, 
    0x31A7, 0x5AEB, 0x4A69, 0x1082, 0x1881, 0x3943, 0x4143, 0x1061, 0x0020, 0x0020, 0x0861, 0x0861, 
    0x0000, 0x20A0, 0xA320, 0x8AC0, 0x0840, 0x62A7, 0x7B09, 0x4208, 0x0108, 0x2167, 0x1127, 0x00A5, 
    0x0020, 0x01CF, 0x0A33, 0x0A33, 0x0A33, 0x0A33, 0x0A53, 0x0A53, 0x0A53, 0x0A53, 0x0A53, 0x0A53, 
    0x0A53, 0x0A53, 0x0A53, 0x0A53, 0x0A53, 0x0A33, 0x0A53, 0x0A53, 0x0A53, 0x0A53, 0x0A53, 0x0A33, 
    0x0A33, 0x0253, 0x0233, 0x0A32, 0x09AE, 0x192C, 0x098E, 0x1250, 0x8347, 0xA3C4, 0x9364, 0xABA2, 
    0xCC21, 0xC421, 0xC420, 0xCC20, 0x4AAB, 0x0254, 0x0A53, 0x0A53, 0x0A53, 0x0A53, 0x0A53, 0x0A53, 
    0x0A53, 0x0A53, 0x0A53, 0x0A53, 0x0A53, 0x0A53, 0x0A33, 0x0233, 0x01F1, 0x118E, 0x398E, 0x39B0, 
    0x114D, 0x09CF, 0x0A32, 0x0A53, 0x0A33, 0x0A33, 0x0A53, 0x0A33, 0x0A53, 0x0A53, 0x0A53, 0x0A33, 
    0x0A33, 0x0A53, 0x0A53, 0x0A53, 0x0A53, 0x0A53, 0x7B48, 0xDCA0, 0xCC41, 0xC400, 0xCC20, 0xC420, 
    0x9BC5, 0x8B87, 0x52CC, 0x0A33, 0x11CF, 0x190A, 0x09AE, 0x0A73, 0x0A53, 0x0A53, 0x0A53, 0x0A53, 
    0x0A53, 0x0A53, 0x0A53, 0x0A53, 0x0A53, 0x0A53, 0x0A33, 0x0A53, 0x0A33, 0x0A33, 0x0A53, 0x0A53, 
    0x0A53, 0x0A53, 0x0A53, 0x0A53, 0x0A53, 0x0A32, 0x0042, 0x014A, 0x01EE, 0x018C, 0x018C, 0x018C, 
    0x018C, 0x0062, 0xA340, 0xC3E0, 0x92E0, 0x0000, 0x0021, 0x0041, 0x0041, 0x0020, 0x9300, 0xCC40, 
    0xC400, 0xC3E0, 0xC400, 0x4161, 0x0042, 0x0021, 0x3940, 0xC3C0, 0xC3E0, 0xBBC0, 0xBBC0, 0xC3E0, 
    0xBBE0, 0xBBC0, 0xC3E0, 0x92E0, 0x0021, 0x016C, 0x018C, 0x016C, 0x018C, 0x018C, 0x014A, 0x09CE, 
    0x018C, 0x0129, 0x0108, 0x016B, 0x016B, 0x0108, 0x00C7, 0x00C7, 0x00E7, 0x00C7, 0x00E7, 0x00E7, 
    0x00C7, 0x00C7, 0x00A5, 0x0020, 0x01AF, 0x0A53, 0x0A53, 0x0A33, 0x0A33, 0x0A32, 0x0A32, 0x0A32, 
    0x0212, 0x0212, 0x0212, 0x0212, 0x0212, 0x0212, 0x0212, 0x0212, 0x01F2, 0x0063, 0x2944, 0x5227, 
    0x5247, 0x5A47, 0x5A68, 0x0149, 0x012A, 0x4249, 0x8BAA, 0x93CB, 0x93CB, 0x93CB, 0x93AA, 0x9BEB, 
    0x3184, 0x4980, 0xC400, 0xBBE0, 0xBBE0, 0xC400, 0x9B20, 0x3900, 0x0000, 0x0129, 0x018C, 0x00A5, 
    0x0020, 0x39E8, 0x52AA, 0x4A49, 0x18C3, 0x1061, 0x4143, 0x28E2, 0x0020, 0x0840, 0x1081, 0x0021, 
    0x18A0, 0x8AC0, 0xB360, 0x8AC0, 0x0840, 0x6AC8, 0x7B09, 0x3A08, 0x0108, 0x2987, 0x1127, 0x00A5, 
    0x0020, 0x01AF, 0x0212, 0x0212, 0x0212, 0x0212, 0x0212, 0x0212, 0x0212, 0x0212, 0x0232, 0x0233, 
    0x0233, 0x0233, 0x0212, 0x0232, 0x0212, 0x0212, 0x0212, 0x0212, 0x0A32, 0x0233, 0x1251, 0x1231, 
    0x0213, 0x0212, 0x0212, 0x0232, 0x0253, 0x096E, 0x09AF, 0x0253, 0x1A71, 0xABA2, 0xCC00, 0xC420, 
    0xC401, 0xBBE1, 0xAB61, 0xB3A1, 0xA3A4, 0x0A32, 0x0233, 0x0232, 0x0A32, 0x0A33, 0x0A33, 0x0A33, 
    0x0A33, 0x0213, 0x0233, 0x0A33, 0x0233, 0x0232, 0x0232, 0x0212, 0x0212, 0x09F0, 0x214D, 0x2990, 
    0x11B0, 0x0A11, 0x0233, 0x0233, 0x0212, 0x0A11, 0x0A32, 0x0A31, 0x0A32, 0x0A32, 0x0A11, 0x0A11, 
    0x0A32, 0x0232, 0x0232, 0x0233, 0x0213, 0x328D, 0xC3E1, 0xB3C2, 0xB3A2, 0xC3E1, 0xCC20, 0xC400, 
    0xC3E0, 0x5AA9, 0x0A32, 0x0A33, 0x098E, 0x116E, 0x01D0, 0x0A32, 0x0A32, 0x0A32, 0x0233, 0x0A32, 
    0x0A32, 0x0232, 0x0232, 0x0233, 0x0233, 0x0212, 0x0212, 0x0A12, 0x0212, 0x0212, 0x0212, 0x0212, 
    0x0212, 0x0233, 0x0232, 0x0212, 0x0232, 0x0211, 0x0042, 0x016A, 0x01EF, 0x018C, 0x018C, 0x018D, 
    0x018C, 0x0062, 0xA340, 0xC3E0, 0x92E0, 0x0021, 0x0041, 0x0841, 0x0041, 0x1880, 0xB3A0, 0xBBC0, 
    0x7AA1, 0x8AC0, 0xCC00, 0x82C0, 0x0021, 0x0041, 0x0861, 0x3101, 0x51C0, 0xB360, 0xC3E0, 0xBBC0, 
    0xBBC0, 0xBBC0, 0xC3E0, 0x92E0, 0x0021, 0x016C, 0x018C, 0x018C, 0x018C, 0x018C, 0x014A, 0x09CE, 
    0x018C, 0x0129, 0x0109, 0x016C, 0x016B, 0x0108, 0x00E7, 0x00E7, 0x00E7, 0x00C7, 0x00E7, 0x00C7, 
    0x00C7, 0x00C7, 0x00A6, 0x0020, 0x01AF, 0x0213, 0x0212, 0x0212, 0x0212, 0x0212, 0x0212, 0x0212, 
    0x0A53, 0x0A53, 0x0A53, 0x0A53, 0x0A53, 0x0A53, 0x0A53, 0x0253, 0x0232, 0x0063, 0x3164, 0x5227, 
    0x5A47, 0x6267, 0x5A68, 0x014A, 0x012A, 0x4249, 0x8BAA, 0x93CB, 0x93AA, 0x93CA, 0x93AA, 0x93EA, 
    0x3184, 0x4980, 0xC400, 0xBBE0, 0xC400, 0x9B00, 0x18A1, 0x00A6, 0x222E, 0x120E, 0x01AD, 0x018C, 
    0x00C6, 0x0862, 0x31A6, 0x5ACA, 0x52AA, 0x18C3, 0x1061, 0x1082, 0x0000, 0x4140, 0xA300, 0x8AC0, 
    0xA320, 0xB3A0, 0xB380, 0x8AA0, 0x0840, 0x6AC8, 0x72E8, 0x4208, 0x0109, 0x31C7, 0x1947, 0x00A5, 
    0x0020, 0x01EF, 0x0A53, 0x0253, 0x0A53, 0x0A53, 0x0A53, 0x0A53, 0x0A53, 0x0A53, 0x0A53, 0x0A53, 
    0x0A53, 0x0A53, 0x0A53, 0x0A53, 0x0A53, 0x0A53, 0x0A53, 0x0A33, 0x0A53, 0x0A53, 0x1272, 0x4ACC, 
    0x8348, 0x0233, 0x0233, 0x0A53, 0x0A74, 0x0A32, 0x0A32, 0x0A53, 0x0A53, 0x1A50, 0x8B44, 0xD440, 
    0xC420, 0xA362, 0x1A0F, 0x1A51, 0x1A91, 0x0253, 0x0A53, 0x0A53, 0x0A53, 0x0A74, 0x0A53, 0x01CF, 
    0x01AE, 0x01AF, 0x01AF, 0x09CF, 0x0A11, 0x0A53, 0x0A53, 0x0232, 0x0233, 0x0233, 0x11D0, 0x214D, 
    0x09F1, 0x0232, 0x0253, 0x0A54, 0x0A12, 0x00A5, 0x0021, 0x0042, 0x0042, 0x0042, 0x0062, 0x0041, 
    0x00C7, 0x0A53, 0x0A53, 0x0A53, 0x0A53, 0x0A52, 0x226F, 0x1A70, 0x224E, 0xA382, 0xCC20, 0xC3C0, 
    0x324C, 0x0A32, 0x0253, 0x0A53, 0x0A53, 0x0A32, 0x0A53, 0x0A53, 0x0A74, 0x0254, 0x0A53, 0x7B07, 
    0x2270, 0x0A53, 0x0A53, 0x0A53, 0x0A53, 0x0A53, 0x0A53, 0x0A53, 0x0A53, 0x0A53, 0x0A53, 0x0A53, 
    0x0A53, 0x0A53, 0x0A53, 0x0A53, 0x0A53, 0x0A32, 0x0042, 0x016B, 0x01CE, 0x018C, 0x018C, 0x018D, 
    0x018C, 0x0062, 0xA340, 0xC3E0, 0xA340, 0x3100, 0x1081, 0x0041, 0x0041, 0x18A0, 0xB3A0, 0x9300, 
    0x0001, 0x3940, 0xCC00, 0x8AC0, 0x0021, 0x0041, 0x0041, 0x0041, 0x0041, 0x9B00, 0xC3E0, 0xBBA0, 
    0xBBC0, 0xBBC0, 0xC3E0, 0x9300, 0x0021, 0x016C, 0x018C, 0x018C, 0x018C, 0x018C, 0x014A, 0x09CE, 
    0x018C, 0x012A, 0x0109, 0x016C, 0x016B, 0x0108, 0x00E7, 0x00E7, 0x00C7, 0x00C7, 0x00E7, 0x00C7, 
    0x00C7, 0x00C7, 0x00A6, 0x0000, 0x01CF, 0x0253, 0x0A33, 0x0A53, 0x0A53, 0x0A33, 0x0233, 0x0233, 
    0x0A33, 0x0A33, 0x0233, 0x0A33, 0x0A33, 0x0233, 0x0233, 0x0233, 0x0212, 0x0043, 0x2944, 0x5247, 
    0x5A47, 0x6287, 0x5268, 0x0129, 0x012A, 0x4249, 0x93CA, 0x93CB, 0x8BAA, 0x93AA, 0x93AA, 0x9BEB, 
    0x3184, 0x4960, 0xC3E0, 0xC400, 0xCC20, 0x4160, 0x010A, 0x122F, 0x11CD, 0x096B, 0x1A2F, 0x0A0F, 
    0x018C, 0x00E8, 0x0042, 0x2965, 0x528A, 0x528A, 0x18E4, 0x0841, 0x0001, 0x7220, 0xB380, 0xB380, 
    0xB380, 0xB380, 0xB360, 0x8AA0, 0x0840, 0x6AA8, 0x72C8, 0x4229, 0x0109, 0x31C7, 0x2166, 0x00A5, 
    0x0020, 0x01CF, 0x0A33, 0x0233, 0x0233, 0x0A33, 0x0A33, 0x0A33, 0x0A33, 0x0A33, 0x0233, 0x0233, 
    0x0233, 0x0233, 0x0A33, 0x0233, 0x0A33, 0x0A33, 0x0233, 0x0A33, 0x0A33, 0x0A33, 0x0233, 0x1A70, 
    0x5AE9, 0x8326, 0x1272, 0x0234, 0x0253, 0x0A53, 0x0A33, 0x0A32, 0x0212, 0x01F2, 0x2A6D, 0x7B46, 
    0xCC00, 0xC401, 0x2A8E, 0x0214, 0x0233, 0x0A32, 0x0A53, 0x0A53, 0x0A53, 0x09CF, 0x00A5, 0x0020, 
    0x0820, 0x0861, 0x0861, 0x0020, 0x0042, 0x00C6, 0x00C6, 0x01D0, 0x0233, 0x0254, 0x09F2, 0x192D, 
    0x0254, 0x0274, 0x01F0, 0x00C6, 0x0084, 0x1061, 0x28C1, 0x4122, 0x4143, 0x20A2, 0x1061, 0x0062, 
    0x018C, 0x0A33, 0x0A33, 0x0A33, 0x0A33, 0x0233, 0x0233, 0x0234, 0x6B6A, 0xCC00, 0xABC2, 0x4ACC, 
    0x0A52, 0x0233, 0x0233, 0x0A53, 0x0A53, 0x0A53, 0x0253, 0x0254, 0x1272, 0x6B08, 0x7B47, 0x326E, 
    0x0A32, 0x0A53, 0x0A33, 0x0A33, 0x0A33, 0x0A33, 0x0233, 0x0233, 0x0233, 0x0233, 0x0A33, 0x0A33, 
    0x0A33, 0x0A33, 0x0A33, 0x0A33, 0x0A33, 0x0A11, 0x0042, 0x016A, 0x01CE, 0x018C, 0x018C, 0x018D, 
    0x018C, 0x0062, 0xA360, 0xC3E0, 0xBBC0, 0xC3E0, 0xA340, 0x18A1, 0x0041, 0x0021, 0x82C0, 0xCC00, 
    0x7260, 0xA320, 0xD440, 0x7A80, 0x0021, 0x0861, 0x0041, 0x0021, 0x0041, 0xA340, 0xBBC0, 0xB380, 
    0xBBC0, 0xBBC0, 0xBBE0, 0x92E0, 0x0021, 0x016C, 0x018D, 0x018C, 0x018C, 0x018C, 0x014A, 0x09CE, 
    0x018C, 0x0129, 0x0108, 0x016B, 0x016B, 0x0108, 0x00E7, 0x00E7, 0x00E7, 0x00C7, 0x00E7, 0x00C7, 
    0x00E7, 0x00E7, 0x00C6, 0x0000, 0x01AF, 0x0233, 0x0A32, 0x0A33, 0x0A33, 0x0233, 0x0233, 0x0232, 
    0x0233, 0x0A33, 0x0A33, 0x0A33, 0x0A33, 0x0A33, 0x0233, 0x0233, 0x0212, 0x0043, 0x2944, 0x5227, 
    0x5A47, 0x5A67, 0x5247, 0x0107, 0x010A, 0x4249, 0x8BAA, 0x93EB, 0x93AA, 0x93AA, 0x93AA, 0x9BEB, 
    0x3164, 0x4960, 0xC3E0, 0xBBE0, 0xC400, 0x4140, 0x00C8, 0x014B, 0x016B, 0x224F, 0x1A2F, 0x09EF, 
    0x01AE, 0x016C, 0x012A, 0x0022, 0x2124, 0x4228, 0x2104, 0x0021, 0x20C0, 0x9B20, 0xB380, 0xAB60, 
    0xAB60, 0xAB60, 0xB360, 0x92C0, 0x0840, 0x6288, 0x72E8, 0x4229, 0x0109, 0x31A7, 0x2146, 0x00A5, 
    0x0000, 0x01D0, 0x0233, 0x0212, 0x0233, 0x0A33, 0x0A33, 0x0A33, 0x0A32, 0x0A33, 0x0233, 0x0233, 
    0x0233, 0x0A32, 0x0A33, 0x0233, 0x0233, 0x0233, 0x0233, 0x0A33, 0x0A33, 0x0A33, 0x0A33, 0x0233, 
    0x1A50, 0xA384, 0x7329, 0x2A8E, 0x1A50, 0x0233, 0x0A33, 0x0233, 0x0232, 0x0232, 0x0233, 0x226F, 
    0x6AE8, 0xC400, 0x8B67, 0x2A90, 0x0233, 0x0A32, 0x0A53, 0x0A33, 0x0A53, 0x018D, 0x0020, 0x1061, 
    0x3923, 0x5183, 0x61E4, 0x4143, 0x1861, 0x1860, 0x1040, 0x00C7, 0x0109, 0x018E, 0x0213, 0x116E, 
    0x01F1, 0x0109, 0x0084, 0x1860, 0x28E2, 0x5183, 0x59A4, 0x5184, 0x3923, 0x18A1, 0x0883, 0x016C, 
    0x0A74, 0x0A53, 0x0A33, 0x0A33, 0x0A33, 0x0232, 0x0A32, 0x4ACC, 0xC402, 0xA3A4, 0x52EA, 0x0233, 
    0x0253, 0x0A53, 0x0253, 0x0A33, 0x0A53, 0x0A53, 0x0233, 0x2A8E, 0x8367, 0xCC21, 0x6B28, 0x0233, 
    0x0233, 0x0A33, 0x0A33, 0x0233, 0x0A33, 0x0233, 0x0233, 0x0233, 0x0A33, 0x0A33, 0x0233, 0x0233, 
    0x0A33, 0x0233, 0x0A33, 0x0A33, 0x0A33, 0x0211, 0x0042, 0x016A, 0x01CE, 0x018C, 0x018C, 0x018C, 
    0x018C, 0x0062, 0xA340, 0xC3E0, 0xBBC0, 0xBBC0, 0xBBC0, 0x4140, 0x0021, 0x0062, 0x18A1, 0x9B20, 
    0xC3E0, 0xC3C0, 0x9300, 0x20C0, 0x0041, 0x0062, 0x18A1, 0x4140, 0x3940, 0xB360, 0x7A80, 0x59C0, 
    0xBBC0, 0xBBC0, 0xBBE0, 0x92E0, 0x0021, 0x016C, 0x018C, 0x018C, 0x018C, 0x018C, 0x014B, 0x09CE, 
    0x018C, 0x0129, 0x0108, 0x016C, 0x018C, 0x0108, 0x00C7, 0x00C7, 0x00C7, 0x00E7, 0x00E7, 0x00C7, 
    0x00E7, 0x00E7, 0x00C6, 0x0000, 0x01CF, 0x0233, 0x0A33, 0x0A33, 0x0A33, 0x0A33, 0x0233, 0x0232, 
    0x0A53, 0x0A53, 0x0A53, 0x0A53, 0x0A53, 0x0A53, 0x0A53, 0x0A53, 0x0233, 0x0063, 0x2944, 0x5247, 
    0x5A47, 0x5A47, 0x5A87, 0x31A6, 0x0928, 0x4A69, 0x8369, 0x93CA, 0x8BAA, 0x8BAA, 0x93AA, 0x9BEB, 
    0x3984, 0x4960, 0xC3E0, 0xBBC0, 0xBBC0, 0x4980, 0x0862, 0x0064, 0x096B, 0x018C, 0x09EE, 0x1250, 
    0x018C, 0x018C, 0x018C, 0x0108, 0x0041, 0x2124, 0x0882, 0x0000, 0x6A20, 0xBBA0, 0xAB60, 0xB360, 
    0xB360, 0xAB60, 0xB380, 0x92E0, 0x0840, 0x6287, 0x72E8, 0x4229, 0x0108, 0x31A7, 0x2167, 0x00C5, 
    0x0020, 0x01F0, 0x0A53, 0x0A33, 0x0A53, 0x0A53, 0x0A53, 0x0A53, 0x0A53, 0x0A53, 0x0A53, 0x2270, 
    0x1271, 0x0A53, 0x0A53, 0x0A53, 0x0A53, 0x0A53, 0x0A53, 0x0A53, 0x0A53, 0x0A53, 0x0A53, 0x0A53, 
    0x0233, 0x3ACE, 0xCC00, 0xC401, 0x8326, 0x1A51, 0x0253, 0x0A53, 0x0A53, 0x0A53, 0x0A53, 0x0253, 
    0x0232, 0x8325, 0xB3C2, 0x62E8, 0x1230, 0x0A33, 0x0A33, 0x0A53, 0x0A33, 0x0A32, 0x01AE, 0x0063, 
    0x18A2, 0x3943, 0x59A4, 0x59C4, 0x4963, 0x4143, 0x3902, 0x1881, 0x1040, 0x0884, 0x01CF, 0x0233, 
    0x0109, 0x0000, 0x1881, 0x5183, 0x6A04, 0x6A04, 0x59A4, 0x30E2, 0x1061, 0x0020, 0x0129, 0x0A74, 
    0x0253, 0x0A53, 0x0A33, 0x0A33, 0x0A33, 0x0A52, 0x2A6E, 0xA363, 0xAB62, 0x42AD, 0x0234, 0x0A53, 
    0x0A53, 0x0A53, 0x0A53, 0x0A53, 0x0A33, 0x0A12, 0x6B08, 0xB3E1, 0xC3C0, 0x8347, 0x0274, 0x0A53, 
    0x0A53, 0x0A53, 0x0A53, 0x0A53, 0x0A53, 0x0A53, 0x0A53, 0x0A53, 0x0A53, 0x0A73, 0x1271, 0x1A70, 
    0x0A53, 0x0A53, 0x0A53, 0x0A53, 0x0A53, 0x0A32, 0x0042, 0x016A, 0x01CE, 0x018C, 0x018C, 0x018C, 
    0x018C, 0x0062, 0xA340, 0xC3E0, 0xC3E0, 0xBBC0, 0x7A80, 0x1060, 0x0041, 0x0862, 0x0041, 0x1081, 
    0x2900, 0x3920, 0x1060, 0x0021, 0x0861, 0x0041, 0x6A20, 0xCC00, 0xBBC0, 0xB380, 0x28E0, 0x0861, 
    0xAB60, 0xBBC0, 0xBBC0, 0x92E0, 0x0021, 0x016C, 0x018C, 0x018C, 0x018C, 0x018C, 0x016B, 0x01CE, 
    0x018C, 0x0109, 0x0108, 0x018C, 0x016B, 0x0108, 0x00C7, 0x00C6, 0x00C6, 0x00E7, 0x00E7, 0x00E7, 
    0x00E7, 0x00E7, 0x00A6, 0x0000, 0x01CF, 0x0A53, 0x0A33, 0x0A33, 0x0A53, 0x0A53, 0x0A33, 0x0A33, 
    0x0212, 0x0233, 0x0233, 0x0233, 0x0212, 0x0A32, 0x0A32, 0x0212, 0x0212, 0x0063, 0x3164, 0x5247, 
    0x5A47, 0x5A47, 0x5A67, 0x62A8, 0x62A8, 0x7B4A, 0x8369, 0x93CB, 0x93CB, 0x93CA, 0x8BAA, 0x93CB, 
    0x3184, 0x4980, 0xC400, 0xBBC0, 0xB3A0, 0xB380, 0x61E0, 0x0022, 0x0129, 0x0084, 0x014B, 0x018D, 
    0x09CD, 0x016B, 0x00E8, 0x00E8, 0x0083, 0x0041, 0x0840, 0x7240, 0xB380, 0xB380, 0xAB60, 0xB380, 
    0xB380, 0xB380, 0xB3A0, 0x92C0, 0x0840, 0x62A7, 0x7B08, 0x3A08, 0x00E7, 0x31C7, 0x2187, 0x00C6, 
    0x0020, 0x01AE, 0x0212, 0x0232, 0x0233, 0x0233, 0x0233, 0x0233, 0x0A33, 0x0233, 0x0232, 0x9364, 
    0x62E9, 0x0212, 0x0233, 0x0A33, 0x0233, 0x0233, 0x0233, 0x0233, 0x0233, 0x0233, 0x0233, 0x0A53, 
    0x0253, 0x0253, 0x7B06, 0xC3E1, 0xC400, 0x9384, 0x0A32, 0x0253, 0x0A33, 0x0A33, 0x0232, 0x0232, 
    0x0233, 0x0A32, 0x0212, 0x62A7, 0x7B06, 0x0232, 0x0233, 0x0233, 0x0232, 0x0232, 0x0232, 0x01F0, 
    0x0042, 0x18A1, 0x28E2, 0x4963, 0x59C4, 0x61E4, 0x5184, 0x61E4, 0x3923, 0x1061, 0x0042, 0x014A, 
    0x0021, 0x28C1, 0x4963, 0x7225, 0x4963, 0x4963, 0x3923, 0x18A2, 0x0000, 0x00A5, 0x0211, 0x0232, 
    0x0232, 0x0253, 0x0232, 0x0212, 0x0233, 0x32AF, 0xA363, 0x11EF, 0x0A11, 0x0A52, 0x0232, 0x0232, 
    0x0233, 0x0A33, 0x0A33, 0x0A33, 0x1231, 0x93A5, 0xCC20, 0xC400, 0x7B06, 0x0232, 0x0253, 0x0A33, 
    0x0A32, 0x0233, 0x0233, 0x0233, 0x0232, 0x0232, 0x0A32, 0x0A32, 0x0233, 0x0A53, 0x6B29, 0x8B45, 
    0x0212, 0x0233, 0x0233, 0x0232, 0x0233, 0x0211, 0x0042, 0x014A, 0x01CE, 0x016C, 0x018C, 0x018C, 
    0x018C, 0x0062, 0x9B40, 0xC3E0, 0xC3E0, 0xBBC0, 0x28E0, 0x0021, 0x0861, 0x0041, 0x0041, 0x0041, 
    0x0041, 0x0021, 0x0041, 0x0041, 0x0041, 0x0041, 0x4981, 0xC3E0, 0xC3E0, 0x8AC0, 0x0021, 0x0021, 
    0x7A60, 0xBBC0, 0xBBC0, 0x92C0, 0x0021, 0x016B, 0x018C, 0x018C, 0x018C, 0x018C, 0x016B, 0x01CE, 
    0x018C, 0x0109, 0x0108, 0x018C, 0x018C, 0x0108, 0x00C7, 0x00C6, 0x00C6, 0x00E7, 0x00E7, 0x00E7, 
    0x00E7, 0x00E7, 0x00C6, 0x0000, 0x01AF, 0x0A53, 0x0A53, 0x0A53, 0x0A53, 0x0A53, 0x0A53, 0x0A53, 
    0x0233, 0x0A33, 0x0A33, 0x0A33, 0x0A33, 0x0A32, 0x0A32, 0x0A33, 0x0232, 0x0063, 0x2944, 0x5226, 
    0x5247, 0x5A47, 0x5A67, 0x6287, 0x6AC8, 0x7B29, 0x836A, 0x8BAA, 0x93CB, 0x93CB, 0x93AA, 0x93CA, 
    0x3144, 0x4980, 0xC3E0, 0xBBC0, 0xB3A0, 0xB380, 0xB380, 0x3982, 0x00A6, 0x0861, 0x00A5, 0x0109, 
    0x014B, 0x00E8, 0x0085, 0x0022, 0x0001, 0x3121, 0x9B00, 0xB380, 0xB380, 0xB380, 0xB380, 0xB380, 
    0xB380, 0xB380, 0xB380, 0x8AC0, 0x0840, 0x62A7, 0x72E8, 0x5247, 0x39C6, 0x4206, 0x2188, 0x00E6, 
    0x0000, 0x014B, 0x01F1, 0x0A53, 0x0A53, 0x0A33, 0x0A33, 0x0A53, 0x0A53, 0x0A53, 0x0253, 0x1A4F, 
    0x7308, 0xA364, 0x62E9, 0x0233, 0x0234, 0x0A53, 0x0A53, 0x0A53, 0x0A53, 0x0A53, 0x0253, 0x1272, 
    0x2290, 0x2270, 0x3AAC, 0x9384, 0xCC20, 0xC401, 0x8B05, 0x1231, 0x0233, 0x0233, 0x0232, 0x0232, 
    0x0232, 0x0233, 0x0212, 0x120F, 0x426B, 0x2250, 0x0254, 0x0A33, 0x0A33, 0x0253, 0x0253, 0x0253, 
    0x01AE, 0x0041, 0x1061, 0x3102, 0x4963, 0x51A4, 0x6A05, 0x5184, 0x4983, 0x3923, 0x20C2, 0x0000, 
    0x3102, 0x59A3, 0x61E4, 0x4963, 0x4984, 0x3103, 0x20C2, 0x1081, 0x0000, 0x0021, 0x0063, 0x0063, 
    0x0063, 0x0063, 0x0063, 0x0042, 0x014A, 0x1293, 0x2A90, 0x0232, 0x0233, 0x0A53, 0x0A53, 0x0A53, 
    0x0A53, 0x0A53, 0x0254, 0x2290, 0xA363, 0xC3E1, 0xCC00, 0xC3E0, 0x7307, 0x1A50, 0x2A6F, 0x0A52, 
    0x0A53, 0x0A53, 0x0A53, 0x0A53, 0x0A53, 0x0A53, 0x0A54, 0x0A52, 0x5AE9, 0xAB83, 0x7308, 0x1A50, 
    0x0233, 0x0233, 0x0A53, 0x0A53, 0x0A53, 0x0232, 0x0042, 0x016A, 0x01CD, 0x016C, 0x018C, 0x018D, 
    0x016C, 0x0062, 0x9B40, 0xC3E0, 0xBBC0, 0xC3E0, 0x9B00, 0x18A1, 0x0021, 0x28E0, 0x20A0, 0x0041, 
    0x0862, 0x0862, 0x0041, 0x0041, 0x0041, 0x0841, 0x0042, 0x59E0, 0xC3E0, 0x4160, 0x0042, 0x0042, 
    0x3101, 0xBBA0, 0xC3E0, 0x92E0, 0x0021, 0x016B, 0x018C, 0x018C, 0x018C, 0x018C, 0x016B, 0x01CE, 
    0x018C, 0x0109, 0x0108, 0x018C, 0x018B, 0x0108, 0x00C7, 0x00C6, 0x00C6, 0x00C7, 0x00C7, 0x00C7, 
    0x00E7, 0x00E7, 0x00A6, 0x0000, 0x01AF, 0x0A33, 0x0A33, 0x0A33, 0x0212, 0x0212, 0x0212, 0x0212, 
    0x0232, 0x0233, 0x0233, 0x0232, 0x0232, 0x0232, 0x01CF, 0x01AF, 0x01AE, 0x0042, 0x2944, 0x5226, 
    0x5226, 0x5A47, 0x6287, 0x62A8, 0x62A8, 0x7309, 0x836A, 0x8B8A, 0x8BAA, 0x93EB, 0x93CB, 0x93CA, 
    0x3164, 0x4160, 0xBBE0, 0xB3A0, 0x7A81, 0x8AC0, 0xD420, 0x49E3, 0x0085, 0x61E0, 0x20E1, 0x00A5, 
    0x00E7, 0x0064, 0x1060, 0x4160, 0x6A20, 0xA320, 0xB3A0, 0xB380, 0xB380, 0xB380, 0xB380, 0xB380, 
    0xB380, 0xB380, 0xB380, 0x92C0, 0x0840, 0x62A7, 0x6AC8, 0x6287, 0x5A67, 0x4206, 0x1967, 0x00C6, 
    0x0000, 0x0109, 0x018E, 0x09F0, 0x0A53, 0x0A32, 0x0A32, 0x0A33, 0x0A33, 0x0253, 0x0233, 0x0233, 
    0x326E, 0x7B26, 0xCC00, 0x7328, 0x326D, 0x0A52, 0x0253, 0x0A53, 0x0A53, 0x0A53, 0x0253, 0x1A71, 
    0x5B0A, 0xBBC1, 0xCC20, 0xCC20, 0x9B84, 0x42AC, 0x42AD, 0x0A32, 0x0233, 0x0233, 0x0232, 0x0212, 
    0x0212, 0x0212, 0x0212, 0x0232, 0x0A52, 0x0A51, 0x0108, 0x00C6, 0x00C6, 0x00E7, 0x00C7, 0x00C7, 
    0x00C6, 0x0000, 0x0000, 0x1881, 0x3123, 0x5184, 0x51A4, 0x5184, 0x51A4, 0x4963, 0x3102, 0x28C2, 
    0x5184, 0x61E4, 0x59A4, 0x4143, 0x3103, 0x20C2, 0x1081, 0x0020, 0x0861, 0x18A1, 0x1881, 0x20A1, 
    0x28C2, 0x20A1, 0x28C2, 0x1061, 0x0063, 0x00E7, 0x0108, 0x00E7, 0x00C6, 0x018D, 0x0A54, 0x0A53, 
    0x0A53, 0x0A53, 0x0253, 0x1271, 0x52CB, 0x4A8B, 0x8B64, 0xC420, 0xCC40, 0xABA2, 0x52CC, 0x1272, 
    0x0A53, 0x0A53, 0x0A53, 0x0A53, 0x0253, 0x1251, 0x42AC, 0x8B87, 0xD420, 0x7328, 0x2270, 0x0233, 
    0x0233, 0x0233, 0x0A33, 0x0A33, 0x0A53, 0x0232, 0x0042, 0x016A, 0x01CD, 0x016B, 0x018C, 0x018D, 
    0x016C, 0x0062, 0xA340, 0xBBC0, 0xBBA0, 0xBBC0, 0xCBE0, 0x7A60, 0x4160, 0xAB60, 0xB380, 0x3941, 
    0x0041, 0x0041, 0x3960, 0x92E0, 0x4140, 0x0001, 0x1081, 0x8AC0, 0x8AC0, 0x0861, 0x08A3, 0x0862, 
    0x0041, 0x8280, 0xCC00, 0x92E0, 0x0021, 0x016C, 0x018C, 0x018C, 0x018C, 0x018C, 0x016B, 0x01CE, 
    0x018C, 0x0129, 0x0108, 0x016C, 0x016B, 0x0108, 0x00E7, 0x00C7, 0x00C6, 0x00C7, 0x00C6, 0x00C7, 
    0x00E7, 0x00C7, 0x00C6, 0x0020, 0x01D0, 0x0A54, 0x0A53, 0x0A53, 0x0233, 0x0233, 0x0233, 0x0232, 
    0x0232, 0x0A32, 0x0A33, 0x0A33, 0x0232, 0x01CF, 0x09CF, 0x018D, 0x0129, 0x0000, 0x18E3, 0x49E6, 
    0x5226, 0x5A47, 0x6287, 0x6AA8, 0x62A8, 0x7308, 0x836A, 0x8BAA, 0x8BAA, 0x93CB, 0x93EB, 0x9BEB, 
    0x3164, 0x4140, 0xBBC0, 0xB3A0, 0x3963, 0x7281, 0xBBC0, 0x2985, 0x00A5, 0xA300, 0x59E0, 0x0063, 
    0x08A4, 0x4140, 0x9B00, 0xB380, 0xBBA0, 0xB380, 0xAB60, 0xB380, 0xB380, 0xB380, 0xB380, 0xB380, 
    0xAB80, 0xB380, 0xB3A0, 0x92E0, 0x0840, 0x6267, 0x6AC8, 0x6AA8, 0x5A88, 0x41E7, 0x1126, 0x00C5, 
    0x0861, 0x0084, 0x016D, 0x018D, 0x01F0, 0x0A53, 0x0A53, 0x0A53, 0x0A53, 0x0A53, 0x0A53, 0x0A53, 
    0x0233, 0x226F, 0x8B65, 0xD420, 0xC421, 0x6329, 0x2A90, 0x0254, 0x0A53, 0x0A53, 0x0A53, 0x0A53, 
    0x1251, 0x6AE7, 0x8347, 0xABC2, 0x9B84, 0x228F, 0x0233, 0x0232, 0x0A33, 0x0232, 0x0232, 0x0232, 
    0x0232, 0x0211, 0x016D, 0x018C, 0x018D, 0x016B, 0x0020, 0x1060, 0x20A1, 0x20C1, 0x20A1, 0x1060, 
    0x1060, 0x0840, 0x0841, 0x0861, 0x20E3, 0x4984, 0x4964, 0x4963, 0x4964, 0x4984, 0x4143, 0x4963, 
    0x59C4, 0x51A4, 0x4964, 0x3943, 0x20C2, 0x1882, 0x1081, 0x1881, 0x3123, 0x5184, 0x59A4, 0x59A4, 
    0x51A4, 0x51A4, 0x59C4, 0x3943, 0x28C1, 0x20A1, 0x20A1, 0x18A1, 0x0000, 0x00A5, 0x098C, 0x018C, 
    0x0212, 0x0232, 0x0A53, 0x0253, 0x0234, 0x0A10, 0x9364, 0xBBE1, 0x8B45, 0x62C9, 0x0253, 0x0A53, 
    0x0A53, 0x0A52, 0x0A53, 0x0253, 0x32AF, 0x8347, 0xD460, 0xCC40, 0x8B45, 0x2270, 0x0254, 0x0A53, 
    0x0A33, 0x0A53, 0x0A53, 0x0A53, 0x0A53, 0x0A11, 0x0042, 0x018B, 0x01CE, 0x016B, 0x016C, 0x018C, 
    0x016C, 0x0062, 0xAB80, 0xC400, 0xBBC0, 0xBBA0, 0xBBA0, 0xBBA0, 0xBBA0, 0xBBA0, 0xC400, 0x59E0, 
    0x0001, 0x0001, 0x7A80, 0xCC00, 0xAB60, 0x4160, 0x7A60, 0xC3C0, 0x3120, 0x1946, 0x10C4, 0x0041, 
    0x0021, 0x4160, 0xBBC0, 0x92E0, 0x0021, 0x016C, 0x018D, 0x018C, 0x018C, 0x018C, 0x016B, 0x01AD, 
    0x018C, 0x0129, 0x0108, 0x016B, 0x016B, 0x0108, 0x00E7, 0x00E7, 0x00C7, 0x00E7, 0x00C6, 0x00C6, 
    0x00E7, 0x00E7, 0x00C6, 0x0021, 0x09CF, 0x0A54, 0x0A53, 0x0A33, 0x0A33, 0x0233, 0x0A33, 0x0A33, 
    0x0232, 0x0232, 0x0233, 0x0232, 0x01F1, 0x01AE, 0x016D, 0x012B, 0x00A6, 0x0841, 0x10A2, 0x3164, 
    0x5227, 0x5A67, 0x6287, 0x62A8, 0x62A8, 0x7309, 0x8B8A, 0x93CB, 0x93AA, 0x93CB, 0x93CB, 0x93EB, 
    0x3164, 0x4160, 0xC400, 0xBBE0, 0xA360, 0xABA0, 0x7A81, 0x014A, 0x00C6, 0x8280, 0xA320, 0x10A2, 
    0x1081, 0xA340, 0xB380, 0xB380, 0xB3A0, 0xB380, 0xAB80, 0xAB60, 0xAB60, 0xAB80, 0xB3A0, 0xB3A0, 
    0xB380, 0xB380, 0xA340, 0x6A00, 0x1061, 0x62A8, 0x6AC8, 0x62A7, 0x5A67, 0x31A7, 0x08C5, 0x0883, 
    0x2145, 0x0083, 0x014B, 0x014B, 0x018D, 0x01F0, 0x0A32, 0x0233, 0x0233, 0x0233, 0x0233, 0x0233, 
    0x0232, 0x0213, 0x1230, 0x9B63, 0xC441, 0xD480, 0x8B67, 0x1231, 0x0233, 0x0A32, 0x0A32, 0x0A53, 
    0x0A53, 0x0233, 0x0213, 0x5AC9, 0xBBC1, 0x9BA5, 0x1252, 0x0233, 0x0233, 0x0212, 0x014B, 0x00E7, 
    0x00C6, 0x0063, 0x0020, 0x0841, 0x0861, 0x0820, 0x1040, 0x4963, 0x61E4, 0x6A05, 0x69E4, 0x4163, 
    0x4163, 0x3923, 0x28E3, 0x1082, 0x18A2, 0x3103, 0x4163, 0x4963, 0x4163, 0x4984, 0x51A4, 0x4963, 
    0x5184, 0x4963, 0x4163, 0x3923, 0x18A2, 0x18C2, 0x3103, 0x5184, 0x7205, 0x6A05, 0x61E4, 0x59A4, 
    0x4963, 0x59A4, 0x69E4, 0x6A05, 0x6A05, 0x61E4, 0x51A4, 0x3943, 0x20C2, 0x0840, 0x0020, 0x0062, 
    0x0A11, 0x0A53, 0x0A53, 0x0A53, 0x1A71, 0xA3A3, 0xC3E1, 0x5AC9, 0x01F2, 0x0233, 0x0A32, 0x0A33, 
    0x0A53, 0x0A32, 0x0A31, 0x1271, 0xABE4, 0xD460, 0xC441, 0x9364, 0x1210, 0x0213, 0x0232, 0x0233, 
    0x0212, 0x0212, 0x0232, 0x0232, 0x0233, 0x0211, 0x0042, 0x018B, 0x09EE, 0x016B, 0x016B, 0x018C, 
    0x018C, 0x0083, 0x6200, 0xC400, 0xCC00, 0xBBC0, 0xBBA0, 0xBBA0, 0xBBC0, 0xBBA0, 0xBBE0, 0x7260, 
    0x18A1, 0x1081, 0x92E0, 0xBBC0, 0xBBC0, 0xBBA0, 0xB380, 0xAB40, 0x18A1, 0x322A, 0x10C3, 0x0041, 
    0x0041, 0x0840, 0xAB60, 0x9300, 0x0021, 0x016B, 0x018D, 0x018C, 0x018C, 0x018C, 0x016B, 0x01AD, 
    0x018C, 0x0129, 0x0108, 0x018C, 0x018B, 0x0108, 0x00E7, 0x00E7, 0x00E7, 0x00E7, 0x00C6, 0x00C7, 
    0x00E7, 0x00E7, 0x00C6, 0x0021, 0x01CF, 0x0233, 0x0212, 0x0A12, 0x0212, 0x0232, 0x0232, 0x0212, 
    0x0A53, 0x0A53, 0x0A53, 0x01CF, 0x018E, 0x014C, 0x014C, 0x012B, 0x00C7, 0x0841, 0x2965, 0x1081, 
    0x3985, 0x5A67, 0x62A8, 0x5A67, 0x5A67, 0x72E8, 0x8B8A, 0x93CB, 0x93CB, 0x93AA, 0x8B8A, 0x93CB, 
    0x2944, 0x4960, 0xCC00, 0xBBE0, 0xBBA0, 0xB380, 0x2922, 0x09AC, 0x00A6, 0x3920, 0xBBC0, 0x7AA0, 
    0x4961, 0xAB60, 0xAB60, 0xAB60, 0xB380, 0xB3A0, 0xB380, 0xB360, 0xAB60, 0xAB60, 0xB380, 0xAB80, 
    0xAB40, 0x8AA0, 0x4160, 0x0020, 0x5246, 0x7B09, 0x6AC8, 0x5A67, 0x5247, 0x1947, 0x0063, 0x10C2, 
    0x2945, 0x0042, 0x012B, 0x014B, 0x014C, 0x01AE, 0x01D0, 0x0A53, 0x0A53, 0x0A53, 0x0A53, 0x0A53, 
    0x0A53, 0x0A53, 0x0A74, 0x1271, 0xABC4, 0xCC40, 0xC400, 0x9B63, 0x1231, 0x0A32, 0x0A54, 0x0A74, 
    0x0A73, 0x0A53, 0x0A53, 0x0A32, 0x42AC, 0xB3A2, 0x5ACA, 0x0233, 0x0A33, 0x0A33, 0x0084, 0x0820, 
    0x20A1, 0x2081, 0x4143, 0x5183, 0x61C4, 0x6A04, 0x7204, 0x7225, 0x59C4, 0x4164, 0x4143, 0x4163, 
    0x51A4, 0x5184, 0x5184, 0x59A4, 0x4143, 0x20C2, 0x4164, 0x4964, 0x4964, 0x4963, 0x4963, 0x4963, 
    0x4963, 0x4963, 0x3943, 0x28E2, 0x4164, 0x4964, 0x4963, 0x59A4, 0x59A4, 0x4963, 0x4143, 0x4983, 
    0x59A4, 0x4143, 0x4983, 0x4984, 0x4143, 0x3923, 0x20C2, 0x20E2, 0x1881, 0x0820, 0x00A5, 0x0A11, 
    0x0A33, 0x0A33, 0x0233, 0x1A70, 0xB3A2, 0x9B84, 0x226F, 0x0233, 0x0233, 0x0A32, 0x0A32, 0x0A53, 
    0x0254, 0x2250, 0x82C4, 0xBC02, 0xCC41, 0xCC20, 0x9364, 0x0A33, 0x0233, 0x0A33, 0x0A53, 0x0A53, 
    0x0A53, 0x0A53, 0x0A53, 0x0A53, 0x0A53, 0x0A52, 0x0042, 0x0129, 0x09EE, 0x09AC, 0x016B, 0x018C, 
    0x018C, 0x014A, 0x0021, 0x59E0, 0x82A0, 0x9300, 0xAB80, 0xC3E0, 0xC3E0, 0xBBC0, 0xBBC0, 0xBBC0, 
    0xBBA0, 0xB380, 0xB3A0, 0xB3A0, 0xB3A0, 0xB380, 0xB380, 0xB3A0, 0x18C1, 0x2146, 0x10A3, 0x0841, 
    0x0062, 0x0861, 0xAB60, 0x92E0, 0x0021, 0x016B, 0x018C, 0x018C, 0x018C, 0x016C, 0x016B, 0x01AD, 
    0x016C, 0x0109, 0x0108, 0x018C, 0x016B, 0x0108, 0x00E7, 0x00E7, 0x00C7, 0x00C6, 0x00E7, 0x00E7, 
    0x00C7, 0x00E7, 0x00C6, 0x0021, 0x09CF, 0x0A53, 0x0A53, 0x0A53, 0x0A53, 0x0A53, 0x0A53, 0x0A53, 
    0x0232, 0x0A33, 0x01AF, 0x018D, 0x016D, 0x014B, 0x014B, 0x014C, 0x00E8, 0x0000, 0x2145, 0x39C7, 
    0x10A2, 0x20E3, 0x4A06, 0x62A8, 0x6287, 0x72E9, 0x7308, 0x93CB, 0x93CB, 0x8BAA, 0x8B8A, 0x93AA, 
    0x6287, 0x18A1, 0x51C0, 0xC400, 0xB3A0, 0xBBA0, 0x7AA1, 0x00C6, 0x0083, 0x7A80, 0xC3E0, 0xC400, 
    0xBBA0, 0xBBC0, 0xBBA0, 0xB380, 0xA340, 0xA340, 0xA320, 0x8AC0, 0x7A60, 0x6200, 0x4980, 0x20A0, 
    0x1880, 0x1881, 0x18A2, 0x41E5, 0x72E8, 0x72E8, 0x6AC8, 0x5247, 0x1946, 0x0883, 0x1904, 0x3186, 
    0x10A3, 0x0021, 0x012A, 0x014B, 0x014C, 0x016C, 0x018E, 0x01D0, 0x0233, 0x0233, 0x0233, 0x0233, 
    0x0233, 0x0233, 0x0233, 0x0233, 0x1A4F, 0x9344, 0xC3E0, 0xBBE0, 0xABC3, 0x7307, 0x0213, 0x0234, 
    0x0A33, 0x0A33, 0x0232, 0x0232, 0x1231, 0x1A4F, 0x52AA, 0x62A9, 0x0212, 0x0212, 0x01D0, 0x08E6, 
    0x0840, 0x1881, 0x28E2, 0x4963, 0x51A4, 0x5183, 0x5183, 0x5183, 0x4984, 0x4984, 0x4163, 0x4963, 
    0x4963, 0x4963, 0x4964, 0x4964, 0x3123, 0x20C2, 0x28E3, 0x4143, 0x4984, 0x4984, 0x4963, 0x4963, 
    0x4964, 0x4963, 0x4964, 0x4984, 0x4984, 0x4963, 0x4963, 0x4963, 0x4964, 0x4963, 0x4984, 0x4984, 
    0x4163, 0x3923, 0x28E3, 0x28E3, 0x18A2, 0x1882, 0x1081, 0x0841, 0x0063, 0x012A, 0x0211, 0x0253, 
    0x0233, 0x0233, 0x0212, 0x5AC9, 0x428C, 0x0A32, 0x0233, 0x0A53, 0x0A53, 0x0A53, 0x0A53, 0x0A54, 
    0x1231, 0x8367, 0xD480, 0xCC40, 0xBC00, 0x62C7, 0x1A30, 0x0233, 0x0232, 0x0232, 0x0232, 0x0232, 
    0x0232, 0x0232, 0x0A32, 0x0A53, 0x0233, 0x018E, 0x0021, 0x0129, 0x014A, 0x016A, 0x09CD, 0x09AD, 
    0x018C, 0x018C, 0x0129, 0x0064, 0x0043, 0x0041, 0x1880, 0x3920, 0x6A00, 0x82C0, 0xA340, 0xB3A0, 
    0xC3C0, 0xBBC0, 0xBBC0, 0xBBA0, 0xB3A0, 0xB380, 0xBBA0, 0xC400, 0x51C1, 0x0021, 0x0041, 0x0862, 
    0x0042, 0x4161, 0xC3C0, 0x92C0, 0x0021, 0x016B, 0x018C, 0x018C, 0x018C, 0x018C, 0x016B, 0x01CD, 
    0x018C, 0x0108, 0x0108, 0x018C, 0x016B, 0x0108, 0x00C7, 0x00C6, 0x00C7, 0x00E7, 0x00E7, 0x00C7, 
    0x00E7, 0x00E7, 0x00C6, 0x0020, 0x016C, 0x01D0, 0x0A32, 0x0A33, 0x0A33, 0x0233, 0x0213, 0x0233, 
    0x0A33, 0x0A53, 0x018E, 0x016D, 0x014C, 0x014B, 0x014C, 0x014B, 0x012A, 0x0083, 0x1082, 0x3186, 
    0x3186, 0x2104, 0x10A2, 0x2923, 0x5226, 0x7309, 0x7B29, 0x93AB, 0x8BAA, 0x8B8A, 0x8BAA, 0x93CB, 
    0x9C0B, 0x5A46, 0x20C1, 0x30E0, 0x20A0, 0x3100, 0x51A0, 0x0861, 0x0860, 0x4160, 0x49A0, 0x59C0, 
    0x59C0, 0x51C0, 0x4980, 0x3920, 0x1860, 0x0840, 0x0840, 0x1061, 0x1081, 0x18A2, 0x2103, 0x3984, 
    0x49E5, 0x6AA7, 0x7B29, 0x7B29, 0x6AC8, 0x5A67, 0x4A06, 0x2103, 0x0862, 0x2965, 0x31A7, 0x2124, 
    0x0841, 0x00A5, 0x012B, 0x012B, 0x014B, 0x014C, 0x018D, 0x01AF, 0x0233, 0x0233, 0x0233, 0x0A33, 
    0x0253, 0x0233, 0x0233, 0x0213, 0x0213, 0x62A7, 0xB3A0, 0xC400, 0xCC20, 0xCC20, 0x6B07, 0x2A6E, 
    0x0233, 0x0A32, 0x0A32, 0x0A33, 0x0A53, 0x0233, 0x0A10, 0x1A4E, 0x0A32, 0x0A32, 0x0253, 0x01F0, 
    0x0929, 0x0841, 0x20C2, 0x20C2, 0x20A2, 0x20C2, 0x28E3, 0x28E2, 0x3103, 0x4143, 0x4143, 0x4143, 
    0x4963, 0x4963, 0x4163, 0x3923, 0x3923, 0x3123, 0x20C2, 0x4143, 0x4984, 0x4964, 0x4963, 0x4963, 
    0x4963, 0x4963, 0x4964, 0x5184, 0x4964, 0x4963, 0x4963, 0x4963, 0x4963, 0x4964, 0x4984, 0x4143, 
    0x3102, 0x28E2, 0x20C2, 0x1882, 0x0861, 0x0020, 0x0000, 0x0000, 0x00A5, 0x018D, 0x0275, 0x0A74, 
    0x0A53, 0x0A33, 0x0A31, 0x122F, 0x0232, 0x0233, 0x0232, 0x0233, 0x0A33, 0x0A53, 0x0254, 0x328E, 
    0x8346, 0xCC40, 0xCC61, 0xCC41, 0xBBE1, 0x4249, 0x01B1, 0x0212, 0x0213, 0x0233, 0x0A53, 0x0A33, 
    0x0A33, 0x0A32, 0x0A53, 0x09CF, 0x01AE, 0x00A5, 0x18A2, 0x00E6, 0x012A, 0x014A, 0x0129, 0x014A, 
    0x016B, 0x016B, 0x014B, 0x016B, 0x018C, 0x016B, 0x0108, 0x00A6, 0x0064, 0x0063, 0x0861, 0x20A0, 
    0x4960, 0x6A00, 0x92E0, 0xB380, 0xBBA0, 0xBBC0, 0xC3E0, 0xBBC0, 0xA340, 0x20A0, 0x0000, 0x0001, 
    0x18C1, 0xA340, 0xCBE0, 0x92E0, 0x0021, 0x014B, 0x018C, 0x016C, 0x018C, 0x018C, 0x016B, 0x09CE, 
    0x016B, 0x0108, 0x0108, 0x018C, 0x018B, 0x0108, 0x00C7, 0x00C6, 0x00E7, 0x00E7, 0x00E7, 0x00E7, 
    0x00C7, 0x00C6, 0x00C6, 0x0020, 0x012B, 0x01AF, 0x01D0, 0x0A53, 0x0A33, 0x0A33, 0x0A33, 0x0A33, 
    0x0233, 0x0A53, 0x01AF, 0x018E, 0x018E, 0x014C, 0x014B, 0x012B, 0x014B, 0x0109, 0x0042, 0x1082, 
    0x2945, 0x4208, 0x4A28, 0x18E3, 0x18C2, 0x39A5, 0x5A67, 0x7B29, 0x8349, 0x8B8A, 0x93CB, 0x93CB, 
    0x93CA, 0x93EB, 0x5A67, 0x3144, 0x2923, 0x2923, 0x2944, 0x39A5, 0x3984, 0x3144, 0x2943, 0x2943, 
    0x2923, 0x3144, 0x2944, 0x2943, 0x3164, 0x3143, 0x3984, 0x72E8, 0x7B29, 0x8369, 0x838A, 0x836A, 
    0x7B29, 0x7308, 0x72E8, 0x62A7, 0x41C5, 0x3123, 0x1082, 0x2124, 0x4A28, 0x3186, 0x18C3, 0x0861, 
    0x0063, 0x014B, 0x014B, 0x012B, 0x014B, 0x018D, 0x016D, 0x01AF, 0x0233, 0x0233, 0x0233, 0x0233, 
    0x226F, 0x4ACB, 0x52EB, 0x4ACB, 0x6AE7, 0x9B62, 0xC3E0, 0xC400, 0xC3E0, 0xC400, 0xD400, 0x9B65, 
    0x3A8D, 0x0A32, 0x0A33, 0x0A33, 0x0A33, 0x0A32, 0x0A32, 0x0212, 0x0A32, 0x0233, 0x0253, 0x01AE, 
    0x014A, 0x0021, 0x0041, 0x0841, 0x1061, 0x20A2, 0x3103, 0x3123, 0x3923, 0x4143, 0x4963, 0x4143, 
    0x4963, 0x4963, 0x4963, 0x4963, 0x4964, 0x4163, 0x3923, 0x4163, 0x4964, 0x4984, 0x4963, 0x4963, 
    0x4963, 0x4963, 0x4963, 0x4964, 0x4964, 0x4963, 0x4963, 0x4963, 0x4963, 0x4963, 0x4964, 0x4143, 
    0x3923, 0x4143, 0x3103, 0x28C2, 0x20A2, 0x1881, 0x18A1, 0x1881, 0x0840, 0x00C5, 0x018C, 0x016C, 
    0x0211, 0x0233, 0x0233, 0x0232, 0x0A32, 0x0A33, 0x0A33, 0x0A33, 0x0233, 0x0A72, 0x4B0D, 0xABE4, 
    0xD420, 0xC400, 0xCC20, 0xC401, 0xCC20, 0xBBE1, 0x8B44, 0x4ACB, 0x4ACB, 0x1A30, 0x0233, 0x0A53, 
    0x0A33, 0x0A53, 0x0A11, 0x016D, 0x014C, 0x0062, 0x736B, 0x3985, 0x00A4, 0x00C6, 0x00C6, 0x0129, 
    0x012A, 0x012A, 0x0109, 0x0109, 0x014A, 0x018C, 0x018C, 0x018C, 0x01AD, 0x018C, 0x016B, 0x00E8, 
    0x0085, 0x0063, 0x0041, 0x18A0, 0x3920, 0x59E0, 0x7A80, 0xA320, 0xAB60, 0xA340, 0x6200, 0x4180, 
    0x92E0, 0xB380, 0xB380, 0x92E0, 0x0021, 0x014B, 0x018C, 0x016C, 0x018C, 0x018C, 0x014B, 0x09CE, 
    0x016B, 0x0108, 0x0108, 0x018C, 0x018C, 0x0108, 0x00C7, 0x00E7, 0x00E7, 0x00E7, 0x00E7, 0x00C7, 
    0x00C6, 0x00C6, 0x00C5, 0x0000, 0x0064, 0x016C, 0x01AF, 0x09F0, 0x0A32, 0x0A53, 0x0A32, 0x0A32, 
    0x0A53, 0x0A33, 0x0A53, 0x01D0, 0x018E, 0x014C, 0x014B, 0x012B, 0x012B, 0x014B, 0x00E8, 0x0000, 
    0x1082, 0x2145, 0x39E7, 0x5AAA, 0x62EB, 0x31A6, 0x0861, 0x1061, 0x4A06, 0x6287, 0x62A7, 0x93CA, 
    0x93CB, 0x8BAA, 0x93AA, 0x93CB, 0x93AA, 0x93AA, 0x93EB, 0x9C0B, 0x9BEB, 0x9BEB, 0x93EB, 0x8BAA, 
    0x8BAA, 0x93AA, 0x93CA, 0x93CA, 0x93AA, 0x8BAA, 0x93AA, 0x8369, 0x8349, 0x7B49, 0x8369, 0x7B29, 
    0x6287, 0x41A5, 0x2903, 0x1061, 0x10A2, 0x2945, 0x4228, 0x4A49, 0x2966, 0x18C3, 0x0041, 0x0042, 
    0x012A, 0x014C, 0x014B, 0x014B, 0x014B, 0x016D, 0x01D0, 0x0233, 0x0233, 0x0233, 0x0A33, 0x0233, 
    0x42AB, 0xA362, 0xB3C2, 0xCBE0, 0xC3E0, 0xC400, 0xC400, 0xABC2, 0x52AA, 0x428B, 0x428B, 0x4AAC, 
    0x426C, 0x0A12, 0x0232, 0x0232, 0x0212, 0x0212, 0x0212, 0x0212, 0x01F1, 0x01D0, 0x01AE, 0x0041, 
    0x0800, 0x1061, 0x1081, 0x18A2, 0x3103, 0x4163, 0x5184, 0x5183, 0x59A4, 0x59A4, 0x51A4, 0x4963, 
    0x4964, 0x4964, 0x4984, 0x4964, 0x4964, 0x4964, 0x4984, 0x4964, 0x4963, 0x4984, 0x4984, 0x4963, 
    0x4963, 0x4963, 0x4963, 0x4964, 0x4964, 0x4984, 0x4984, 0x4964, 0x4964, 0x4964, 0x4963, 0x4963, 
    0x5184, 0x5184, 0x5184, 0x5184, 0x51A4, 0x4963, 0x4163, 0x4143, 0x28E2, 0x1881, 0x0860, 0x0820, 
    0x014B, 0x01CF, 0x01F1, 0x0232, 0x0233, 0x0233, 0x0233, 0x0232, 0x0233, 0x1252, 0x4ACB, 0x4ACC, 
    0x42AD, 0x428B, 0x5AC8, 0xB3C1, 0xC400, 0xCC20, 0xCC20, 0xD420, 0xAB82, 0x324D, 0x0233, 0x0A33, 
    0x0A32, 0x01F0, 0x01AF, 0x018E, 0x012B, 0x0062, 0x5A89, 0xA4D0, 0x734B, 0x2103, 0x18E3, 0x0042, 
    0x0063, 0x0085, 0x00E7, 0x014A, 0x014B, 0x014A, 0x014B, 0x014A, 0x012A, 0x014B, 0x018C, 0x018C, 
    0x01AD, 0x01AD, 0x018C, 0x016C, 0x00E7, 0x0042, 0x0021, 0x1060, 0x28E0, 0x51A0, 0x9B20, 0xBBA0, 
    0xB380, 0xB380, 0xB380, 0x7220, 0x0021, 0x016C, 0x018C, 0x016C, 0x018C, 0x018C, 0x014A, 0x09CE, 
    0x018C, 0x0109, 0x0108, 0x018C, 0x018C, 0x0108, 0x00C6, 0x00C7, 0x00E7, 0x00E7, 0x00E7, 0x00C7, 
    0x00C6, 0x0084, 0x0041, 0x2944, 0x0841, 0x012A, 0x01AE, 0x01AE, 0x09F0, 0x0233, 0x0A32, 0x0A32, 
    0x0232, 0x0232, 0x0232, 0x0212, 0x01CF, 0x016D, 0x016D, 0x014C, 0x014B, 0x012B, 0x014B, 0x0109, 
    0x0063, 0x0020, 0x10A2, 0x2965, 0x4A49, 0x62CA, 0x732C, 0x6B2B, 0x2924, 0x18C2, 0x18A2, 0x2902, 
    0x49C5, 0x5A46, 0x6287, 0x7308, 0x7B29, 0x93AA, 0x93CB, 0x93AA, 0x8B8A, 0x8B8A, 0x8B8A, 0x836A, 
    0x7B49, 0x7B09, 0x7B09, 0x7309, 0x7309, 0x7B29, 0x6AA7, 0x5246, 0x5226, 0x41A5, 0x2923, 0x18A2, 
    0x1081, 0x3144, 0x39A6, 0x5248, 0x62CA, 0x4A69, 0x3186, 0x2124, 0x0882, 0x0020, 0x0084, 0x012B, 
    0x012B, 0x014B, 0x014C, 0x014C, 0x016C, 0x01D0, 0x0232, 0x0212, 0x0212, 0x0212, 0x0212, 0x0212, 
    0x0212, 0x0A12, 0x2A4D, 0xAB61, 0xBBE1, 0xC420, 0xCC20, 0xA3A3, 0x0232, 0x0213, 0x0213, 0x0233, 
    0x0233, 0x0A33, 0x0A33, 0x0A33, 0x0232, 0x0212, 0x01F1, 0x01F0, 0x01AE, 0x0021, 0x0040, 0x1881, 
    0x3103, 0x4963, 0x61E5, 0x61C4, 0x61E4, 0x6A25, 0x59A4, 0x59A4, 0x61E4, 0x51A4, 0x4964, 0x4984, 
    0x4964, 0x4964, 0x4984, 0x4964, 0x4964, 0x4984, 0x4984, 0x4964, 0x4964, 0x4964, 0x4984, 0x4963, 
    0x4964, 0x4963, 0x4963, 0x4964, 0x4964, 0x4984, 0x4984, 0x4964, 0x4964, 0x4964, 0x4963, 0x4963, 
    0x4984, 0x4984, 0x4984, 0x5184, 0x51A4, 0x59A4, 0x59C4, 0x61E4, 0x51A4, 0x5184, 0x4963, 0x28C2, 
    0x0020, 0x0020, 0x0108, 0x0A54, 0x0A53, 0x0A53, 0x0A53, 0x0A53, 0x0A53, 0x0233, 0x0233, 0x0233, 
    0x0234, 0x0234, 0x224E, 0xBBE0, 0xC400, 0xC400, 0xB3E1, 0x8326, 0x1A30, 0x0212, 0x0212, 0x0232, 
    0x0211, 0x01AE, 0x016D, 0x014C, 0x012B, 0x0063, 0x3165, 0x5ACA, 0x83EE, 0xACD1, 0xACF0, 0x8BCC, 
    0x39A5, 0x2943, 0x18C2, 0x0021, 0x0043, 0x0064, 0x00E8, 0x014B, 0x014A, 0x014B, 0x014B, 0x014A, 
    0x014B, 0x016C, 0x018C, 0x01AD, 0x01AE, 0x018D, 0x016B, 0x0108, 0x00C7, 0x0085, 0x0061, 0x1080, 
    0x28C0, 0x4960, 0x61C0, 0x1860, 0x00A5, 0x01AD, 0x018C, 0x018C, 0x016C, 0x016B, 0x014A, 0x09CE, 
    0x018C, 0x0109, 0x0108, 0x018C, 0x01AC, 0x0129, 0x00C6, 0x00E7, 0x0108, 0x00E8, 0x00E7, 0x00C6, 
    0x0084, 0x0861, 0x3186, 0x39E7, 0x0862, 0x012A, 0x016D, 0x018D, 0x01AF, 0x01D0, 0x0212, 0x0212, 
    0x0A53, 0x0A53, 0x0A53, 0x0A53, 0x0A32, 0x09F0, 0x09F0, 0x018D, 0x016D, 0x014C, 0x012B, 0x012B, 
    0x012A, 0x00E7, 0x0063, 0x0020, 0x18C3, 0x2945, 0x4208, 0x5289, 0x62EA, 0x8BCD, 0x8BCC, 0x62A9, 
    0x5267, 0x41C5, 0x3164, 0x3164, 0x18E2, 0x2923, 0x3143, 0x2923, 0x2902, 0x2902, 0x2903, 0x2923, 
    0x2903, 0x18C2, 0x18A1, 0x18A1, 0x18C2, 0x20E2, 0x2944, 0x3164, 0x3164, 0x3185, 0x5288, 0x732B, 
    0x6AEA, 0x732B, 0x5269, 0x31A6, 0x2945, 0x2104, 0x0861, 0x0020, 0x0063, 0x00E8, 0x014B, 0x014B, 
    0x012B, 0x012B, 0x018D, 0x09CE, 0x09F0, 0x0A32, 0x0A53, 0x0A53, 0x0233, 0x0233, 0x0A53, 0x0A53, 
    0x0253, 0x0233, 0x0A52, 0x2270, 0x1A90, 0x8346, 0xD400, 0xCC00, 0x9B83, 0x1A2F, 0x0213, 0x0A33, 
    0x0A53, 0x0A53, 0x0A53, 0x0A53, 0x016B, 0x0042, 0x0042, 0x0042, 0x0062, 0x3922, 0x51A4, 0x59C4, 
    0x61C4, 0x6A05, 0x51A4, 0x4963, 0x4963, 0x4983, 0x4984, 0x4963, 0x4984, 0x4964, 0x4963, 0x4964, 
    0x4984, 0x4964, 0x4964, 0x4984, 0x4984, 0x4984, 0x4964, 0x4964, 0x4963, 0x4964, 0x4964, 0x4963, 
    0x4984, 0x4964, 0x4963, 0x4964, 0x4964, 0x4964, 0x4964, 0x4964, 0x4963, 0x4963, 0x4963, 0x4963, 
    0x4963, 0x4964, 0x4984, 0x4963, 0x4143, 0x4963, 0x51A4, 0x5184, 0x4984, 0x5184, 0x4984, 0x4963, 
    0x3922, 0x18A2, 0x0882, 0x0083, 0x00A4, 0x09EF, 0x0A53, 0x0A73, 0x0A53, 0x0A53, 0x0A73, 0x0A53, 
    0x0234, 0x3AAE, 0xBBC2, 0xD400, 0xC3E0, 0x72E7, 0x1250, 0x0232, 0x0233, 0x0A33, 0x0A53, 0x0A53, 
    0x0A53, 0x0A11, 0x018E, 0x014C, 0x012B, 0x0109, 0x0041, 0x2945, 0x4207, 0x5289, 0x62EB, 0x7B8D, 
    0x7BAC, 0xACD0, 0xACD0, 0x83AC, 0x732A, 0x49E6, 0x10A2, 0x0022, 0x0022, 0x0085, 0x00C7, 0x0109, 
    0x014B, 0x014B, 0x014B, 0x012A, 0x014B, 0x014B, 0x016C, 0x01AD, 0x01AD, 0x01CD, 0x016C, 0x014A, 
    0x00E8, 0x0085, 0x0043, 0x00A5, 0x018C, 0x018C, 0x018C, 0x018C, 0x016B, 0x016B, 0x014A, 0x09CD, 
    0x016B, 0x0108, 0x0108, 0x018B, 0x018C, 0x0108, 0x00E7, 0x0108, 0x00C6, 0x00A6, 0x0064, 0x0021, 
    0x18E3, 0x528A, 0x5269, 0x2945, 0x0841, 0x0109, 0x014C, 0x014C, 0x018D, 0x01D0, 0x0A33, 0x0A32, 
    0x0A33, 0x0A33, 0x0A33, 0x0A33, 0x0A33, 0x0A53, 0x0A32, 0x016D, 0x016C, 0x018D, 0x016C, 0x012B, 
    0x014B, 0x014B, 0x012A, 0x00A6, 0x0043, 0x0021, 0x0881, 0x10A2, 0x31A6, 0x4207, 0x4A28, 0x6B0A, 
    0x7B8C, 0x8C0E, 0x9C6F, 0xACD0, 0x9C4E, 0x83AC, 0x7B4A, 0x7B6B, 0x7B6B, 0x7B6B, 0x7B6B, 0x7B6B, 
    0x7B6B, 0x734B, 0x6B0A, 0x6AEA, 0x6B0A, 0x732A, 0x940E, 0x940E, 0x7B8D, 0x62EA, 0x5A89, 0x4A48, 
    0x31A6, 0x2945, 0x18C3, 0x0861, 0x0041, 0x0021, 0x0085, 0x00C7, 0x012A, 0x014B, 0x014B, 0x014B, 
    0x012B, 0x016C, 0x016C, 0x01AE, 0x0A53, 0x0A53, 0x0A33, 0x0A33, 0x0233, 0x0233, 0x0A33, 0x0A33, 
    0x0233, 0x0233, 0x0233, 0x0233, 0x0213, 0x2A4D, 0x4A8A, 0x62E8, 0xC3E0, 0x8B45, 0x42AD, 0x0234, 
    0x0233, 0x0A33, 0x0A33, 0x0A32, 0x0062, 0x0820, 0x20C1, 0x3902, 0x4143, 0x61E4, 0x61C4, 0x5184, 
    0x5184, 0x51A4, 0x4163, 0x4143, 0x4963, 0x51A4, 0x4964, 0x4964, 0x4964, 0x4964, 0x5184, 0x4984, 
    0x4984, 0x4984, 0x4984, 0x4984, 0x4984, 0x4984, 0x4963, 0x4964, 0x4964, 0x4964, 0x4963, 0x4964, 
    0x4964, 0x4964, 0x4963, 0x4964, 0x4964, 0x4963, 0x4964, 0x4963, 0x4963, 0x4964, 0x4963, 0x4963, 
    0x4963, 0x4964, 0x4964, 0x4984, 0x4963, 0x4163, 0x4163, 0x4963, 0x4163, 0x4984, 0x4984, 0x4963, 
    0x5184, 0x4963, 0x3922, 0x20C1, 0x1881, 0x0021, 0x0084, 0x09AD, 0x0A74, 0x0A53, 0x0A53, 0x0A33, 
    0x52EB, 0xA3A3, 0xC3A0, 0x5ACA, 0x4AAB, 0x224F, 0x0233, 0x0233, 0x0A33, 0x0A33, 0x0A33, 0x0A33, 
    0x0A32, 0x0233, 0x01CF, 0x014C, 0x016D, 0x012B, 0x00E8, 0x0043, 0x0042, 0x1082, 0x2103, 0x39A6, 
    0x4A28, 0x5289, 0x62EB, 0x83EE, 0x8BEE, 0xACD0, 0x9C2E, 0x734A, 0x734A, 0x3985, 0x10A2, 0x0041, 
    0x0042, 0x0063, 0x00E7, 0x0108, 0x012A, 0x014B, 0x016B, 0x016C, 0x016C, 0x016B, 0x018C, 0x018C, 
    0x018C, 0x016C, 0x018C, 0x018C, 0x018C, 0x018C, 0x018C, 0x016C, 0x016B, 0x016B, 0x0129, 0x09AD, 
    0x018C, 0x0108, 0x0108, 0x018C, 0x016B, 0x0108, 0x00E7, 0x00C6, 0x0084, 0x0001, 0x18C3, 0x39C6, 
    0x5AAA, 0x4228, 0x3186, 0x1082, 0x0063, 0x010A, 0x014B, 0x012B, 0x016D, 0x01AF, 0x0A32, 0x0212, 
    0x0A32, 0x0A32, 0x0A33, 0x0A33, 0x0A33, 0x0A33, 0x0A32, 0x0A32, 0x01F0, 0x01AE, 0x016D, 0x016C, 
    0x016C, 0x014B, 0x012B, 0x012B, 0x012A, 0x00C7, 0x0063, 0x0063, 0x0041, 0x0861, 0x0861, 0x1081, 
    0x2965, 0x31A6, 0x4228, 0x5289, 0x62CA, 0x630A, 0x734B, 0x7B6C, 0x7B6C, 0x7B8C, 0x7BAD, 0x736C, 
    0x736C, 0x734C, 0x6B2B, 0x6B2B, 0x6B2B, 0x62CA, 0x4A48, 0x3186, 0x3186, 0x3185, 0x2945, 0x0861, 
    0x0840, 0x0041, 0x0042, 0x0022, 0x00A6, 0x014B, 0x014B, 0x014B, 0x012B, 0x012B, 0x014C, 0x016D, 
    0x014B, 0x01AE, 0x09D0, 0x0A33, 0x0232, 0x0232, 0x0232, 0x0232, 0x0232, 0x0A33, 0x0A33, 0x0A32, 
    0x0232, 0x0232, 0x0A32, 0x0232, 0x0232, 0x0212, 0x0213, 0x1A30, 0x8346, 0x9365, 0x9365, 0x32AE, 
    0x1A50, 0x0A32, 0x0A33, 0x0A12, 0x00C6, 0x0020, 0x18A1, 0x3103, 0x4163, 0x3943, 0x3923, 0x3923, 
    0x3923, 0x3923, 0x3923, 0x5184, 0x59C4, 0x4964, 0x4163, 0x4164, 0x4964, 0x51A4, 0x61E5, 0x4964, 
    0x4984, 0x5184, 0x4984, 0x4964, 0x4963, 0x4963, 0x4963, 0x4964, 0x4963, 0x4963, 0x4964, 0x4963, 
    0x4963, 0x4964, 0x4964, 0x4964, 0x4963, 0x4963, 0x4963, 0x4963, 0x4963, 0x4964, 0x4963, 0x4963, 
    0x4964, 0x4984, 0x4964, 0x4163, 0x4143, 0x4143, 0x4163, 0x4143, 0x3103, 0x3923, 0x4143, 0x3123, 
    0x3923, 0x3943, 0x3103, 0x28E2, 0x20C2, 0x1061, 0x0021, 0x096B, 0x0A73, 0x0A53, 0x1A50, 0x8367, 
    0xABA2, 0x8B24, 0x6AE7, 0x0212, 0x0213, 0x0233, 0x0232, 0x0232, 0x0232, 0x0A32, 0x0A33, 0x0233, 
    0x0232, 0x0232, 0x0A53, 0x01AF, 0x018D, 0x014C, 0x014C, 0x014C, 0x012A, 0x00A6, 0x0022, 0x0042, 
    0x0062, 0x0861, 0x18E3, 0x39C6, 0x4228, 0x5AAA, 0x6B0B, 0x83CD, 0x9C4F, 0x9C6F, 0x9C6F, 0x944E, 
    0x734B, 0x4A27, 0x18C2, 0x0041, 0x0042, 0x0085, 0x00E7, 0x012A, 0x012A, 0x012A, 0x012A, 0x0129, 
    0x0129, 0x014A, 0x016B, 0x016B, 0x018C, 0x01AC, 0x01AC, 0x018C, 0x014A, 0x014A, 0x018B, 0x09CE, 
    0x018C, 0x0129, 0x0108, 0x016A, 0x0129, 0x0107, 0x00A6, 0x0063, 0x0861, 0x2944, 0x5AAA, 0x5289, 
    0x39C7, 0x2104, 0x0861, 0x0042, 0x0109, 0x012B, 0x012B, 0x012B, 0x016D, 0x01D0, 0x0212, 0x0212, 
    0x0232, 0x0233, 0x0233, 0x0232, 0x0232, 0x0232, 0x0232, 0x0A33, 0x0A33, 0x0A12, 0x0211, 0x01CF, 
    0x01AF, 0x018D, 0x014B, 0x012B, 0x012A, 0x012B, 0x014B, 0x014B, 0x0109, 0x00E8, 0x00A6, 0x0064, 
    0x0022, 0x0000, 0x0041, 0x0841, 0x0861, 0x0861, 0x18C2, 0x18E3, 0x18E3, 0x20E3, 0x18E3, 0x18C3, 
    0x18C2, 0x10A2, 0x10A2, 0x10A2, 0x10A2, 0x1082, 0x0861, 0x0000, 0x0000, 0x0000, 0x0021, 0x0085, 
    0x00A6, 0x0109, 0x012B, 0x012B, 0x014C, 0x012B, 0x012B, 0x014B, 0x012A, 0x018D, 0x018E, 0x01CF, 
    0x0212, 0x0232, 0x0A33, 0x0A53, 0x0A53, 0x0A53, 0x0A53, 0x0A53, 0x0A33, 0x0A53, 0x0A53, 0x0A53, 
    0x0A53, 0x0A53, 0x0A53, 0x0A53, 0x0A53, 0x0A33, 0x0233, 0x0233, 0x0233, 0x0234, 0x52CA, 0xAB61, 
    0x8B25, 0x0A12, 0x0233, 0x0233, 0x0233, 0x014B, 0x0020, 0x0840, 0x1081, 0x1081, 0x1081, 0x1881, 
    0x20C2, 0x5183, 0x59C4, 0x4984, 0x4143, 0x4143, 0x3103, 0x5184, 0x61C4, 0x59C4, 0x4964, 0x5184, 
    0x5184, 0x4964, 0x4963, 0x4963, 0x4963, 0x4963, 0x4964, 0x4163, 0x4963, 0x4964, 0x4963, 0x4963, 
    0x4963, 0x4963, 0x4963, 0x4963, 0x4163, 0x4143, 0x4963, 0x4963, 0x4963, 0x4964, 0x4984, 0x4964, 
    0x4984, 0x5184, 0x4964, 0x4163, 0x4143, 0x4964, 0x4163, 0x4123, 0x4143, 0x3102, 0x18A1, 0x1082, 
    0x18A2, 0x18A2, 0x1082, 0x1061, 0x0840, 0x0041, 0x018D, 0x0A53, 0x0253, 0x1A71, 0xAB42, 0x6B09, 
    0x1A90, 0x0213, 0x0233, 0x0233, 0x0233, 0x0233, 0x0A33, 0x0A53, 0x0A53, 0x0A53, 0x0A53, 0x0A53, 
    0x0A53, 0x0A53, 0x0A53, 0x0A53, 0x01F0, 0x018E, 0x018E, 0x016C, 0x012A, 0x012A, 0x012B, 0x014B, 
    0x012B, 0x00E8, 0x00A6, 0x0021, 0x0000, 0x0861, 0x18E3, 0x2945, 0x39C7, 0x4A69, 0x5ACA, 0x6B4C, 
    0x942F, 0xA4B0, 0xA4B0, 0x9C6F, 0x83CC, 0x5AA8, 0x10A2, 0x0841, 0x0021, 0x0043, 0x0064, 0x00A5, 
    0x0109, 0x012A, 0x014A, 0x012A, 0x012A, 0x014A, 0x014A, 0x016B, 0x09AC, 0x09AC, 0x09CD, 0x01AD, 
    0x014B, 0x0108, 0x00E7, 0x0108, 0x00C6, 0x00A5, 0x0042, 0x1082, 0x5AAA, 0x62EB, 0x39C7, 0x2104, 
    0x0861, 0x0042, 0x00E7, 0x012B, 0x012B, 0x012B, 0x012B, 0x014B, 0x01AE, 0x01F1, 0x0233, 0x0A32, 
    0x0A53, 0x0A53, 0x0A53, 0x0A53, 0x0A33, 0x0A33, 0x0A33, 0x0A53, 0x0A53, 0x0A53, 0x0A53, 0x0A32, 
    0x0A11, 0x0A11, 0x09F0, 0x016D, 0x014C, 0x012B, 0x012A, 0x012B, 0x014C, 0x014C, 0x014C, 0x014C, 
    0x012B, 0x0109, 0x010A, 0x00E9, 0x0085, 0x0085, 0x0085, 0x0086, 0x0086, 0x0085, 0x0085, 0x0085, 
    0x0064, 0x0064, 0x0085, 0x0085, 0x00A5, 0x00A5, 0x00A5, 0x0109, 0x0109, 0x0109, 0x012B, 0x014C, 
    0x014C, 0x012B, 0x012B, 0x014B, 0x014B, 0x016C, 0x016D, 0x01AF, 0x01F0, 0x01D0, 0x01F0, 0x0A12, 
    0x0A53, 0x0253, 0x0233, 0x0233, 0x0A33, 0x0A33, 0x0A33, 0x0233, 0x0233, 0x0233, 0x0A33, 0x0A33, 
    0x0A33, 0x0232, 0x0A33, 0x0A33, 0x0233, 0x0233, 0x0233, 0x0A32, 0x0A33, 0x0233, 0x0A32, 0x1250, 
    0x1A50, 0x2A0C, 0x1230, 0x0233, 0x0233, 0x0233, 0x01CF, 0x014A, 0x0000, 0x0020, 0x1882, 0x3902, 
    0x59A4, 0x61C4, 0x4984, 0x4143, 0x3923, 0x4164, 0x59C4, 0x61E4, 0x59C4, 0x4984, 0x4963, 0x51A4, 
    0x5184, 0x4964, 0x4963, 0x4963, 0x4963, 0x4963, 0x4963, 0x4963, 0x4963, 0x4984, 0x4964, 0x4964, 
    0x4984, 0x4984, 0x4963, 0x4963, 0x4963, 0x4963, 0x4963, 0x4963, 0x51A4, 0x51A4, 0x4984, 0x59C4, 
    0x51A4, 0x4163, 0x59A4, 0x5184, 0x4984, 0x4984, 0x3923, 0x28E2, 0x3923, 0x4143, 0x3923, 0x28C2, 
    0x0841, 0x0020, 0x0020, 0x0063, 0x00E8, 0x0A11, 0x0A53, 0x0253, 0x2A6F, 0x1271, 0x1A50, 0x0253, 
    0x0233, 0x0233, 0x0212, 0x0212, 0x0232, 0x0233, 0x0233, 0x0233, 0x0233, 0x0233, 0x0233, 0x0233, 
    0x0A32, 0x0232, 0x0233, 0x0A33, 0x0A32, 0x01F1, 0x0A11, 0x01AF, 0x018E, 0x016D, 0x012B, 0x014B, 
    0x014C, 0x014C, 0x014C, 0x012A, 0x0109, 0x00E9, 0x00A6, 0x0064, 0x0020, 0x0861, 0x18C2, 0x2944, 
    0x31A6, 0x4228, 0x62EB, 0x6B2C, 0x83CD, 0xACF1, 0x9C6F, 0x9C2E, 0x7B8B, 0x5267, 0x3164, 0x1081, 
    0x0042, 0x0022, 0x0085, 0x00E7, 0x0108, 0x0109, 0x012A, 0x012A, 0x014B, 0x016B, 0x014B, 0x016C, 
    0x0109, 0x00E7, 0x0108, 0x00C6, 0x0043, 0x0020, 0x4207, 0x6B0B, 0x4A48, 0x2945, 0x1082, 0x0020, 
    0x0063, 0x0109, 0x014C, 0x014B, 0x012B, 0x014C, 0x018E, 0x09F0, 0x09F1, 0x0212, 0x0A33, 0x0A32, 
    0x0212, 0x0212, 0x0233, 0x0232, 0x0232, 0x0A32, 0x0A33, 0x0A33, 0x0A33, 0x0A33, 0x0A32, 0x0A33, 
    0x0A33, 0x0A33, 0x0A32, 0x01D0, 0x01F0, 0x01AE, 0x018D, 0x018E, 0x018E, 0x016D, 0x014C, 0x012B, 
    0x014C, 0x014C, 0x012B, 0x012B, 0x012C, 0x014C, 0x014D, 0x016D, 0x016D, 0x014C, 0x014C, 0x012C, 
    0x012B, 0x014C, 0x014C, 0x016C, 0x016D, 0x014C, 0x014C, 0x014C, 0x012B, 0x012C, 0x014C, 0x014C, 
    0x014C, 0x014C, 0x014C, 0x018D, 0x01AF, 0x01AF, 0x01AF, 0x01F1, 0x0253, 0x0233, 0x0A33, 0x0A33, 
    0x0A53, 0x0A53, 0x0A33, 0x0A33, 0x0A33, 0x0A33, 0x0233, 0x0A33, 0x0A33, 0x0A33, 0x0A33, 0x0A33, 
    0x0233, 0x0A33, 0x0A53, 0x0A33, 0x0A33, 0x0A33, 0x0A53, 0x0A33, 0x0A33, 0x0A33, 0x0233, 0x0213, 
    0x0212, 0x1A2E, 0x1231, 0x0233, 0x0212, 0x0233, 0x01F1, 0x00A5, 0x1040, 0x3122, 0x5184, 0x51A4, 
    0x5184, 0x4984, 0x3123, 0x3103, 0x4964, 0x59C4, 0x6A04, 0x51A4, 0x4964, 0x4984, 0x4984, 0x4964, 
    0x4984, 0x4984, 0x59A4, 0x51A4, 0x4963, 0x4964, 0x4984, 0x51A4, 0x4963, 0x4964, 0x4984, 0x4984, 
    0x4984, 0x4984, 0x4963, 0x4964, 0x4964, 0x4963, 0x4964, 0x4963, 0x4984, 0x5184, 0x4964, 0x5184, 
    0x4984, 0x5184, 0x4964, 0x4964, 0x4964, 0x5184, 0x51A4, 0x4163, 0x3103, 0x3103, 0x3943, 0x4143, 
    0x3923, 0x18A2, 0x0020, 0x00A5, 0x0254, 0x0A53, 0x0A53, 0x0A53, 0x1A71, 0x0A52, 0x0233, 0x0A53, 
    0x0A53, 0x0A53, 0x0A33, 0x0A33, 0x0A33, 0x0A53, 0x0A53, 0x0A33, 0x0233, 0x0233, 0x0A53, 0x0A53, 
    0x0A53, 0x0A53, 0x0A53, 0x0A53, 0x0A53, 0x0A53, 0x0A53, 0x01F0, 0x01AF, 0x01AF, 0x01AE, 0x016D, 
    0x014C, 0x014C, 0x014B, 0x014C, 0x014C, 0x012C, 0x014C, 0x014B, 0x00E8, 0x00C7, 0x00C6, 0x0064, 
    0x0042, 0x0041, 0x2103, 0x2945, 0x41E7, 0x4A48, 0x5ACA, 0x734B, 0x83CE, 0x942E, 0x9C6F, 0xA4D0, 
    0x7B6B, 0x732A, 0x3985, 0x1082, 0x0041, 0x0021, 0x0064, 0x00E8, 0x0109, 0x012A, 0x012A, 0x014A, 
    0x0108, 0x00E7, 0x00A4, 0x0020, 0x2924, 0x62EB, 0x62EB, 0x4228, 0x2124, 0x0021, 0x0042, 0x00C7, 
    0x014B, 0x014B, 0x014B, 0x014B, 0x016C, 0x016D, 0x018E, 0x0A11, 0x0A32, 0x0212, 0x0212, 0x0212, 
    0x0232, 0x0A33, 0x0232, 0x0232, 0x0232, 0x0212, 0x0A32, 0x0233, 0x0233, 0x0A32, 0x0232, 0x0232, 
    0x0A32, 0x0A32, 0x0232, 0x0233, 0x0253, 0x0233, 0x0253, 0x0A53, 0x01AF, 0x018E, 0x018D, 0x018D, 
    0x018D, 0x016C, 0x016D, 0x016C, 0x00E8, 0x00A7, 0x00C7, 0x00E8, 0x00C7, 0x00A6, 0x00A6, 0x00E8, 
    0x018E, 0x01AE, 0x018E, 0x018E, 0x016D, 0x016D, 0x016C, 0x014C, 0x018E, 0x018E, 0x018E, 0x01AF, 
    0x01AF, 0x01AF, 0x01AF, 0x0233, 0x0A53, 0x0A53, 0x0A33, 0x0253, 0x0253, 0x0233, 0x0233, 0x0232, 
    0x0233, 0x0233, 0x0233, 0x0233, 0x0233, 0x0233, 0x0233, 0x0233, 0x0232, 0x0233, 0x0233, 0x0232, 
    0x0233, 0x0233, 0x0A33, 0x0233, 0x0233, 0x0233, 0x0A33, 0x0233, 0x0A33, 0x0A32, 0x0232, 0x0212, 
    0x0232, 0x0232, 0x0232, 0x0A32, 0x0233, 0x01F0, 0x0908, 0x1060, 0x3922, 0x59C4, 0x61E4, 0x4963, 
    0x4143, 0x3923, 0x28E2, 0x4163, 0x61E4, 0x61E4, 0x59C4, 0x4963, 0x4163, 0x4964, 0x4964, 0x4964, 
    0x4984, 0x5184, 0x51A4, 0x5184, 0x3943, 0x51A4, 0x5184, 0x5184, 0x4963, 0x4964, 0x4984, 0x4984, 
    0x4963, 0x4963, 0x4964, 0x4963, 0x4963, 0x4963, 0x4963, 0x4964, 0x4963, 0x4964, 0x4964, 0x4163, 
    0x4143, 0x4963, 0x4143, 0x4163, 0x4964, 0x5184, 0x4964, 0x59A4, 0x4143, 0x3103, 0x3102, 0x3943, 
    0x51A4, 0x3943, 0x1881, 0x0841, 0x094A, 0x0A11, 0x0233, 0x0A53, 0x0233, 0x0A53, 0x0A53, 0x0A53, 
    0x0A33, 0x0A33, 0x0A33, 0x0A53, 0x0A33, 0x0A33, 0x0A53, 0x0A53, 0x0233, 0x0233, 0x0A33, 0x0A33, 
    0x0A33, 0x0A53, 0x0A53, 0x0A53, 0x0A53, 0x0A33, 0x0A32, 0x0A53, 0x0A53, 0x0253, 0x0232, 0x01D0, 
    0x018E, 0x016D, 0x016C, 0x016C, 0x016D, 0x016D, 0x016D, 0x014C, 0x016C, 0x016C, 0x016C, 0x014B, 
    0x012B, 0x0109, 0x00A5, 0x0063, 0x0063, 0x0042, 0x10C2, 0x2945, 0x39A6, 0x4A69, 0x5AEB, 0x736D, 
    0x83EE, 0xA48F, 0x9C6E, 0x9C4E, 0x940D, 0x6B09, 0x4A27, 0x3185, 0x0882, 0x0042, 0x0022, 0x0021, 
    0x0021, 0x0862, 0x2124, 0x5A88, 0x734B, 0x52AA, 0x2965, 0x18E3, 0x0021, 0x00C6, 0x012B, 0x012B, 
    0x012B, 0x014B, 0x012B, 0x016C, 0x018D, 0x01D0, 0x0233, 0x0A32, 0x0212, 0x0212, 0x0212, 0x0212, 
    0x0A33, 0x0A33, 0x0A53, 0x0A53, 0x0A53, 0x0A53, 0x0A53, 0x0A53, 0x0A53, 0x0A53, 0x0A53, 0x0A33, 
    0x0A33, 0x0A33, 0x0A53, 0x0A53, 0x0A53, 0x0A53, 0x0A53, 0x0A53, 0x0A53, 0x0A53, 0x0A53, 0x0A53, 
    0x0A33, 0x0A32, 0x01AE, 0x00E8, 0x0000, 0x1061, 0x20E3, 0x2103, 0x18C2, 0x18C2, 0x0840, 0x0021, 
    0x00E7, 0x0A10, 0x0274, 0x0253, 0x0A33, 0x0232, 0x0232, 0x0233, 0x0254, 0x0254, 0x0A32, 0x01F0, 
    0x01CF, 0x09F0, 0x09F0, 0x01CF, 0x09CF, 0x0A32, 0x0A53, 0x0A53, 0x0A53, 0x0A53, 0x0A53, 0x0A53, 
    0x0A53, 0x0A53, 0x0A53, 0x0A53, 0x0253, 0x0A53, 0x0253, 0x0A53, 0x0A53, 0x0A53, 0x0A53, 0x0253, 
    0x0233, 0x0233, 0x0A33, 0x0A33, 0x0A53, 0x0A53, 0x0A53, 0x0A53, 0x0A53, 0x0A33, 0x0A33, 0x0A33, 
    0x0A53, 0x0A53, 0x0A53, 0x0A33, 0x0211, 0x0108, 0x0800, 0x3922, 0x61E4, 0x51A4, 0x4964, 0x3923, 
    0x3102, 0x20C2, 0x3103, 0x51A4, 0x61E4, 0x51A4, 0x4963, 0x4964, 0x4984, 0x4964, 0x4143, 0x4964, 
    0x4964, 0x4964, 0x51A4, 0x4164, 0x2903, 0x59C4, 0x5184, 0x4964, 0x4964, 0x4984, 0x4964, 0x4963, 
    0x4963, 0x4963, 0x4963, 0x4963, 0x4963, 0x4963, 0x4984, 0x4963, 0x4143, 0x4964, 0x4984, 0x4963, 
    0x4163, 0x4963, 0x4964, 0x4963, 0x4963, 0x4964, 0x4143, 0x4984, 0x59A4, 0x3943, 0x18A2, 0x20C2, 
    0x4164, 0x4984, 0x3923, 0x20A2, 0x0000, 0x0109, 0x0232, 0x0233, 0x0A33, 0x0A53, 0x0233, 0x0233, 
    0x0232, 0x0233, 0x0233, 0x0232, 0x0232, 0x0233, 0x0A53, 0x0A53, 0x0A53, 0x0A53, 0x0A53, 0x0A53, 
    0x0A53, 0x0A53, 0x0A53, 0x0A53, 0x0A53, 0x0A53, 0x0A53, 0x0A53, 0x0A53, 0x0A53, 0x0A53, 0x0A53, 
    0x0A53, 0x0A32, 0x0A32, 0x0A12, 0x01F0, 0x01F1, 0x01AF, 0x018E, 0x01AE, 0x016C, 0x014C, 0x014C, 
    0x016C, 0x014C, 0x014C, 0x014C, 0x012B, 0x012A, 0x0085, 0x0021, 0x0042, 0x0841, 0x10A2, 0x2104, 
    0x2965, 0x4A28, 0x5289, 0x62EA, 0x7BAD, 0x944F, 0xACF1, 0xB511, 0xA48F, 0x942D, 0x7B4A, 0x7B4A, 
    0x7B6B, 0x83CD, 0x8C0E, 0x5AAA, 0x39C7, 0x2124, 0x0841, 0x0063, 0x012A, 0x014B, 0x014B, 0x012B, 
    0x012B, 0x014C, 0x014C, 0x018D, 0x09F0, 0x0A33, 0x0A32, 0x0A32, 0x0A33, 0x0A33, 0x0A33, 0x0A33, 
    0x0212, 0x0212, 0x0212, 0x0212, 0x0232, 0x0A32, 0x0A32, 0x0A32, 0x0A32, 0x0212, 0x0212, 0x0212, 
    0x0212, 0x0212, 0x0212, 0x0212, 0x0232, 0x0232, 0x0212, 0x0212, 0x0212, 0x0212, 0x0212, 0x0212, 
    0x0232, 0x016C, 0x0062, 0x39A5, 0x83AD, 0x944F, 0xA4D1, 0x9C4F, 0x942F, 0x942E, 0x83AD, 0x6B0B, 
    0x39C6, 0x0841, 0x014A, 0x0232, 0x0211, 0x01F0, 0x01CF, 0x01F0, 0x010A, 0x00A7, 0x0043, 0x0000, 
    0x0000, 0x0020, 0x0021, 0x0020, 0x0000, 0x0109, 0x09CF, 0x0233, 0x0233, 0x0232, 0x0232, 0x0A32, 
    0x0232, 0x0A32, 0x0A32, 0x0232, 0x0233, 0x0212, 0x0212, 0x0233, 0x0233, 0x0212, 0x0212, 0x0212, 
    0x0212, 0x0212, 0x0212, 0x0212, 0x0233, 0x0233, 0x0232, 0x0232, 0x0212, 0x0212, 0x0212, 0x0232, 
    0x0232, 0x0232, 0x0233, 0x0212, 0x0109, 0x0820, 0x3102, 0x59C4, 0x4143, 0x4164, 0x3923, 0x20C2, 
    0x18A2, 0x20A2, 0x4963, 0x4984, 0x4984, 0x51A4, 0x4964, 0x4964, 0x51A4, 0x5184, 0x4964, 0x4984, 
    0x4964, 0x5184, 0x59C4, 0x4163, 0x20C2, 0x4984, 0x61E5, 0x5184, 0x4964, 0x4964, 0x4963, 0x4983, 
    0x5184, 0x3923, 0x3103, 0x4964, 0x4984, 0x4963, 0x5184, 0x4163, 0x20C2, 0x3923, 0x4143, 0x4963, 
    0x4984, 0x5184, 0x5184, 0x4963, 0x4143, 0x4143, 0x4143, 0x4163, 0x4963, 0x4163, 0x3103, 0x18A2, 
    0x28E3, 0x3943, 0x4163, 0x3923, 0x1061, 0x0000, 0x014B, 0x0233, 0x0A33, 0x0A33, 0x0A33, 0x0A33, 
    0x0A53, 0x0A53, 0x0A33, 0x0233, 0x0A32, 0x0A12, 0x0212, 0x0A32, 0x0A33, 0x0233, 0x0233, 0x0233, 
    0x0232, 0x0A33, 0x0A32, 0x0A32, 0x0232, 0x0212, 0x0232, 0x0232, 0x0232, 0x0212, 0x0212, 0x0211, 
    0x01F1, 0x0211, 0x0232, 0x0232, 0x0232, 0x0211, 0x0211, 0x0232, 0x0211, 0x01F0, 0x01AF, 0x01AF, 
    0x018E, 0x014C, 0x012B, 0x012A, 0x012A, 0x012B, 0x014C, 0x016D, 0x014C, 0x0109, 0x00C8, 0x0043, 
    0x0000, 0x0000, 0x0861, 0x20E3, 0x3165, 0x4228, 0x5AAA, 0x5ACA, 0x736C, 0x83EE, 0x942E, 0x8C0E, 
    0x736C, 0x5AAA, 0x4A49, 0x2986, 0x1082, 0x0021, 0x00C7, 0x014B, 0x014C, 0x012B, 0x014B, 0x014C, 
    0x014C, 0x014B, 0x018D, 0x01F1, 0x0212, 0x0212, 0x0212, 0x0212, 0x0212, 0x0212, 0x0212, 0x0212, 
    0x0A33, 0x0A33, 0x0A33, 0x0A33, 0x0A33, 0x0A53, 0x0A53, 0x0A53, 0x0A53, 0x0A53, 0x0A53, 0x0A53, 
    0x0A53, 0x0A53, 0x0A53, 0x0A53, 0x0A53, 0x0A53, 0x0A53, 0x0A33, 0x0A53, 0x0A33, 0x0A32, 0x0232, 
    0x01F1, 0x10C3, 0x8BCC, 0x8BCD, 0x83EE, 0x8BEE, 0x83AD, 0x738C, 0x736C, 0x736C, 0x7B8D, 0x7BCD, 
    0x736C, 0x83CD, 0x18C2, 0x0022, 0x0021, 0x0021, 0x0020, 0x0020, 0x3984, 0x5A67, 0x5AA8, 0x83CC, 
    0x940D, 0x942E, 0x944E, 0x944E, 0x6B2A, 0x2924, 0x0020, 0x0085, 0x0A11, 0x0A53, 0x0A33, 0x0A53, 
    0x0A53, 0x0A53, 0x0A53, 0x0A53, 0x0A53, 0x0A53, 0x0A53, 0x0A53, 0x0A53, 0x0A53, 0x0A33, 0x0233, 
    0x0253, 0x0A53, 0x0A53, 0x0A53, 0x0A53, 0x0A53, 0x0A53, 0x0A53, 0x0A53, 0x0A53, 0x0A53, 0x0A53, 
    0x0A53, 0x0233, 0x0254, 0x0109, 0x0841, 0x28E2, 0x4963, 0x3923, 0x28C2, 0x28C2, 0x20C2, 0x18A2, 
    0x1881, 0x4964, 0x5184, 0x4163, 0x4163, 0x4963, 0x3103, 0x4163, 0x5184, 0x4984, 0x5184, 0x3103, 
    0x4143, 0x51A4, 0x4163, 0x28C2, 0x1061, 0x3103, 0x61E4, 0x5184, 0x4143, 0x4964, 0x4963, 0x4963, 
    0x5184, 0x3102, 0x20A2, 0x4143, 0x5184, 0x5184, 0x4964, 0x4984, 0x4963, 0x20C2, 0x20C2, 0x3923, 
    0x5183, 0x4984, 0x4964, 0x4984, 0x4963, 0x3923, 0x20C2, 0x3123, 0x4143, 0x4143, 0x3923, 0x3103, 
    0x18C2, 0x18A2, 0x20C2, 0x3102, 0x28E2, 0x0841, 0x0021, 0x016C, 0x0A53, 0x0233, 0x0A53, 0x0A53, 
    0x0A53, 0x0A53, 0x0A53, 0x0A73, 0x116D, 0x190A, 0x190A, 0x192B, 0x0A12, 0x0A53, 0x0A33, 0x0A33, 
    0x0A33, 0x0A33, 0x0A33, 0x0A53, 0x0A53, 0x0A33, 0x0A53, 0x0A53, 0x0A53, 0x0A32, 0x016C, 0x0042, 
    0x0042, 0x0062, 0x0062, 0x0083, 0x0042, 0x0022, 0x0022, 0x0022, 0x0042, 0x0022, 0x0022, 0x0021, 
    0x0001, 0x0001, 0x0001, 0x0001, 0x0001, 0x0001, 0x00C7, 0x01AF, 0x016E, 0x012C, 0x012B, 0x012A, 
    0x00E8, 0x00E8, 0x0109, 0x00C7, 0x0043, 0x0883, 0x0882, 0x1061, 0x2945, 0x39E7, 0x4228, 0x4A28, 
    0x39E7, 0x3165, 0x18C3, 0x0020, 0x00A6, 0x010A, 0x014C, 0x014B, 0x012B, 0x014B, 0x014C, 0x016D, 
    0x018E, 0x01F0, 0x01F0, 0x0A32, 0x0A32, 0x0A32, 0x0A33, 0x0A33, 0x0A33, 0x0A33, 0x0A33, 0x0232, 
    0x0233, 0x0A33, 0x0A33, 0x0A33, 0x0A33, 0x0A33, 0x0A33, 0x0A33, 0x0A33, 0x0A33, 0x0A53, 0x0A33, 
    0x0A33, 0x0A32, 0x0A33, 0x0A33, 0x0A33, 0x0A53, 0x0A53, 0x0A53, 0x0A33, 0x0211, 0x01F0, 0x01F0, 
    0x01CF, 0x10A3, 0x736C, 0x9C90, 0x942F, 0x7BAD, 0x7B8C, 0x736C, 0x736C, 0x736C, 0x7B8D, 0x83EE, 
    0x8C2F, 0x6B2B, 0x0861, 0x41C5, 0x7B6B, 0x83AC, 0x83AC, 0x7B6B, 0x8BED, 0x7B8C, 0x6B0B, 0x6B2B, 
    0x62EA, 0x5ACA, 0x5AA9, 0x5AA9, 0x62CA, 0x944F, 0x838C, 0x5227, 0x0021, 0x00A6, 0x0211, 0x0A53, 
    0x0A33, 0x0A33, 0x0A33, 0x0233, 0x0233, 0x0233, 0x0233, 0x0A33, 0x0A33, 0x0232, 0x0232, 0x0232, 
    0x0233, 0x0253, 0x0A11, 0x114B, 0x114B, 0x116B, 0x116C, 0x0A12, 0x0253, 0x0233, 0x0233, 0x0A33, 
    0x0232, 0x0211, 0x0108, 0x10A3, 0x30E2, 0x3102, 0x28E2, 0x28E2, 0x18A2, 0x1882, 0x1082, 0x0841, 
    0x18A2, 0x4984, 0x4984, 0x4963, 0x3943, 0x3103, 0x28C2, 0x51A4, 0x51A4, 0x4984, 0x4143, 0x18A2, 
    0x4143, 0x51A4, 0x3103, 0x18A2, 0x0841, 0x20E2, 0x4984, 0x5184, 0x3103, 0x4984, 0x5184, 0x4963, 
    0x4964, 0x28E2, 0x1061, 0x28E3, 0x4163, 0x4984, 0x4964, 0x4984, 0x4963, 0x3103, 0x20C2, 0x28E2, 
    0x4143, 0x5184, 0x4964, 0x4963, 0x4163, 0x4143, 0x3102, 0x20C2, 0x3123, 0x3103, 0x2903, 0x28E3, 
    0x1082, 0x0861, 0x1882, 0x20C2, 0x28E2, 0x20C2, 0x1081, 0x0083, 0x012A, 0x0253, 0x0233, 0x0A33, 
    0x0233, 0x0253, 0x0A32, 0x116D, 0x41CE, 0x51EE, 0x51EE, 0x49CE, 0x194B, 0x09F0, 0x0A53, 0x0A33, 
    0x0A32, 0x0A32, 0x0A33, 0x0A53, 0x0A53, 0x0A32, 0x0A32, 0x0A53, 0x0A53, 0x014B, 0x0000, 0x0907, 
    0x19AB, 0x19AA, 0x1189, 0x0883, 0x7B6B, 0x942D, 0x940D, 0x940D, 0x940D, 0x940D, 0x940D, 0x8C0D, 
    0x8BED, 0x8BED, 0x8C0D, 0x8C0D, 0x8C0D, 0x83AB, 0x2103, 0x0043, 0x00E8, 0x01AE, 0x016D, 0x014C, 
    0x012B, 0x012A, 0x014B, 0x016C, 0x014C, 0x014B, 0x00E8, 0x00A6, 0x0043, 0x0042, 0x0042, 0x0042, 
    0x0041, 0x0021, 0x0043, 0x00E8, 0x014C, 0x014C, 0x012B, 0x012B, 0x014B, 0x016D, 0x01AF, 0x01CF, 
    0x0A11, 0x0A53, 0x0A32, 0x0232, 0x0232, 0x0A32, 0x0232, 0x0232, 0x0A32, 0x0A33, 0x0233, 0x0232, 
    0x0232, 0x0A33, 0x0232, 0x0232, 0x0A32, 0x0A32, 0x0232, 0x0A32, 0x0A33, 0x0A33, 0x0233, 0x0212, 
    0x0233, 0x0232, 0x0211, 0x0212, 0x0212, 0x016C, 0x010A, 0x012A, 0x00A6, 0x0022, 0x0021, 0x0021, 
    0x0042, 0x0882, 0x4208, 0x4228, 0x7BAD, 0x83AD, 0xACD0, 0x9C4F, 0x8C2E, 0x83EE, 0x83AD, 0x62EB, 
    0x31A6, 0x39C7, 0x0861, 0x39A6, 0x5AAA, 0x5269, 0x4228, 0x41E7, 0x2124, 0x1082, 0x1082, 0x0841, 
    0x1082, 0x10C3, 0x10A2, 0x0882, 0x18C3, 0x2965, 0x62CA, 0x736B, 0x4207, 0x18C2, 0x0085, 0x0109, 
    0x0212, 0x0254, 0x0233, 0x0233, 0x0233, 0x0233, 0x0233, 0x0233, 0x0233, 0x0A32, 0x0A33, 0x0253, 
    0x0212, 0x09CF, 0x198D, 0x49AD, 0x49AD, 0x49AC, 0x314B, 0x118E, 0x118E, 0x0A12, 0x0253, 0x0A33, 
    0x0A33, 0x016C, 0x0000, 0x1061, 0x20C2, 0x18A2, 0x1082, 0x1082, 0x1082, 0x0861, 0x0020, 0x0000, 
    0x0841, 0x20C2, 0x4163, 0x4143, 0x28E2, 0x18A2, 0x28E2, 0x59C4, 0x59A4, 0x4964, 0x20E2, 0x1082, 
    0x4984, 0x5184, 0x3103, 0x18A2, 0x0020, 0x1081, 0x2903, 0x4963, 0x3923, 0x5184, 0x5184, 0x4963, 
    0x4964, 0x2903, 0x0861, 0x1082, 0x28E2, 0x3923, 0x4143, 0x4963, 0x4964, 0x4964, 0x28E3, 0x18A2, 
    0x28E3, 0x4963, 0x4964, 0x3923, 0x3103, 0x3923, 0x4143, 0x28E2, 0x20C2, 0x1081, 0x0861, 0x0021, 
    0x0020, 0x0841, 0x1061, 0x18A2, 0x18C2, 0x20C2, 0x18A2, 0x0840, 0x0042, 0x0129, 0x0212, 0x0233, 
    0x0233, 0x0A11, 0x118D, 0x398C, 0x6A71, 0x7AB2, 0x82B2, 0x6A72, 0x418C, 0x196D, 0x09EF, 0x0A53, 
    0x0233, 0x0A33, 0x0A32, 0x0A53, 0x0A53, 0x0A53, 0x0232, 0x0A33, 0x016B, 0x0883, 0x2A2B, 0x4B51, 
    0x4B72, 0x5393, 0x3ACF, 0x0841, 0xB510, 0xD5F3, 0xD5F3, 0xD5F4, 0xD5F4, 0xD5F3, 0xD5F3, 0xD5F3, 
    0xD5F3, 0xD5F3, 0xD5F3, 0xDE14, 0xDE34, 0xDE14, 0xACCF, 0x62C8, 0x2124, 0x0084, 0x018E, 0x018E, 
    0x018E, 0x016C, 0x016C, 0x016C, 0x014C, 0x014B, 0x014C, 0x012B, 0x012B, 0x012B, 0x012A, 0x012B, 
    0x012A, 0x010A, 0x012A, 0x014C, 0x014C, 0x012B, 0x014C, 0x016C, 0x018E, 0x01AE, 0x0211, 0x0253, 
    0x0A33, 0x0A32, 0x0232, 0x0212, 0x0232, 0x0A33, 0x0A33, 0x0A33, 0x0A33, 0x0233, 0x0213, 0x0233, 
    0x0233, 0x0233, 0x0232, 0x0232, 0x0212, 0x0212, 0x0212, 0x0232, 0x0233, 0x0A33, 0x0A32, 0x0A32, 
    0x09F0, 0x0109, 0x0022, 0x0043, 0x0042, 0x10A2, 0x3144, 0x3164, 0x3164, 0x5A87, 0x7B6B, 0x7B6B, 
    0x734A, 0x18C3, 0x4208, 0x39E7, 0x39C6, 0x41E6, 0x6B0A, 0x31C6, 0x4208, 0x31A6, 0x3186, 0x2965, 
    0x1904, 0x39E7, 0x10A2, 0x0861, 0x1082, 0x0861, 0x0882, 0x10A2, 0x18E3, 0x2945, 0x3186, 0x31A6, 
    0x31C7, 0x39E7, 0x3A08, 0x39E7, 0x2966, 0x0862, 0x0841, 0x3185, 0x8C2F, 0x944F, 0x62C9, 0x18E2, 
    0x0084, 0x014B, 0x0A53, 0x0A54, 0x0A53, 0x0A53, 0x0253, 0x0A53, 0x0A53, 0x0A53, 0x0253, 0x0A11, 
    0x196C, 0x2909, 0x418C, 0x82D2, 0x8B14, 0x8AF4, 0x520F, 0x210B, 0x20E9, 0x11CF, 0x0A32, 0x0A53, 
    0x0A54, 0x016C, 0x0084, 0x0021, 0x0042, 0x0062, 0x0020, 0x1082, 0x1081, 0x0000, 0x28E2, 0x4142, 
    0x30E2, 0x0020, 0x3923, 0x3103, 0x18A2, 0x0861, 0x3103, 0x59C4, 0x4963, 0x3103, 0x1061, 0x1081, 
    0x4963, 0x4964, 0x3103, 0x18A2, 0x0020, 0x0020, 0x20C2, 0x3943, 0x3943, 0x4984, 0x4964, 0x4963, 
    0x4984, 0x3923, 0x1082, 0x0841, 0x1082, 0x20C2, 0x3103, 0x4143, 0x4963, 0x59A4, 0x3943, 0x18A2, 
    0x18A2, 0x28E3, 0x4164, 0x3923, 0x28E2, 0x3923, 0x4964, 0x2903, 0x1061, 0x1061, 0x3942, 0x49A3, 
    0x30E2, 0x0841, 0x0861, 0x0861, 0x1081, 0x1061, 0x0841, 0x0841, 0x0041, 0x00A5, 0x0212, 0x0233, 
    0x0233, 0x09CF, 0x20E9, 0x7271, 0x82B2, 0x82D2, 0x8AD2, 0x82B3, 0x7272, 0x394B, 0x2109, 0x09D0, 
    0x0212, 0x0212, 0x0232, 0x0232, 0x0232, 0x0212, 0x0212, 0x0233, 0x0109, 0x08A3, 0x32D0, 0x3ACF, 
    0x19CC, 0x11CC, 0x096B, 0x0061, 0x8C0D, 0xACAF, 0xA4AF, 0xA4AF, 0xACAF, 0xACAF, 0xACAF, 0xACD0, 
    0xB4F0, 0xB4F0, 0xACD0, 0xACCF, 0xB510, 0xC5B3, 0xCDB3, 0xD5F3, 0x732A, 0x20E2, 0x0043, 0x01F0, 
    0x0A74, 0x09F1, 0x01AF, 0x018D, 0x014B, 0x014B, 0x014C, 0x016C, 0x016D, 0x016C, 0x014C, 0x014C, 
    0x014C, 0x014C, 0x014C, 0x014C, 0x016D, 0x016D, 0x016D, 0x018E, 0x0232, 0x0233, 0x0233, 0x0232, 
    0x0232, 0x0232, 0x0212, 0x0232, 0x0232, 0x0232, 0x0232, 0x0A33, 0x0A33, 0x0212, 0x0212, 0x0212, 
    0x0253, 0x0253, 0x0253, 0x0A53, 0x0A53, 0x0A53, 0x0A53, 0x0A53, 0x0A53, 0x0A53, 0x0A53, 0x09EF, 
    0x0042, 0x20E2, 0x6AE9, 0x732A, 0x732A, 0x942E, 0xB531, 0x944E, 0x8BCC, 0x734B, 0x6B2B, 0x5AAA, 
    0x41E6, 0x1082, 0x4A28, 0x4207, 0x62EA, 0x6B0A, 0x9C4F, 0x4A69, 0x83CE, 0x4228, 0x39E7, 0x4208, 
    0x2124, 0x31A6, 0x0882, 0x2145, 0x4208, 0x39E7, 0x39E7, 0x4228, 0x4A6A, 0x5ACB, 0x630B, 0x632C, 
    0x630B, 0x62EB, 0x6B2C, 0x632C, 0x52AA, 0x4229, 0x2966, 0x18C3, 0x10A3, 0x39C6, 0x7BAD, 0x944F, 
    0x5227, 0x1081, 0x00A5, 0x0210, 0x0A53, 0x0233, 0x0253, 0x0A53, 0x0A53, 0x0A53, 0x0253, 0x094B, 
    0x418D, 0x6A72, 0x82B2, 0x8AD2, 0x82D2, 0x82D3, 0x6A72, 0x6230, 0x398E, 0x18E9, 0x098E, 0x0253, 
    0x0253, 0x0274, 0x0253, 0x01CF, 0x01CF, 0x0108, 0x0000, 0x1061, 0x0020, 0x3922, 0xBBC7, 0xDC69, 
    0xBBC7, 0x1061, 0x28E3, 0x20C2, 0x1082, 0x1061, 0x4963, 0x59A4, 0x3923, 0x18A2, 0x0020, 0x1061, 
    0x4143, 0x4163, 0x3103, 0x1061, 0x0000, 0x0820, 0x1081, 0x2903, 0x3123, 0x3103, 0x4143, 0x4963, 
    0x4984, 0x3923, 0x18A2, 0x0041, 0x0841, 0x1061, 0x20C2, 0x3103, 0x4963, 0x51A4, 0x5184, 0x3102, 
    0x0841, 0x1061, 0x3103, 0x4163, 0x3923, 0x20C2, 0x3923, 0x20C2, 0x0041, 0x59E3, 0xD448, 0xD449, 
    0xCBE7, 0x3922, 0x0021, 0x0861, 0x0020, 0x0021, 0x0021, 0x0021, 0x00E7, 0x0274, 0x0A54, 0x0A53, 
    0x0A53, 0x11CF, 0x18E9, 0x5A10, 0x7292, 0x7AB3, 0x7292, 0x6A72, 0x5A31, 0x6231, 0x5A10, 0x192B, 
    0x0233, 0x0A53, 0x0A53, 0x0A53, 0x0A53, 0x0A53, 0x0A53, 0x0A53, 0x014A, 0x0083, 0x09EE, 0x098B, 
    0x012A, 0x014B, 0x0129, 0x0882, 0xACD0, 0xC572, 0xB4F0, 0xACAF, 0xA48F, 0xA4AF, 0xA48F, 0xA48F, 
    0x9C6F, 0x9C8F, 0xA48F, 0x9C6E, 0x9C6E, 0x9C6E, 0x9C2D, 0xB510, 0xD5D3, 0xACAE, 0x4A05, 0x0084, 
    0x0211, 0x0A74, 0x0A53, 0x0232, 0x0212, 0x0211, 0x01F0, 0x01AF, 0x01AF, 0x018E, 0x014B, 0x014B, 
    0x014C, 0x014C, 0x016D, 0x01AE, 0x01D0, 0x0A32, 0x0A32, 0x0A32, 0x0A53, 0x0A53, 0x0A53, 0x0A53, 
    0x0A53, 0x0A53, 0x0A53, 0x0A53, 0x0A53, 0x0A53, 0x0A53, 0x0A53, 0x0A53, 0x0A53, 0x0A53, 0x0A53, 
    0x0212, 0x0212, 0x0212, 0x0212, 0x0212, 0x0212, 0x0233, 0x0233, 0x0233, 0x0212, 0x0212, 0x0084, 
    0x3164, 0x8C0E, 0x83AC, 0x630B, 0x5289, 0x4208, 0x39C7, 0x2144, 0x18C3, 0x0861, 0x0861, 0x1082, 
    0x0862, 0x0841, 0x4208, 0x4228, 0x62CA, 0x6B2B, 0x9C4F, 0x4A69, 0x83AD, 0x4208, 0x39E8, 0x4228, 
    0x2125, 0x3186, 0x0841, 0x2124, 0x52AA, 0x52AA, 0x5AEB, 0x52AA, 0x5AAA, 0x5ACB, 0x630C, 0x5AEB, 
    0x5AEB, 0x5ACB, 0x5AAA, 0x5ACB, 0x5ACB, 0x5ACB, 0x5ACB, 0x4A69, 0x3186, 0x1082, 0x10A2, 0x4207, 
    0x944F, 0x942E, 0x39A5, 0x0000, 0x0109, 0x0253, 0x0233, 0x0233, 0x0A33, 0x0233, 0x0253, 0x092B, 
    0x396D, 0x6252, 0x7293, 0x82D2, 0x7AB2, 0x7A92, 0x7272, 0x7271, 0x6A71, 0x318F, 0x118E, 0x09F0, 
    0x0233, 0x0253, 0x0253, 0x0254, 0x01AE, 0x0021, 0x0000, 0x0000, 0x3102, 0xC3E7, 0xCC28, 0xC3E8, 
    0xA2E4, 0x1061, 0x18A2, 0x18A2, 0x1081, 0x20C2, 0x51A4, 0x4984, 0x3103, 0x1082, 0x0000, 0x0861, 
    0x3923, 0x3943, 0x20C2, 0x0041, 0x2080, 0x5981, 0x0040, 0x18A2, 0x20E3, 0x28E3, 0x2903, 0x4984, 
    0x4984, 0x3923, 0x28C2, 0x0041, 0x0000, 0x0000, 0x1061, 0x20C2, 0x28E3, 0x3923, 0x4163, 0x3923, 
    0x1061, 0x0820, 0x1082, 0x28E2, 0x4143, 0x3103, 0x20E3, 0x18A2, 0x0841, 0x51A3, 0xA326, 0xCC08, 
    0xCBE7, 0xA346, 0x1040, 0x0020, 0x0020, 0x0063, 0x09CE, 0x01F0, 0x0A11, 0x0A53, 0x0233, 0x0253, 
    0x118E, 0x292B, 0x396D, 0x5211, 0x7272, 0x7272, 0x7272, 0x6252, 0x7A92, 0x7293, 0x41AE, 0x110A, 
    0x0232, 0x0A33, 0x0A33, 0x0A33, 0x0233, 0x0232, 0x0232, 0x0253, 0x014A, 0x0042, 0x09AC, 0x09CD, 
    0x016C, 0x016B, 0x0108, 0x0862, 0xA48F, 0xC572, 0xB510, 0xBD10, 0xBD51, 0xC572, 0xC572, 0xC572, 
    0xC572, 0xBD52, 0xC592, 0xC592, 0xBD52, 0xC552, 0xBD10, 0x93EC, 0xACAF, 0xCD71, 0xBD10, 0x39A4, 
    0x0084, 0x01F0, 0x0A53, 0x0232, 0x0232, 0x0A32, 0x0A32, 0x0A32, 0x0A32, 0x0A32, 0x0A32, 0x0A32, 
    0x0A32, 0x0A32, 0x0A32, 0x0A11, 0x0A12, 0x0A32, 0x0A33, 0x0A33, 0x0A33, 0x0A33, 0x0A33, 0x0A33, 
    0x0A33, 0x0A33, 0x0A53, 0x0A53, 0x0A33, 0x0A53, 0x0A33, 0x0A53, 0x0A53, 0x0A53, 0x0A33, 0x0A33, 
    0x0232, 0x0233, 0x0A33, 0x0A33, 0x0A33, 0x0A53, 0x0A53, 0x0A53, 0x0A53, 0x0A53, 0x0A32, 0x0043, 
    0x734B, 0x83AD, 0x0041, 0x18C3, 0x10A2, 0x10A3, 0x18C3, 0x10C3, 0x18E4, 0x2104, 0x2145, 0x2104, 
    0x0841, 0x0882, 0x39C7, 0x4A48, 0x5AA9, 0x62CA, 0x8C0E, 0x4228, 0x7B6C, 0x39C7, 0x39C7, 0x4A48, 
    0x2945, 0x2125, 0x0841, 0x0861, 0x2945, 0x528A, 0x5AAA, 0x5ACB, 0x5AAA, 0x52AA, 0x52AA, 0x52AA, 
    0x5ACB, 0x5AEB, 0x5ACB, 0x52AA, 0x5ACB, 0x5AEB, 0x5ACB, 0x528A, 0x528A, 0x39E8, 0x2124, 0x0862, 
    0x18E3, 0x528A, 0x7B8C, 0x62C9, 0x0840, 0x00E8, 0x0233, 0x0A33, 0x0A33, 0x0A32, 0x096D, 0x190A, 
    0x314C, 0x51F0, 0x6A72, 0x7272, 0x7A92, 0x6A71, 0x6A51, 0x7272, 0x6A72, 0x5A32, 0x398E, 0x1909, 
    0x0212, 0x0233, 0x0233, 0x0A54, 0x0109, 0x28E2, 0x7A64, 0x0840, 0xA367, 0xCC28, 0xBBA7, 0xAB26, 
    0x4121, 0x0000, 0x0000, 0x0020, 0x0841, 0x2903, 0x5184, 0x3103, 0x18A2, 0x1061, 0x0000, 0x0841, 
    0x20C2, 0x28E2, 0x1081, 0x1061, 0x4941, 0x7A02, 0x61A2, 0x1061, 0x1061, 0x18A2, 0x20E2, 0x3943, 
    0x4964, 0x4163, 0x28E2, 0x0020, 0x5162, 0x4942, 0x0020, 0x0861, 0x20C2, 0x20C2, 0x28E2, 0x30E2, 
    0x28E2, 0x0020, 0x1081, 0x20E3, 0x3123, 0x2903, 0x18A2, 0x0020, 0x0000, 0x1040, 0x4122, 0x9AC4, 
    0xC3C7, 0xCC28, 0x59E4, 0x20A1, 0x82A5, 0x1060, 0x00C6, 0x0254, 0x0A53, 0x0233, 0x0232, 0x094C, 
    0x398D, 0x6250, 0x82D2, 0x7A92, 0x6A72, 0x6231, 0x6231, 0x6252, 0x7272, 0x6252, 0x51F0, 0x396C, 
    0x114C, 0x0233, 0x0233, 0x0233, 0x0233, 0x0233, 0x0233, 0x0A54, 0x012A, 0x0000, 0x00A4, 0x094A, 
    0x012A, 0x0109, 0x00C7, 0x0841, 0x9C6E, 0xB4F0, 0xACAF, 0xACD0, 0xB510, 0xB4F0, 0xACD0, 0xACF0, 
    0xB510, 0xB510, 0xB511, 0xB511, 0xB511, 0xB511, 0xB510, 0xA48F, 0x93EC, 0x9C4E, 0xC572, 0xB510, 
    0x5A87, 0x0883, 0x01CF, 0x0233, 0x0232, 0x0232, 0x0233, 0x0233, 0x0233, 0x0A33, 0x0233, 0x0A33, 
    0x0233, 0x0A33, 0x0233, 0x0232, 0x0212, 0x0212, 0x0232, 0x0233, 0x0232, 0x0232, 0x0232, 0x0232, 
    0x0212, 0x0233, 0x0233, 0x0233, 0x0A33, 0x0A33, 0x0A33, 0x0A33, 0x0A33, 0x0A33, 0x0A33, 0x0A33, 
    0x0233, 0x0A33, 0x0A33, 0x0A53, 0x0A53, 0x0A53, 0x0A53, 0x0A53, 0x0A53, 0x0A53, 0x0A52, 0x0063, 
    0x41E7, 0x944F, 0x6B2B, 0x0841, 0x0841, 0x3186, 0x31A7, 0x39C7, 0x4208, 0x4229, 0x39E8, 0x0861, 
    0x39C6, 0x2965, 0x0841, 0x3165, 0x4A28, 0x6AEA, 0x8BEE, 0x4228, 0x7B8C, 0x39E7, 0x2966, 0x39E7, 
    0x2125, 0x0861, 0x0861, 0x39C7, 0x1082, 0x39C7, 0x528A, 0x5AEB, 0x5AEB, 0x5ACB, 0x5AAA, 0x5AAA, 
    0x5ACB, 0x5AEB, 0x5AEB, 0x5ACB, 0x5ACB, 0x5AEB, 0x5ACB, 0x52AA, 0x5AAA, 0x5AEB, 0x4A69, 0x31A6, 
    0x1082, 0x10A2, 0x10A2, 0x940E, 0x6B2A, 0x0020, 0x01AF, 0x0A53, 0x0A53, 0x09F1, 0x212B, 0x622F, 
    0x7271, 0x6A51, 0x6A51, 0x6231, 0x7272, 0x6A51, 0x6251, 0x6251, 0x6251, 0x5A11, 0x49B0, 0x212B, 
    0x0212, 0x0A53, 0x0253, 0x012A, 0x20A1, 0x7A84, 0x51A3, 0x6225, 0xCC49, 0xCC49, 0xB387, 0x69E3, 
    0x1060, 0x51C3, 0x6203, 0x5183, 0x0840, 0x2903, 0x4984, 0x20C2, 0x1081, 0x0841, 0x18A1, 0x0841, 
    0x18A2, 0x18A2, 0x0020, 0x1880, 0x8243, 0x9284, 0x8A63, 0x3902, 0x1061, 0x1061, 0x20C2, 0x28E2, 
    0x3123, 0x3943, 0x20C2, 0x0020, 0x7A23, 0x8223, 0x4122, 0x30E2, 0x0861, 0x1082, 0x18A2, 0x20C2, 
    0x28E3, 0x0861, 0x0861, 0x18A2, 0x20C2, 0x18A2, 0x0841, 0x59C3, 0x6204, 0x3102, 0x0820, 0x5182, 
    0xC3E8, 0xD469, 0xA367, 0x28E2, 0x92E5, 0x92C5, 0x1881, 0x01AE, 0x0254, 0x0253, 0x0A32, 0x18E9, 
    0x59EE, 0x7292, 0x7AD3, 0x7AB2, 0x6A72, 0x6A72, 0x6252, 0x6231, 0x6231, 0x5A11, 0x6231, 0x59EF, 
    0x210B, 0x0A32, 0x0A53, 0x0A53, 0x0A53, 0x0A53, 0x0A53, 0x0A53, 0x01AE, 0x00C7, 0x0083, 0x00A4, 
    0x0085, 0x00A5, 0x00A4, 0x0041, 0x7B6B, 0xACAF, 0xBD10, 0xB511, 0xB510, 0xACD0, 0xACD0, 0xB4F0, 
    0xACF0, 0xB4F0, 0xACF0, 0xACF0, 0xACF0, 0xACF0, 0xB4F0, 0xB511, 0xA48F, 0x940D, 0xA48F, 0xC571, 
    0x9C4D, 0x41A4, 0x00A5, 0x0A32, 0x0A53, 0x0A53, 0x0A53, 0x0A53, 0x0A53, 0x0A53, 0x0A53, 0x0A53, 
    0x0A53, 0x0A53, 0x0A53, 0x0A53, 0x0A53, 0x0A53, 0x0A53, 0x0A53, 0x0A53, 0x0A53, 0x0A53, 0x0A53, 
    0x0A53, 0x0A53, 0x0A53, 0x0A53, 0x0A53, 0x0A73, 0x0A53, 0x0A53, 0x0A53, 0x0A53, 0x0A53, 0x0A53, 
    0x0212, 0x0212, 0x0232, 0x0A33, 0x0A33, 0x0A33, 0x0A33, 0x0A33, 0x0212, 0x0212, 0x0212, 0x0084, 
    0x2945, 0x4228, 0x83EE, 0x944E, 0x3185, 0x0861, 0x2986, 0x52AA, 0x5ACB, 0x52AA, 0x4208, 0x0020, 
    0x5ACA, 0x5A89, 0x2944, 0x0000, 0x0841, 0x41C6, 0x62A9, 0x3186, 0x5AA9, 0x3166, 0x18A3, 0x0841, 
    0x0021, 0x18E3, 0x31A6, 0x39C7, 0x0861, 0x3186, 0x52AA, 0x5AEB, 0x5AEB, 0x5AEB, 0x5AEB, 0x5ACB, 
    0x5AEB, 0x62EB, 0x62EB, 0x630C, 0x630C, 0x632C, 0x5AEB, 0x528A, 0x4A49, 0x2965, 0x2104, 0x10A3, 
    0x0020, 0x1081, 0x5227, 0xACF1, 0x736C, 0x0841, 0x01AE, 0x0253, 0x0274, 0x09AF, 0x396D, 0x7A92, 
    0x8AF3, 0x7AB2, 0x7292, 0x6252, 0x6231, 0x6252, 0x6A72, 0x6252, 0x5A11, 0x49AF, 0x418F, 0x210B, 
    0x0211, 0x0A54, 0x0A74, 0x00A7, 0x4962, 0xA326, 0x20A1, 0xCC49, 0xCC28, 0xCC08, 0x8A84, 0x0820, 
    0x3942, 0xCC28, 0xD489, 0xAB46, 0x0841, 0x28E3, 0x4143, 0x18A2, 0x0841, 0x20A1, 0x8243, 0x20A1, 
    0x1061, 0x1082, 0x0000, 0x4101, 0x9AC4, 0xC3C7, 0x9284, 0x8244, 0x3902, 0x1061, 0x10A2, 0x18A2, 
    0x20C2, 0x28E2, 0x20C2, 0x0820, 0x7203, 0x8A63, 0x9AA4, 0x7203, 0x1860, 0x0841, 0x0861, 0x18A2, 
    0x20C2, 0x1081, 0x1061, 0x0841, 0x1081, 0x1081, 0x1881, 0xCC28, 0xDC89, 0x82C6, 0x20A1, 0x1061, 
    0xAB87, 0xCC28, 0xCC28, 0x6A44, 0x3102, 0xC3C7, 0x4121, 0x010A, 0x0A54, 0x0A33, 0x0A11, 0x214B, 
    0x6230, 0x6231, 0x6231, 0x6231, 0x6A92, 0x7293, 0x6252, 0x6231, 0x6231, 0x5A11, 0x5A11, 0x49CF, 
    0x190A, 0x0212, 0x0233, 0x0233, 0x0232, 0x0233, 0x0232, 0x0212, 0x0233, 0x0254, 0x014B, 0x0063, 
    0x0063, 0x0083, 0x0041, 0x0021, 0x3164, 0x734A, 0x942D, 0xA48F, 0xACCF, 0xACAF, 0xB4F0, 0xB511, 
    0xB4F0, 0xACF0, 0xB4F0, 0xACF0, 0xACF0, 0xB4F0, 0xB510, 0xB511, 0xB531, 0xB4F0, 0xA46E, 0xBD30, 
    0xB4EF, 0x7B49, 0x0062, 0x01F1, 0x0233, 0x0233, 0x0A33, 0x0232, 0x0232, 0x0232, 0x0A32, 0x0A32, 
    0x0232, 0x0212, 0x0232, 0x0232, 0x0232, 0x0212, 0x0212, 0x0233, 0x0A33, 0x0233, 0x0233, 0x0233, 
    0x0233, 0x0212, 0x0233, 0x0233, 0x0233, 0x0A33, 0x0A33, 0x0A33, 0x0233, 0x0232, 0x0212, 0x0212, 
    0x0232, 0x0A33, 0x0A33, 0x0A53, 0x0A53, 0x0A53, 0x0A53, 0x0A53, 0x0A33, 0x0A33, 0x0A53, 0x00A5, 
    0x0021, 0x2124, 0x39E7, 0x5ACA, 0xA4B0, 0x6B0B, 0x1082, 0x2104, 0x528A, 0x528A, 0x4A28, 0x0020, 
    0x2965, 0x7B8D, 0x83CD, 0x734C, 0x4A28, 0x2965, 0x10A2, 0x18A2, 0x10A2, 0x18A2, 0x10A2, 0x20E3, 
    0x4207, 0x52AA, 0x4A69, 0x18E3, 0x0841, 0x39C7, 0x52AA, 0x62EB, 0x62EB, 0x62EB, 0x630C, 0x630C, 
    0x5ACB, 0x5AAA, 0x4A49, 0x39C7, 0x2124, 0x1904, 0x18C3, 0x10A2, 0x0861, 0x2103, 0x5247, 0x7B6B, 
    0x7B8B, 0x9C2D, 0x942E, 0x6B2B, 0x31A6, 0x0841, 0x01CF, 0x0274, 0x0254, 0x094C, 0x312B, 0x6210, 
    0x7271, 0x6A72, 0x6252, 0x6A52, 0x5A11, 0x6231, 0x6231, 0x5A11, 0x49D0, 0x316D, 0x28EA, 0x110B, 
    0x0233, 0x0253, 0x01F0, 0x1905, 0x6203, 0x9306, 0x20C1, 0xC3E8, 0xC3E8, 0xB346, 0x4122, 0x1881, 
    0xB3A7, 0xCC28, 0xCC28, 0x9AC5, 0x0820, 0x20C2, 0x20C2, 0x1061, 0x0000, 0x28E1, 0x9283, 0x8264, 
    0x1061, 0x0841, 0x0020, 0x71E3, 0xAB25, 0xCBE8, 0xC3A7, 0x8A64, 0x8A63, 0x5162, 0x0841, 0x1082, 
    0x1082, 0x1882, 0x18A2, 0x0841, 0x7203, 0x9AC4, 0x92A4, 0x8243, 0x7A03, 0x1040, 0x0000, 0x1081, 
    0x18C2, 0x0861, 0x5982, 0x1861, 0x0841, 0x1082, 0x1881, 0xBBC7, 0xCC28, 0xCC08, 0x9306, 0x0020, 
    0x3922, 0xC3E8, 0xC3E8, 0xA347, 0x1061, 0xAB66, 0x6203, 0x18E5, 0x018E, 0x0233, 0x0A11, 0x190B, 
    0x398E, 0x5211, 0x51F1, 0x59F1, 0x6A51, 0x6251, 0x6251, 0x6232, 0x59F1, 0x51D1, 0x41AF, 0x314C, 
    0x10C8, 0x0A32, 0x0A53, 0x0A53, 0x0A53, 0x0A53, 0x0A53, 0x0A33, 0x0A33, 0x0233, 0x0232, 0x0A11, 
    0x0A31, 0x0A10, 0x0042, 0x0064, 0x0043, 0x0063, 0x0041, 0x4A27, 0x942D, 0xACAF, 0xB531, 0xB510, 
    0xB4F0, 0xB4F0, 0xB510, 0xB4F0, 0xB4F0, 0xB4F0, 0xB4F0, 0xB510, 0xB531, 0xB4F0, 0xACAF, 0x9C2D, 
    0x838B, 0x7309, 0x0862, 0x0211, 0x0A53, 0x0A53, 0x0A53, 0x0A53, 0x0A53, 0x0A53, 0x0A53, 0x0A53, 
    0x0A53, 0x0A53, 0x0A53, 0x0A53, 0x0253, 0x0233, 0x0233, 0x0A33, 0x0A33, 0x0A33, 0x0A33, 0x0A53, 
    0x0A33, 0x0A33, 0x0A33, 0x0A53, 0x0A53, 0x0A53, 0x0A53, 0x0A53, 0x0A53, 0x0A53, 0x0A33, 0x0A33, 
    0x0A33, 0x0A33, 0x0A33, 0x0A53, 0x0A53, 0x0A53, 0x0A53, 0x0A53, 0x0A53, 0x0A53, 0x0A53, 0x00A5, 
    0x0063, 0x0042, 0x0861, 0x3186, 0x5ACA, 0x8C0E, 0x940D, 0x2903, 0x0862, 0x39E7, 0x528A, 0x4208, 
    0x18C3, 0x10A2, 0x3186, 0x62CA, 0x734C, 0x8C0F, 0x8C0E, 0x83CD, 0x736C, 0x734C, 0x630B, 0x5289, 
    0x39A6, 0x2945, 0x0882, 0x1082, 0x4208, 0x632C, 0x62EB, 0x5289, 0x4A69, 0x39E7, 0x18C3, 0x1082, 
    0x0861, 0x0841, 0x18C2, 0x3164, 0x5247, 0x4A06, 0x83AC, 0xACF0, 0x9C4E, 0xA46E, 0x944E, 0x7BAC, 
    0x7B6C, 0x52A9, 0x39E7, 0x2945, 0x1082, 0x0083, 0x0211, 0x0253, 0x0253, 0x092B, 0x28EA, 0x498F, 
    0x51F0, 0x6232, 0x6253, 0x6232, 0x5A11, 0x51F1, 0x51F0, 0x49CF, 0x316E, 0x20E9, 0x112B, 0x01F1, 
    0x0253, 0x0233, 0x0064, 0x7A65, 0xC408, 0x4163, 0x9B26, 0xCC29, 0xC408, 0x4962, 0x1061, 0xA347, 
    0xCC28, 0xC3E7, 0xA2E5, 0x4942, 0x0000, 0x18A2, 0x18A2, 0x0841, 0x30E1, 0x7A03, 0x9B05, 0x9284, 
    0x3902, 0x0000, 0x30E1, 0x8A64, 0xBBA7, 0xC3C7, 0xC3C7, 0xBBC7, 0xA305, 0x8243, 0x61C2, 0x0020, 
    0x0000, 0x0020, 0x1082, 0x0841, 0x7203, 0xB386, 0xBBA7, 0xA326, 0x8243, 0x69C2, 0x61A2, 0x0841, 
    0x0841, 0x0020, 0x69C2, 0x61A2, 0x0820, 0x0020, 0x0840, 0x69E3, 0xAB46, 0xCC08, 0xC429, 0x9B67, 
    0x1041, 0x6A04, 0xC408, 0xCC29, 0x9306, 0x51A3, 0xCC28, 0x51A3, 0x0086, 0x0254, 0x0A53, 0x10E8, 
    0x290A, 0x398F, 0x49D0, 0x51D0, 0x5A11, 0x5A11, 0x5A11, 0x51D0, 0x49B0, 0x4190, 0x292C, 0x18EA, 
    0x09AF, 0x0212, 0x0232, 0x0232, 0x0233, 0x0A33, 0x0A33, 0x0A33, 0x0A33, 0x0A53, 0x0A53, 0x0A53, 
    0x0253, 0x0210, 0x0042, 0x00C6, 0x00C7, 0x00E8, 0x0083, 0x0861, 0x20E2, 0x732A, 0xA4AF, 0xB4F0, 
    0xACF0, 0xB511, 0xB511, 0xB4F0, 0xB4F0, 0xB4F0, 0xB4F0, 0xA4AF, 0x83CC, 0x83AC, 0x7B8B, 0x734A, 
    0x5A88, 0x4A26, 0x0083, 0x0A11, 0x0A53, 0x0233, 0x0233, 0x0232, 0x0232, 0x0232, 0x0233, 0x0232, 
    0x0232, 0x0232, 0x0232, 0x0212, 0x0233, 0x0A53, 0x0A33, 0x0A33, 0x0A53, 0x0A53, 0x0A53, 0x0A33, 
    0x0A33, 0x0233, 0x0232, 0x0232, 0x0233, 0x0233, 0x0233, 0x0A33, 0x0232, 0x0232, 0x0232, 0x0232, 
    0x0233, 0x0232, 0x0A33, 0x0233, 0x0233, 0x0233, 0x0233, 0x0233, 0x0A33, 0x0A33, 0x0A33, 0x0084, 
    0x0084, 0x00C6, 0x0063, 0x0882, 0x2945, 0x4228, 0x6B2B, 0x9C6F, 0x4A27, 0x1081, 0x2965, 0x62EB, 
    0x5ACB, 0x39C7, 0x2945, 0x2945, 0x2124, 0x2945, 0x2986, 0x31A6, 0x3186, 0x2966, 0x2966, 0x3186, 
    0x3165, 0x2103, 0x18E3, 0x31A6, 0x2945, 0x2124, 0x1082, 0x1082, 0x18C2, 0x20E3, 0x39C5, 0x734A, 
    0x7B8B, 0x83AC, 0xA48F, 0xACB0, 0xA490, 0x8C0E, 0x7BAD, 0x6B4C, 0x528A, 0x4208, 0x39E7, 0x3165, 
    0x18E3, 0x18E4, 0x10C3, 0x0020, 0x0000, 0x018E, 0x0274, 0x0A53, 0x0253, 0x09CF, 0x112B, 0x314D, 
    0x418E, 0x51F1, 0x5A12, 0x51F1, 0x51F1, 0x51D0, 0x396E, 0x290B, 0x20E9, 0x110A, 0x01AE, 0x0253, 
    0x0253, 0x0253, 0x0043, 0x7A64, 0x9306, 0x20C1, 0xCC08, 0xC408, 0xB366, 0x1860, 0x59E3, 0xD449, 
    0xCC08, 0xB366, 0x5162, 0x1061, 0x0021, 0x1082, 0x1081, 0x0861, 0x69C2, 0x8A63, 0xBBC8, 0xB366, 
    0x7A23, 0x28A1, 0x5142, 0xAB25, 0xC3C7, 0xC3C7, 0xCBE8, 0xCC29, 0xC3C8, 0xB366, 0xA306, 0x5182, 
    0x3901, 0x20A1, 0x0021, 0x0020, 0x61C2, 0xB386, 0xCBE8, 0xC3A7, 0xAB26, 0xAB25, 0x9284, 0x5982, 
    0x28C1, 0x0000, 0x69E3, 0x7A23, 0x5982, 0x0840, 0x0020, 0x0000, 0x69E3, 0xBB86, 0xD46A, 0xD46A, 
    0x4983, 0x30E1, 0xA326, 0xCC28, 0xB3A7, 0x3122, 0xBBC7, 0x51C3, 0x0085, 0x0233, 0x0233, 0x09AE, 
    0x112B, 0x20EA, 0x396E, 0x418F, 0x49D0, 0x51F1, 0x51F1, 0x49D0, 0x41B0, 0x314E, 0x210B, 0x096D, 
    0x0254, 0x0233, 0x0232, 0x0A33, 0x0A53, 0x0A53, 0x0A53, 0x0A53, 0x0A53, 0x0A33, 0x0233, 0x0233, 
    0x0233, 0x01F0, 0x0062, 0x094A, 0x012A, 0x00E8, 0x0042, 0x1082, 0x18E3, 0x2103, 0x39C6, 0x83AC, 
    0xB510, 0xB511, 0xB531, 0xB4F0, 0xACF0, 0xACF0, 0xA4B0, 0x62EA, 0x5268, 0x3185, 0x2944, 0x2923, 
    0x0861, 0x0042, 0x09CE, 0x0A53, 0x0232, 0x0A32, 0x0233, 0x0232, 0x0232, 0x0233, 0x0A33, 0x0A33, 
    0x0A33, 0x0A33, 0x0A33, 0x0233, 0x0232, 0x0232, 0x0A33, 0x0A33, 0x0A33, 0x0A33, 0x0A33, 0x0233, 
    0x0233, 0x0233, 0x0233, 0x0233, 0x0233, 0x0233, 0x0233, 0x0A33, 0x0A33, 0x0A33, 0x0233, 0x0233, 
    0x0233, 0x0233, 0x0A33, 0x0233, 0x0233, 0x0233, 0x0233, 0x0233, 0x0A33, 0x0233, 0x0A33, 0x0084, 
    0x0084, 0x0108, 0x0108, 0x00C6, 0x0021, 0x18E3, 0x3186, 0x6B2C, 0xA4B0, 0x7BAD, 0x2944, 0x2945, 
    0x4228, 0x5AAB, 0x5AEB, 0x6B2C, 0x630B, 0x5ACA, 0x5AA9, 0x5A89, 0x4A48, 0x41E7, 0x3165, 0x2965, 
    0x18E3, 0x18A2, 0x18E3, 0x3185, 0x4A06, 0x4A27, 0x5A88, 0xA46E, 0xA4AF, 0xA46F, 0xA48F, 0x944F, 
    0x7BAD, 0x6B2B, 0x62EB, 0x4A49, 0x39E7, 0x3186, 0x2945, 0x18C3, 0x1082, 0x0882, 0x0041, 0x0021, 
    0x0083, 0x0084, 0x0085, 0x00C6, 0x0042, 0x0212, 0x0A53, 0x0A53, 0x0A53, 0x0232, 0x09F1, 0x190A, 
    0x292B, 0x396E, 0x41AF, 0x49D0, 0x51D0, 0x49D0, 0x396E, 0x20E9, 0x090A, 0x09F1, 0x0232, 0x0233, 
    0x0A53, 0x0253, 0x0043, 0x7A84, 0x8AC5, 0x2902, 0xCC08, 0xC3C7, 0x6A04, 0x28C1, 0xA346, 0xD469, 
    0xCC08, 0x8A63, 0x1880, 0x0000, 0x0840, 0x0841, 0x0000, 0x5982, 0x9283, 0x9AE5, 0xCC08, 0xCC08, 
    0xAB05, 0x9283, 0x8A63, 0xB366, 0xC3E7, 0xCBE8, 0xCBE8, 0xCC08, 0xCC28, 0xCC28, 0xC3C7, 0x9AE5, 
    0x9AC4, 0x61A2, 0x30E1, 0x30E1, 0x61C2, 0xB366, 0xC3E7, 0xC3C7, 0xC3E8, 0xC408, 0xAB46, 0x9AA4, 
    0x7203, 0x61A2, 0x9284, 0x8A84, 0x8A43, 0x3902, 0x0041, 0x0021, 0x4121, 0x92A4, 0xC3E8, 0xCC49, 
    0x8AC5, 0x30E1, 0x7A64, 0xCC28, 0xB3C7, 0x3922, 0xC3C7, 0x51A3, 0x0085, 0x0A32, 0x0A33, 0x0A54, 
    0x09AF, 0x1109, 0x190A, 0x292C, 0x398F, 0x418F, 0x41AF, 0x4190, 0x41B0, 0x312D, 0x190A, 0x09EF, 
    0x09F0, 0x09CF, 0x0A11, 0x0A53, 0x0A53, 0x0A53, 0x0A53, 0x0A53, 0x0A33, 0x0A33, 0x0A53, 0x0A53, 
    0x0A54, 0x016C, 0x0062, 0x09CD, 0x096B, 0x00E8, 0x0021, 0x2104, 0x5AEB, 0x5AAA, 0x10A2, 0x5A88, 
    0xACB0, 0xB511, 0xB4F0, 0xACCF, 0xACD0, 0xA4AF, 0x9C4E, 0x62EA, 0x4A27, 0x0041, 0x014B, 0x01CE, 
    0x01AE, 0x09F0, 0x0A53, 0x0A53, 0x0A53, 0x0A53, 0x0A53, 0x0A33, 0x0A53, 0x0A53, 0x0A53, 0x0A53, 
    0x0A53, 0x0A53, 0x0A53, 0x0A33, 0x0233, 0x0A33, 0x0A53, 0x0A53, 0x0A53, 0x0A53, 0x0A53, 0x0A53, 
    0x0A53, 0x0A33, 0x0A53, 0x0A53, 0x0A53, 0x0A53, 0x0A53, 0x0A53, 0x0A53, 0x0A53, 0x0A33, 0x0A33, 
    0x0A53, 0x0A53, 0x0A53, 0x0A53, 0x0A53, 0x0A53, 0x0A53, 0x0A53, 0x0A53, 0x0A53, 0x0A33, 0x0084, 
    0x00A5, 0x014B, 0x0129, 0x0108, 0x00C6, 0x0042, 0x0861, 0x2965, 0x4208, 0x83AD, 0xB532, 0x4A27, 
    0x10A2, 0x18C3, 0x18E3, 0x18E3, 0x18E3, 0x1082, 0x18A2, 0x20E3, 0x18E2, 0x3164, 0x3164, 0x5A88, 
    0x8BED, 0xA46E, 0xACCF, 0xB510, 0xACF0, 0x9C6F, 0x8C0E, 0x7B6C, 0x5289, 0x4207, 0x4208, 0x39C7, 
    0x2944, 0x18E3, 0x10A2, 0x0861, 0x0021, 0x0041, 0x0021, 0x0084, 0x00A5, 0x00E6, 0x00C7, 0x00E7, 
    0x0129, 0x0129, 0x0108, 0x00E7, 0x0042, 0x01F0, 0x0A33, 0x0233, 0x0233, 0x0233, 0x0232, 0x0909, 
    0x10C8, 0x190B, 0x314D, 0x49AF, 0x49D0, 0x418F, 0x312C, 0x18C8, 0x09D0, 0x0233, 0x0233, 0x0212, 
    0x0212, 0x0212, 0x0043, 0x7A85, 0x8AC5, 0x4142, 0xD449, 0xC408, 0x28C1, 0x8284, 0xD449, 0xCC49, 
    0xBBA7, 0x28C1, 0x0000, 0x0020, 0x2080, 0x2080, 0x0840, 0x7A03, 0xB366, 0xC3C7, 0xC3E8, 0xCC08, 
    0xCBE8, 0xBBA7, 0xAB25, 0xC3A7, 0xC3E7, 0xCC08, 0xCBE7, 0xC3C7, 0xC408, 0xCC08, 0xC3C7, 0xC3E8, 
    0xC3C8, 0x9AC4, 0x9AA4, 0x9AA4, 0x92A4, 0xC3C7, 0xC3E8, 0xC3E8, 0xC408, 0xC3E7, 0xC3E8, 0xAB67, 
    0x9AC5, 0x9AE5, 0xBB87, 0xAB46, 0x9AC5, 0x7A23, 0x0841, 0x0841, 0x0020, 0x4122, 0x9AC4, 0xCC08, 
    0xCC08, 0x61E4, 0x4163, 0xD449, 0xBC09, 0x61C3, 0xB387, 0x51A3, 0x0085, 0x0A33, 0x0A32, 0x0A33, 
    0x0A53, 0x0A11, 0x096D, 0x10C8, 0x210B, 0x292C, 0x314D, 0x398F, 0x4190, 0x418F, 0x312B, 0x20E8, 
    0x2909, 0x20C8, 0x118D, 0x0A32, 0x0A53, 0x0A53, 0x0A53, 0x0A53, 0x0A53, 0x0A53, 0x0A33, 0x0A53, 
    0x0A53, 0x00E7, 0x0063, 0x11EE, 0x094A, 0x00E7, 0x0041, 0x2125, 0x52AA, 0x52AB, 0x18C3, 0x39A5, 
    0x83AC, 0xB510, 0xACCF, 0xACF0, 0xB510, 0xA48F, 0x8BED, 0x6B0B, 0x4A27, 0x0062, 0x0A31, 0x0253, 
    0x0233, 0x0232, 0x0232, 0x0212, 0x0212, 0x0212, 0x0212, 0x0212, 0x0212, 0x0212, 0x0212, 0x0212, 
    0x0212, 0x0212, 0x0212, 0x0212, 0x0212, 0x0212, 0x0212, 0x0212, 0x0212, 0x0233, 0x0212, 0x0212, 
    0x0212, 0x0212, 0x0212, 0x0212, 0x0213, 0x0213, 0x0212, 0x0212, 0x0212, 0x0212, 0x0212, 0x0212, 
    0x0232, 0x0232, 0x0212, 0x0212, 0x0212, 0x0212, 0x0A12, 0x0213, 0x0212, 0x0212, 0x0212, 0x0084, 
    0x00A5, 0x016B, 0x018B, 0x016B, 0x0109, 0x00E8, 0x00C6, 0x0042, 0x10A2, 0x31A6, 0x62EB, 0x9C70, 
    0xA48F, 0x6B0A, 0x6AEA, 0x62C9, 0x6AE9, 0x6B09, 0x940D, 0xB511, 0xACD0, 0xACF1, 0x9C90, 0x8C0E, 
    0x736C, 0x6B0B, 0x5ACA, 0x5289, 0x4A48, 0x39A6, 0x2965, 0x2124, 0x18C2, 0x0841, 0x0041, 0x0020, 
    0x0042, 0x0084, 0x00A5, 0x00A6, 0x00C7, 0x00E8, 0x00E7, 0x00E8, 0x0108, 0x0129, 0x0129, 0x014A, 
    0x098C, 0x09AC, 0x016B, 0x0129, 0x0042, 0x09F0, 0x0A53, 0x0A53, 0x0A53, 0x0A53, 0x0A33, 0x0A32, 
    0x0233, 0x09AF, 0x18C8, 0x396E, 0x49B0, 0x5A11, 0x51F0, 0x398D, 0x18E8, 0x11D0, 0x0254, 0x0233, 
    0x0233, 0x0212, 0x0043, 0x7A64, 0xB366, 0x8A84, 0xD46A, 0xB3A7, 0x1061, 0xA346, 0xD448, 0xBBA7, 
    0x7203, 0x0000, 0x0841, 0x0041, 0x28A1, 0x7A02, 0x7A03, 0xA2E5, 0xBBC7, 0x2902, 0x20C1, 0x92E5, 
    0xBB87, 0xCBE7, 0xC3C7, 0xC3E8, 0xC3E8, 0xCC08, 0xA326, 0xB387, 0xC3C7, 0xCC08, 0xCC08, 0xC3E8, 
    0xC3E8, 0xB3A7, 0x6A24, 0xB366, 0xCBE8, 0xC3C7, 0xC3C7, 0xCC08, 0xCC08, 0xB386, 0x4983, 0x1081, 
    0x4183, 0xBBE8, 0xCC29, 0xCC28, 0xAB46, 0x8A64, 0x28A1, 0x0041, 0x0041, 0x30E1, 0x8264, 0xC408, 
    0xD469, 0x6224, 0x3921, 0xB366, 0xC408, 0x8A63, 0xBBC7, 0x59C3, 0x0086, 0x0233, 0x0233, 0x0A33, 
    0x0A33, 0x0A32, 0x09F0, 0x09D0, 0x10E9, 0x18A8, 0x292C, 0x396F, 0x4190, 0x51F0, 0x7271, 0x8313, 
    0x72B2, 0x5210, 0x292A, 0x096C, 0x0A53, 0x0A53, 0x0A53, 0x0A53, 0x0A53, 0x0A53, 0x0A53, 0x0A53, 
    0x09CF, 0x0062, 0x094A, 0x120E, 0x0108, 0x0062, 0x0021, 0x0861, 0x1082, 0x08E5, 0x0021, 0x2924, 
    0x62C9, 0x83CC, 0x83AC, 0x83AC, 0x83AC, 0x6B0A, 0x4A28, 0x4207, 0x2964, 0x0000, 0x016B, 0x0232, 
    0x0A33, 0x0233, 0x0233, 0x0233, 0x0233, 0x0A33, 0x0A33, 0x0A33, 0x0A53, 0x0A53, 0x0A53, 0x0A53, 
    0x0A53, 0x0A53, 0x0A33, 0x0A33, 0x0A53, 0x0A53, 0x0A33, 0x0A53, 0x0A53, 0x0A53, 0x0A53, 0x0A53, 
    0x0A53, 0x0A53, 0x0A53, 0x0A53, 0x0A53, 0x0A53, 0x0A53, 0x0A53, 0x0A53, 0x0A53, 0x0A53, 0x0A53, 
    0x0A33, 0x0A33, 0x0A33, 0x0A33, 0x0A32, 0x0A33, 0x0A33, 0x0A53, 0x0A53, 0x0A53, 0x0A33, 0x0084, 
    0x00A5, 0x014A, 0x014A, 0x018C, 0x098C, 0x014B, 0x0129, 0x00E7, 0x0063, 0x0861, 0x31A6, 0x4A28, 
    0x6B0B, 0x9C70, 0xA490, 0x8BEE, 0x83CD, 0x734C, 0x6B0B, 0x5ACA, 0x4A49, 0x4228, 0x4208, 0x3165, 
    0x10A2, 0x18A2, 0x10A2, 0x0861, 0x0861, 0x0021, 0x0021, 0x0063, 0x0084, 0x00A5, 0x00C6, 0x00C6, 
    0x0108, 0x0129, 0x0109, 0x0109, 0x0129, 0x012A, 0x016B, 0x016B, 0x016B, 0x016B, 0x016B, 0x016B, 
    0x016C, 0x014A, 0x014B, 0x014A, 0x0042, 0x01F0, 0x0A54, 0x0A53, 0x0A33, 0x0A33, 0x0A32, 0x0A33, 
    0x098D, 0x10E9, 0x20EA, 0x314D, 0x49AF, 0x5A10, 0x6210, 0x6231, 0x51F0, 0x212B, 0x116C, 0x0254, 
    0x0233, 0x0212, 0x0043, 0x7244, 0xD408, 0xC3C7, 0xCC28, 0x9AE5, 0x0840, 0xA346, 0xCC08, 0xAB46, 
    0x69E3, 0x0020, 0x1082, 0x0841, 0x28C1, 0x9283, 0xAB67, 0xC3C7, 0x6A24, 0x0041, 0x0861, 0x0841, 
    0x4142, 0xC3C7, 0xCC08, 0xCBE7, 0xCC08, 0xAB47, 0x1060, 0x9306, 0xCBE8, 0xC3E8, 0xC3E8, 0xC3C7, 
    0xC3C7, 0xB3A7, 0x1061, 0x6A24, 0xD428, 0xC3C7, 0xC3C7, 0xCC08, 0xB3A7, 0x28E2, 0x0841, 0x1061, 
    0x0861, 0x6A45, 0xD448, 0xCC6A, 0xB3E9, 0x9284, 0x28A1, 0x0041, 0x1082, 0x0841, 0x28C1, 0xA305, 
    0xCC28, 0x6204, 0x28C1, 0x9AA4, 0xC3C7, 0xAB46, 0xC3E7, 0x59C3, 0x0086, 0x0A54, 0x0A53, 0x0A53, 
    0x0A33, 0x0A32, 0x0A32, 0x0233, 0x09F0, 0x112B, 0x20EA, 0x398F, 0x51F1, 0x6A51, 0x7AB2, 0x7AD2, 
    0x7AB2, 0x7AB2, 0x6A50, 0x398C, 0x114C, 0x0A53, 0x0A53, 0x0A53, 0x0A53, 0x0A53, 0x0A53, 0x0A53, 
    0x098D, 0x0062, 0x11EE, 0x096A, 0x00C6, 0x0021, 0x00E8, 0x01EF, 0x01AE, 0x0042, 0x0063, 0x0063, 
    0x0041, 0x0020, 0x0000, 0x0041, 0x0020, 0x0000, 0x0000, 0x0000, 0x0042, 0x0063, 0x0042, 0x01F1, 
    0x0A53, 0x0A33, 0x0A33, 0x0233, 0x0233, 0x0233, 0x0232, 0x0232, 0x0232, 0x0232, 0x0232, 0x0A33, 
    0x0A32, 0x0212, 0x0212, 0x0212, 0x0212, 0x0212, 0x0212, 0x0212, 0x0232, 0x0232, 0x0232, 0x0232, 
    0x0A32, 0x0233, 0x0233, 0x0A33, 0x0233, 0x0233, 0x0232, 0x0232, 0x0A33, 0x0A32, 0x0212, 0x0212, 
    0x0A32, 0x0A33, 0x0A33, 0x0A33, 0x0A33, 0x0A33, 0x0A33, 0x0A33, 0x0A53, 0x0A33, 0x0A33, 0x0084, 
    0x00A5, 0x016B, 0x014A, 0x014A, 0x018C, 0x096B, 0x016B, 0x0129, 0x0108, 0x00C6, 0x0083, 0x10A2, 
    0x39C6, 0x5AA9, 0x5AA9, 0x4A28, 0x39C7, 0x2945, 0x2104, 0x10C3, 0x1082, 0x0861, 0x0041, 0x0021, 
    0x0042, 0x0063, 0x00A5, 0x00C6, 0x00E7, 0x00E8, 0x0108, 0x00E8, 0x00E7, 0x0108, 0x0129, 0x0129, 
    0x014A, 0x098B, 0x098B, 0x016B, 0x018C, 0x09CD, 0x018B, 0x016B, 0x016B, 0x016B, 0x016B, 0x016C, 
    0x016B, 0x012A, 0x016B, 0x016A, 0x0042, 0x01F0, 0x0233, 0x0A33, 0x0A32, 0x0A32, 0x0A32, 0x098D, 
    0x316C, 0x416B, 0x498D, 0x41AE, 0x51F1, 0x49D0, 0x49AF, 0x51F0, 0x49D0, 0x292B, 0x110A, 0x0233, 
    0x0233, 0x0212, 0x0023, 0x7244, 0xD428, 0xCC08, 0xC3E8, 0x8A84, 0x5162, 0xBBC8, 0xCC29, 0xB366, 
    0x71E3, 0x0841, 0x0861, 0x1061, 0x5982, 0x9AE5, 0xBC6C, 0xC3C7, 0x82A5, 0x1081, 0x0861, 0x0861, 
    0x1082, 0x3943, 0x7245, 0x6A24, 0x7245, 0x3922, 0x0020, 0x9B26, 0xC3E8, 0xC3E8, 0xC3C7, 0xC3C7, 
    0xC3C7, 0xBBA7, 0x20A1, 0x0861, 0x61E3, 0x6A04, 0x6A24, 0x6204, 0x20C2, 0x1081, 0x0861, 0x0841, 
    0x1061, 0x6A24, 0xCC08, 0xBC6C, 0xC530, 0x9AC5, 0x5982, 0x0861, 0x1061, 0x0041, 0x28E1, 0xA2E5, 
    0xCC28, 0x8285, 0x61C3, 0xAB45, 0xC3E8, 0xC3C7, 0xCC08, 0x59C3, 0x0086, 0x0233, 0x0233, 0x0233, 
    0x0232, 0x0212, 0x0233, 0x0A12, 0x096D, 0x296B, 0x49AD, 0x51EF, 0x51D0, 0x6231, 0x6A72, 0x72B2, 
    0x6A71, 0x6231, 0x6231, 0x416D, 0x110A, 0x0233, 0x0A33, 0x0A33, 0x0A33, 0x0A32, 0x0A33, 0x0211, 
    0x00A6, 0x08C5, 0x19ED, 0x0129, 0x00C5, 0x0042, 0x016C, 0x0274, 0x0211, 0x0042, 0x00A5, 0x094A, 
    0x11AC, 0x1148, 0x21A9, 0x1148, 0x0928, 0x0907, 0x00C6, 0x00C6, 0x00C6, 0x00A5, 0x0041, 0x01F1, 
    0x0233, 0x0A33, 0x0233, 0x0232, 0x0232, 0x0233, 0x0232, 0x0233, 0x0232, 0x0232, 0x0232, 0x0232, 
    0x0A32, 0x0232, 0x0232, 0x0232, 0x0232, 0x0232, 0x0232, 0x0232, 0x0232, 0x0232, 0x0233, 0x0A32, 
    0x0A32, 0x0233, 0x0A33, 0x0A32, 0x0A33, 0x0232, 0x0232, 0x0232, 0x0A32, 0x0232, 0x0212, 0x0212, 
    0x0233, 0x0233, 0x0233, 0x0233, 0x0212, 0x0232, 0x0212, 0x0A33, 0x0A33, 0x0233, 0x0A33, 0x0084, 
    0x00A5, 0x014B, 0x014A, 0x016B, 0x016B, 0x016B, 0x098C, 0x09CE, 0x016B, 0x014A, 0x0129, 0x00A5, 
    0x0021, 0x0042, 0x0062, 0x0042, 0x0041, 0x0021, 0x0063, 0x00A5, 0x00C6, 0x00C6, 0x00C7, 0x00E7, 
    0x00E7, 0x0108, 0x0108, 0x0129, 0x0129, 0x014A, 0x0129, 0x016B, 0x018C, 0x018C, 0x018C, 0x018C, 
    0x01AD, 0x018C, 0x016C, 0x016B, 0x018C, 0x016C, 0x016B, 0x016B, 0x016B, 0x014A, 0x0108, 0x00E6, 
    0x00A4, 0x00A4, 0x016B, 0x014A, 0x0042, 0x01F0, 0x0A53, 0x0A53, 0x0A53, 0x0A32, 0x11CF, 0x294A, 
    0x59EE, 0x7A92, 0x7272, 0x6232, 0x51F1, 0x41AF, 0x396E, 0x398F, 0x396E, 0x292B, 0x10E9, 0x0233, 
    0x0233, 0x0232, 0x0043, 0x7244, 0xD448, 0xCC29, 0xCC29, 0xA2E5, 0xA2E4, 0xC3E8, 0xCC49, 0xB366, 
    0x71E2, 0x0840, 0x0841, 0x2080, 0x8A63, 0xA3A9, 0xC551, 0xC429, 0xCC08, 0xAB67, 0x8AA5, 0x1081, 
    0x0841, 0x0041, 0x0861, 0x0861, 0x0021, 0x0000, 0x51A3, 0xC3E8, 0xC3E8, 0xCC08, 0xC3E8, 0xC3E8, 
    0xC3E8, 0xCC08, 0x92E5, 0x0840, 0x0841, 0x0841, 0x1082, 0x1081, 0x0020, 0x0020, 0x20C2, 0x6A04, 
    0xA346, 0xC3E8, 0xB3A7, 0xAC6D, 0xD636, 0x8AE6, 0x8223, 0x1060, 0x0841, 0x0020, 0x30E1, 0xAB25, 
    0xCC49, 0xAB25, 0x92A4, 0xC3C7, 0xCC08, 0xCC08, 0xCC07, 0x51A3, 0x0085, 0x0213, 0x0212, 0x0212, 
    0x0212, 0x0233, 0x0233, 0x116D, 0x314C, 0x5A0F, 0x7AB2, 0x6231, 0x51F1, 0x5211, 0x6A72, 0x7292, 
    0x5A11, 0x51F1, 0x49D0, 0x314D, 0x112B, 0x0A53, 0x0A53, 0x0A33, 0x0A33, 0x0A32, 0x0A33, 0x018D, 
    0x0021, 0x11AB, 0x11AC, 0x0108, 0x0042, 0x00C6, 0x0233, 0x0A32, 0x01F0, 0x0021, 0x00C6, 0x0949, 
    0x11ED, 0x118B, 0x3B32, 0x1A0E, 0x09CD, 0x120E, 0x00C6, 0x00E7, 0x00A5, 0x00A5, 0x0041, 0x01F0, 
    0x0A33, 0x0A33, 0x0A33, 0x0A53, 0x0A33, 0x0A53, 0x0A53, 0x0A53, 0x0A53, 0x0A33, 0x0A33, 0x0A53, 
    0x0A53, 0x0A53, 0x0A33, 0x0233, 0x0A32, 0x0A33, 0x0A33, 0x0A53, 0x0A33, 0x0233, 0x0A53, 0x0A33, 
    0x0A33, 0x0A33, 0x0A33, 0x0A33, 0x0A33, 0x0A33, 0x0A53, 0x0A53, 0x0A53, 0x0A53, 0x0A33, 0x0A53, 
    0x0233, 0x0A33, 0x0A53, 0x0A53, 0x0A33, 0x0A33, 0x0A33, 0x0A53, 0x0A53, 0x0A53, 0x0A53, 0x0084, 
    0x00A5, 0x014B, 0x014A, 0x016B, 0x016B, 0x016B, 0x016B, 0x016B, 0x09AD, 0x018C, 0x014A, 0x014A, 
    0x0109, 0x0108, 0x0108, 0x00E8, 0x00C7, 0x00E8, 0x0109, 0x0109, 0x0109, 0x0129, 0x0129, 0x014A, 
    0x096B, 0x098C, 0x09AD, 0x09AD, 0x018C, 0x01AC, 0x018C, 0x018C, 0x018C, 0x018C, 0x018C, 0x018C, 
    0x018C, 0x016B, 0x014A, 0x014A, 0x0129, 0x0108, 0x00C6, 0x00A4, 0x0083, 0x0062, 0x0862, 0x0882, 
    0x0861, 0x0861, 0x0129, 0x014A, 0x0042, 0x01F0, 0x0233, 0x0A33, 0x0A54, 0x0A11, 0x210A, 0x6A71, 
    0x82D3, 0x82B3, 0x6211, 0x5A11, 0x51D1, 0x418F, 0x396E, 0x312D, 0x292C, 0x18A8, 0x096C, 0x0212, 
    0x0232, 0x0212, 0x0043, 0x7244, 0xD448, 0xCC08, 0xCC29, 0xA325, 0xC3C7, 0xCBE8, 0xCC08, 0xAB46, 
    0x71E2, 0x0820, 0x0841, 0x28C1, 0x8A63, 0xACB0, 0xD636, 0xB40A, 0xCC08, 0xCBE8, 0xC3C7, 0x82A5, 
    0x7A65, 0x59E4, 0x0841, 0x0041, 0x1081, 0x59C3, 0xBB86, 0xCBE7, 0xCC08, 0xC3E8, 0xC3E7, 0xC3E8, 
    0xCC08, 0xC3E8, 0xC3C7, 0x92E5, 0x28C1, 0x0020, 0x0841, 0x1081, 0x4983, 0x7244, 0xAB67, 0xCBE7, 
    0xCBE8, 0xCC49, 0x7A85, 0xA4B0, 0xD636, 0x72E9, 0x8243, 0x1061, 0x0841, 0x0841, 0x59A3, 0xCBE7, 
    0xCC08, 0xBB86, 0xB366, 0xC3E7, 0xCBE8, 0xCC08, 0xCBE7, 0x51A2, 0x0086, 0x0233, 0x0A33, 0x0A33, 
    0x0A53, 0x0254, 0x0A32, 0x18E9, 0x51CF, 0x6231, 0x6231, 0x51D1, 0x51D1, 0x5211, 0x5A11, 0x51F0, 
    0x49D0, 0x51F1, 0x41B0, 0x290B, 0x110A, 0x0232, 0x0212, 0x0212, 0x0212, 0x0212, 0x0A32, 0x00A5, 
    0x0083, 0x1A2F, 0x094A, 0x00A5, 0x0021, 0x01CE, 0x0A32, 0x0232, 0x0211, 0x0042, 0x00E7, 0x096B, 
    0x11CD, 0x0929, 0x2270, 0x094A, 0x0129, 0x098B, 0x00A5, 0x0108, 0x00A6, 0x00A5, 0x0042, 0x01F1, 
    0x0232, 0x0232, 0x0232, 0x0232, 0x0212, 0x0232, 0x0232, 0x0232, 0x0232, 0x0232, 0x0A32, 0x0233, 
    0x0A33, 0x0212, 0x0212, 0x0212, 0x0212, 0x0212, 0x0212, 0x0212, 0x0212, 0x0212, 0x0212, 0x0212, 
    0x0212, 0x0212, 0x0212, 0x0212, 0x0212, 0x0212, 0x0A32, 0x0A32, 0x0232, 0x0212, 0x0212, 0x0212, 
    0x0A33, 0x0A33, 0x0A33, 0x0233, 0x0233, 0x0233, 0x0A33, 0x0A33, 0x0A53, 0x0A33, 0x0A53, 0x0084, 
    0x00A5, 0x016B, 0x016B, 0x016B, 0x016B, 0x016B, 0x016B, 0x016B, 0x016B, 0x016B, 0x09AD, 0x09ED, 
    0x09AC, 0x016B, 0x014A, 0x098C, 0x014A, 0x0129, 0x016B, 0x018C, 0x016B, 0x018C, 0x018C, 0x018C, 
    0x018C, 0x018C, 0x018C, 0x018C, 0x018C, 0x018C, 0x016C, 0x016B, 0x014B, 0x0108, 0x00A4, 0x00A4, 
    0x00A4, 0x0062, 0x0062, 0x0862, 0x0861, 0x0861, 0x1082, 0x10A2, 0x10A2, 0x0882, 0x0882, 0x0882, 
    0x1082, 0x0862, 0x0129, 0x014A, 0x0042, 0x0211, 0x0A53, 0x0A53, 0x0A74, 0x09CF, 0x314C, 0x51F0, 
    0x5A11, 0x5A11, 0x51F1, 0x51D1, 0x41B0, 0x312C, 0x20EA, 0x18C9, 0x18A7, 0x096D, 0x0A12, 0x0A53, 
    0x0A53, 0x0253, 0x0043, 0x7224, 0xD428, 0xC3E8, 0xCBE8, 0xBBA7, 0xC3C7, 0xC3E8, 0xC408, 0xB366, 
    0x7A23, 0x0820, 0x0841, 0x3102, 0x7203, 0x8C2F, 0xBD94, 0x6A87, 0xBBA7, 0xCBE7, 0xC3C7, 0xCC08, 
    0xCC29, 0xC3E8, 0x8AE6, 0x8AC5, 0x9B26, 0xC3A7, 0xC3C7, 0xC3E8, 0xC3E8, 0xC3E7, 0xC3C7, 0xC3C7, 
    0xCC08, 0xC3E8, 0xC3C7, 0xCC08, 0x9B06, 0x8AA5, 0x8AC5, 0x9B26, 0xCC08, 0xC3C7, 0xCC28, 0xCC08, 
    0xCBE7, 0xD449, 0x6204, 0x83AD, 0xA4F1, 0x49E6, 0x8263, 0x1881, 0x0041, 0x3922, 0x9AE4, 0xCC08, 
    0xC408, 0xC3C7, 0xC3C7, 0xCBE8, 0xC3E7, 0xCBE7, 0xC3A6, 0x5182, 0x0085, 0x0233, 0x0233, 0x0A33, 
    0x0253, 0x0254, 0x0A11, 0x10A8, 0x314D, 0x41AF, 0x49D1, 0x418F, 0x418F, 0x41B0, 0x49B0, 0x418F, 
    0x418F, 0x418F, 0x290B, 0x190A, 0x09CF, 0x0A53, 0x0A53, 0x0A53, 0x0A53, 0x0A74, 0x016B, 0x0020, 
    0x19CC, 0x118B, 0x00A5, 0x0000, 0x0129, 0x0232, 0x0A53, 0x0A53, 0x0A32, 0x0062, 0x00E7, 0x096B, 
    0x11AC, 0x0908, 0x1A4F, 0x094A, 0x0129, 0x096B, 0x00A5, 0x0129, 0x00C6, 0x00C5, 0x0042, 0x0212, 
    0x0A53, 0x0A33, 0x0A53, 0x0A53, 0x0A53, 0x0A53, 0x0A53, 0x0A53, 0x0A53, 0x0A53, 0x0A53, 0x0A53, 
    0x0A53, 0x0A53, 0x0A53, 0x0A33, 0x0A33, 0x0233, 0x0A33, 0x0A33, 0x0A33, 0x0A33, 0x0A53, 0x0A33, 
    0x0A33, 0x0A33, 0x0A33, 0x0A33, 0x0233, 0x0A33, 0x0A33, 0x0A33, 0x0A33, 0x0233, 0x0A33, 0x0A33, 
    0x0212, 0x0212, 0x0233, 0x0233, 0x0233, 0x0A33, 0x0A33, 0x0A33, 0x0A33, 0x0233, 0x0233, 0x0084, 
    0x00A5, 0x016B, 0x016B, 0x016B, 0x016B, 0x016B, 0x016B, 0x016B, 0x016B, 0x016B, 0x018C, 0x122F, 
    0x09AD, 0x016B, 0x016B, 0x09EE, 0x018C, 0x016B, 0x018C, 0x018C, 0x016B, 0x016B, 0x016C, 0x018C, 
    0x018C, 0x018C, 0x016B, 0x0129, 0x00E7, 0x00C6, 0x00A4, 0x0063, 0x0062, 0x0861, 0x0861, 0x1082, 
    0x10A2, 0x1082, 0x10A2, 0x10A2, 0x1082, 0x0861, 0x0862, 0x1082, 0x10A2, 0x10A2, 0x4207, 0x4207, 
    0x0882, 0x0862, 0x0128, 0x014A, 0x0042, 0x01F1, 0x0233, 0x0233, 0x0254, 0x09CF, 0x1909, 0x396D, 
    0x41AF, 0x49B0, 0x49B0, 0x41B0, 0x394E, 0x20EA, 0x18E9, 0x110A, 0x092A, 0x01F0, 0x0233, 0x0233, 
    0x0233, 0x0212, 0x0043, 0x7244, 0xD428, 0xCC08, 0xCC08, 0xC3E8, 0xCC08, 0xCC08, 0xCC08, 0xC3C7, 
    0x8A84, 0x0020, 0x0020, 0x28C1, 0x69E3, 0x62EA, 0x8C2F, 0x51E4, 0xC3C7, 0xB387, 0xAB67, 0xB3A7, 
    0xCC28, 0xCC08, 0xCC08, 0xCC08, 0xCC08, 0xCC08, 0xCC08, 0xCBE8, 0xC3C7, 0xC3E7, 0xC3E7, 0xC3C7, 
    0xCBE8, 0xCC08, 0xCC08, 0xCC08, 0xCC08, 0xCC08, 0xCC08, 0xCC08, 0xC3E7, 0xCBE7, 0xA347, 0x92E6, 
    0x9B06, 0xBBC8, 0xA347, 0x49C5, 0x5247, 0x61C3, 0x8264, 0x1061, 0x0021, 0x4963, 0xAB26, 0xCC08, 
    0xC408, 0xC408, 0xCC08, 0xCC08, 0xCC08, 0xCC08, 0xBB86, 0x4962, 0x0086, 0x0213, 0x0233, 0x0233, 
    0x0232, 0x0233, 0x0A12, 0x094C, 0x210B, 0x290B, 0x292D, 0x314D, 0x418F, 0x41B0, 0x418F, 0x396D, 
    0x314D, 0x292C, 0x18C8, 0x096C, 0x0253, 0x0232, 0x0232, 0x0A33, 0x0A33, 0x09CF, 0x0063, 0x1169, 
    0x11AC, 0x00A5, 0x0041, 0x0084, 0x01F0, 0x0232, 0x0232, 0x0212, 0x0211, 0x0042, 0x0084, 0x0108, 
    0x096A, 0x0928, 0x1A4F, 0x094A, 0x0129, 0x096B, 0x00C7, 0x0129, 0x00A5, 0x0062, 0x0021, 0x0212, 
    0x0233, 0x0233, 0x0212, 0x0233, 0x0233, 0x0233, 0x0A33, 0x0A33, 0x0A32, 0x0A32, 0x0A32, 0x0232, 
    0x0233, 0x0233, 0x0A33, 0x0A33, 0x0233, 0x0233, 0x0232, 0x0A33, 0x0A33, 0x0A33, 0x0A33, 0x0A33, 
    0x0A33, 0x0A53, 0x0A33, 0x0A33, 0x0A33, 0x0A33, 0x0A33, 0x0A53, 0x0A33, 0x0A33, 0x0A33, 0x0233, 
    0x0233, 0x0A33, 0x0A53, 0x0A53, 0x0A53, 0x0A53, 0x0A53, 0x0A53, 0x0A53, 0x0A53, 0x0A53, 0x0084, 
    0x00A5, 0x016B, 0x016B, 0x016B, 0x016B, 0x016B, 0x016B, 0x016B, 0x016B, 0x016B, 0x018C, 0x122F, 
    0x018C, 0x014A, 0x016B, 0x09AD, 0x018C, 0x016C, 0x016C, 0x016B, 0x014A, 0x0129, 0x0129, 0x0128, 
    0x00E7, 0x00A5, 0x0063, 0x0042, 0x0861, 0x0882, 0x10A2, 0x10A2, 0x10A3, 0x1082, 0x0882, 0x0882, 
    0x0882, 0x10A3, 0x18C3, 0x2124, 0x18E3, 0x5247, 0x6B0A, 0x9C6F, 0x4207, 0x5A88, 0xACCF, 0xB531, 
    0x39C6, 0x0841, 0x0129, 0x014A, 0x0042, 0x0A11, 0x0A53, 0x0A53, 0x0A53, 0x0A32, 0x0909, 0x210A, 
    0x396E, 0x418F, 0x398F, 0x398F, 0x312D, 0x18C8, 0x096C, 0x0254, 0x0A53, 0x0A53, 0x0A53, 0x0A53, 
    0x0A53, 0x0232, 0x0043, 0x7A64, 0xD448, 0xCC08, 0xCC08, 0xCBE8, 0xCC08, 0xCC08, 0xC3E8, 0xCBE8, 
    0xA326, 0x1881, 0x0020, 0x20A1, 0x8A84, 0x59A3, 0x49A4, 0xA326, 0xAB46, 0x0861, 0x0841, 0x1881, 
    0x9B26, 0xB386, 0xC3C7, 0xC3E8, 0xC408, 0xCC28, 0xCBE8, 0xC3C7, 0xC3E8, 0xC3E7, 0xC3E8, 0xCC08, 
    0xC3E8, 0xC3E8, 0xCC08, 0xCC08, 0xC3E8, 0xC408, 0xCC08, 0xC3E7, 0xA326, 0xA326, 0x3102, 0x0000, 
    0x0020, 0x6A45, 0xD448, 0x92C5, 0x8A64, 0xA2E5, 0x8264, 0x1060, 0x0020, 0x4962, 0xB366, 0xC3E8, 
    0xC3E8, 0xC408, 0xCC28, 0xCC28, 0xC408, 0xC3E8, 0xB366, 0x4961, 0x0086, 0x0253, 0x0253, 0x0A53, 
    0x0A33, 0x0A53, 0x0253, 0x0274, 0x114C, 0x10E9, 0x190A, 0x210B, 0x398F, 0x418F, 0x314D, 0x210A, 
    0x18E9, 0x10E9, 0x098E, 0x0253, 0x0A53, 0x0A53, 0x0A33, 0x0A53, 0x0A53, 0x01AE, 0x0021, 0x0928, 
    0x00E7, 0x0063, 0x0084, 0x0A32, 0x0A32, 0x0A53, 0x0A53, 0x0A53, 0x016C, 0x0041, 0x1081, 0x0042, 
    0x0085, 0x00C6, 0x116A, 0x00E7, 0x0107, 0x0108, 0x00A6, 0x0085, 0x0042, 0x0861, 0x1082, 0x00C7, 
    0x0232, 0x0A53, 0x0A33, 0x0A53, 0x0A53, 0x0A53, 0x0A53, 0x0A53, 0x0A53, 0x0A53, 0x0A53, 0x0A33, 
    0x0233, 0x0233, 0x0233, 0x0233, 0x0213, 0x0233, 0x0A33, 0x0A33, 0x0A33, 0x0A33, 0x0A33, 0x0A33, 
    0x0233, 0x0A33, 0x0233, 0x0233, 0x0213, 0x0233, 0x0A32, 0x0A33, 0x0233, 0x0233, 0x0233, 0x0232, 
    0x0A33, 0x0A33, 0x0233, 0x0A33, 0x0233, 0x0A33, 0x0A33, 0x0A53, 0x0A53, 0x0A33, 0x0A33, 0x0084, 
    0x00C5, 0x016B, 0x016B, 0x016B, 0x016B, 0x016B, 0x016B, 0x018C, 0x016B, 0x016B, 0x018C, 0x122F, 
    0x018C, 0x014A, 0x016B, 0x09AC, 0x0129, 0x00E6, 0x00A5, 0x0084, 0x0062, 0x0861, 0x0041, 0x0861, 
    0x1082, 0x1082, 0x1082, 0x1082, 0x0882, 0x10A3, 0x10C3, 0x10A2, 0x10A2, 0x18E3, 0x3185, 0x3185, 
    0x3185, 0x5269, 0x18C3, 0xA490, 0x4207, 0x9C6E, 0xBD52, 0x732B, 0x2965, 0xACD0, 0x2103, 0x39A6, 
    0x2104, 0x0882, 0x014A, 0x014B, 0x0042, 0x0A11, 0x0A53, 0x0A53, 0x0A53, 0x0A53, 0x0A33, 0x10E9, 
    0x20E9, 0x292C, 0x314E, 0x396F, 0x20EA, 0x112B, 0x0A31, 0x0A33, 0x0A33, 0x0A33, 0x0A33, 0x0233, 
    0x0253, 0x0253, 0x0064, 0x6A24, 0xCC08, 0xCC28, 0xCC08, 0xC3E7, 0xCBE8, 0xC3E7, 0xCC08, 0xCC08, 
    0xC3E8, 0x9284, 0x28C1, 0x2081, 0x92A4, 0xA305, 0xB387, 0xCBE8, 0xAB67, 0x1061, 0x0000, 0x0000, 
    0x0000, 0x51A3, 0xC3E7, 0xCC08, 0xCC28, 0xCC08, 0xCC07, 0xC3E7, 0xCC08, 0xCC08, 0xC3E8, 0xC3E7, 
    0xCBE8, 0xC3E7, 0xC3E7, 0xC408, 0xCC28, 0xCC08, 0xC3E8, 0xAB67, 0x1061, 0x0000, 0x0000, 0x0000, 
    0x0020, 0x7265, 0xCC08, 0xCC08, 0xB386, 0x92A4, 0x8AA4, 0x1060, 0x4921, 0x9AC5, 0xD428, 0xCBE8, 
    0xCC08, 0xCBE8, 0xCC08, 0xCC08, 0xC3E7, 0xBBA7, 0x9AE4, 0x4142, 0x00C7, 0x0A53, 0x0A53, 0x0A53, 
    0x0A53, 0x0233, 0x0253, 0x0A53, 0x0A53, 0x0233, 0x09F0, 0x10C8, 0x292C, 0x312D, 0x20E9, 0x08E8, 
    0x09CF, 0x0A32, 0x0A53, 0x0A53, 0x0A53, 0x0A53, 0x0A53, 0x0A33, 0x0A33, 0x0233, 0x0108, 0x0021, 
    0x0021, 0x0063, 0x01F0, 0x0253, 0x0232, 0x0232, 0x0233, 0x0211, 0x08A4, 0x6B2A, 0x734C, 0x4A07, 
    0x0861, 0x0841, 0x0000, 0x0000, 0x0020, 0x0041, 0x0020, 0x1081, 0x3186, 0x4228, 0x5269, 0x0841, 
    0x014B, 0x0A53, 0x0A33, 0x0A33, 0x0A33, 0x0233, 0x0A33, 0x0233, 0x0A33, 0x0A53, 0x0A53, 0x0A53, 
    0x0A53, 0x0A53, 0x0A53, 0x0A53, 0x0A53, 0x0A53, 0x0A53, 0x0A53, 0x0A53, 0x0A53, 0x0A53, 0x0A53, 
    0x0A53, 0x0A53, 0x0A53, 0x0A53, 0x0A53, 0x0A53, 0x0A53, 0x0A53, 0x0A53, 0x0A53, 0x0A53, 0x0253, 
    0x0232, 0x0232, 0x0232, 0x0232, 0x0213, 0x0233, 0x0232, 0x0232, 0x0233, 0x0232, 0x0A32, 0x0084, 
    0x00C6, 0x016B, 0x016B, 0x016B, 0x016B, 0x016B, 0x016B, 0x018C, 0x016B, 0x016B, 0x018C, 0x122F, 
    0x01AC, 0x016B, 0x0108, 0x0862, 0x0882, 0x0861, 0x0861, 0x0882, 0x10A2, 0x1082, 0x0861, 0x0882, 
    0x10A2, 0x10A3, 0x10A2, 0x0882, 0x3185, 0x18E3, 0x2965, 0x6B0B, 0x39A6, 0xB4F1, 0xB531, 0x7B6B, 
    0x5A89, 0xACF1, 0x2104, 0xA4B0, 0x2965, 0x1082, 0xA48F, 0x3165, 0x10A2, 0xB4F0, 0x4A07, 0x0021, 
    0x0862, 0x0882, 0x014A, 0x016B, 0x0042, 0x01F0, 0x0A33, 0x0A32, 0x0232, 0x0232, 0x0233, 0x01F1, 
    0x08E9, 0x1086, 0x20C9, 0x314E, 0x418F, 0x2109, 0x10C7, 0x092A, 0x0254, 0x0233, 0x0212, 0x0212, 
    0x0233, 0x0233, 0x0212, 0x0907, 0x61E3, 0xD428, 0xCBE7, 0xC3C7, 0xCBE8, 0xCBE8, 0xCC28, 0xCC49, 
    0xC408, 0xB366, 0x28E1, 0x1860, 0x8A84, 0xB387, 0xCC09, 0xCC29, 0xCC29, 0x7A85, 0x0020, 0x0000, 
    0x0021, 0x0861, 0x1081, 0x7A85, 0xBBC7, 0xCC28, 0xCC08, 0xC3E7, 0xCC08, 0xCC28, 0xCC08, 0xC3E7, 
    0xC3E8, 0xC3E8, 0xC3E8, 0xC3E8, 0xCC28, 0xCC08, 0x59C3, 0x1061, 0x0041, 0x0020, 0x0000, 0x0020, 
    0x61E4, 0xCC08, 0xCC08, 0xC3E8, 0xBB87, 0x92C5, 0x7A23, 0x0840, 0x61A2, 0xBBA7, 0xCC28, 0xCC08, 
    0xCC08, 0xCC08, 0xCC08, 0xCC08, 0xC3E8, 0x9AE5, 0x30E1, 0x092A, 0x0212, 0x0212, 0x0212, 0x0232, 
    0x0233, 0x0233, 0x0233, 0x0232, 0x0212, 0x0232, 0x0232, 0x09F0, 0x10C8, 0x312C, 0x394D, 0x1108, 
    0x0A33, 0x0232, 0x0232, 0x0232, 0x0232, 0x0232, 0x0232, 0x0212, 0x0232, 0x0232, 0x0212, 0x09F0, 
    0x01F0, 0x01F1, 0x0212, 0x0212, 0x0232, 0x0A32, 0x0233, 0x018D, 0x1061, 0x944F, 0xBD73, 0xACF1, 
    0x83CD, 0x83CD, 0x6B2B, 0x62CA, 0x5ACA, 0x62EA, 0x62EA, 0x83CD, 0x8BEE, 0x736D, 0x5289, 0x3186, 
    0x0042, 0x0A11, 0x0233, 0x0212, 0x0212, 0x0232, 0x0232, 0x0233, 0x0A33, 0x0A33, 0x0A33, 0x0233, 
    0x0A33, 0x0A33, 0x0232, 0x0212, 0x0232, 0x0233, 0x0233, 0x0233, 0x0233, 0x0A32, 0x0232, 0x0232, 
    0x0232, 0x0232, 0x0232, 0x0233, 0x0233, 0x0212, 0x0232, 0x0212, 0x0212, 0x0212, 0x0212, 0x0212, 
    0x0A53, 0x0A53, 0x0A53, 0x0A53, 0x0A33, 0x0A33, 0x0A53, 0x0A33, 0x0A33, 0x0A33, 0x0A33, 0x0084, 
    0x00A5, 0x016B, 0x016B, 0x014B, 0x016B, 0x016B, 0x016B, 0x016B, 0x016B, 0x016B, 0x018C, 0x0A0F, 
    0x01AD, 0x016B, 0x0883, 0x1082, 0x10A2, 0x0041, 0x0041, 0x10A2, 0x10A2, 0x2124, 0x4A27, 0x2924, 
    0x0882, 0x83AD, 0x2965, 0x1082, 0xA48F, 0x3185, 0x39A6, 0x9C6F, 0x4A07, 0x9C6F, 0x18C3, 0x0861, 
    0x5268, 0xC593, 0x39C6, 0x9C4E, 0x2945, 0x10A2, 0xA4B0, 0x39A6, 0x0021, 0x5A88, 0xBD52, 0x7B8C, 
    0x10C3, 0x0882, 0x014A, 0x014B, 0x0042, 0x01F0, 0x0A53, 0x0A53, 0x0A53, 0x0A53, 0x0A53, 0x0253, 
    0x01D0, 0x098E, 0x116D, 0x18E9, 0x396D, 0x49AE, 0x396C, 0x294C, 0x116D, 0x0A53, 0x0A53, 0x0A33, 
    0x0A33, 0x0A53, 0x0A95, 0x00E8, 0x4942, 0xC3C7, 0xC3C7, 0xC3E7, 0xCBE7, 0xC3E8, 0xCC08, 0xCC08, 
    0xC3C8, 0xBB87, 0x30E2, 0x2080, 0x7223, 0xBB87, 0xC408, 0xC408, 0xC3E8, 0xC3C7, 0xA347, 0x69E3, 
    0x0861, 0x0020, 0x0021, 0x0041, 0x20A1, 0x7244, 0xCC08, 0xCC08, 0xCC08, 0xCBE8, 0xC3E8, 0xC3E8, 
    0xC3E7, 0xC3C7, 0xC3E8, 0xCC08, 0x59E4, 0x28E2, 0x0861, 0x0020, 0x0021, 0x0021, 0x6204, 0xB3A7, 
    0xC3C7, 0xCC08, 0xCC08, 0xCC08, 0xB386, 0x8A84, 0x4122, 0x0000, 0x7223, 0xCBE7, 0xCBE7, 0xCBE8, 
    0xC3E7, 0xC3E7, 0xCC08, 0xCC08, 0xC3E8, 0x92C4, 0x2080, 0x012A, 0x0A53, 0x0A33, 0x0A33, 0x0A33, 
    0x0A53, 0x0A53, 0x0253, 0x0A33, 0x0A32, 0x0A33, 0x0A53, 0x0A52, 0x096C, 0x314D, 0x49AF, 0x314B, 
    0x116C, 0x0A12, 0x0A33, 0x0A33, 0x0A53, 0x0A53, 0x0A53, 0x0A53, 0x0A33, 0x0A32, 0x0A53, 0x0A53, 
    0x0A53, 0x0A53, 0x0A33, 0x0A32, 0x0A33, 0x0A53, 0x0A53, 0x018E, 0x0861, 0x7BAD, 0x9C90, 0xACD0, 
    0xB511, 0xB511, 0xB532, 0xB531, 0xB511, 0xB511, 0xA4B0, 0x83CD, 0x630B, 0x528A, 0x4A49, 0x4228, 
    0x18C3, 0x0108, 0x0233, 0x0233, 0x0232, 0x0A33, 0x0A53, 0x0A53, 0x0A53, 0x0A53, 0x0A53, 0x0A53, 
    0x0A53, 0x0A33, 0x0A33, 0x0A53, 0x0A53, 0x0A33, 0x0A33, 0x0A33, 0x0A33, 0x0A53, 0x0A53, 0x0A33, 
    0x0A33, 0x0A33, 0x0A53, 0x0A53, 0x0A53, 0x0A53, 0x0A53, 0x0A33, 0x0A33, 0x0A33, 0x0A33, 0x0232, 
    0x0212, 0x0232, 0x0233, 0x0232, 0x0232, 0x0232, 0x0232, 0x0212, 0x0212, 0x0212, 0x0212, 0x0064, 
    0x00A5, 0x016B, 0x016B, 0x014B, 0x016B, 0x016B, 0x016B, 0x016B, 0x014B, 0x016B, 0x01AC, 0x0A2F, 
    0x01CD, 0x016B, 0x0863, 0x0882, 0x10A2, 0x62EA, 0x7B8C, 0x18E3, 0x10A2, 0x8BED, 0xB4F0, 0x944E, 
    0x20E3, 0xACD0, 0x31A6, 0x10A3, 0xA48F, 0x2944, 0x3185, 0x9C4F, 0x4A48, 0x944E, 0x1904, 0x10A2, 
    0x4A27, 0xC592, 0x9C6E, 0xA48F, 0x2124, 0x0882, 0xACF1, 0x41E7, 0x0861, 0x0021, 0x3185, 0xB511, 
    0x4A48, 0x0862, 0x0129, 0x012A, 0x0022, 0x01CF, 0x0233, 0x0233, 0x0233, 0x0232, 0x0232, 0x0233, 
    0x0233, 0x0254, 0x09CF, 0x10A6, 0x314C, 0x51F0, 0x51F0, 0x41AE, 0x10E9, 0x0A32, 0x0A33, 0x0A32, 
    0x0232, 0x0212, 0x01F1, 0x00A6, 0x4121, 0xB366, 0xC3E8, 0xCC08, 0xCBE8, 0xCBE7, 0xC3E7, 0xC3E7, 
    0xC3C7, 0xBBA7, 0x8264, 0x4121, 0x3102, 0xC3C7, 0xC3E7, 0xC3E7, 0xC3E7, 0xC3E7, 0xCC08, 0xBBC8, 
    0xAB67, 0x59C3, 0x0841, 0x0020, 0x0000, 0x0840, 0x7245, 0xBBC7, 0xCC08, 0xC3C7, 0xC3A7, 0xC3C7, 
    0xC3E8, 0xC3E7, 0xB387, 0x6A44, 0x1081, 0x0000, 0x0041, 0x18A1, 0x3102, 0x9B26, 0xBBE8, 0xD428, 
    0xCC08, 0xC3E8, 0xC3E8, 0xCC08, 0xBB86, 0x8264, 0x0820, 0x5982, 0xA305, 0xCC07, 0xCC08, 0xCBE7, 
    0xC3E7, 0xC3E7, 0xCBE8, 0xCC08, 0xC3C7, 0x92A4, 0x2080, 0x00C7, 0x01F0, 0x0211, 0x0A32, 0x0232, 
    0x0212, 0x0232, 0x0232, 0x0A32, 0x0A32, 0x0212, 0x0211, 0x098D, 0x114B, 0x49D0, 0x51D0, 0x418E, 
    0x18C8, 0x09AF, 0x0232, 0x0A32, 0x0232, 0x0A32, 0x0A32, 0x0A32, 0x0A32, 0x0232, 0x0212, 0x0A32, 
    0x0A32, 0x0233, 0x0232, 0x0232, 0x0A32, 0x0232, 0x0233, 0x01CF, 0x0862, 0x4207, 0x83CD, 0xA4D0, 
    0xBD31, 0xA4AF, 0xA490, 0xA4B0, 0x9C90, 0x9C8F, 0x9C6F, 0x736C, 0x5AAA, 0x4A49, 0x4A49, 0x52AA, 
    0x39C7, 0x0020, 0x018D, 0x0212, 0x0212, 0x0212, 0x0212, 0x0232, 0x0A32, 0x0A32, 0x0232, 0x0A32, 
    0x0A32, 0x0212, 0x0232, 0x0232, 0x0232, 0x0212, 0x0212, 0x0212, 0x0212, 0x0212, 0x0212, 0x0212, 
    0x0232, 0x0232, 0x0233, 0x0233, 0x0A33, 0x0A33, 0x0A32, 0x0A32, 0x0A32, 0x0A32, 0x0232, 0x0232, 
    0x0A53, 0x0A53, 0x0A53, 0x0A53, 0x0A53, 0x0A53, 0x0A33, 0x0A33, 0x0A53, 0x0A33, 0x0232, 0x0084, 
    0x00A5, 0x016B, 0x014B, 0x016B, 0x016B, 0x016B, 0x016B, 0x016B, 0x016B, 0x016B, 0x01AC, 0x1250, 
    0x09CD, 0x014B, 0x0862, 0x0862, 0x62EA, 0xA48F, 0x9C8F, 0x7B8C, 0x4A27, 0x83CD, 0x0862, 0xACAF, 
    0x3165, 0xA4B0, 0x31A6, 0x10A3, 0xA48F, 0x2924, 0x3165, 0x944E, 0x4A27, 0xCDB4, 0xC593, 0x31A6, 
    0x4A27, 0xA4AF, 0xB511, 0xBD52, 0x2104, 0x0862, 0xA4D0, 0x4207, 0x10A2, 0x39C6, 0x0041, 0x9C4E, 
    0x5289, 0x0862, 0x0129, 0x012A, 0x0042, 0x01F0, 0x0A53, 0x0A53, 0x0A53, 0x0A53, 0x0A53, 0x0A32, 
    0x0253, 0x09F1, 0x1929, 0x394B, 0x51F0, 0x49D0, 0x418F, 0x312C, 0x10E9, 0x0A32, 0x0A53, 0x0A53, 
    0x0A53, 0x0A11, 0x0063, 0x0000, 0x0820, 0x4962, 0xCC08, 0xCC08, 0xCC28, 0xCBE8, 0xCBE7, 0xC3E7, 
    0xC3E8, 0xC408, 0xB346, 0x5182, 0x30E1, 0xC3A7, 0xC3C7, 0xC3C7, 0xC3E8, 0xC408, 0xD449, 0xD469, 
    0x92E6, 0x6A24, 0x28E2, 0x0000, 0x0020, 0x0021, 0x0020, 0xA346, 0xCC08, 0xC3E7, 0xC3C7, 0xC3C7, 
    0xC3E8, 0xCC28, 0xA346, 0x0020, 0x0000, 0x0020, 0x0041, 0x51C3, 0x7264, 0xC3C7, 0xD449, 0xCC28, 
    0xCC08, 0xCC08, 0xC3E8, 0xCBE7, 0xBB86, 0x8A84, 0x1061, 0x8A63, 0xBBC7, 0xCC28, 0xCC08, 0xCC08, 
    0xCC08, 0xCC08, 0xC3E7, 0xCC08, 0xA2E5, 0x20A1, 0x0020, 0x0000, 0x0021, 0x09F0, 0x0A74, 0x0A53, 
    0x0A33, 0x0A32, 0x0A33, 0x0A53, 0x0A53, 0x0A53, 0x09AE, 0x20C7, 0x5A10, 0x51CF, 0x396E, 0x290B, 
    0x10A7, 0x09F1, 0x0A53, 0x0A53, 0x0A53, 0x0A33, 0x0A53, 0x0A53, 0x0A53, 0x0A33, 0x0A33, 0x0A53, 
    0x0A53, 0x0A53, 0x0A53, 0x0233, 0x0232, 0x0232, 0x0233, 0x0254, 0x01CF, 0x0000, 0x4207, 0x83CD, 
    0xACF1, 0x7BAD, 0x7BAD, 0x7BAD, 0x7B8D, 0x83CD, 0x944F, 0x9470, 0x738D, 0x62EB, 0x5269, 0x5269, 
    0x5269, 0x20E3, 0x00A5, 0x0233, 0x0233, 0x0A33, 0x0A53, 0x0A53, 0x0A53, 0x0A53, 0x0A53, 0x0A53, 
    0x0A53, 0x0A33, 0x0A33, 0x0A53, 0x0A53, 0x0A53, 0x0A53, 0x0A33, 0x0A33, 0x0A32, 0x0A32, 0x0A33, 
    0x0233, 0x0A53, 0x0A53, 0x0A53, 0x0A53, 0x0A53, 0x0A53, 0x0A53, 0x0A53, 0x0A33, 0x0A33, 0x0A32, 
    0x0232, 0x0233, 0x0232, 0x0A32, 0x0A32, 0x0A32, 0x0A33, 0x0233, 0x0233, 0x0232, 0x0232, 0x0084, 
    0x00A5, 0x016B, 0x014B, 0x016B, 0x016B, 0x016B, 0x016B, 0x016B, 0x016B, 0x016B, 0x01AD, 0x1250, 
    0x09CD, 0x014A, 0x0062, 0x0882, 0xACD0, 0x4207, 0x10A2, 0x2103, 0x5248, 0x83AC, 0x1082, 0xA4B0, 
    0x3185, 0xA4B0, 0x3185, 0x0862, 0x940D, 0x5AA9, 0x6B0A, 0x62E9, 0x4207, 0xA4B0, 0x31A6, 0x10C3, 
    0x5A89, 0x83AC, 0x83CD, 0xC593, 0x2945, 0x0861, 0xA4B0, 0x39C6, 0x18C3, 0xB511, 0x942E, 0x9C2D, 
    0x2124, 0x0882, 0x0129, 0x0129, 0x0042, 0x0211, 0x0A33, 0x0A33, 0x0A33, 0x0233, 0x0A33, 0x0233, 
    0x09AE, 0x292B, 0x51F0, 0x5A11, 0x49AF, 0x314D, 0x210A, 0x18E9, 0x09F0, 0x0A32, 0x0A32, 0x0A52, 
    0x00C6, 0x0083, 0x08E7, 0x08E7, 0x0063, 0x20A1, 0xA305, 0xCC08, 0xCC08, 0xCC08, 0xCBE7, 0xCBE7, 
    0xC3E8, 0xCC08, 0xA305, 0x4962, 0x28E1, 0xBBA7, 0xC408, 0xC3E8, 0xCC08, 0xD428, 0x8AE6, 0x4983, 
    0x1061, 0x0000, 0x0041, 0x0021, 0x0000, 0x3102, 0x9B26, 0xC3C7, 0xC3C7, 0xC3E7, 0xCC08, 0xCC08, 
    0xCBE8, 0xC3E7, 0xC3C8, 0x92E6, 0x28E2, 0x0021, 0x0041, 0x0000, 0x0000, 0x3102, 0x49A3, 0xBBA7, 
    0xD449, 0xCC08, 0xC3E8, 0xCC08, 0xBB86, 0x8264, 0x1061, 0x9AA4, 0xC3E8, 0xCC08, 0xC3E7, 0xC3E7, 
    0xCC08, 0xCC29, 0xCC08, 0xBB87, 0x7A23, 0x1040, 0x0084, 0x1106, 0x10C4, 0x0083, 0x0907, 0x0A33, 
    0x0232, 0x0A32, 0x0A32, 0x0A32, 0x0253, 0x09CF, 0x294B, 0x51EF, 0x418E, 0x20E9, 0x18C8, 0x18E9, 
    0x09CF, 0x0232, 0x0232, 0x0233, 0x0232, 0x0A32, 0x0A12, 0x0212, 0x0232, 0x0212, 0x0232, 0x0232, 
    0x0A32, 0x0A32, 0x0A33, 0x0233, 0x0232, 0x0212, 0x0212, 0x0233, 0x0252, 0x0042, 0x5A88, 0x940E, 
    0xACD0, 0x942F, 0x7BAD, 0x736C, 0x736C, 0x738D, 0x83CE, 0x946F, 0x9C70, 0x83EE, 0x6B2B, 0x5289, 
    0x5269, 0x4207, 0x18E3, 0x00E8, 0x0253, 0x0A33, 0x0233, 0x0232, 0x0232, 0x0232, 0x0A32, 0x0A33, 
    0x0A32, 0x0A32, 0x0232, 0x0212, 0x0212, 0x0232, 0x0A32, 0x0212, 0x0212, 0x0212, 0x0212, 0x0232, 
    0x0A32, 0x0A33, 0x0A32, 0x0A32, 0x0A33, 0x0A33, 0x0A33, 0x0A32, 0x0232, 0x0A12, 0x0212, 0x0212, 
    0x0A32, 0x0A32, 0x0A32, 0x0A32, 0x0A12, 0x0212, 0x0233, 0x0233, 0x0233, 0x0233, 0x0232, 0x0084, 
    0x00A5, 0x016B, 0x014B, 0x014B, 0x016B, 0x016B, 0x016B, 0x016B, 0x016B, 0x016B, 0x01AC, 0x1250, 
    0x09AD, 0x014A, 0x0882, 0x0882, 0x9C4E, 0x942E, 0x2964, 0x0000, 0x5248, 0x83AC, 0x10C3, 0xACF1, 
    0x39A6, 0xA4AF, 0x2944, 0x0021, 0x5AC9, 0x8C0E, 0x83CD, 0x41E7, 0x41E6, 0x8BED, 0x0020, 0x0862, 
    0x62EA, 0x83CD, 0x2945, 0xBD73, 0x3165, 0x0861, 0xACAF, 0x39A6, 0x0862, 0x41E7, 0x732B, 0x3185, 
    0x0882, 0x0882, 0x014A, 0x014A, 0x0042, 0x01F1, 0x0A33, 0x0A33, 0x0233, 0x0A33, 0x0253, 0x0253, 
    0x094B, 0x20C8, 0x396D, 0x49D1, 0x314D, 0x20E9, 0x10E9, 0x098E, 0x0253, 0x0A53, 0x018D, 0x00C6, 
    0x0042, 0x10E6, 0x196A, 0x08E6, 0x0042, 0x1880, 0x92A4, 0xB366, 0xCBE8, 0xCC08, 0xCC28, 0xCC08, 
    0xC3C7, 0xC3A7, 0x9AC4, 0x4942, 0x30E1, 0xCBE7, 0xCC28, 0xCC28, 0x92E5, 0x59C3, 0x1881, 0x0000, 
    0x0000, 0x0000, 0x0021, 0x51C4, 0x92E6, 0xC3C8, 0xCBE7, 0xC3C7, 0xC3E7, 0xC3E8, 0xCC08, 0xCC08, 
    0xCC08, 0xC3C7, 0xC3C7, 0xC3E8, 0xC408, 0x8AC6, 0x3942, 0x0000, 0x0000, 0x0021, 0x0001, 0x28E2, 
    0x59E4, 0xB3A7, 0xCC28, 0xCC29, 0xBBC7, 0x8243, 0x1040, 0x9284, 0xC3C7, 0xCBE7, 0xC3C7, 0xC3C7, 
    0xCC08, 0xCC49, 0xC3E8, 0xAB25, 0x69C2, 0x0840, 0x0041, 0x1127, 0x1969, 0x10C5, 0x0021, 0x00C7, 
    0x01F0, 0x0A33, 0x0A32, 0x0212, 0x09AE, 0x216C, 0x398D, 0x41AE, 0x28EA, 0x112B, 0x096C, 0x098E, 
    0x0253, 0x0233, 0x0232, 0x0233, 0x0233, 0x0233, 0x0233, 0x0232, 0x0212, 0x0232, 0x0232, 0x0232, 
    0x0233, 0x0233, 0x0233, 0x0233, 0x0233, 0x0233, 0x0212, 0x0212, 0x014B, 0x10A2, 0x7B8C, 0x9C6F, 
    0x9C6F, 0x7B8C, 0x6B2B, 0x6B0B, 0x6B4C, 0x6B2C, 0x630B, 0x6B2B, 0x8C2F, 0x9CB0, 0x8C0E, 0x630B, 
    0x52AA, 0x52AA, 0x3185, 0x0042, 0x01AE, 0x0A33, 0x0233, 0x0232, 0x0232, 0x0233, 0x0233, 0x0A33, 
    0x0A33, 0x0A33, 0x0A33, 0x0A33, 0x0233, 0x0233, 0x0233, 0x0233, 0x0232, 0x0212, 0x0212, 0x0232, 
    0x0A32, 0x0A12, 0x0A32, 0x0A33, 0x0A33, 0x0A33, 0x0A32, 0x0A32, 0x0232, 0x0A33, 0x0212, 0x0212, 
    0x0A53, 0x0A53, 0x0A53, 0x0A53, 0x0A33, 0x0A53, 0x0A33, 0x0A33, 0x0A53, 0x0A53, 0x0A33, 0x0084, 
    0x00A5, 0x016B, 0x016B, 0x014B, 0x014B, 0x016B, 0x016B, 0x016B, 0x016B, 0x016C, 0x018C, 0x122F, 
    0x09AD, 0x016B, 0x0883, 0x10A2, 0x2944, 0x9C6F, 0xBD51, 0x41E6, 0x5248, 0x83CD, 0x10C3, 0xACF1, 
    0x39A6, 0xA4AF, 0x2944, 0x0021, 0x3185, 0xB532, 0xACF1, 0x10A2, 0x4A07, 0xBD31, 0x8BED, 0x732B, 
    0x5AA9, 0x83AC, 0x0861, 0x6B2B, 0x2104, 0x0861, 0x2124, 0x10C3, 0x10A3, 0x0882, 0x0862, 0x0882, 
    0x0882, 0x0062, 0x016A, 0x016B, 0x0042, 0x01F1, 0x0A53, 0x0A53, 0x0A53, 0x0A53, 0x0A53, 0x0A53, 
    0x098D, 0x1109, 0x212A, 0x314D, 0x112B, 0x1109, 0x096C, 0x0A53, 0x0253, 0x09CF, 0x00C6, 0x0020, 
    0x10E6, 0x21CC, 0x1149, 0x0063, 0x20A1, 0x8A84, 0x9AC4, 0xA305, 0xBBA7, 0xCC08, 0xD429, 0xCBE8, 
    0xC3C7, 0xAB46, 0x9AA4, 0x4942, 0x3102, 0xCC08, 0xCC08, 0xCC08, 0x8285, 0x1881, 0x0000, 0x0000, 
    0x1061, 0x51A3, 0x82A6, 0xBBC7, 0xD449, 0xCC28, 0xC3E7, 0xC3C7, 0xCC08, 0xCC28, 0xCBE8, 0xCC08, 
    0xCC28, 0xCBE7, 0xC3C7, 0xCC08, 0xCC49, 0xD449, 0x9306, 0x59E4, 0x59E4, 0x0861, 0x0000, 0x0000, 
    0x1081, 0xB3C7, 0xD449, 0xCC49, 0xBBC7, 0x8243, 0x1040, 0x8243, 0xA305, 0xBB86, 0xC3E7, 0xCBE8, 
    0xCC08, 0xC3E8, 0xBB86, 0xA305, 0x8A84, 0x71E3, 0x2080, 0x08A5, 0x198A, 0x196A, 0x0883, 0x0020, 
    0x0129, 0x09CF, 0x0A33, 0x0A32, 0x114B, 0x292A, 0x318E, 0x194D, 0x110B, 0x09D0, 0x0233, 0x0253, 
    0x0233, 0x0233, 0x0233, 0x0233, 0x0233, 0x0233, 0x0A33, 0x0233, 0x0233, 0x0233, 0x0232, 0x0233, 
    0x0A33, 0x0A33, 0x0A53, 0x0A33, 0x0A53, 0x0253, 0x0253, 0x01CF, 0x0021, 0x5288, 0xA490, 0xACD0, 
    0x8C2F, 0x426B, 0x426B, 0x428A, 0x4A8B, 0x428B, 0x426A, 0x426B, 0x736D, 0x9C70, 0x9C90, 0x7BAD, 
    0x62EB, 0x5ACA, 0x5ACA, 0x2944, 0x00A6, 0x0A53, 0x0A33, 0x0A33, 0x0A33, 0x0A53, 0x0A53, 0x0A53, 
    0x0A53, 0x0A53, 0x0A53, 0x0A53, 0x0A53, 0x0A53, 0x0A33, 0x0233, 0x0A33, 0x0A53, 0x0A33, 0x0A33, 
    0x0A53, 0x0A53, 0x0A53, 0x0A53, 0x0A53, 0x0A33, 0x0A33, 0x0A33, 0x0A33, 0x0A33, 0x0A33, 0x0A33, 
    0x0233, 0x0A33, 0x0212, 0x0212, 0x0A32, 0x0A32, 0x0A12, 0x0212, 0x0212, 0x0212, 0x0212, 0x0084, 
    0x00A5, 0x016B, 0x016B, 0x016B, 0x016B, 0x016B, 0x016B, 0x016B, 0x016B, 0x016C, 0x018C, 0x1230, 
    0x09CD, 0x016B, 0x0883, 0x10A2, 0x0021, 0x0041, 0x6B2B, 0x942E, 0x5A89, 0x8BEE, 0x0862, 0xACF0, 
    0x3165, 0xACAF, 0x6B0A, 0x6B2B, 0x18C3, 0x8BED, 0x940D, 0x0041, 0x39C6, 0x8C0E, 0x734B, 0x39C6, 
    0x18C3, 0x2104, 0x10A3, 0x0862, 0x0882, 0x0882, 0x0841, 0x10A2, 0x10A2, 0x0862, 0x0041, 0x0063, 
    0x00A4, 0x0107, 0x01AC, 0x016A, 0x0042, 0x01F0, 0x0233, 0x0233, 0x0233, 0x0233, 0x0233, 0x0232, 
    0x0A53, 0x0A53, 0x11F0, 0x10C7, 0x096D, 0x0A32, 0x0A53, 0x0A11, 0x09F0, 0x0063, 0x0040, 0x08C5, 
    0x198B, 0x19AB, 0x1128, 0x0063, 0x28A0, 0xC3A6, 0xD428, 0xCC08, 0xAB04, 0xC3C7, 0xCC08, 0xC3C7, 
    0xBB87, 0x9284, 0x8243, 0x30E1, 0x28E1, 0xC3C7, 0xC3E7, 0xC3E7, 0xCC28, 0x92E6, 0x20A1, 0x20C1, 
    0x8AE6, 0xD428, 0xD428, 0xCC08, 0xC408, 0xCC29, 0xCC08, 0xC3C7, 0xBBC7, 0xC408, 0xBBC8, 0xBBA7, 
    0xBBC7, 0xC3E7, 0xCC08, 0xCC28, 0xCC08, 0xC3E8, 0xCC08, 0xD428, 0xC3E8, 0x3122, 0x20A1, 0x18A1, 
    0x7244, 0xD448, 0xCC28, 0xCC29, 0xBBA7, 0x7A43, 0x0840, 0x61A2, 0x7A03, 0xA305, 0xCC08, 0xC3E8, 
    0xC3E8, 0xA305, 0xAB46, 0xCC08, 0xCC08, 0x9AC4, 0x2080, 0x08A5, 0x196A, 0x198A, 0x196A, 0x08A3, 
    0x0020, 0x00C6, 0x0A12, 0x0A32, 0x098D, 0x10E9, 0x114B, 0x0273, 0x0274, 0x0253, 0x0253, 0x0233, 
    0x0233, 0x0233, 0x0233, 0x0233, 0x0A53, 0x0A53, 0x0A53, 0x0A53, 0x0233, 0x0233, 0x0233, 0x0233, 
    0x0233, 0x0233, 0x0233, 0x0232, 0x0233, 0x0232, 0x012A, 0x0062, 0x39A5, 0x942E, 0xA4B0, 0xACF1, 
    0x7BEF, 0x0A2F, 0x0A0E, 0x01CD, 0x016B, 0x0129, 0x0149, 0x1A2D, 0x4ACD, 0x7BAD, 0xA4B0, 0x8C2F, 
    0x6B4C, 0x5AAA, 0x62EB, 0x4207, 0x0882, 0x018D, 0x0233, 0x0232, 0x0233, 0x0A33, 0x0A32, 0x0A32, 
    0x0A32, 0x0A33, 0x0A33, 0x0233, 0x0233, 0x0212, 0x0212, 0x0212, 0x0233, 0x0A33, 0x0A32, 0x0232, 
    0x0232, 0x0A32, 0x0A12, 0x0233, 0x0212, 0x0212, 0x0212, 0x0212, 0x0212, 0x0233, 0x0232, 0x0212, 
    0x0A33, 0x0A53, 0x0A53, 0x0A53, 0x0A53, 0x0A53, 0x0A53, 0x0A53, 0x0A53, 0x0A33, 0x0A33, 0x0084, 
    0x00A5, 0x016B, 0x016B, 0x016B, 0x016B, 0x016B, 0x016B, 0x016B, 0x016B, 0x016B, 0x01AD, 0x1230, 
    0x01CD, 0x016B, 0x0883, 0x0882, 0x5A88, 0x2124, 0x5289, 0x942E, 0x4A27, 0xB511, 0x942E, 0x83AC, 
    0x10A2, 0x9C4E, 0xACF0, 0x942E, 0x1903, 0x2944, 0x2124, 0x10A3, 0x10A3, 0x0882, 0x0041, 0x0841, 
    0x0882, 0x10A2, 0x10A2, 0x0882, 0x0861, 0x0083, 0x00E6, 0x0928, 0x014A, 0x014A, 0x014A, 0x016B, 
    0x016B, 0x0129, 0x016B, 0x014A, 0x0042, 0x0A11, 0x0A53, 0x0A53, 0x0A53, 0x0A53, 0x0A53, 0x0A53, 
    0x0A53, 0x0A53, 0x0A33, 0x0A11, 0x0A11, 0x0A53, 0x0A74, 0x09CF, 0x0021, 0x0083, 0x08A4, 0x1107, 
    0x21EC, 0x21CC, 0x1949, 0x0907, 0x0020, 0x59C3, 0xD469, 0xCC29, 0xC3C7, 0xA2E5, 0x92C5, 0x9AC4, 
    0x9AA4, 0x8243, 0x28A1, 0x1040, 0x59A3, 0xBBA6, 0xBC09, 0xCCCC, 0xCC08, 0xCC08, 0xCC08, 0xCC08, 
    0xCC08, 0xCC08, 0xC3E8, 0xC3E8, 0xC3E8, 0xCC08, 0xCC08, 0xBBC7, 0x4942, 0x3922, 0x4122, 0x3922, 
    0x30E1, 0xB387, 0xCC29, 0xCC08, 0xC3E8, 0xC3E7, 0xCC08, 0xCC29, 0xC3E8, 0xBBA7, 0xBBC7, 0xC408, 
    0xC408, 0xC408, 0xC46B, 0xC3C7, 0xAB46, 0x8A64, 0x61A2, 0x0841, 0x69E3, 0xAAE4, 0xAB05, 0xA2E5, 
    0xB366, 0xBB87, 0xC3E7, 0xCC28, 0xCC28, 0x28E1, 0x0063, 0x1948, 0x21AB, 0x198A, 0x198B, 0x08C6, 
    0x08A5, 0x0062, 0x0042, 0x0A10, 0x0A12, 0x0A32, 0x0A32, 0x0A53, 0x0A53, 0x0A53, 0x0A53, 0x0A53, 
    0x0A53, 0x0A53, 0x0A53, 0x0A53, 0x0A53, 0x0A53, 0x0A53, 0x0A53, 0x0A33, 0x0A33, 0x0A33, 0x0A53, 
    0x0A53, 0x0A33, 0x0A53, 0x0A53, 0x016B, 0x0022, 0x18C3, 0x62C9, 0x942E, 0xACF1, 0xA490, 0xA48F, 
    0x5B4E, 0x1A90, 0x124F, 0x0A0E, 0x09ED, 0x09AB, 0x0149, 0x096A, 0x11ED, 0x42AC, 0xA4B0, 0x9470, 
    0x8C2F, 0x62EB, 0x52AA, 0x52AA, 0x2103, 0x00C7, 0x0A74, 0x0A53, 0x0A53, 0x0A53, 0x0A53, 0x0A53, 
    0x0A53, 0x0A53, 0x0A53, 0x0A53, 0x0A53, 0x0A53, 0x0A53, 0x0A53, 0x0A53, 0x0A53, 0x0A53, 0x0A53, 
    0x0A53, 0x0A53, 0x0A33, 0x0A53, 0x0A33, 0x0A33, 0x0A33, 0x0A33, 0x0A53, 0x0A53, 0x0A33, 0x0233, 
    0x0232, 0x0212, 0x0232, 0x0232, 0x0232, 0x0232, 0x0232, 0x0232, 0x0212, 0x0212, 0x0232, 0x0084, 
    0x00A5, 0x016B, 0x016B, 0x016B, 0x016B, 0x016B, 0x016B, 0x016B, 0x016B, 0x016C, 0x01AD, 0x0A30, 
    0x01AD, 0x014A, 0x0062, 0x0882, 0x940E, 0xB531, 0xACB0, 0x39A6, 0x0882, 0x62EA, 0x6AEA, 0x2104, 
    0x0862, 0x18E3, 0x10A3, 0x0882, 0x1082, 0x0862, 0x0882, 0x1082, 0x10A2, 0x0882, 0x0862, 0x0062, 
    0x00A4, 0x0907, 0x0949, 0x0149, 0x014A, 0x01AC, 0x01AD, 0x01AD, 0x018C, 0x018C, 0x018C, 0x018C, 
    0x016C, 0x0129, 0x016B, 0x014A, 0x0042, 0x01F1, 0x0233, 0x0233, 0x0232, 0x0A33, 0x0A33, 0x0A33, 
    0x0233, 0x0232, 0x0232, 0x0A12, 0x0A32, 0x0A53, 0x014A, 0x0084, 0x08C5, 0x1128, 0x08C5, 0x08C5, 
    0x196A, 0x198A, 0x21CB, 0x198A, 0x08C6, 0x18A1, 0xB3A7, 0xD408, 0xC3C7, 0x9AC5, 0x8A84, 0x92A4, 
    0x8A63, 0x71E2, 0x1860, 0x30C1, 0x9AC4, 0xAB46, 0xABA9, 0xC531, 0xC3E7, 0xCC08, 0xCC08, 0xCC08, 
    0xCC08, 0xC3C7, 0xC3C7, 0xCBE8, 0xCC08, 0xCC08, 0xC408, 0xC3E8, 0x7A44, 0x61A3, 0x69E3, 0x7203, 
    0x8285, 0xBBC7, 0xC3E8, 0xCC08, 0xCC08, 0xCC08, 0xCC08, 0xCC08, 0xC3E8, 0xC3E8, 0xC3E8, 0xCC08, 
    0xCC29, 0xC408, 0xBC8E, 0xB386, 0xAB46, 0x8A84, 0x8243, 0x0861, 0x20A1, 0x69C2, 0x9AC4, 0x9AC4, 
    0x9AC5, 0xBBA7, 0xCC07, 0xCC07, 0x7244, 0x0000, 0x1108, 0x21AB, 0x196A, 0x196A, 0x198A, 0x08C5, 
    0x08E6, 0x10E6, 0x08A4, 0x0084, 0x09F0, 0x0274, 0x0233, 0x0232, 0x0233, 0x0233, 0x0233, 0x0233, 
    0x0233, 0x0233, 0x0233, 0x0233, 0x0A32, 0x0A33, 0x0233, 0x0A32, 0x0A33, 0x0A33, 0x0A32, 0x0232, 
    0x0232, 0x0232, 0x016B, 0x0064, 0x18A2, 0x4A47, 0x7B6C, 0x9C6F, 0xB552, 0xA4D1, 0xA4AF, 0x73CF, 
    0x1A8F, 0x22D1, 0x0A2F, 0x0A0E, 0x0A2E, 0x122F, 0x0A0E, 0x0149, 0x014A, 0x1A0C, 0x532E, 0x9490, 
    0x9C91, 0x6B4C, 0x5AAA, 0x5AAA, 0x3185, 0x0041, 0x09AE, 0x0A53, 0x0233, 0x0232, 0x0232, 0x0233, 
    0x0233, 0x0A32, 0x0A32, 0x0232, 0x0232, 0x0232, 0x0232, 0x0233, 0x0A33, 0x0232, 0x0A32, 0x0233, 
    0x0213, 0x0213, 0x0212, 0x0212, 0x0212, 0x0212, 0x0232, 0x0212, 0x0232, 0x0233, 0x0232, 0x0232, 
    0x0A33, 0x0A33, 0x0A33, 0x0A33, 0x0A33, 0x0A33, 0x0A33, 0x0A33, 0x0A53, 0x0A33, 0x0233, 0x0084, 
    0x00A5, 0x016B, 0x016B, 0x016B, 0x016B, 0x016B, 0x016B, 0x016B, 0x016B, 0x016C, 0x01AD, 0x0A30, 
    0x01AD, 0x014A, 0x0862, 0x1082, 0x1904, 0x5248, 0x2944, 0x0862, 0x1082, 0x0841, 0x0041, 0x0882, 
    0x10A2, 0x1082, 0x0841, 0x0041, 0x0862, 0x08A4, 0x08C5, 0x00C6, 0x00E7, 0x014A, 0x018C, 0x018C, 
    0x018D, 0x01AD, 0x01AD, 0x01AD, 0x01AD, 0x018C, 0x016C, 0x018C, 0x018C, 0x018C, 0x018C, 0x018C, 
    0x018C, 0x0129, 0x016B, 0x0129, 0x0022, 0x01F1, 0x0A53, 0x0A53, 0x0A53, 0x0A53, 0x0A53, 0x0A53, 
    0x0A53, 0x0A33, 0x0A53, 0x0A53, 0x0A33, 0x014B, 0x0083, 0x0863, 0x1149, 0x21CC, 0x1107, 0x08A5, 
    0x1149, 0x196A, 0x19AB, 0x19AB, 0x1149, 0x0083, 0x4983, 0x7A44, 0xB346, 0x9AC4, 0x9284, 0x8243, 
    0x7A23, 0x1061, 0x0041, 0x3901, 0x9284, 0xA305, 0x9BCB, 0xD5D4, 0xA3A9, 0xC3C7, 0xCBE8, 0xCC08, 
    0xCC08, 0xC3C7, 0xC3E7, 0xCC28, 0xCC28, 0xCC28, 0xCC08, 0xCC08, 0xC3C7, 0xB346, 0xAB26, 0xAB46, 
    0xCC08, 0xCC08, 0xC3E8, 0xCC08, 0xCC28, 0xCC28, 0xCC08, 0xC3E7, 0xC408, 0xCC28, 0xC408, 0xC3E7, 
    0xC3C7, 0xBC09, 0xC552, 0xA388, 0xA305, 0x92A4, 0x5162, 0x0041, 0x0021, 0x20A1, 0x69C3, 0x8A64, 
    0x9AA4, 0xB346, 0xAB46, 0x6A24, 0x1061, 0x08A4, 0x198B, 0x19AB, 0x1969, 0x1949, 0x1928, 0x08C5, 
    0x1128, 0x198A, 0x1128, 0x0083, 0x00E7, 0x018D, 0x0A53, 0x0A53, 0x0A53, 0x0A53, 0x0A53, 0x0A53, 
    0x0A53, 0x0A53, 0x0A53, 0x0A53, 0x0A53, 0x0A53, 0x0A53, 0x0A53, 0x0A53, 0x0A53, 0x0A53, 0x0A53, 
    0x01F0, 0x00A6, 0x1082, 0x41C6, 0x83CD, 0xA48F, 0xACF1, 0xB531, 0xACD0, 0xA48F, 0x7BEF, 0x2AAF, 
    0x1270, 0x124F, 0x0A4F, 0x0A2F, 0x0A2F, 0x0A2F, 0x0A2F, 0x09CC, 0x0128, 0x09AC, 0x1A4F, 0x73CF, 
    0x9470, 0x83CD, 0x5ACA, 0x5ACA, 0x52AA, 0x10A2, 0x014A, 0x0A74, 0x0A53, 0x0A53, 0x0A53, 0x0A53, 
    0x0A53, 0x0A53, 0x0A53, 0x0A53, 0x0A53, 0x0A53, 0x0A53, 0x0A53, 0x0A53, 0x0A53, 0x0A53, 0x0253, 
    0x0A53, 0x0A53, 0x0A53, 0x0A53, 0x0A33, 0x0A53, 0x0A53, 0x0A53, 0x0A53, 0x0A53, 0x0A53, 0x0A53, 
    0x0212, 0x0212, 0x0212, 0x0232, 0x0A32, 0x0212, 0x0232, 0x0232, 0x0232, 0x0232, 0x0233, 0x0084, 
    0x00A5, 0x016B, 0x016B, 0x016B, 0x016B, 0x016B, 0x016B, 0x016B, 0x016B, 0x016B, 0x01AD, 0x0A2F, 
    0x09CD, 0x016B, 0x0062, 0x1082, 0x1082, 0x0861, 0x0862, 0x1082, 0x0862, 0x0841, 0x0041, 0x0862, 
    0x08A4, 0x08A4, 0x00C6, 0x0129, 0x016B, 0x01AD, 0x018C, 0x00E8, 0x0043, 0x0085, 0x016C, 0x018D, 
    0x016C, 0x016C, 0x016C, 0x018C, 0x018C, 0x018C, 0x018C, 0x018C, 0x018C, 0x018C, 0x018C, 0x018C, 
    0x016C, 0x0129, 0x016B, 0x0129, 0x0042, 0x01F0, 0x0232, 0x0232, 0x0A33, 0x0233, 0x0233, 0x0232, 
    0x0232, 0x0A32, 0x0A53, 0x0A10, 0x096B, 0x0042, 0x08A4, 0x1128, 0x198A, 0x21CC, 0x1948, 0x08C6, 
    0x1149, 0x198A, 0x196A, 0x198B, 0x198B, 0x1128, 0x0001, 0x28C1, 0x8244, 0x9AA4, 0x8A84, 0x7A03, 
    0x61A2, 0x0062, 0x0063, 0x28C1, 0x8223, 0x8263, 0x940E, 0xDE37, 0x834B, 0xA305, 0xCBE8, 0xC3E8, 
    0xC3E8, 0xC3C7, 0xC3E7, 0xCC28, 0xBBC8, 0xA347, 0xA347, 0xA347, 0xA367, 0xA367, 0xA346, 0xA367, 
    0xA367, 0xA367, 0xA367, 0xA367, 0xAB87, 0xC3E8, 0xCC08, 0xC3E7, 0xC3E8, 0xCC08, 0xC3E8, 0xC3E7, 
    0xA326, 0x9BEC, 0xD637, 0x8B6A, 0x8A63, 0x8263, 0x1860, 0x0042, 0x0084, 0x0041, 0x28A1, 0x71E3, 
    0x8A84, 0x8A63, 0x59A2, 0x0000, 0x0063, 0x19AB, 0x21AB, 0x198A, 0x196A, 0x1969, 0x08E6, 0x08C5, 
    0x1949, 0x21CC, 0x1949, 0x1107, 0x0041, 0x00A5, 0x09CF, 0x0A53, 0x0A53, 0x0A33, 0x0233, 0x0233, 
    0x0232, 0x0232, 0x0232, 0x0A32, 0x0A32, 0x0A12, 0x0A32, 0x0A32, 0x0A32, 0x0232, 0x0A53, 0x01AD, 
    0x0042, 0x18C2, 0x4A47, 0xA490, 0xACF1, 0xBD52, 0xB511, 0xA490, 0x944F, 0x6B8F, 0x228F, 0x124F, 
    0x124F, 0x1270, 0x0A4F, 0x0A2F, 0x0A2F, 0x0A2F, 0x0A0E, 0x09EE, 0x0129, 0x098B, 0x124F, 0x42CD, 
    0x8C0F, 0x8C0E, 0x6B2C, 0x5AEB, 0x62EB, 0x3165, 0x0084, 0x01F0, 0x0232, 0x0232, 0x0232, 0x0233, 
    0x0232, 0x0A32, 0x0A33, 0x0A33, 0x0233, 0x0233, 0x0233, 0x0233, 0x0233, 0x0A33, 0x0233, 0x0233, 
    0x0A33, 0x0A33, 0x0A33, 0x0A33, 0x0233, 0x0233, 0x0A32, 0x0A32, 0x0A33, 0x0233, 0x0233, 0x0232, 
    0x0232, 0x0232, 0x0233, 0x0A33, 0x0A33, 0x0A33, 0x0A33, 0x0A33, 0x0A53, 0x0A53, 0x0A53, 0x0084, 
    0x00A5, 0x016B, 0x014B, 0x016B, 0x016B, 0x016B, 0x016B, 0x016B, 0x016B, 0x016B, 0x01AC, 0x1250, 
    0x09CD, 0x016C, 0x00E6, 0x0041, 0x0862, 0x0083, 0x00E6, 0x0108, 0x0149, 0x016A, 0x096B, 0x098C, 
    0x09CD, 0x09AD, 0x01AD, 0x018C, 0x018C, 0x01AD, 0x0129, 0x1080, 0x7260, 0x59E0, 0x0041, 0x014A, 
    0x018C, 0x018C, 0x018C, 0x018C, 0x018C, 0x018C, 0x018C, 0x018C, 0x018C, 0x018C, 0x018C, 0x016C, 
    0x016C, 0x0129, 0x016B, 0x0129, 0x0042, 0x0211, 0x0233, 0x0A53, 0x0A53, 0x0A53, 0x0A53, 0x0A53, 
    0x0A53, 0x0A53, 0x0A53, 0x0108, 0x0000, 0x1106, 0x218A, 0x21EC, 0x21CB, 0x1969, 0x1969, 0x1128, 
    0x1107, 0x21CC, 0x198A, 0x116A, 0x196A, 0x116A, 0x0908, 0x0062, 0x0840, 0x7203, 0x8243, 0x4142, 
    0x0000, 0x0042, 0x00A4, 0x0042, 0x30E1, 0x8243, 0x62CA, 0xB553, 0x41E6, 0x92C5, 0xCC08, 0xC3E8, 
    0xC3E8, 0xC408, 0xCC08, 0xCC08, 0x7265, 0x0020, 0x0840, 0x0020, 0x0020, 0x0020, 0x0020, 0x0020, 
    0x0020, 0x0020, 0x0840, 0x0040, 0x0020, 0x92E6, 0xCC08, 0xCC08, 0xCC08, 0xC3E8, 0xC3E8, 0xCC08, 
    0x7A64, 0x736C, 0xBD94, 0x4A27, 0x8243, 0x69C2, 0x0000, 0x0084, 0x0884, 0x0041, 0x0000, 0x4101, 
    0x79E2, 0x28C1, 0x0000, 0x0884, 0x19AB, 0x198A, 0x196A, 0x196A, 0x196A, 0x196A, 0x08C5, 0x1127, 
    0x198A, 0x21AB, 0x21AB, 0x1949, 0x1128, 0x0883, 0x0042, 0x0A11, 0x0A53, 0x0A53, 0x0A33, 0x0233, 
    0x0233, 0x0A53, 0x0A53, 0x0A53, 0x0A53, 0x0A33, 0x0A53, 0x0A53, 0x0A53, 0x0A53, 0x012A, 0x0841, 
    0x41C6, 0x8BED, 0xACF1, 0xBD52, 0xB511, 0xACD0, 0xA4D1, 0x8451, 0x32F0, 0x1270, 0x126F, 0x124F, 
    0x1250, 0x1250, 0x0A2F, 0x0A2F, 0x0A2F, 0x0A0E, 0x0A0E, 0x018B, 0x0129, 0x096A, 0x120E, 0x11ED, 
    0x7BCF, 0x9C70, 0x8C0E, 0x5ACA, 0x5ACB, 0x5269, 0x10A2, 0x0109, 0x0253, 0x0233, 0x0233, 0x0A33, 
    0x0A33, 0x0A33, 0x0A33, 0x0A33, 0x0A33, 0x0233, 0x0233, 0x0233, 0x0233, 0x0233, 0x0233, 0x0233, 
    0x0A53, 0x0A53, 0x0A53, 0x0253, 0x0253, 0x0A53, 0x0A33, 0x0A53, 0x0A53, 0x0A53, 0x0A33, 0x0A33, 
    0x0212, 0x0212, 0x0233, 0x0233, 0x0233, 0x0233, 0x0233, 0x0233, 0x0233, 0x0233, 0x0233, 0x0084, 
    0x00A5, 0x016B, 0x016B, 0x016B, 0x016C, 0x016B, 0x016B, 0x016C, 0x016C, 0x016B, 0x01AC, 0x1250, 
    0x09CD, 0x016B, 0x018C, 0x09CD, 0x016B, 0x016B, 0x01AD, 0x01AD, 0x01AD, 0x01AD, 0x018C, 0x018C, 
    0x018C, 0x018C, 0x018C, 0x018C, 0x01AD, 0x014A, 0x0022, 0x8B00, 0xED01, 0xCC20, 0x82A0, 0x0021, 
    0x0109, 0x018C, 0x018C, 0x018C, 0x018C, 0x018C, 0x018C, 0x018C, 0x018C, 0x018C, 0x018C, 0x016C, 
    0x016C, 0x0129, 0x016B, 0x014A, 0x0042, 0x01F0, 0x0233, 0x0212, 0x0212, 0x0212, 0x0212, 0x0232, 
    0x0232, 0x0A53, 0x00E7, 0x0041, 0x1107, 0x29EC, 0x2A0D, 0x29EC, 0x198A, 0x196A, 0x198B, 0x1969, 
    0x08C6, 0x1149, 0x198A, 0x196A, 0x116A, 0x116A, 0x116A, 0x1149, 0x08C5, 0x1040, 0x1860, 0x0820, 
    0x0062, 0x0042, 0x0062, 0x0043, 0x28C1, 0x9AA3, 0x61E3, 0x39A5, 0x59E3, 0xBBA7, 0xCC08, 0xCC08, 
    0xC408, 0xCC29, 0xD449, 0x51A3, 0x0840, 0x0841, 0x0861, 0x0861, 0x0841, 0x0841, 0x0841, 0x0841, 
    0x0841, 0x1061, 0x1061, 0x1061, 0x0861, 0x1081, 0x6A45, 0xD469, 0xCC08, 0xC408, 0xC408, 0xCC08, 
    0xA326, 0x51E4, 0x4A68, 0x59C3, 0x8A43, 0x1880, 0x0083, 0x08C6, 0x0042, 0x0063, 0x0042, 0x0820, 
    0x1060, 0x10A4, 0x1128, 0x19AB, 0x198A, 0x196A, 0x196A, 0x196A, 0x1949, 0x1107, 0x08E7, 0x198A, 
    0x198A, 0x198A, 0x198A, 0x21CC, 0x198A, 0x1128, 0x08C5, 0x0042, 0x01CF, 0x0253, 0x0233, 0x0233, 
    0x0233, 0x0A33, 0x0A33, 0x0A33, 0x0A32, 0x0A32, 0x0A32, 0x0A33, 0x0A53, 0x014A, 0x10A2, 0x5248, 
    0xA4D0, 0xB532, 0xB532, 0xA490, 0x9C6F, 0x7C10, 0x430F, 0x1A4F, 0x0A50, 0x1270, 0x0A2F, 0x0A0F, 
    0x0A2F, 0x0A2F, 0x0A2F, 0x0A2F, 0x0A4F, 0x0A2F, 0x0A4F, 0x0A30, 0x018B, 0x0129, 0x09AC, 0x09ED, 
    0x4B2E, 0xA4B1, 0x8C4F, 0x630C, 0x5AAA, 0x5AAA, 0x18C2, 0x0109, 0x0253, 0x0233, 0x0233, 0x0233, 
    0x0A33, 0x0233, 0x0233, 0x0A33, 0x0A33, 0x0233, 0x0233, 0x0A33, 0x0A33, 0x0233, 0x0233, 0x0253, 
    0x0A53, 0x0A53, 0x0A53, 0x0A53, 0x0A53, 0x0A53, 0x0A33, 0x0A33, 0x0A33, 0x0233, 0x0233, 0x0233, 
    0x0212, 0x0232, 0x0233, 0x0233, 0x0A33, 0x0A33, 0x0A33, 0x0233, 0x0233, 0x0233, 0x0A33, 0x0084, 
    0x00A5, 0x016B, 0x016B, 0x016B, 0x016B, 0x016B, 0x016B, 0x016B, 0x016B, 0x016B, 0x01AC, 0x1250, 
    0x01CD, 0x016B, 0x016B, 0x09EE, 0x018C, 0x018C, 0x016C, 0x016C, 0x018C, 0x018C, 0x018C, 0x018C, 
    0x016C, 0x018C, 0x018C, 0x018D, 0x012A, 0x0041, 0x6220, 0xCC20, 0xC3E0, 0xBBA0, 0xB3A0, 0x7260, 
    0x0861, 0x00E8, 0x018D, 0x018C, 0x018C, 0x018C, 0x018C, 0x018C, 0x018C, 0x016C, 0x018C, 0x018C, 
    0x016C, 0x0129, 0x016C, 0x012A, 0x0022, 0x01F0, 0x0233, 0x0233, 0x0233, 0x0A33, 0x0A53, 0x0A53, 
    0x0A32, 0x00C6, 0x0063, 0x10E6, 0x21CB, 0x21CC, 0x21AB, 0x198A, 0x196A, 0x196A, 0x198B, 0x198A, 
    0x1128, 0x08C5, 0x1128, 0x194A, 0x196A, 0x196A, 0x196A, 0x198B, 0x116A, 0x08E7, 0x08C6, 0x08A5, 
    0x08C5, 0x0042, 0x0042, 0x0063, 0x1060, 0x5182, 0xAB25, 0x9B05, 0xB386, 0xC3E7, 0xC3E8, 0xC408, 
    0xC3E8, 0xCC28, 0x82A5, 0x0840, 0x0021, 0x1061, 0x1881, 0x1061, 0x1061, 0x1061, 0x1061, 0x1061, 
    0x1861, 0x1881, 0x1881, 0x1081, 0x1061, 0x0820, 0x1881, 0x8AC5, 0xD428, 0xC3E8, 0xC3E8, 0xC3E8, 
    0xBBA7, 0x92C5, 0x69E3, 0x8A64, 0x7A23, 0x0840, 0x08C5, 0x08C6, 0x0021, 0x0084, 0x08C5, 0x08C5, 
    0x0907, 0x1128, 0x196A, 0x198A, 0x196A, 0x196A, 0x196A, 0x1128, 0x08E7, 0x08C6, 0x196A, 0x198B, 
    0x198A, 0x198A, 0x198A, 0x198B, 0x198B, 0x1149, 0x1108, 0x08A4, 0x0063, 0x018D, 0x0A74, 0x0A53, 
    0x0253, 0x0A33, 0x0A53, 0x0A53, 0x0A53, 0x0A33, 0x0A32, 0x0A53, 0x016C, 0x10A2, 0x736B, 0xA4B0, 
    0xBD52, 0xACF1, 0xA4B0, 0x9470, 0x4B2F, 0x22B0, 0x22B0, 0x22B0, 0x2AD0, 0x2AD1, 0x22B0, 0x1A6F, 
    0x1A90, 0x1A6F, 0x1A6F, 0x1A6F, 0x126F, 0x0A4F, 0x1270, 0x1271, 0x0A0E, 0x098B, 0x09AB, 0x0A2F, 
    0x1A6F, 0x73CF, 0x9470, 0x7BAD, 0x4A69, 0x52AA, 0x3186, 0x10C4, 0x016C, 0x0254, 0x0A53, 0x0233, 
    0x0A33, 0x0233, 0x0A33, 0x0233, 0x0233, 0x0A33, 0x0A33, 0x0A53, 0x0233, 0x0233, 0x0233, 0x0A33, 
    0x0A53, 0x0A33, 0x0A53, 0x0A33, 0x0A53, 0x0A53, 0x0A33, 0x0A33, 0x0A33, 0x0233, 0x0233, 0x0233, 
    0x0233, 0x0A33, 0x0A33, 0x0A33, 0x0A33, 0x0A33, 0x0A33, 0x0A33, 0x0A33, 0x0A33, 0x0A33, 0x0084, 
    0x00A5, 0x016B, 0x016B, 0x016B, 0x016B, 0x016B, 0x016B, 0x016C, 0x016B, 0x016B, 0x01AD, 0x1250, 
    0x01AD, 0x016B, 0x016B, 0x09EE, 0x018C, 0x016C, 0x016C, 0x016C, 0x018C, 0x018C, 0x018C, 0x018C, 
    0x018C, 0x016C, 0x018C, 0x0129, 0x0042, 0x6200, 0xC400, 0xBBC0, 0xC3E0, 0xBBE0, 0xBBC0, 0xC3E0, 
    0x8AA0, 0x18A1, 0x00C7, 0x018C, 0x018C, 0x018C, 0x018C, 0x018C, 0x018C, 0x018C, 0x018C, 0x018C, 
    0x016C, 0x012A, 0x016B, 0x014A, 0x0022, 0x01F1, 0x0A53, 0x0A53, 0x0233, 0x0A33, 0x0A33, 0x0A32, 
    0x0107, 0x0062, 0x08C5, 0x198A, 0x29EC, 0x21AB, 0x198A, 0x196A, 0x196A, 0x198A, 0x198A, 0x196A, 
    0x196A, 0x10E6, 0x08C6, 0x1107, 0x1149, 0x196A, 0x196A, 0x198A, 0x198B, 0x114A, 0x1128, 0x1108, 
    0x08E6, 0x0041, 0x0083, 0x08A5, 0x0042, 0x18A1, 0xA2E4, 0xC3C7, 0xCBE7, 0xC3E8, 0xC408, 0xC3E8, 
    0xC3E8, 0xBBA7, 0x20C1, 0x0841, 0x1082, 0x1881, 0x2081, 0x30A2, 0x38C2, 0x38C2, 0x38C2, 0x38C2, 
    0x38C2, 0x30A2, 0x2081, 0x1882, 0x1882, 0x1061, 0x0020, 0x28E2, 0xCBE8, 0xC3E7, 0xC3C7, 0xC3E8, 
    0xC3C8, 0xC3E8, 0x9AA4, 0x8A43, 0x4101, 0x0041, 0x08C5, 0x08C6, 0x0042, 0x08A4, 0x0908, 0x1128, 
    0x1149, 0x1149, 0x198A, 0x198A, 0x196A, 0x194A, 0x1128, 0x08E6, 0x08C6, 0x1128, 0x198A, 0x198A, 
    0x198B, 0x198A, 0x198A, 0x196A, 0x198B, 0x198A, 0x1949, 0x1129, 0x0863, 0x00C6, 0x01CF, 0x0A53, 
    0x0A33, 0x0A53, 0x0A53, 0x0A53, 0x0A53, 0x0A33, 0x0A53, 0x0A11, 0x0062, 0x5268, 0x944E, 0xA4D1, 
    0x9C6F, 0x9C6F, 0x5B4E, 0x1A4E, 0x122E, 0x124F, 0x1A4F, 0x1A6F, 0x228F, 0x22B0, 0x22B0, 0x2AD0, 
    0x2AF0, 0x2AB0, 0x2AB0, 0x2290, 0x1A90, 0x1270, 0x22F1, 0x2AF0, 0x2AD0, 0x2AB0, 0x2AF0, 0x32F0, 
    0x126F, 0x532E, 0x944F, 0x83CE, 0x5289, 0x52AA, 0x52AA, 0x2103, 0x0109, 0x0A74, 0x0A53, 0x0A53, 
    0x0A53, 0x0A53, 0x0A53, 0x0A33, 0x0233, 0x0A53, 0x0A53, 0x0A53, 0x0A53, 0x0A53, 0x0A53, 0x0A33, 
    0x0A33, 0x0A33, 0x0A33, 0x0A53, 0x0A53, 0x0A53, 0x0A53, 0x0A33, 0x0A33, 0x0233, 0x0A33, 0x0A33, 
    0x0212, 0x0212, 0x0212, 0x0212, 0x0232, 0x0232, 0x0212, 0x0212, 0x0212, 0x0212, 0x0212, 0x0064, 
    0x00A5, 0x016B, 0x016B, 0x016B, 0x016B, 0x016B, 0x016B, 0x016C, 0x016B, 0x016C, 0x01AC, 0x122F, 
    0x09AD, 0x016B, 0x016B, 0x09EE, 0x018C, 0x016C, 0x016C, 0x016C, 0x018C, 0x018C, 0x018C, 0x018C, 
    0x018C, 0x018C, 0x014A, 0x0022, 0x6A40, 0xC3E0, 0x9B00, 0xBBC0, 0xBBE0, 0xC400, 0xB3A0, 0x6200, 
    0xA360, 0x9B20, 0x1080, 0x00A6, 0x018C, 0x018C, 0x016C, 0x016C, 0x016C, 0x018C, 0x018C, 0x018C, 
    0x018C, 0x012A, 0x016B, 0x0129, 0x0022, 0x01F1, 0x0233, 0x0212, 0x0212, 0x0212, 0x0232, 0x01AE, 
    0x0021, 0x08E6, 0x196A, 0x2A0C, 0x21EC, 0x198B, 0x196A, 0x196A, 0x198A, 0x198A, 0x196A, 0x196A, 
    0x196A, 0x198A, 0x08C6, 0x08C6, 0x1108, 0x1149, 0x114A, 0x116A, 0x1149, 0x0908, 0x0907, 0x0907, 
    0x08C5, 0x0021, 0x0084, 0x08E7, 0x00A5, 0x1081, 0x69C2, 0xAB25, 0xC3C7, 0xC408, 0xC3E8, 0xC3E7, 
    0xCC08, 0xAB67, 0x0840, 0x1081, 0x20A2, 0x30A2, 0x38C2, 0x5922, 0x6942, 0x6142, 0x6942, 0x6122, 
    0x6122, 0x6122, 0x5122, 0x30C2, 0x28A2, 0x1882, 0x0841, 0x20C1, 0xCC08, 0xCBE8, 0xC3C7, 0xC3E8, 
    0xC3C8, 0xAB66, 0x8A63, 0x61A2, 0x0000, 0x0063, 0x08C6, 0x08C6, 0x0042, 0x0063, 0x08E6, 0x08E7, 
    0x08E7, 0x0908, 0x1149, 0x196A, 0x196A, 0x1149, 0x08E7, 0x08C5, 0x1107, 0x198A, 0x196A, 0x198A, 
    0x198B, 0x198A, 0x198A, 0x198A, 0x196A, 0x198B, 0x198A, 0x1149, 0x1107, 0x0021, 0x00C7, 0x0233, 
    0x0232, 0x0233, 0x0233, 0x0232, 0x0232, 0x0232, 0x0233, 0x018D, 0x18C2, 0x944F, 0xA4B0, 0x9C6F, 
    0x83EE, 0x3A09, 0x014A, 0x018C, 0x01AD, 0x01CE, 0x01CE, 0x01CE, 0x09EE, 0x01CE, 0x01CD, 0x01CE, 
    0x01EE, 0x01EE, 0x09EE, 0x0A0E, 0x122F, 0x124F, 0x2290, 0x32AF, 0x2AAF, 0x32D0, 0x3AF0, 0x3B10, 
    0x1A4E, 0x42AC, 0x8C0E, 0x83EE, 0x5ACB, 0x52AA, 0x528A, 0x2103, 0x0109, 0x0233, 0x0233, 0x0233, 
    0x0233, 0x0A33, 0x0233, 0x0233, 0x0213, 0x0233, 0x0233, 0x0233, 0x0233, 0x0233, 0x0233, 0x0212, 
    0x0212, 0x0212, 0x0212, 0x0A33, 0x0A32, 0x0A32, 0x0232, 0x0232, 0x0212, 0x0233, 0x0232, 0x0212, 
    0x0A53, 0x0A53, 0x0A53, 0x0A53, 0x0A53, 0x0A53, 0x0A53, 0x0A53, 0x0A53, 0x0A53, 0x0A53, 0x0084, 
    0x00A5, 0x016B, 0x016B, 0x016B, 0x016B, 0x016B, 0x016B, 0x016B, 0x016B, 0x016B, 0x018C, 0x122F, 
    0x01AD, 0x016B, 0x014A, 0x09CD, 0x018C, 0x018C, 0x018C, 0x018C, 0x018C, 0x018D, 0x018C, 0x018C, 
    0x016C, 0x014A, 0x0022, 0x51C0, 0xBBC0, 0x3920, 0x0840, 0x82C0, 0xC3E0, 0xBBC0, 0x4981, 0x0001, 
    0x18A0, 0x9B40, 0x9B20, 0x1060, 0x00A6, 0x016C, 0x016C, 0x018C, 0x018C, 0x018C, 0x018C, 0x018C, 
    0x018C, 0x012A, 0x016B, 0x014A, 0x0022, 0x0211, 0x0A53, 0x0A53, 0x0A53, 0x0A53, 0x0A53, 0x0084, 
    0x08A5, 0x1969, 0x21AB, 0x21CC, 0x196A, 0x196A, 0x196A, 0x196A, 0x196A, 0x198A, 0x196A, 0x196A, 
    0x196A, 0x196A, 0x196A, 0x1107, 0x08C5, 0x08C6, 0x1108, 0x1108, 0x1108, 0x0907, 0x08E7, 0x08C5, 
    0x0041, 0x0041, 0x08C6, 0x08C6, 0x08A5, 0x0063, 0x0000, 0x69C2, 0xA305, 0xC3E8, 0xC3C7, 0xBBA7, 
    0xCC08, 0xAB87, 0x0840, 0x28A1, 0x38C2, 0x40E2, 0x6943, 0x7163, 0x7163, 0x6942, 0x6942, 0x6922, 
    0x6942, 0x7163, 0x7163, 0x5922, 0x28A1, 0x28A2, 0x1861, 0x20A1, 0xC3E8, 0xCC08, 0xC3C7, 0xC3A7, 
    0xB345, 0x8A43, 0x4921, 0x0020, 0x0062, 0x08A5, 0x08C6, 0x08C6, 0x0084, 0x0042, 0x0042, 0x08A5, 
    0x08E7, 0x0908, 0x0908, 0x1128, 0x1107, 0x08A5, 0x08C5, 0x1128, 0x196A, 0x196A, 0x198A, 0x198A, 
    0x198A, 0x198B, 0x196A, 0x196A, 0x198A, 0x196A, 0x196A, 0x1149, 0x1129, 0x0042, 0x0064, 0x0A52, 
    0x0A73, 0x0A73, 0x0A53, 0x0A53, 0x0A53, 0x0A53, 0x0A53, 0x0084, 0x39A6, 0xB533, 0xA4D1, 0x944F, 
    0x2986, 0x0042, 0x0862, 0x0883, 0x08A4, 0x08C5, 0x08C5, 0x00C6, 0x0107, 0x0108, 0x0129, 0x018B, 
    0x01AC, 0x01AC, 0x01CD, 0x01CD, 0x01AD, 0x01CD, 0x01CE, 0x01AD, 0x01AD, 0x01EE, 0x01CE, 0x01AC, 
    0x016B, 0x098A, 0x7BAD, 0x8C2F, 0x7BAD, 0x528A, 0x52AA, 0x2104, 0x0109, 0x0A54, 0x0A53, 0x0A53, 
    0x0A53, 0x0A53, 0x0A53, 0x0A53, 0x0A53, 0x0A53, 0x0A53, 0x0A53, 0x0A53, 0x0A53, 0x0A53, 0x0A53, 
    0x0A53, 0x0A53, 0x0A53, 0x0A53, 0x0A53, 0x0A53, 0x0A53, 0x0A53, 0x0A53, 0x0A53, 0x0A53, 0x0253, 
    0x0212, 0x0212, 0x0212, 0x0A12, 0x0A32, 0x0233, 0x0233, 0x0233, 0x0213, 0x0213, 0x0212, 0x0084, 
    0x00A5, 0x016B, 0x016B, 0x016B, 0x016B, 0x016B, 0x016B, 0x016B, 0x016B, 0x016B, 0x018C, 0x122F, 
    0x01CD, 0x016B, 0x014A, 0x09CD, 0x018C, 0x018C, 0x018C, 0x018C, 0x018C, 0x018C, 0x018C, 0x018C, 
    0x016B, 0x0022, 0x4160, 0xBBC0, 0x4980, 0x0001, 0x0021, 0x0861, 0x8AC0, 0x6200, 0x0021, 0x0841, 
    0x0021, 0x5A01, 0xCC00, 0x9B20, 0x20A0, 0x0064, 0x016B, 0x018C, 0x018C, 0x018C, 0x018C, 0x018C, 
    0x018C, 0x012A, 0x016B, 0x012A, 0x0022, 0x01F0, 0x0A33, 0x0A32, 0x0232, 0x0253, 0x01EF, 0x0042, 
    0x1107, 0x196A, 0x21AB, 0x116A, 0x196A, 0x196A, 0x196A, 0x198A, 0x196A, 0x196A, 0x196A, 0x196A, 
    0x196A, 0x196A, 0x196A, 0x196A, 0x1128, 0x08C6, 0x08A4, 0x08A4, 0x08A4, 0x08A4, 0x0063, 0x0042, 
    0x0041, 0x08C5, 0x08E7, 0x08E7, 0x08C6, 0x0084, 0x0062, 0x1040, 0x5182, 0xAB05, 0xC3E8, 0xC3C7, 
    0xCC28, 0xA367, 0x0000, 0x38C2, 0x5943, 0x5922, 0x0820, 0x1020, 0x1020, 0x0820, 0x0820, 0x0820, 
    0x0820, 0x1020, 0x1040, 0x1040, 0x6142, 0x4922, 0x2081, 0x1881, 0xC3C7, 0xCBE8, 0xBBA7, 0xA2E5, 
    0x8A43, 0x30C1, 0x0820, 0x0063, 0x00A5, 0x08E6, 0x0908, 0x08E7, 0x08E7, 0x08A4, 0x0021, 0x0021, 
    0x08A4, 0x08A5, 0x00A4, 0x08C5, 0x08A5, 0x08E6, 0x1128, 0x196A, 0x196A, 0x196A, 0x198A, 0x198A, 
    0x198A, 0x198A, 0x196A, 0x196A, 0x198A, 0x196A, 0x198A, 0x196A, 0x1149, 0x0907, 0x0884, 0x00C6, 
    0x0233, 0x0233, 0x0233, 0x0213, 0x0233, 0x0233, 0x01CF, 0x0862, 0x7B8D, 0xAD32, 0x9C90, 0x62EA, 
    0x0041, 0x18C3, 0x2103, 0x0882, 0x10A3, 0x10A2, 0x0862, 0x0020, 0x0020, 0x0841, 0x0041, 0x0862, 
    0x08A3, 0x0883, 0x08A3, 0x0063, 0x0062, 0x0883, 0x08A4, 0x08A4, 0x08C4, 0x08E6, 0x0108, 0x0107, 
    0x0107, 0x0928, 0x738D, 0x944F, 0x83EE, 0x52AA, 0x52AA, 0x2103, 0x00E8, 0x0233, 0x0232, 0x0233, 
    0x0233, 0x0233, 0x0232, 0x0212, 0x0212, 0x0212, 0x0233, 0x0233, 0x0233, 0x0233, 0x0233, 0x0233, 
    0x0233, 0x0233, 0x0233, 0x0212, 0x0233, 0x0233, 0x0212, 0x0212, 0x0213, 0x0213, 0x0213, 0x0212, 
    0x0233, 0x0233, 0x0A33, 0x0A33, 0x0A33, 0x0233, 0x0233, 0x0233, 0x0233, 0x0233, 0x0232, 0x0084, 
    0x00A5, 0x016B, 0x014B, 0x016B, 0x016B, 0x016B, 0x016B, 0x016B, 0x016C, 0x016C, 0x018C, 0x1230, 
    0x09CD, 0x016B, 0x014A, 0x09CD, 0x018D, 0x018C, 0x018C, 0x018D, 0x018C, 0x018C, 0x018C, 0x018C, 
    0x0084, 0x3940, 0xB3C0, 0xC3C0, 0x28E0, 0x0021, 0x0041, 0x0021, 0x1060, 0x0841, 0x0041, 0x0021, 
    0x10A1, 0xA360, 0xBBE0, 0xBBC0, 0xA340, 0x20C0, 0x0063, 0x016B, 0x018C, 0x018C, 0x018C, 0x018C, 
    0x018C, 0x012A, 0x016B, 0x012A, 0x0042, 0x01F1, 0x0A33, 0x0A32, 0x0233, 0x0232, 0x00C6, 0x0884, 
    0x1128, 0x198A, 0x198B, 0x196A, 0x196A, 0x196A, 0x196A, 0x198A, 0x196A, 0x196A, 0x196A, 0x196A, 
    0x196A, 0x196A, 0x196A, 0x116A, 0x1149, 0x1129, 0x08E6, 0x08C5, 0x08A5, 0x08C5, 0x0041, 0x0021, 
    0x08A4, 0x08E6, 0x08E7, 0x08E7, 0x08E7, 0x08A5, 0x00A5, 0x0021, 0x1880, 0x4941, 0x92A4, 0xAB45, 
    0xC3E7, 0xBBC7, 0x59C3, 0x1840, 0x2061, 0x2081, 0x6204, 0x6A04, 0x6224, 0x6A24, 0x6A44, 0x6A44, 
    0x6A24, 0x6224, 0x6A24, 0x4983, 0x2081, 0x2081, 0x28E2, 0x8285, 0xC3A6, 0xB366, 0xAB05, 0x61A2, 
    0x30C1, 0x0020, 0x0042, 0x08A4, 0x08C6, 0x0908, 0x0908, 0x0907, 0x08E7, 0x08C6, 0x0063, 0x0000, 
    0x0084, 0x08C5, 0x08C5, 0x08C6, 0x08E7, 0x114A, 0x196A, 0x196A, 0x196A, 0x198A, 0x198A, 0x198A, 
    0x198A, 0x198A, 0x198A, 0x196A, 0x198A, 0x198A, 0x198A, 0x198B, 0x1149, 0x1129, 0x0884, 0x0084, 
    0x0233, 0x0A33, 0x0A33, 0x0233, 0x0233, 0x0254, 0x01AF, 0x1082, 0x944F, 0xACF1, 0x7BEF, 0x0906, 
    0x10A2, 0x942E, 0xB511, 0x4207, 0x7BAD, 0x18C3, 0x2124, 0x83AC, 0x7B8C, 0x18C3, 0x2965, 0x4207, 
    0x10A3, 0x3185, 0x10C3, 0x18E3, 0x0861, 0x10A2, 0x0861, 0x0861, 0x0861, 0x0861, 0x1082, 0x0841, 
    0x0021, 0x0841, 0x3186, 0x944F, 0x8C0F, 0x52AA, 0x52AA, 0x2103, 0x00E9, 0x0233, 0x0233, 0x0A33, 
    0x0233, 0x0233, 0x0233, 0x0233, 0x0233, 0x0A33, 0x0A33, 0x0233, 0x0233, 0x0233, 0x0233, 0x0A33, 
    0x0A33, 0x0A33, 0x0233, 0x0A33, 0x0A33, 0x0A33, 0x0A33, 0x0A33, 0x0A33, 0x0A33, 0x0233, 0x0232, 
    0x0233, 0x0233, 0x0A33, 0x0233, 0x0A33, 0x0A33, 0x0253, 0x0233, 0x0233, 0x0233, 0x0232, 0x0084, 
    0x00C5, 0x016B, 0x014B, 0x016B, 0x016B, 0x016B, 0x016B, 0x016B, 0x016B, 0x016B, 0x018C, 0x0A2F, 
    0x01AD, 0x014B, 0x014A, 0x09AD, 0x018C, 0x018C, 0x018C, 0x018C, 0x018C, 0x018C, 0x016C, 0x00A6, 
    0x28E0, 0xB3A0, 0xC3E0, 0xBBC0, 0x8AC0, 0x18A0, 0x0021, 0x0041, 0x0041, 0x0041, 0x0041, 0x0861, 
    0x8AC0, 0xCC00, 0xBBC0, 0xB3A0, 0xBBC0, 0x9B20, 0x28A0, 0x00A6, 0x018D, 0x018C, 0x018C, 0x018C, 
    0x018C, 0x0129, 0x016B, 0x014A, 0x0042, 0x0211, 0x0A53, 0x0A53, 0x0A53, 0x0A11, 0x0041, 0x10E7, 
    0x1949, 0x19AB, 0x196A, 0x116A, 0x196A, 0x196A, 0x116A, 0x196A, 0x196A, 0x196A, 0x116A, 0x196A, 
    0x196A, 0x196A, 0x1149, 0x1149, 0x1129, 0x1128, 0x0908, 0x0907, 0x08E7, 0x08A5, 0x0062, 0x0063, 
    0x08C6, 0x08E6, 0x08E7, 0x08E7, 0x08E7, 0x08C5, 0x08A5, 0x00A5, 0x0042, 0x0841, 0x5982, 0x69E2, 
    0x9AE5, 0xB366, 0xAB66, 0x4163, 0x3922, 0x4983, 0xCC08, 0xD428, 0xD428, 0xD428, 0xD428, 0xD428, 
    0xD428, 0xCC08, 0xCC28, 0xAB66, 0x3922, 0x3942, 0x6203, 0xBB86, 0xA305, 0x6A03, 0x61A2, 0x28C1, 
    0x0021, 0x0042, 0x08A5, 0x08C5, 0x08C6, 0x0908, 0x0908, 0x0908, 0x0907, 0x08C6, 0x0884, 0x0041, 
    0x0063, 0x08C6, 0x08E7, 0x08E7, 0x0908, 0x1149, 0x114A, 0x116A, 0x196A, 0x196A, 0x196A, 0x196A, 
    0x198A, 0x198A, 0x198B, 0x198A, 0x198A, 0x196A, 0x196A, 0x196A, 0x1149, 0x1149, 0x08A4, 0x0084, 
    0x0233, 0x0A53, 0x0A53, 0x0A53, 0x0A53, 0x0A54, 0x01CF, 0x1082, 0x942F, 0xA4F1, 0x6B6E, 0x0085, 
    0x31A5, 0x8C0D, 0x4207, 0x5AA9, 0x9C90, 0x10C3, 0x39A6, 0xB511, 0x62EA, 0x2924, 0x942E, 0xACD0, 
    0x2965, 0x9C6F, 0x3165, 0x8BED, 0x5268, 0xB511, 0x83CD, 0x4A27, 0x9C6F, 0x6B0A, 0x0882, 0x4A27, 
    0x5AA9, 0x10A2, 0x2104, 0x8C2F, 0x83EE, 0x528A, 0x52AA, 0x2124, 0x0109, 0x0254, 0x0233, 0x0A33, 
    0x0A33, 0x0A33, 0x0A33, 0x0A33, 0x0A33, 0x0A53, 0x0A33, 0x0253, 0x0A33, 0x0A33, 0x0233, 0x0233, 
    0x0A33, 0x0A53, 0x0A33, 0x0A33, 0x0A33, 0x0A33, 0x0A33, 0x0A33, 0x0A53, 0x0253, 0x0233, 0x0233, 
    0x0212, 0x0212, 0x0212, 0x0212, 0x0212, 0x0212, 0x0212, 0x0212, 0x0212, 0x0212, 0x0212, 0x0063, 
    0x00C5, 0x016B, 0x016B, 0x016B, 0x016B, 0x016B, 0x016C, 0x016B, 0x016C, 0x016B, 0x018C, 0x0A30, 
    0x01AD, 0x014B, 0x016B, 0x01AD, 0x018C, 0x018C, 0x016C, 0x018C, 0x018C, 0x016C, 0x00E7, 0x20A0, 
    0xAB60, 0xBBA0, 0xBBC0, 0xBBC0, 0xBBC0, 0xAB60, 0x20C0, 0x0041, 0x0041, 0x0061, 0x0041, 0x6220, 
    0xCC00, 0xBBC0, 0xBBC0, 0xBBE0, 0xBBC0, 0xAB60, 0x28C0, 0x00A6, 0x018D, 0x018C, 0x018C, 0x018C, 
    0x016C, 0x0129, 0x016B, 0x014A, 0x0022, 0x01F0, 0x0212, 0x0212, 0x0233, 0x0211, 0x0042, 0x1128, 
    0x198A, 0x19AB, 0x196A, 0x116A, 0x116A, 0x116A, 0x116A, 0x196A, 0x196A, 0x196A, 0x196A, 0x196A, 
    0x196A, 0x114A, 0x1129, 0x1129, 0x1128, 0x0907, 0x0907, 0x08E7, 0x08A5, 0x0041, 0x0084, 0x08A5, 
    0x08C5, 0x08E7, 0x0908, 0x0908, 0x0907, 0x08E7, 0x08C5, 0x08C5, 0x08A5, 0x00A4, 0x0021, 0x0000, 
    0x4941, 0x69C2, 0x8243, 0xAB46, 0xC3E7, 0xC3E7, 0xBBC7, 0xBBC7, 0xBBC7, 0xBBC7, 0xC3C7, 0xC3C7, 
    0xBBA7, 0xBB86, 0xBBA7, 0xBBA7, 0xC3E7, 0xBBA6, 0x92A4, 0x71E2, 0x71C2, 0x0820, 0x0000, 0x0042, 
    0x08C5, 0x08A5, 0x08A5, 0x08C6, 0x08E7, 0x0908, 0x1128, 0x1149, 0x0908, 0x08C6, 0x08A5, 0x08C5, 
    0x0041, 0x0063, 0x08C5, 0x0908, 0x0908, 0x1108, 0x1149, 0x116A, 0x116A, 0x196A, 0x196A, 0x196A, 
    0x196A, 0x198A, 0x198B, 0x196A, 0x196A, 0x196A, 0x196A, 0x196A, 0x1149, 0x1149, 0x08A4, 0x0064, 
    0x0213, 0x0233, 0x0233, 0x0232, 0x0233, 0x0233, 0x01AE, 0x1082, 0x944F, 0x9CB1, 0x634E, 0x0085, 
    0x39A6, 0x8C0E, 0x0862, 0x18C3, 0x9C6F, 0x10A2, 0x39C6, 0x9C6F, 0x1082, 0x2965, 0x736B, 0x62C9, 
    0x5248, 0xA4AF, 0x6B0A, 0x8C0E, 0x6B0B, 0x736C, 0x18C3, 0x6B0A, 0x7B6B, 0x944E, 0x5268, 0x944E, 
    0x944F, 0x5269, 0x1904, 0x8C0E, 0x83EE, 0x52AA, 0x52AA, 0x2124, 0x00E9, 0x0233, 0x0212, 0x0212, 
    0x0212, 0x0232, 0x0212, 0x0212, 0x0212, 0x0212, 0x0212, 0x0212, 0x0212, 0x0212, 0x0212, 0x0212, 
    0x0212, 0x0212, 0x0232, 0x0212, 0x0212, 0x0212, 0x0212, 0x0212, 0x0213, 0x0213, 0x0212, 0x0212, 
    0x0A53, 0x0A53, 0x0A53, 0x0A53, 0x0A53, 0x0A53, 0x0A53, 0x0A53, 0x0253, 0x0233, 0x0253, 0x0084, 
    0x00A5, 0x016B, 0x016B, 0x016B, 0x016B, 0x016C, 0x016C, 0x016C, 0x018C, 0x016C, 0x018C, 0x1230, 
    0x09CD, 0x016B, 0x016B, 0x09CE, 0x018C, 0x018C, 0x018C, 0x016C, 0x016C, 0x012A, 0x1061, 0xAB80, 
    0xC3E0, 0xBBC0, 0xBBC0, 0xBBC0, 0xC3E0, 0xC400, 0x4160, 0x0021, 0x0041, 0x0041, 0x0041, 0x0861, 
    0x7240, 0xC3C0, 0xBBE0, 0xC400, 0xBBE0, 0x4960, 0x0064, 0x016B, 0x018C, 0x018C, 0x018C, 0x016C, 
    0x016C, 0x0129, 0x016B, 0x014A, 0x0042, 0x0A11, 0x0A53, 0x0A53, 0x0A73, 0x0A32, 0x0042, 0x1107, 
    0x196A, 0x196A, 0x196A, 0x196A, 0x196A, 0x196A, 0x196A, 0x196A, 0x196A, 0x196A, 0x196A, 0x1969, 
    0x1149, 0x1149, 0x1128, 0x1108, 0x0908, 0x0907, 0x08E7, 0x08C5, 0x0020, 0x0083, 0x08C6, 0x08A5, 
    0x08A4, 0x08E7, 0x0928, 0x1128, 0x1108, 0x1108, 0x1108, 0x08C6, 0x0084, 0x00A5, 0x00C6, 0x00A5, 
    0x0020, 0x0820, 0x0000, 0x4942, 0x9284, 0x9284, 0x9284, 0x9AA4, 0x92A4, 0x9284, 0x92A4, 0x92A4, 
    0x9284, 0x9283, 0x9284, 0x8A84, 0x8243, 0x8243, 0x2081, 0x0840, 0x0861, 0x0083, 0x08C6, 0x08C6, 
    0x08C6, 0x08A5, 0x00A5, 0x08E7, 0x1128, 0x1129, 0x1129, 0x1149, 0x1128, 0x08C5, 0x0884, 0x08E6, 
    0x08A5, 0x0020, 0x0063, 0x0907, 0x1108, 0x1108, 0x1128, 0x1128, 0x1129, 0x196A, 0x196A, 0x196A, 
    0x196A, 0x198A, 0x198A, 0x198A, 0x196A, 0x198A, 0x196A, 0x116A, 0x1149, 0x114A, 0x08A4, 0x0064, 
    0x0233, 0x0233, 0x0A53, 0x0A53, 0x0A53, 0x0253, 0x01CF, 0x1082, 0x9470, 0x9CB1, 0x6B8E, 0x00A6, 
    0x39E6, 0x942E, 0x0041, 0x10A2, 0x944E, 0x1082, 0x39C6, 0xCDB3, 0x8BED, 0x4A48, 0x8BEE, 0x6B0A, 
    0x6B2B, 0xA48E, 0xACF0, 0x9C6F, 0x6B0A, 0x9C90, 0x3185, 0x6AEA, 0x5268, 0x7B8C, 0x62EA, 0x83ED, 
    0x10C3, 0x2125, 0x2104, 0x8C0F, 0x83EE, 0x528A, 0x52AA, 0x2124, 0x0109, 0x0A54, 0x0A53, 0x0253, 
    0x0253, 0x0A53, 0x0A53, 0x0A33, 0x0A33, 0x0A33, 0x0A33, 0x0A33, 0x0A33, 0x0A33, 0x0233, 0x0A53, 
    0x0A53, 0x0A53, 0x0A53, 0x0A53, 0x0A53, 0x0A53, 0x0A53, 0x0253, 0x0253, 0x0253, 0x0233, 0x0233, 
    0x0232, 0x0A33, 0x0A33, 0x0A32, 0x0A33, 0x0233, 0x0A32, 0x0212, 0x0212, 0x0212, 0x0212, 0x0084, 
    0x00A5, 0x014B, 0x016B, 0x016B, 0x016B, 0x016B, 0x016B, 0x016B, 0x016C, 0x016B, 0x018C, 0x0A2F, 
    0x01AC, 0x014B, 0x014B, 0x01AD, 0x018C, 0x018C, 0x018C, 0x018C, 0x016C, 0x012A, 0x0840, 0x8AC0, 
    0xC3E0, 0xC3E0, 0xBBC0, 0xBBC0, 0xBBE0, 0x51C0, 0x0021, 0x0041, 0x0041, 0x0021, 0x0041, 0x0041, 
    0x0021, 0x6A20, 0xC3E0, 0xBBE0, 0x51C0, 0x0042, 0x016B, 0x018C, 0x018C, 0x018C, 0x018C, 0x016C, 
    0x016C, 0x0129, 0x016B, 0x014A, 0x0042, 0x0211, 0x0233, 0x0232, 0x0233, 0x01F1, 0x0021, 0x1107, 
    0x1169, 0x116A, 0x196A, 0x196A, 0x196A, 0x196A, 0x196A, 0x116A, 0x116A, 0x116A, 0x1149, 0x1149, 
    0x1129, 0x1128, 0x1108, 0x0907, 0x08E7, 0x08E7, 0x08C5, 0x0041, 0x0063, 0x08A5, 0x08C6, 0x08A5, 
    0x0063, 0x08C6, 0x1128, 0x1129, 0x1108, 0x0907, 0x1129, 0x1128, 0x08C6, 0x0084, 0x08C5, 0x08E6, 
    0x08C5, 0x08A5, 0x08A5, 0x1081, 0x2080, 0x20A0, 0x20A1, 0x28C1, 0x28C1, 0x20A1, 0x20A0, 0x20A0, 
    0x20A1, 0x28C1, 0x28C1, 0x20A1, 0x2080, 0x2080, 0x0883, 0x08C6, 0x08C6, 0x08E7, 0x0907, 0x08E6, 
    0x08A5, 0x08C6, 0x0907, 0x0908, 0x1129, 0x1129, 0x1128, 0x1149, 0x0928, 0x08A4, 0x0042, 0x08E6, 
    0x08E6, 0x0084, 0x0021, 0x08A5, 0x0908, 0x1128, 0x1128, 0x1128, 0x1128, 0x1149, 0x114A, 0x196A, 
    0x198A, 0x196A, 0x196A, 0x196A, 0x196A, 0x196A, 0x1969, 0x1149, 0x1128, 0x1129, 0x0884, 0x0064, 
    0x0233, 0x0233, 0x0A33, 0x0A33, 0x0A32, 0x0233, 0x01AF, 0x1082, 0x9C70, 0x9CB1, 0x6B8E, 0x00C6, 
    0x31A6, 0x9C6F, 0x5AA9, 0x5268, 0x942E, 0x10A2, 0x39C7, 0x942E, 0x0861, 0x4A28, 0xC572, 0xBD52, 
    0x6B0A, 0x942E, 0xA4B0, 0xACF1, 0x62C9, 0x9C8F, 0x39C6, 0x62EA, 0xC572, 0x83CD, 0x10C3, 0x83AD, 
    0x7B6B, 0x0862, 0x2104, 0x8C0F, 0x83EE, 0x528A, 0x52AA, 0x2104, 0x0109, 0x0254, 0x0232, 0x0233, 
    0x0232, 0x0232, 0x0232, 0x0212, 0x0212, 0x0232, 0x0A12, 0x0212, 0x0A32, 0x0A12, 0x0232, 0x0A32, 
    0x0A32, 0x0A32, 0x0A32, 0x0A32, 0x0A32, 0x0A33, 0x0232, 0x0232, 0x0232, 0x0232, 0x0232, 0x0232, 
    0x0233, 0x0233, 0x0A33, 0x0A33, 0x0A33, 0x0A33, 0x0A32, 0x0A32, 0x0A32, 0x0A32, 0x0A32, 0x0084, 
    0x00A5, 0x014B, 0x014B, 0x016B, 0x016B, 0x016B, 0x016B, 0x016B, 0x016B, 0x016B, 0x018C, 0x0A0F, 
    0x018C, 0x014A, 0x014B, 0x01AD, 0x018C, 0x018C, 0x018C, 0x018C, 0x018C, 0x016B, 0x00A5, 0x0020, 
    0x7A80, 0xC3E0, 0xC3C0, 0xC3E0, 0x6200, 0x0021, 0x0041, 0x0021, 0x28E1, 0x28E1, 0x0021, 0x0041, 
    0x0001, 0x51A0, 0xC3E0, 0x6A40, 0x0042, 0x014A, 0x018C, 0x018C, 0x018C, 0x018C, 0x018C, 0x018C, 
    0x016C, 0x0129, 0x016B, 0x014A, 0x0021, 0x01F1, 0x0A33, 0x0A33, 0x0233, 0x0211, 0x0042, 0x08E6, 
    0x1149, 0x1149, 0x114A, 0x116A, 0x196A, 0x196A, 0x116A, 0x1169, 0x1149, 0x1149, 0x1149, 0x1129, 
    0x1128, 0x1108, 0x08E7, 0x08E7, 0x08E7, 0x08C5, 0x0062, 0x0021, 0x00A5, 0x08C6, 0x08C6, 0x0884, 
    0x0042, 0x08C6, 0x1129, 0x1149, 0x1129, 0x0907, 0x1128, 0x1149, 0x1107, 0x08C5, 0x0884, 0x08C5, 
    0x08E7, 0x0908, 0x0908, 0x08A5, 0x0063, 0x0063, 0x0062, 0x0042, 0x0042, 0x0042, 0x0042, 0x0042, 
    0x0042, 0x0042, 0x0062, 0x0063, 0x0042, 0x0063, 0x08E6, 0x1128, 0x0907, 0x08C6, 0x08C6, 0x08C5, 
    0x08E7, 0x0907, 0x1129, 0x1149, 0x1149, 0x1128, 0x1129, 0x1149, 0x1128, 0x08A4, 0x0041, 0x08C6, 
    0x08C6, 0x08C5, 0x0042, 0x0041, 0x08C5, 0x0908, 0x1108, 0x1128, 0x1128, 0x1128, 0x1129, 0x114A, 
    0x116A, 0x116A, 0x196A, 0x196A, 0x196A, 0x196A, 0x1149, 0x1129, 0x1129, 0x1108, 0x0883, 0x0064, 
    0x0212, 0x0A32, 0x0A32, 0x0A33, 0x0A32, 0x0233, 0x01CF, 0x1082, 0x944F, 0x9CB1, 0x6BAF, 0x00E7, 
    0x0841, 0x62EA, 0xA4AF, 0x3164, 0xA48F, 0xACD0, 0x5289, 0xB511, 0x6B2A, 0x5AA9, 0x83AC, 0x5A89, 
    0x734B, 0x8C0D, 0x5AA9, 0xACF1, 0x5AC9, 0x62C9, 0x0000, 0x6B0B, 0x8BCD, 0x7BAC, 0x0861, 0x0861, 
    0x944E, 0x4207, 0x18E3, 0x8C0E, 0x83EE, 0x52AA, 0x52AA, 0x2103, 0x00E8, 0x0254, 0x0233, 0x0A32, 
    0x0232, 0x0A33, 0x0232, 0x0212, 0x0232, 0x0A32, 0x0A32, 0x0A32, 0x0A32, 0x0A32, 0x0A32, 0x0A32, 
    0x0A32, 0x0A33, 0x0A32, 0x0A32, 0x0A32, 0x0A32, 0x0A32, 0x0A32, 0x0A32, 0x0A33, 0x0A33, 0x0A33, 
    0x0233, 0x0A33, 0x0A53, 0x0A53, 0x0A53, 0x0A33, 0x0A33, 0x0A33, 0x0A32, 0x0A32, 0x0A32, 0x0084, 
    0x00C5, 0x014B, 0x014B, 0x016B, 0x016B, 0x016B, 0x016B, 0x016C, 0x016C, 0x016C, 0x018C, 0x0A0F, 
    0x018C, 0x014B, 0x014B, 0x018C, 0x018C, 0x018C, 0x018C, 0x016C, 0x018C, 0x018C, 0x018C, 0x00E8, 
    0x0841, 0x59E0, 0xC3E0, 0xCC00, 0x2921, 0x0001, 0x0041, 0x0881, 0xA360, 0x9B40, 0x1081, 0x0021, 
    0x20C0, 0xAB40, 0x8AC0, 0x0841, 0x0129, 0x018C, 0x016C, 0x018C, 0x018C, 0x018C, 0x018C, 0x018C, 
    0x016B, 0x0129, 0x016B, 0x014A, 0x0042, 0x01F0, 0x0A33, 0x0A33, 0x0A53, 0x0212, 0x0042, 0x08C5, 
    0x1108, 0x1128, 0x1129, 0x116A, 0x116A, 0x196A, 0x1169, 0x116A, 0x116A, 0x1149, 0x1129, 0x1128, 
    0x0908, 0x0907, 0x08E7, 0x08E6, 0x08C5, 0x0063, 0x0021, 0x0063, 0x08C6, 0x08E6, 0x08C6, 0x0083, 
    0x0021, 0x08C6, 0x1129, 0x1149, 0x1149, 0x1128, 0x0907, 0x1149, 0x1149, 0x1108, 0x08C6, 0x08A5, 
    0x08C6, 0x0907, 0x0907, 0x1108, 0x0908, 0x0908, 0x08C6, 0x08C5, 0x08C5, 0x08C5, 0x08C6, 0x08C6, 
    0x08C6, 0x08C6, 0x08C6, 0x0907, 0x0907, 0x0928, 0x1108, 0x08E7, 0x08E6, 0x08A5, 0x08C5, 0x08E7, 
    0x1149, 0x1149, 0x116A, 0x116A, 0x1149, 0x1128, 0x1149, 0x1149, 0x1128, 0x0084, 0x0041, 0x08C6, 
    0x08C6, 0x08C6, 0x08A5, 0x0021, 0x0062, 0x08A5, 0x0907, 0x1128, 0x1128, 0x1128, 0x1128, 0x1129, 
    0x1149, 0x116A, 0x196A, 0x196A, 0x1169, 0x1149, 0x1149, 0x1128, 0x1128, 0x08E7, 0x0063, 0x0084, 
    0x0233, 0x0A32, 0x0A53, 0x0A53, 0x0A33, 0x0253, 0x01AF, 0x1082, 0x944F, 0x9CB0, 0x6B8F, 0x0108, 
    0x0062, 0x0841, 0x0861, 0x0841, 0x2104, 0x39A6, 0x2104, 0x5248, 0x62EA, 0x4207, 0x4A48, 0x41E6, 
    0x5268, 0x734B, 0x2945, 0x83CD, 0x5A88, 0xBD31, 0x8BED, 0x734B, 0x5268, 0x83AD, 0x5AA9, 0x62EA, 
    0x8BED, 0x4A27, 0x18E4, 0x8C0E, 0x83EE, 0x52AA, 0x52AA, 0x2124, 0x00E8, 0x0254, 0x0A33, 0x0A33, 
    0x0A33, 0x0A33, 0x0A33, 0x0A33, 0x0A33, 0x0A33, 0x0A32, 0x0A32, 0x0A32, 0x0A32, 0x0A33, 0x0A33, 
    0x0A33, 0x0A33, 0x0A33, 0x0A33, 0x0A32, 0x0A32, 0x0A32, 0x0A32, 0x0A33, 0x0A33, 0x0A33, 0x0A33, 
    0x0212, 0x0212, 0x0A12, 0x0A32, 0x0212, 0x0232, 0x0212, 0x0212, 0x0212, 0x0212, 0x0212, 0x0084, 
    0x00A5, 0x014B, 0x014B, 0x016B, 0x016B, 0x016B, 0x016C, 0x016C, 0x016B, 0x016B, 0x018C, 0x0A2F, 
    0x018C, 0x014B, 0x014B, 0x01AD, 0x018C, 0x018C, 0x018C, 0x016C, 0x018C, 0x018C, 0x018C, 0x016C, 
    0x0109, 0x0021, 0x6A00, 0xC3E0, 0x8AE0, 0x10A1, 0x0021, 0x82A0, 0xC400, 0xBBC0, 0x8AC0, 0x18A0, 
    0xA360, 0xAB60, 0x1880, 0x00C7, 0x018C, 0x016C, 0x016C, 0x016C, 0x018C, 0x018C, 0x018C, 0x016B, 
    0x016B, 0x0129, 0x016B, 0x014A, 0x0042, 0x01F0, 0x0212, 0x0212, 0x0233, 0x0211, 0x0063, 0x0063, 
    0x08C6, 0x1108, 0x1128, 0x1128, 0x1149, 0x1149, 0x1149, 0x1149, 0x1149, 0x1149, 0x1108, 0x0907, 
    0x0907, 0x08E6, 0x08E6, 0x08A5, 0x0063, 0x0021, 0x08A4, 0x08A5, 0x08E6, 0x08C6, 0x08A5, 0x0063, 
    0x0021, 0x08C6, 0x1149, 0x1149, 0x1149, 0x1129, 0x08E6, 0x1128, 0x1149, 0x1149, 0x1149, 0x0907, 
    0x08C5, 0x08A5, 0x08C5, 0x08E7, 0x0907, 0x0908, 0x0908, 0x0908, 0x1108, 0x1108, 0x1108, 0x1108, 
    0x1108, 0x0908, 0x0907, 0x0908, 0x0928, 0x0908, 0x08E7, 0x08A5, 0x08A5, 0x08C6, 0x1128, 0x1149, 
    0x1149, 0x114A, 0x116A, 0x1149, 0x1128, 0x0908, 0x1149, 0x1149, 0x0908, 0x0083, 0x0041, 0x08A5, 
    0x08C6, 0x08C6, 0x08C6, 0x08A5, 0x0020, 0x0063, 0x08E6, 0x0907, 0x0907, 0x1108, 0x1108, 0x0908, 
    0x1128, 0x1149, 0x1149, 0x196A, 0x1149, 0x1128, 0x1128, 0x1128, 0x08E6, 0x08A4, 0x0042, 0x00A6, 
    0x0233, 0x0212, 0x0232, 0x0A32, 0x0212, 0x0212, 0x018E, 0x1082, 0x9C70, 0x9CB1, 0x6B6E, 0x0129, 
    0x098B, 0x00E6, 0x00C5, 0x08A4, 0x08A4, 0x0883, 0x0882, 0x0041, 0x0041, 0x08A3, 0x0882, 0x0862, 
    0x0861, 0x1082, 0x10A3, 0x18C3, 0x10A2, 0x3185, 0x39C6, 0x2965, 0x18E3, 0x4207, 0x39C6, 0x7B8C, 
    0x7B8C, 0x0882, 0x2124, 0x8C2F, 0x840F, 0x5AAA, 0x5AAA, 0x2104, 0x00E8, 0x0233, 0x0212, 0x0212, 
    0x0212, 0x0232, 0x0212, 0x0212, 0x0212, 0x0212, 0x0212, 0x0212, 0x0212, 0x0212, 0x0212, 0x0212, 
    0x0212, 0x0212, 0x0212, 0x0212, 0x0212, 0x0212, 0x0212, 0x0212, 0x0232, 0x0232, 0x0A32, 0x0232, 
    0x0A53, 0x0A53, 0x0A53, 0x0A53, 0x0A53, 0x0A53, 0x0A53, 0x0A53, 0x0A53, 0x0A53, 0x0A31, 0x0042, 
    0x00A5, 0x014A, 0x016B, 0x016B, 0x016B, 0x016B, 0x016B, 0x016B, 0x016B, 0x016B, 0x018C, 0x0A2F, 
    0x018C, 0x014A, 0x014A, 0x01AC, 0x018C, 0x016C, 0x018C, 0x018C, 0x016C, 0x016C, 0x018C, 0x016C, 
    0x016C, 0x014A, 0x0021, 0x4140, 0xC3E0, 0xABA0, 0x82A0, 0xC3C0, 0xBBC0, 0xB3C0, 0xB3A0, 0xB380, 
    0xAB40, 0x20C0, 0x00C6, 0x018C, 0x018C, 0x016C, 0x016C, 0x016C, 0x018C, 0x018C, 0x018C, 0x016B, 
    0x014B, 0x0109, 0x016B, 0x014A, 0x0042, 0x0A11, 0x0A53, 0x0A53, 0x0A33, 0x0233, 0x0211, 0x0063, 
    0x0883, 0x08E7, 0x08E7, 0x0908, 0x0908, 0x1128, 0x1128, 0x0928, 0x1108, 0x0907, 0x0907, 0x0907, 
    0x0907, 0x0907, 0x08A5, 0x0041, 0x0021, 0x08A5, 0x08C5, 0x08C6, 0x08C6, 0x08C5, 0x0084, 0x0062, 
    0x0021, 0x08C5, 0x1128, 0x1149, 0x1149, 0x1149, 0x08E7, 0x1128, 0x1149, 0x1149, 0x116A, 0x1149, 
    0x1149, 0x08E7, 0x08A5, 0x0084, 0x0084, 0x08A5, 0x08E6, 0x0907, 0x1107, 0x0908, 0x0908, 0x0908, 
    0x0908, 0x0907, 0x08E7, 0x0907, 0x08A5, 0x08A5, 0x08A5, 0x08C5, 0x1128, 0x114A, 0x116A, 0x1149, 
    0x1149, 0x1149, 0x114A, 0x1129, 0x0908, 0x1149, 0x1149, 0x1128, 0x08E7, 0x0083, 0x0041, 0x0084, 
    0x08A5, 0x08C6, 0x08C6, 0x08C5, 0x08A4, 0x0020, 0x0084, 0x08E6, 0x0908, 0x0907, 0x0908, 0x0908, 
    0x0908, 0x0908, 0x0908, 0x1108, 0x0907, 0x0907, 0x0907, 0x1107, 0x08C6, 0x0041, 0x0108, 0x0A32, 
    0x0A53, 0x0A53, 0x0A53, 0x0A33, 0x0A53, 0x0A53, 0x01AF, 0x1082, 0x9C90, 0x9C90, 0x6B6E, 0x0129, 
    0x01CE, 0x01CD, 0x01CD, 0x01CD, 0x01AD, 0x01AD, 0x018C, 0x014A, 0x016B, 0x016B, 0x0129, 0x0128, 
    0x0063, 0x0041, 0x0062, 0x08A4, 0x08A4, 0x0882, 0x0882, 0x0041, 0x0041, 0x0861, 0x0882, 0x0861, 
    0x0841, 0x0041, 0x2146, 0x9450, 0x8C0F, 0x5ACA, 0x5AAA, 0x2104, 0x0109, 0x0A54, 0x0A53, 0x0A53, 
    0x0A53, 0x0A53, 0x0A53, 0x0A53, 0x0A53, 0x0A53, 0x0A33, 0x0A53, 0x0A33, 0x0A33, 0x0A53, 0x0A53, 
    0x0A53, 0x0253, 0x0A53, 0x0A53, 0x0A33, 0x0A33, 0x0A53, 0x0A53, 0x0A53, 0x0A53, 0x0A53, 0x0A53, 
    0x0212, 0x0A32, 0x0A12, 0x0212, 0x0212, 0x0212, 0x0A12, 0x0212, 0x0A32, 0x0A53, 0x0129, 0x0861, 
    0x0083, 0x0129, 0x018B, 0x016B, 0x016B, 0x016B, 0x016C, 0x016C, 0x016C, 0x016C, 0x01AC, 0x0A2F, 
    0x01AC, 0x012A, 0x014B, 0x01AD, 0x018C, 0x018C, 0x018C, 0x018C, 0x018C, 0x018C, 0x018C, 0x018C, 
    0x018C, 0x016B, 0x0109, 0x0043, 0x4140, 0xBBC0, 0xCBE0, 0xBBA0, 0xBBE0, 0xBBE0, 0xBBC0, 0x9B00, 
    0x2080, 0x00A6, 0x018C, 0x018C, 0x018C, 0x018C, 0x018C, 0x018C, 0x018C, 0x016C, 0x016B, 0x016B, 
    0x016B, 0x016B, 0x014A, 0x0108, 0x0001, 0x0129, 0x0A11, 0x0232, 0x0212, 0x0212, 0x0232, 0x00E7, 
    0x0020, 0x0083, 0x08E7, 0x08E7, 0x0907, 0x1128, 0x0908, 0x0908, 0x0907, 0x0907, 0x0907, 0x08E7, 
    0x08E6, 0x08A4, 0x0062, 0x0063, 0x0884, 0x08A5, 0x08A5, 0x08A5, 0x08A5, 0x0041, 0x0021, 0x0020, 
    0x0020, 0x08C5, 0x1128, 0x1149, 0x1149, 0x1149, 0x1128, 0x0907, 0x1128, 0x196A, 0x196A, 0x116A, 
    0x1149, 0x1149, 0x1149, 0x1129, 0x0907, 0x08A5, 0x00A5, 0x08A5, 0x08A5, 0x08C5, 0x08C5, 0x08C5, 
    0x08A5, 0x08A5, 0x00A5, 0x08A5, 0x00A5, 0x0907, 0x1128, 0x1128, 0x114A, 0x114A, 0x1149, 0x114A, 
    0x1149, 0x1149, 0x1149, 0x08E7, 0x1128, 0x1149, 0x1149, 0x1149, 0x0907, 0x0083, 0x0000, 0x0020, 
    0x0041, 0x0884, 0x08A4, 0x08C5, 0x08C5, 0x0084, 0x0063, 0x0063, 0x08A5, 0x08E7, 0x08E7, 0x0908, 
    0x0908, 0x0907, 0x0907, 0x0908, 0x0908, 0x1108, 0x0907, 0x08C5, 0x08A4, 0x0041, 0x016B, 0x0A33, 
    0x0A12, 0x0A32, 0x0212, 0x0212, 0x0212, 0x0212, 0x01AF, 0x1082, 0x9C6F, 0x9C90, 0x6B6E, 0x0109, 
    0x01AD, 0x01AD, 0x01AD, 0x01AD, 0x01AD, 0x01AD, 0x01AD, 0x01AD, 0x01AD, 0x01AD, 0x018C, 0x0086, 
    0x4180, 0x7AA0, 0x3940, 0x00C7, 0x01AD, 0x016B, 0x014A, 0x014A, 0x014A, 0x014A, 0x0129, 0x00E7, 
    0x00E7, 0x00E7, 0x21EA, 0x944F, 0x8C0F, 0x5ACA, 0x5ACA, 0x2104, 0x00E9, 0x0233, 0x0212, 0x0233, 
    0x0233, 0x0A33, 0x0233, 0x0213, 0x0213, 0x0212, 0x0232, 0x0212, 0x0212, 0x0212, 0x0212, 0x0212, 
    0x0212, 0x0233, 0x0A33, 0x0A33, 0x0A33, 0x0A32, 0x0A12, 0x0232, 0x0232, 0x0A33, 0x0A32, 0x0232, 
    0x0A33, 0x0A33, 0x0A33, 0x0233, 0x0A33, 0x0A32, 0x0A32, 0x0A32, 0x01AF, 0x018D, 0x0021, 0x39E7, 
    0x2986, 0x0884, 0x0128, 0x014B, 0x016B, 0x016B, 0x016B, 0x018C, 0x016B, 0x016B, 0x018C, 0x0A0F, 
    0x018C, 0x012A, 0x014B, 0x01AD, 0x018C, 0x018C, 0x018C, 0x018C, 0x018C, 0x018C, 0x018C, 0x018C, 
    0x016C, 0x016C, 0x016C, 0x014B, 0x0085, 0x20C0, 0x9B20, 0xC3C0, 0xBBA0, 0xC400, 0xA340, 0x1060, 
    0x00A6, 0x016B, 0x016C, 0x016C, 0x016C, 0x016C, 0x016C, 0x018C, 0x018C, 0x016C, 0x016C, 0x018C, 
    0x016B, 0x012A, 0x00E7, 0x0063, 0x2103, 0x0841, 0x014B, 0x01D0, 0x0A33, 0x0233, 0x0233, 0x0210, 
    0x0084, 0x0020, 0x0063, 0x08C6, 0x08C6, 0x08E7, 0x08E7, 0x08C6, 0x08C6, 0x08C6, 0x08C6, 0x08C5, 
    0x0084, 0x0062, 0x0063, 0x08A4, 0x08A5, 0x0084, 0x0021, 0x0041, 0x0041, 0x0085, 0x00C6, 0x0084, 
    0x0020, 0x08C6, 0x1128, 0x1149, 0x1149, 0x1149, 0x1149, 0x1128, 0x1108, 0x1128, 0x116A, 0x1169, 
    0x1169, 0x116A, 0x196A, 0x116A, 0x1149, 0x1128, 0x0908, 0x0907, 0x0907, 0x0907, 0x0908, 0x1108, 
    0x0907, 0x0907, 0x08E7, 0x0907, 0x0908, 0x1149, 0x116A, 0x116A, 0x1149, 0x1149, 0x1149, 0x116A, 
    0x116A, 0x116A, 0x0908, 0x0908, 0x1149, 0x1149, 0x1149, 0x1129, 0x08E7, 0x0063, 0x0021, 0x00A6, 
    0x00C6, 0x0042, 0x0020, 0x0041, 0x0062, 0x00A4, 0x08A4, 0x0084, 0x0083, 0x08A4, 0x08A5, 0x08E6, 
    0x08E7, 0x08E7, 0x08E6, 0x08E6, 0x08E6, 0x08E6, 0x08A5, 0x0041, 0x0041, 0x0109, 0x01AF, 0x01D0, 
    0x0212, 0x0232, 0x0233, 0x0A33, 0x0A33, 0x0A33, 0x01CF, 0x1082, 0x944F, 0x9C90, 0x6B6E, 0x0109, 
    0x01AD, 0x01AD, 0x01AD, 0x01AD, 0x01AD, 0x018C, 0x018C, 0x01AD, 0x01AE, 0x018D, 0x0085, 0x4980, 
    0xCC00, 0xD440, 0xAB60, 0x28C0, 0x00A6, 0x01AD, 0x018D, 0x01AD, 0x01AD, 0x01AD, 0x018D, 0x018D, 
    0x01AD, 0x018C, 0x21CA, 0x9450, 0x8C0F, 0x5AAA, 0x5AAA, 0x2124, 0x00E8, 0x0A53, 0x0A33, 0x0A33, 
    0x0A33, 0x0A33, 0x0A33, 0x0233, 0x0233, 0x0A33, 0x0A33, 0x0A33, 0x0A33, 0x0A33, 0x0232, 0x0A33, 
    0x0A33, 0x0A33, 0x0A53, 0x0A53, 0x0A33, 0x0A33, 0x0A33, 0x0A33, 0x0A33, 0x0A33, 0x0233, 0x0233, 
    0x0233, 0x0233, 0x0233, 0x0232, 0x0A32, 0x0A32, 0x0A33, 0x01F0, 0x016D, 0x012B, 0x0021, 0x2965, 
    0x62EB, 0x4207, 0x0041, 0x00A6, 0x012A, 0x014B, 0x016B, 0x016B, 0x016B, 0x016B, 0x018C, 0x0A0F, 
    0x018C, 0x012A, 0x014B, 0x01AD, 0x018C, 0x018C, 0x016C, 0x018C, 0x018C, 0x018C, 0x018C, 0x018C, 
    0x018C, 0x016C, 0x018C, 0x016C, 0x014B, 0x0064, 0x1880, 0x8AC0, 0xC3C0, 0xA340, 0x28E0, 0x0085, 
    0x018C, 0x018C, 0x016C, 0x016C, 0x018C, 0x018C, 0x016C, 0x016C, 0x014B, 0x014A, 0x0108, 0x00A6, 
    0x00A5, 0x00A5, 0x0862, 0x3165, 0x5268, 0x0841, 0x00E8, 0x016D, 0x01F1, 0x0232, 0x0A32, 0x01CF, 
    0x012A, 0x0064, 0x0062, 0x0063, 0x0883, 0x08A5, 0x08A5, 0x08A5, 0x08A5, 0x08A5, 0x08A5, 0x08A4, 
    0x0884, 0x0083, 0x0062, 0x0062, 0x0062, 0x0041, 0x0063, 0x00A5, 0x00A5, 0x012A, 0x012B, 0x00A6, 
    0x0020, 0x08C6, 0x1108, 0x1149, 0x1149, 0x1149, 0x1969, 0x1149, 0x1108, 0x0907, 0x1128, 0x116A, 
    0x196A, 0x196A, 0x196A, 0x196A, 0x196A, 0x116A, 0x116A, 0x114A, 0x1149, 0x1149, 0x114A, 0x114A, 
    0x114A, 0x114A, 0x1149, 0x114A, 0x116A, 0x1149, 0x116A, 0x1149, 0x1149, 0x1149, 0x114A, 0x114A, 
    0x116A, 0x1149, 0x0928, 0x1129, 0x1149, 0x1149, 0x1149, 0x1128, 0x08E7, 0x0083, 0x0063, 0x012B, 
    0x014B, 0x00A6, 0x0084, 0x0084, 0x0020, 0x0042, 0x0062, 0x0062, 0x0083, 0x08A4, 0x08A4, 0x08A5, 
    0x08A5, 0x08C6, 0x08C5, 0x08A5, 0x0083, 0x0063, 0x0041, 0x0063, 0x00E8, 0x016D, 0x016D, 0x01AF, 
    0x0232, 0x0233, 0x0233, 0x0233, 0x0233, 0x0233, 0x01AF, 0x1082, 0x944F, 0x9C91, 0x634D, 0x0109, 
    0x01AE, 0x01AD, 0x01AD, 0x01AD, 0x01AD, 0x018D, 0x01AD, 0x01AD, 0x01AD, 0x00A6, 0x4160, 0xCC20, 
    0x8AE0, 0x28E1, 0x8AC0, 0xA320, 0x20C0, 0x00E8, 0x01AE, 0x01AD, 0x01AD, 0x018C, 0x018C, 0x018D, 
    0x018D, 0x016B, 0x29A9, 0x9470, 0x8C0F, 0x5AAA, 0x5AAA, 0x2924, 0x00E8, 0x0A53, 0x0A33, 0x0A33, 
    0x0233, 0x0233, 0x0A33, 0x0A33, 0x0233, 0x0A33, 0x0A33, 0x0A33, 0x0A33, 0x0A32, 0x0232, 0x0A32, 
    0x0233, 0x0A33, 0x0A33, 0x0233, 0x0232, 0x0A33, 0x0A33, 0x0A33, 0x0A33, 0x0233, 0x0233, 0x0233, 
    0x0212, 0x0212, 0x0212, 0x0212, 0x0212, 0x0212, 0x01D0, 0x016D, 0x014C, 0x012B, 0x0043, 0x10A2, 
    0x39C7, 0x62EB, 0x5AAA, 0x18E3, 0x0063, 0x0109, 0x018C, 0x016B, 0x018B, 0x018C, 0x09AD, 0x0A0F, 
    0x09AD, 0x012A, 0x014B, 0x01AC, 0x018C, 0x018C, 0x018C, 0x018C, 0x016C, 0x018C, 0x018C, 0x018C, 
    0x018C, 0x018C, 0x018C, 0x016C, 0x016C, 0x016B, 0x00C7, 0x1081, 0x4140, 0x20A0, 0x0064, 0x018C, 
    0x018C, 0x01AD, 0x018C, 0x014B, 0x0109, 0x0108, 0x00C7, 0x0064, 0x0021, 0x0041, 0x18C2, 0x2924, 
    0x2944, 0x5A88, 0x734B, 0x6B4C, 0x3186, 0x0020, 0x00E9, 0x016D, 0x016E, 0x01AF, 0x0211, 0x018E, 
    0x016C, 0x014C, 0x00E8, 0x0021, 0x0042, 0x0062, 0x0063, 0x0063, 0x0083, 0x0083, 0x0063, 0x0063, 
    0x0083, 0x0062, 0x0042, 0x0042, 0x0042, 0x0062, 0x010A, 0x014C, 0x014B, 0x012B, 0x012B, 0x00A6, 
    0x0000, 0x08C6, 0x0908, 0x1129, 0x1149, 0x1149, 0x196A, 0x1969, 0x1128, 0x0907, 0x08E7, 0x1149, 
    0x196A, 0x198A, 0x196A, 0x116A, 0x196A, 0x196A, 0x116A, 0x1149, 0x116A, 0x116A, 0x116A, 0x116A, 
    0x1149, 0x116A, 0x116A, 0x196A, 0x116A, 0x114A, 0x1149, 0x1149, 0x1149, 0x116A, 0x116A, 0x1149, 
    0x1128, 0x0908, 0x116A, 0x116A, 0x116A, 0x1149, 0x1128, 0x1128, 0x08E7, 0x0083, 0x0063, 0x012B, 
    0x012B, 0x014B, 0x014C, 0x012A, 0x0063, 0x0042, 0x0042, 0x0042, 0x0042, 0x0083, 0x0083, 0x0063, 
    0x0063, 0x0883, 0x0883, 0x0083, 0x0042, 0x0042, 0x0062, 0x014B, 0x016D, 0x016C, 0x018D, 0x018E, 
    0x0212, 0x0212, 0x0232, 0x0212, 0x0212, 0x0212, 0x01AF, 0x10A2, 0x9C70, 0x9C90, 0x634D, 0x0109, 
    0x01AE, 0x01AE, 0x01AD, 0x01AD, 0x01AD, 0x01AD, 0x01AD, 0x01AD, 0x00A6, 0x3120, 0xB3A0, 0xB380, 
    0x20E1, 0x0022, 0x20C0, 0xB380, 0xA360, 0x28E0, 0x0109, 0x01AD, 0x018C, 0x018C, 0x01AD, 0x01AD, 
    0x01AD, 0x016C, 0x21A9, 0x944F, 0x8C0E, 0x5AAA, 0x5AAA, 0x2924, 0x00E8, 0x0212, 0x0232, 0x0232, 
    0x0233, 0x0233, 0x0233, 0x0213, 0x0212, 0x0212, 0x0212, 0x0212, 0x0212, 0x0212, 0x0212, 0x0212, 
    0x0A33, 0x0233, 0x0233, 0x0212, 0x0212, 0x0212, 0x0212, 0x0232, 0x0212, 0x0212, 0x0212, 0x0212, 
    0x0233, 0x0233, 0x0A33, 0x0A53, 0x0A53, 0x0A32, 0x01AE, 0x016D, 0x014C, 0x014C, 0x010A, 0x0021, 
    0x10A2, 0x2986, 0x5269, 0x738E, 0x39A6, 0x0883, 0x00C6, 0x016B, 0x016B, 0x016B, 0x09AC, 0x0A0F, 
    0x09AD, 0x014A, 0x014B, 0x01AD, 0x018C, 0x018C, 0x016C, 0x016C, 0x016C, 0x018C, 0x018C, 0x018C, 
    0x018C, 0x018C, 0x016C, 0x016B, 0x016C, 0x016C, 0x016C, 0x0129, 0x0085, 0x00C6, 0x018C, 0x016B, 
    0x014B, 0x00C7, 0x0064, 0x0022, 0x0020, 0x0841, 0x2103, 0x41E6, 0x62A9, 0x734B, 0x83CD, 0x9450, 
    0x83CE, 0x5AEB, 0x4228, 0x31A7, 0x1082, 0x0063, 0x012B, 0x014C, 0x014C, 0x016D, 0x0211, 0x0A53, 
    0x01CF, 0x01CF, 0x014C, 0x012B, 0x012B, 0x0042, 0x0020, 0x0021, 0x0021, 0x0021, 0x0021, 0x0020, 
    0x0020, 0x00A5, 0x014B, 0x014B, 0x014B, 0x012B, 0x012B, 0x012B, 0x012B, 0x012B, 0x012B, 0x00A6, 
    0x0020, 0x08C6, 0x0908, 0x1129, 0x1149, 0x1149, 0x116A, 0x1149, 0x1149, 0x1129, 0x0907, 0x1129, 
    0x116A, 0x196A, 0x196A, 0x116A, 0x116A, 0x116A, 0x116A, 0x114A, 0x116A, 0x116A, 0x196A, 0x116A, 
    0x116A, 0x116A, 0x116A, 0x116A, 0x116A, 0x1149, 0x1149, 0x1149, 0x116A, 0x116A, 0x116A, 0x1128, 
    0x0907, 0x1128, 0x116A, 0x116A, 0x1149, 0x1149, 0x1108, 0x1107, 0x08E6, 0x0063, 0x0043, 0x014C, 
    0x014B, 0x012B, 0x014B, 0x014B, 0x014B, 0x014B, 0x014B, 0x014B, 0x00C7, 0x0020, 0x0020, 0x0021, 
    0x0021, 0x0021, 0x0021, 0x0020, 0x00A6, 0x014C, 0x014C, 0x014C, 0x018D, 0x016D, 0x01AE, 0x0A53, 
    0x0A53, 0x0A53, 0x0A33, 0x0A33, 0x0A33, 0x0A53, 0x01AF, 0x10A2, 0x9C90, 0x9C70, 0x634D, 0x0109, 
    0x01AD, 0x01CE, 0x01AD, 0x01AD, 0x01AD, 0x01CE, 0x01CD, 0x00A5, 0x4140, 0xBBE0, 0xBBC0, 0xA360, 
    0x1060, 0x0021, 0x18A1, 0xB3A0, 0xCC20, 0xAB80, 0x18A0, 0x00E8, 0x01AD, 0x01AD, 0x01AD, 0x01AD, 
    0x018D, 0x014B, 0x21A9, 0x9450, 0x8C0F, 0x5AAA, 0x5AAA, 0x2104, 0x00E8, 0x0232, 0x0A32, 0x0A53, 
    0x0A53, 0x0A53, 0x0A53, 0x0A53, 0x0A53, 0x0A53, 0x0A53, 0x0A53, 0x0A53, 0x0A53, 0x0A53, 0x0A53, 
    0x0A33, 0x0A53, 0x0A33, 0x0A53, 0x0A33, 0x0A53, 0x0A53, 0x0A53, 0x0A33, 0x0253, 0x0253, 0x0A33, 
    0x0212, 0x0212, 0x0233, 0x0232, 0x0232, 0x0232, 0x018E, 0x016C, 0x012B, 0x012B, 0x012B, 0x0109, 
    0x0063, 0x0861, 0x2145, 0x4A49, 0x736D, 0x5AA9, 0x1082, 0x0043, 0x0129, 0x016B, 0x016B, 0x0A0F, 
    0x01AD, 0x012A, 0x0129, 0x01AC, 0x018C, 0x018C, 0x016C, 0x016C, 0x016B, 0x016C, 0x018C, 0x018C, 
    0x016C, 0x016B, 0x014B, 0x014B, 0x014B, 0x014B, 0x00E8, 0x00E7, 0x00A5, 0x0063, 0x0042, 0x0042, 
    0x2124, 0x39A5, 0x4A27, 0x62A9, 0x83CD, 0x83CD, 0x8C0E, 0x8BEE, 0x7BAD, 0x4A69, 0x41E7, 0x39A6, 
    0x2124, 0x2124, 0x10C2, 0x0861, 0x0063, 0x012A, 0x016C, 0x014B, 0x014C, 0x018E, 0x01F1, 0x0232, 
    0x0211, 0x01CF, 0x01AE, 0x016D, 0x012B, 0x012A, 0x012A, 0x012A, 0x012A, 0x012A, 0x012A, 0x012A, 
    0x010A, 0x012A, 0x012B, 0x014B, 0x012B, 0x012B, 0x012B, 0x012B, 0x012B, 0x012B, 0x012B, 0x00A6, 
    0x0020, 0x08C6, 0x08E7, 0x1108, 0x1128, 0x1149, 0x196A, 0x116A, 0x116A, 0x116A, 0x1149, 0x0907, 
    0x1108, 0x1128, 0x116A, 0x116A, 0x116A, 0x1149, 0x114A, 0x116A, 0x116A, 0x116A, 0x116A, 0x116A, 
    0x196A, 0x114A, 0x1149, 0x1149, 0x1128, 0x1149, 0x114A, 0x1149, 0x1149, 0x1149, 0x1128, 0x1128, 
    0x1149, 0x1149, 0x1969, 0x1149, 0x1128, 0x0907, 0x08E7, 0x08E7, 0x08E6, 0x0083, 0x0042, 0x014B, 
    0x014B, 0x012B, 0x014B, 0x012B, 0x012B, 0x012B, 0x012B, 0x012B, 0x012A, 0x010A, 0x010A, 0x012A, 
    0x012A, 0x012A, 0x012A, 0x012A, 0x012B, 0x012B, 0x014B, 0x016D, 0x01D0, 0x01F1, 0x0211, 0x0233, 
    0x0212, 0x0212, 0x0212, 0x0212, 0x0212, 0x0233, 0x01AE, 0x10A2, 0x9C6F, 0x9C70, 0x634D, 0x00E9, 
    0x01AD, 0x01AD, 0x01AD, 0x01AD, 0x01AD, 0x01AD, 0x00A5, 0x4140, 0xBBC0, 0xC400, 0xBBE0, 0xAB80, 
    0x1060, 0x0021, 0x18A1, 0xBBC0, 0xC3E0, 0xBBE0, 0x8AC0, 0x1060, 0x0129, 0x01AE, 0x01AD, 0x01AD, 
    0x018C, 0x014B, 0x21A9, 0x944F, 0x8C2F, 0x5ACA, 0x5AAA, 0x2104, 0x00A6, 0x016D, 0x018E, 0x0A11, 
    0x0A53, 0x0232, 0x0232, 0x0232, 0x0232, 0x0232, 0x0232, 0x0232, 0x0212, 0x0212, 0x0212, 0x0212, 
    0x0212, 0x0212, 0x0232, 0x0232, 0x0232, 0x0232, 0x0212, 0x0212, 0x0212, 0x0212, 0x0212, 0x0212, 
    0x0233, 0x0233, 0x0A33, 0x0A53, 0x0A53, 0x0A53, 0x0A11, 0x01AE, 0x018D, 0x012B, 0x014C, 0x014C, 
    0x012A, 0x00A6, 0x0042, 0x10A2, 0x39C7, 0x5ACB, 0x630B, 0x2103, 0x0062, 0x00C6, 0x014A, 0x0A0F, 
    0x09CE, 0x014A, 0x0129, 0x09CE, 0x018C, 0x016C, 0x016B, 0x016B, 0x014B, 0x014B, 0x014A, 0x012A, 
    0x0109, 0x00E7, 0x00A6, 0x0063, 0x0043, 0x0022, 0x1082, 0x2924, 0x41C6, 0x62C9, 0x7B8C, 0x83AD, 
    0x942E, 0x7BAD, 0x736C, 0x6B2C, 0x62EB, 0x52AA, 0x39E7, 0x31A6, 0x2944, 0x20E3, 0x10A2, 0x0841, 
    0x0000, 0x0042, 0x0085, 0x00C7, 0x0109, 0x014C, 0x014C, 0x016D, 0x016D, 0x01D0, 0x0232, 0x0A32, 
    0x0A52, 0x0A11, 0x01AF, 0x09CF, 0x09CF, 0x01CF, 0x018E, 0x018E, 0x012B, 0x012B, 0x012B, 0x014C, 
    0x014C, 0x012B, 0x012B, 0x014B, 0x012B, 0x012B, 0x012B, 0x014B, 0x014B, 0x014B, 0x012B, 0x00C7, 
    0x0063, 0x0108, 0x0109, 0x0129, 0x092A, 0x092A, 0x094A, 0x092A, 0x092A, 0x092A, 0x092A, 0x0109, 
    0x0129, 0x0129, 0x092A, 0x092A, 0x092A, 0x0129, 0x0109, 0x0109, 0x0129, 0x0929, 0x092A, 0x092A, 
    0x092A, 0x012A, 0x0129, 0x092A, 0x0129, 0x0129, 0x0929, 0x0129, 0x0109, 0x0929, 0x0129, 0x0129, 
    0x0129, 0x0109, 0x0129, 0x0929, 0x0109, 0x0109, 0x0109, 0x0109, 0x0109, 0x00A5, 0x0084, 0x012B, 
    0x012B, 0x014B, 0x014B, 0x012B, 0x012B, 0x012B, 0x012B, 0x014B, 0x014B, 0x014C, 0x014C, 0x014B, 
    0x014B, 0x012B, 0x014B, 0x016D, 0x01AF, 0x018E, 0x01AF, 0x01D0, 0x0A32, 0x0A53, 0x0233, 0x0233, 
    0x0233, 0x0233, 0x0233, 0x0A33, 0x0A33, 0x0A53, 0x01CF, 0x10A2, 0x9C6F, 0x9470, 0x6B4D, 0x0109, 
    0x01AD, 0x01AD, 0x01AD, 0x01AD, 0x01AD, 0x00A5, 0x4160, 0xBBA0, 0xC400, 0xBBE0, 0xC400, 0xB3A0, 
    0x20C1, 0x0042, 0x18A1, 0xBBC0, 0xC3E0, 0xB3A0, 0xBBC0, 0x9300, 0x1060, 0x012A, 0x01AD, 0x018D, 
    0x018D, 0x014B, 0x2189, 0x8C2F, 0x8C0E, 0x5AAA, 0x5AAA, 0x2104, 0x0085, 0x016C, 0x016D, 0x01AF, 
    0x01AF, 0x01AF, 0x0253, 0x0A53, 0x0A33, 0x0A33, 0x0A33, 0x0A33, 0x0A33, 0x0A33, 0x0A53, 0x0A33, 
    0x0A33, 0x0233, 0x0233, 0x0233, 0x0232, 0x0233, 0x0233, 0x0233, 0x0233, 0x0A33, 0x0233, 0x0233, 
    0x0233, 0x0A33, 0x0A33, 0x0A33, 0x0A53, 0x0A53, 0x0A53, 0x01D0, 0x018E, 0x018D, 0x016D, 0x014C, 
    0x014C, 0x014C, 0x00E8, 0x0042, 0x1082, 0x2965, 0x4A69, 0x7BAE, 0x5AAA, 0x18C2, 0x0064, 0x016B, 
    0x018C, 0x014A, 0x014A, 0x018C, 0x014B, 0x014A, 0x012A, 0x0108, 0x00A7, 0x0085, 0x0043, 0x0021, 
    0x0862, 0x2104, 0x3164, 0x4A27, 0x5AA9, 0x62C9, 0x8C0E, 0x942F, 0x7B8C, 0x736C, 0x6B0B, 0x5289, 
    0x4228, 0x39E7, 0x3186, 0x2124, 0x2104, 0x10A2, 0x0841, 0x0041, 0x0063, 0x0043, 0x0063, 0x0064, 
    0x0085, 0x00E9, 0x014B, 0x014C, 0x014C, 0x016C, 0x018D, 0x01AE, 0x01AF, 0x0A33, 0x0A33, 0x0A53, 
    0x0A33, 0x0A33, 0x0A33, 0x0A53, 0x0A53, 0x01F1, 0x01AF, 0x01AF, 0x016D, 0x018D, 0x018D, 0x018D, 
    0x018E, 0x016D, 0x014C, 0x014B, 0x012B, 0x012B, 0x014B, 0x014C, 0x014C, 0x014C, 0x014B, 0x012B, 
    0x014B, 0x014C, 0x014C, 0x014C, 0x014C, 0x014C, 0x014C, 0x014C, 0x014B, 0x012B, 0x014B, 0x014B, 
    0x014B, 0x014B, 0x014B, 0x014B, 0x014B, 0x014B, 0x012B, 0x012B, 0x012B, 0x012B, 0x012B, 0x012B, 
    0x012B, 0x014B, 0x014B, 0x014C, 0x014B, 0x014B, 0x012B, 0x014B, 0x014B, 0x012B, 0x012B, 0x014B, 
    0x014B, 0x012B, 0x012B, 0x012B, 0x014B, 0x014B, 0x014B, 0x014B, 0x014C, 0x014B, 0x014B, 0x014B, 
    0x014B, 0x014C, 0x014C, 0x012B, 0x012B, 0x012B, 0x014B, 0x014B, 0x014B, 0x014C, 0x016D, 0x016D, 
    0x018E, 0x018E, 0x018E, 0x01AE, 0x01AF, 0x09D0, 0x0A53, 0x0A53, 0x0A53, 0x0A53, 0x0A33, 0x0A33, 
    0x0A33, 0x0A33, 0x0A32, 0x0A33, 0x0A11, 0x01CF, 0x012B, 0x18A2, 0x9C70, 0x9C90, 0x6B4D, 0x0109, 
    0x01CE, 0x01CE, 0x01AD, 0x01AD, 0x01AD, 0x0042, 0x8280, 0xCC00, 0xBBC0, 0xBBE0, 0xBBE0, 0xC400, 
    0x4181, 0x0022, 0x2901, 0xBBC0, 0xBBE0, 0xBBC0, 0xBBC0, 0xC400, 0x7240, 0x0021, 0x016B, 0x01AD, 
    0x01AD, 0x014B, 0x21A9, 0x8C4F, 0x840E, 0x52AA, 0x528A, 0x2103, 0x0085, 0x014C, 0x014B, 0x016D, 
    0x018D, 0x018D, 0x09CF, 0x0A53, 0x0A33, 0x0A33, 0x0A53, 0x0A53, 0x0A33, 0x0A33, 0x0A53, 0x0A33, 
    0x0A32, 0x0A32, 0x0A33, 0x0A33, 0x0A33, 0x0A33, 0x0A33, 0x0A33, 0x0A33, 0x0A33, 0x0232, 0x0232, 
    0x0232, 0x0212, 0x0233, 0x0233, 0x0A33, 0x0A33, 0x0A32, 0x0233, 0x01F1, 0x018E, 0x016D, 0x014C, 
    0x014C, 0x012B, 0x012B, 0x010A, 0x0064, 0x0062, 0x2124, 0x39C7, 0x6B2C, 0x62EB, 0x2924, 0x08A3, 
    0x0085, 0x00C7, 0x00C7, 0x00A6, 0x0085, 0x0042, 0x0042, 0x0882, 0x2944, 0x39A5, 0x41C5, 0x4A06, 
    0x838C, 0x944F, 0x8C2F, 0x83EE, 0x736C, 0x630B, 0x4A69, 0x41E7, 0x31A6, 0x2965, 0x2945, 0x10C3, 
    0x0881, 0x0841, 0x0020, 0x0021, 0x0042, 0x0085, 0x00C6, 0x00C6, 0x012B, 0x012B, 0x012A, 0x012B, 
    0x014C, 0x014B, 0x014B, 0x014C, 0x016C, 0x016C, 0x018E, 0x01F1, 0x0233, 0x0232, 0x0232, 0x0233, 
    0x0233, 0x0232, 0x0232, 0x0232, 0x0232, 0x0232, 0x0233, 0x0232, 0x0232, 0x0232, 0x0232, 0x01D0, 
    0x018E, 0x018E, 0x018D, 0x016C, 0x016C, 0x016C, 0x014C, 0x016C, 0x018E, 0x018D, 0x014C, 0x014C, 
    0x016C, 0x014B, 0x014C, 0x014C, 0x014C, 0x014C, 0x014C, 0x014B, 0x014B, 0x012B, 0x014B, 0x014B, 
    0x014B, 0x014B, 0x014B, 0x014B, 0x014B, 0x014B, 0x014B, 0x014B, 0x012B, 0x012B, 0x012B, 0x012B, 
    0x014B, 0x014B, 0x014C, 0x014C, 0x014C, 0x014B, 0x014B, 0x014B, 0x014B, 0x014B, 0x014B, 0x014B, 
    0x014B, 0x014B, 0x014B, 0x014B, 0x014B, 0x014B, 0x016C, 0x014B, 0x014B, 0x014C, 0x014B, 0x012B, 
    0x014C, 0x016C, 0x014B, 0x014C, 0x014C, 0x014C, 0x016C, 0x016C, 0x016C, 0x016C, 0x01AE, 0x01CF, 
    0x01F1, 0x0253, 0x0233, 0x0232, 0x0A33, 0x0A53, 0x0A33, 0x0A33, 0x0A32, 0x0A33, 0x0A32, 0x0A32, 
    0x0A32, 0x0A32, 0x0A32, 0x01F1, 0x01AF, 0x016D, 0x00C7, 0x10A2, 0x944F, 0x9C70, 0x634D, 0x012A, 
    0x01EE, 0x01CE, 0x01AD, 0x01AD, 0x01AE, 0x0129, 0x0861, 0x82A0, 0xC3E0, 0xBBE0, 0xBBE0, 0xCC20, 
    0x82A0, 0x0001, 0x6A20, 0xC400, 0xBBE0, 0xBBE0, 0xC3E0, 0xC400, 0x7A60, 0x0021, 0x016B, 0x01AD, 
    0x01AD, 0x014B, 0x21A9, 0x8C2F, 0x83EF, 0x5AAA, 0x5AAA, 0x2103, 0x0084, 0x014C, 0x014B, 0x014B, 
    0x014B, 0x016C, 0x016D, 0x09CF, 0x0211, 0x0212, 0x0232, 0x0232, 0x0212, 0x0212, 0x0232, 0x0212, 
    0x0212, 0x0212, 0x0212, 0x0A32, 0x0A32, 0x0A32, 0x0A32, 0x0A32, 0x0212, 0x0212, 0x0212, 0x0212, 
    0x0A33, 0x0A33, 0x0A33, 0x0A53, 0x0A53, 0x0A53, 0x0A53, 0x0A53, 0x0A53, 0x0A53, 0x0A32, 0x018D, 
    0x016C, 0x014C, 0x012B, 0x012B, 0x014B, 0x00E8, 0x0021, 0x1082, 0x2986, 0x5269, 0x942F, 0x7B8C, 
    0x2944, 0x2124, 0x2924, 0x2103, 0x41C5, 0x62A9, 0x838C, 0x942E, 0x9C6F, 0x944F, 0x83CD, 0x734C, 
    0x528A, 0x4228, 0x39C7, 0x39C7, 0x2965, 0x18C3, 0x1082, 0x0841, 0x0841, 0x0021, 0x0021, 0x0021, 
    0x00A5, 0x00C7, 0x0109, 0x012A, 0x014B, 0x014C, 0x016C, 0x014C, 0x014C, 0x014B, 0x012B, 0x012A, 
    0x012B, 0x014C, 0x014C, 0x014C, 0x01AF, 0x0A32, 0x0A32, 0x0A32, 0x0A33, 0x0A53, 0x0A53, 0x0A53, 
    0x0A53, 0x0A53, 0x0A53, 0x0A53, 0x0A53, 0x0A53, 0x0A53, 0x0A33, 0x0A53, 0x0A53, 0x0A53, 0x0A53, 
    0x0A53, 0x0A32, 0x0A33, 0x0A53, 0x0A32, 0x0232, 0x0A33, 0x01F0, 0x01AE, 0x01AE, 0x01AF, 0x016D, 
    0x016C, 0x014C, 0x014C, 0x014C, 0x014C, 0x014C, 0x014B, 0x014B, 0x014B, 0x014B, 0x014B, 0x014B, 
    0x014B, 0x014B, 0x014B, 0x012B, 0x014B, 0x014B, 0x014B, 0x012B, 0x012B, 0x012B, 0x012B, 0x012B, 
    0x012B, 0x012B, 0x014B, 0x014B, 0x014B, 0x014B, 0x014B, 0x014B, 0x014B, 0x014B, 0x014B, 0x014B, 
    0x014B, 0x014B, 0x014C, 0x014C, 0x014C, 0x014C, 0x018D, 0x016D, 0x016C, 0x014C, 0x014C, 0x012B, 
    0x018E, 0x01AF, 0x01CF, 0x01AF, 0x0A32, 0x0A32, 0x0A32, 0x0A32, 0x0A32, 0x0A32, 0x0A32, 0x0A32, 
    0x0A33, 0x0A53, 0x0A53, 0x0A33, 0x0A53, 0x0A53, 0x0A53, 0x0A53, 0x0A53, 0x0A53, 0x0A53, 0x0A53, 
    0x0A53, 0x0A53, 0x0A32, 0x01AF, 0x01CF, 0x014C, 0x00C8, 0x1082, 0x83CE, 0x9C90, 0x738E, 0x096A, 
    0x01CE, 0x01CD, 0x01AD, 0x01AD, 0x01AD, 0x01CE, 0x0129, 0x0840, 0x92E0, 0xCC00, 0xC400, 0xCC40, 
    0xBBC0, 0x7A60, 0xAB80, 0xBBC0, 0xC3E0, 0xC3E0, 0xC400, 0x6A00, 0x0062, 0x012A, 0x01AD, 0x01AD, 
    0x01AD, 0x014B, 0x21A9, 0x8C2F, 0x83EE, 0x5ACA, 0x5ACA, 0x2124, 0x0085, 0x014C, 0x014B, 0x014B, 
    0x014B, 0x014C, 0x016D, 0x018E, 0x01F1, 0x0233, 0x0212, 0x0212, 0x0212, 0x0A32, 0x0A33, 0x0A33, 
    0x0A32, 0x0A33, 0x0A33, 0x0A53, 0x0A53, 0x0A53, 0x0A53, 0x0A33, 0x0A53, 0x0A33, 0x0A33, 0x0232, 
    0x0212, 0x0212, 0x0212, 0x0212, 0x0213, 0x0213, 0x0212, 0x0212, 0x0A12, 0x0232, 0x0232, 0x0211, 
    0x018E, 0x018E, 0x018D, 0x014C, 0x014C, 0x014B, 0x012A, 0x0063, 0x0020, 0x2124, 0x4A49, 0x62EB, 
    0xA4B0, 0xB532, 0xACF1, 0x9C6F, 0x8BEE, 0x734C, 0x5ACA, 0x5289, 0x4228, 0x39E7, 0x39C7, 0x3186, 
    0x18E3, 0x10A2, 0x0840, 0x0861, 0x0021, 0x0000, 0x0022, 0x0085, 0x00E8, 0x012A, 0x012A, 0x012B, 
    0x014C, 0x014C, 0x014C, 0x014C, 0x014B, 0x014B, 0x014B, 0x012B, 0x014B, 0x018E, 0x016D, 0x018E, 
    0x016D, 0x01F0, 0x0232, 0x0211, 0x0211, 0x0232, 0x0232, 0x0212, 0x0212, 0x0212, 0x0212, 0x0233, 
    0x0232, 0x0212, 0x0212, 0x0212, 0x0212, 0x0212, 0x0212, 0x0212, 0x0232, 0x0232, 0x0232, 0x0233, 
    0x0232, 0x0232, 0x0232, 0x0232, 0x0212, 0x0212, 0x0233, 0x0A32, 0x0211, 0x0A11, 0x0A12, 0x0A12, 
    0x0A11, 0x0A12, 0x0A32, 0x0A32, 0x0A32, 0x0A32, 0x01F1, 0x0211, 0x0211, 0x0211, 0x0211, 0x0211, 
    0x01F1, 0x01F0, 0x01F0, 0x01F0, 0x01F1, 0x01F1, 0x01F0, 0x01F0, 0x01F0, 0x01F0, 0x01F0, 0x01F1, 
    0x01F1, 0x01F1, 0x01F1, 0x01F0, 0x01F0, 0x01F0, 0x01F1, 0x01F1, 0x01F1, 0x01F1, 0x0211, 0x0211, 
    0x01F1, 0x01F1, 0x0211, 0x0211, 0x0211, 0x01F1, 0x01F1, 0x01F1, 0x01F1, 0x0211, 0x0211, 0x0211, 
    0x0211, 0x0212, 0x0211, 0x0212, 0x0232, 0x0232, 0x0232, 0x0212, 0x0212, 0x0212, 0x0232, 0x0212, 
    0x0212, 0x0232, 0x0233, 0x0232, 0x0233, 0x0233, 0x0233, 0x0233, 0x0233, 0x0233, 0x0A33, 0x0A32, 
    0x0A32, 0x0A33, 0x01AF, 0x018D, 0x014C, 0x014C, 0x00E9, 0x1081, 0x6B0B, 0x9CB1, 0x9470, 0x52EC, 
    0x0109, 0x01AD, 0x01AD, 0x01AD, 0x01AD, 0x01AD, 0x01AD, 0x00E8, 0x1080, 0xA360, 0xCC20, 0xC400, 
    0x49A0, 0x0861, 0x51C0, 0xBBC0, 0xBBC0, 0xC3E0, 0x6A00, 0x0021, 0x016C, 0x01AE, 0x018C, 0x018C, 
    0x018C, 0x014B, 0x29CA, 0x944F, 0x83EE, 0x5AAA, 0x5AAA, 0x2924, 0x0085, 0x014C, 0x014B, 0x014B, 
    0x012B, 0x014B, 0x014C, 0x018D, 0x0A11, 0x0A53, 0x0A53, 0x0A53, 0x0A33, 0x0A53, 0x0A53, 0x0A53, 
    0x0A33, 0x0A32, 0x0212, 0x0212, 0x0212, 0x0212, 0x0A12, 0x0A12, 0x0A32, 0x0A33, 0x0A33, 0x0A53, 
    0x0A53, 0x0A53, 0x0A53, 0x0A53, 0x0A53, 0x0A53, 0x0A53, 0x0A53, 0x0A53, 0x0A53, 0x0A53, 0x0A53, 
    0x0A32, 0x0A11, 0x01D0, 0x018E, 0x014C, 0x012B, 0x012B, 0x010A, 0x00C8, 0x0043, 0x10A2, 0x2104, 
    0x4A48, 0x52AA, 0x528A, 0x4A48, 0x39C7, 0x2985, 0x2103, 0x18C3, 0x10A2, 0x0841, 0x0020, 0x0020, 
    0x0043, 0x0085, 0x00C7, 0x00E8, 0x0109, 0x012A, 0x012B, 0x014B, 0x014C, 0x014B, 0x014B, 0x014B, 
    0x014B, 0x012B, 0x014B, 0x014B, 0x016D, 0x01CF, 0x01F1, 0x01F0, 0x01CF, 0x01CF, 0x0211, 0x0212, 
    0x0211, 0x0233, 0x0A53, 0x0A53, 0x0253, 0x0A53, 0x0A53, 0x0A53, 0x0A53, 0x0A53, 0x0A53, 0x0A53, 
    0x0A53, 0x0A53, 0x0A53, 0x0A53, 0x0A53, 0x0A53, 0x0A53, 0x0A53, 0x0A53, 0x0A53, 0x0A53, 0x0A53, 
    0x0A53, 0x0A53, 0x0A53, 0x0A53, 0x0A53, 0x0A53, 0x0A33, 0x0233, 0x0233, 0x0A32, 0x0233, 0x0233, 
    0x0232, 0x0233, 0x0233, 0x0233, 0x0233, 0x0233, 0x0233, 0x0233, 0x0233, 0x0A33, 0x0A53, 0x0A53, 
    0x0253, 0x0253, 0x0253, 0x0233, 0x0253, 0x0253, 0x0233, 0x0233, 0x0A53, 0x0A53, 0x0A53, 0x0253, 
    0x0A53, 0x0A53, 0x0253, 0x0233, 0x0233, 0x0A33, 0x0A33, 0x0A53, 0x0A53, 0x0A53, 0x0A53, 0x0A53, 
    0x0A53, 0x0A53, 0x0A53, 0x0A53, 0x0A53, 0x0A53, 0x0A53, 0x0A53, 0x0A53, 0x0A53, 0x0A53, 0x0A53, 
    0x0A53, 0x0A53, 0x0A53, 0x0A53, 0x0A53, 0x0A53, 0x0233, 0x0A33, 0x0A33, 0x0A53, 0x0A53, 0x0A53, 
    0x0A53, 0x0A53, 0x0A53, 0x0A53, 0x0A53, 0x0A53, 0x0A53, 0x0A53, 0x0A53, 0x0A53, 0x0A53, 0x0A53, 
    0x0A53, 0x0A53, 0x018D, 0x012B, 0x012B, 0x014B, 0x012B, 0x0041, 0x3185, 0x9470, 0x9470, 0x8C0F, 
    0x1989, 0x0109, 0x012A, 0x014B, 0x016B, 0x018C, 0x018C, 0x01AD, 0x0129, 0x1880, 0x9300, 0xBBC0, 
    0x3100, 0x0000, 0x3960, 0xC400, 0xC3E0, 0x51A0, 0x0042, 0x014A, 0x01AD, 0x01AD, 0x018D, 0x018C, 
    0x018C, 0x012A, 0x21CA, 0x9470, 0x8C0F, 0x52AA, 0x528A, 0x2124, 0x0065, 0x014C, 0x012B, 0x012B, 
    0x014C, 0x012B, 0x014C, 0x018D, 0x01F0, 0x0212, 0x0212, 0x0212, 0x0212, 0x0212, 0x0212, 0x0212, 
    0x0A32, 0x0A33, 0x0A33, 0x0A53, 0x0A53, 0x0A53, 0x0A33, 0x0A53, 0x0A53, 0x0A33, 0x0232, 0x0233, 
    0x0232, 0x0233, 0x0232, 0x0212, 0x0212, 0x0A12, 0x0212, 0x0232, 0x0233, 0x0233, 0x0233, 0x0233, 
    0x0A33, 0x0A33, 0x0A32, 0x01F0, 0x01AF, 0x018D, 0x018D, 0x012B, 0x012B, 0x012A, 0x00A6, 0x0042, 
    0x1061, 0x10A2, 0x10A2, 0x1082, 0x0840, 0x0021, 0x0043, 0x0063, 0x0085, 0x00C8, 0x00E8, 0x0109, 
    0x012B, 0x014C, 0x014C, 0x014B, 0x012B, 0x012B, 0x014B, 0x012B, 0x012B, 0x012B, 0x014C, 0x01AE, 
    0x018E, 0x01AF, 0x01F0, 0x01D0, 0x01D0, 0x0211, 0x0A32, 0x0A32, 0x0232, 0x0212, 0x0233, 0x0233, 
    0x0233, 0x0233, 0x0212, 0x0212, 0x0212, 0x0212, 0x0212, 0x0233, 0x0233, 0x0233, 0x0233, 0x0233, 
    0x0233, 0x0233, 0x0233, 0x0233, 0x0233, 0x0233, 0x0233, 0x0233, 0x0232, 0x0212, 0x0212, 0x0232, 
    0x0212, 0x0212, 0x0212, 0x0212, 0x0233, 0x0233, 0x0233, 0x0232, 0x0232, 0x0232, 0x0232, 0x0233, 
    0x0233, 0x0233, 0x0233, 0x0A33, 0x0A53, 0x0A53, 0x0A53, 0x0A53, 0x0A33, 0x0A33, 0x0A33, 0x0233, 
    0x0212, 0x0212, 0x0212, 0x0212, 0x0212, 0x0233, 0x0233, 0x0233, 0x0233, 0x0232, 0x0A32, 0x0232, 
    0x0212, 0x0212, 0x0212, 0x0212, 0x0212, 0x0212, 0x0232, 0x0233, 0x0233, 0x0233, 0x0233, 0x0233, 
    0x0A33, 0x0A33, 0x0A33, 0x0A33, 0x0A33, 0x0A33, 0x0233, 0x0233, 0x0232, 0x0232, 0x0212, 0x0212, 
    0x0212, 0x0212, 0x0232, 0x0233, 0x0213, 0x0212, 0x0212, 0x0212, 0x0212, 0x0212, 0x0212, 0x0233, 
    0x0233, 0x0233, 0x0233, 0x0233, 0x0233, 0x0233, 0x0233, 0x0233, 0x0A33, 0x0A33, 0x0A33, 0x0A33, 
    0x0A33, 0x0A33, 0x0210, 0x016D, 0x014C, 0x012B, 0x012B, 0x0085, 0x1081, 0x6B2B, 0x8C0F, 0x9450, 
    0x7BAE, 0x4AAC, 0x31EA, 0x2A0A, 0x21CA, 0x012A, 0x010A, 0x012A, 0x012A, 0x0086, 0x0840, 0x9300, 
    0xAB60, 0x82C0, 0xB3A0, 0xBBC0, 0x4980, 0x0084, 0x014A, 0x01AD, 0x01AD, 0x01AD, 0x018D, 0x01AD, 
    0x014A, 0x0108, 0x632C, 0x8C2F, 0x7BCE, 0x5289, 0x4A49, 0x18E3, 0x0064, 0x012B, 0x012B, 0x012B, 
    0x012B, 0x014C, 0x016D, 0x01D0, 0x0232, 0x0A33, 0x0A33, 0x0A33, 0x0A33, 0x0A33, 0x0A33, 0x0A32, 
    0x0212, 0x0A12, 0x0A33, 0x0A33, 0x0A33, 0x0A33, 0x0A32, 0x0A33, 0x0A53, 0x0A53, 0x0A53, 0x0A53, 
    0x0A33, 0x0A33, 0x0A33, 0x0A33, 0x0A33, 0x0A32, 0x0A32, 0x0A33, 0x0A33, 0x0A33, 0x0A33, 0x0A33, 
    0x0A33, 0x0A33, 0x0A33, 0x0A53, 0x0A32, 0x01D0, 0x01AF, 0x018E, 0x014C, 0x014C, 0x014C, 0x0109, 
    0x00A6, 0x00A6, 0x00C6, 0x00C6, 0x00A6, 0x0109, 0x014C, 0x014C, 0x014C, 0x014C, 0x014B, 0x014B, 
    0x014C, 0x014C, 0x016C, 0x014C, 0x016D, 0x01AE, 0x018D, 0x018D, 0x018E, 0x018E, 0x01CF, 0x01CF, 
    0x01D0, 0x0211, 0x0A53, 0x0A53, 0x0A53, 0x0A53, 0x0A53, 0x0A53, 0x0A53, 0x0233, 0x0233, 0x0A33, 
    0x0233, 0x0233, 0x0233, 0x0233, 0x0233, 0x0232, 0x0A33, 0x0A33, 0x0A33, 0x0A33, 0x0A33, 0x0A33, 
    0x0A33, 0x0233, 0x0233, 0x0A33, 0x0A53, 0x0A33, 0x0A33, 0x0A33, 0x0A33, 0x0A33, 0x0A33, 0x0233, 
    0x0233, 0x0233, 0x0233, 0x0233, 0x0A33, 0x0A53, 0x0A53, 0x0A53, 0x0A53, 0x0A53, 0x0A53, 0x0A53, 
    0x0A53, 0x0A53, 0x0A53, 0x0A53, 0x0A53, 0x0A53, 0x0A53, 0x0A53, 0x0A53, 0x0A53, 0x0A53, 0x0A53, 
    0x0A33, 0x0232, 0x0232, 0x0233, 0x0A33, 0x0A33, 0x0A53, 0x0A53, 0x0A53, 0x0A33, 0x0A33, 0x0A33, 
    0x0A33, 0x0A32, 0x0A32, 0x0A33, 0x0A33, 0x0A33, 0x0A33, 0x0233, 0x0A33, 0x0A53, 0x0A53, 0x0A33, 
    0x0A53, 0x0A53, 0x0A53, 0x0A53, 0x0A53, 0x0A53, 0x0233, 0x0233, 0x0233, 0x0A33, 0x0A33, 0x0A53, 
    0x0A33, 0x0A53, 0x0A53, 0x0A33, 0x0A33, 0x0A33, 0x0A32, 0x0A33, 0x0A33, 0x0A33, 0x0A33, 0x0A53, 
    0x0A53, 0x0A33, 0x0A33, 0x0A33, 0x0A33, 0x0A53, 0x0A53, 0x0A53, 0x0A53, 0x0A53, 0x0A53, 0x0A53, 
    0x0A53, 0x0A53, 0x0211, 0x01CF, 0x018E, 0x016D, 0x012B, 0x010A, 0x0063, 0x2944, 0x5ACA, 0x7B8D, 
    0x83EE, 0x8C4F, 0x9C70, 0x9470, 0x9470, 0x634E, 0x52CC, 0x5AEC, 0x52AC, 0x31E9, 0x2987, 0x18C1, 
    0x59C0, 0x6A20, 0x7260, 0x3100, 0x0023, 0x0109, 0x0109, 0x012A, 0x014A, 0x012A, 0x012A, 0x0109, 
    0x21C9, 0x4A8B, 0x83EE, 0x7BAD, 0x52AA, 0x4A49, 0x2965, 0x0882, 0x00E8, 0x012B, 0x012B, 0x014C, 
    0x016D, 0x014C, 0x01AF, 0x0A33, 0x0A33, 0x0A32, 0x0A32, 0x0A32, 0x0A32, 0x0A33, 0x0A53, 0x0A33, 
    0x0A33, 0x0A33, 0x0A53, 0x0A53, 0x0A53, 0x0A53, 0x0A33, 0x0A53, 0x0A53, 0x0A53, 0x0A53, 0x0A53, 
    0x0A33, 0x0A33, 0x0A33, 0x0A32, 0x0A32, 0x0A32, 0x0A32, 0x0A33, 0x0A33, 0x0A33, 0x0A33, 0x0A33, 
    0x0A33, 0x0A32, 0x0232, 0x0232, 0x0A32, 0x0A33, 0x0233, 0x0232, 0x018E, 0x016D, 0x014C, 0x016D, 
    0x014D, 0x014C, 0x016D, 0x016D, 0x016D, 0x016D, 0x014C, 0x014C, 0x016C, 0x014C, 0x016D, 0x016D, 
    0x018D, 0x016D, 0x018E, 0x018E, 0x01AF, 0x0212, 0x01D0, 0x0212, 0x0233, 0x0233, 0x0253, 0x0253, 
    0x0233, 0x0232, 0x0A32, 0x0232, 0x0A32, 0x0A32, 0x0A32, 0x0232, 0x0233, 0x0233, 0x0233, 0x0A33, 
    0x0233, 0x0232, 0x0232, 0x0A32, 0x0A32, 0x0232, 0x0A32, 0x0A32, 0x0A33, 0x0A32, 0x0A32, 0x0A32, 
    0x0232, 0x0232, 0x0233, 0x0A33, 0x0A33, 0x0A33, 0x0A33, 0x0A33, 0x0233, 0x0A33, 0x0232, 0x0232, 
    0x0232, 0x0232, 0x0233, 0x0233, 0x0233, 0x0233, 0x0232, 0x0233, 0x0A33, 0x0A33, 0x0232, 0x0233, 
    0x0233, 0x0232, 0x0232, 0x0233, 0x0233, 0x0233, 0x0233, 0x0233, 0x0233, 0x0233, 0x0233, 0x0233, 
    0x0232, 0x0232, 0x0232, 0x0232, 0x0A33, 0x0A33, 0x0A33, 0x0233, 0x0233, 0x0A33, 0x0A32, 0x0232, 
    0x0A32, 0x0A32, 0x0A32, 0x0233, 0x0232, 0x0232, 0x0232, 0x0233, 0x0233, 0x0233, 0x0233, 0x0A33, 
    0x0A33, 0x0A33, 0x0A33, 0x0233, 0x0A33, 0x0A33, 0x0A33, 0x0A33, 0x0233, 0x0A33, 0x0A33, 0x0A33, 
    0x0A33, 0x0A33, 0x0A33, 0x0A33, 0x0A32, 0x0A32, 0x0A32, 0x0A32, 0x0232, 0x0233, 0x0233, 0x0A33, 
    0x0A32, 0x0233, 0x0233, 0x0233, 0x0A33, 0x0A33, 0x0A53, 0x0A33, 0x0A53, 0x0A33, 0x0A33, 0x0A33, 
    0x0233, 0x0233, 0x0233, 0x0233, 0x01F1, 0x018D, 0x014C, 0x012B, 0x0109, 0x0063, 0x18E3, 0x41E7, 
    0x52AA, 0x736D, 0x7BCE, 0x7BCE, 0x83EE, 0x840E, 0x8C0E, 0x944F, 0x946F, 0x8C2F, 0x8C2F, 0x630B, 
    0x2945, 0x2945, 0x2124, 0x31C7, 0x3A2B, 0x322B, 0x322B, 0x322B, 0x320A, 0x320A, 0x320A, 0x322A, 
    0x73AE, 0x8C4F, 0x83EE, 0x632B, 0x4228, 0x39C7, 0x0861, 0x0085, 0x014C, 0x014C, 0x016D, 0x018E, 
    0x018E, 0x01AF, 0x0233, 0x0232, 0x0232, 0x0212, 0x0212, 0x0212, 0x0212, 0x0232, 0x0232, 0x0232, 
    0x0A32, 0x0A33, 0x0A53, 0x0A53, 0x0A53, 0x0A53, 0x0A53, 0x0A53, 0x0A33, 0x0A32, 0x0A33, 0x0A32, 
    0x0212, 0x0212, 0x0212, 0x0212, 0x0A32, 0x0A32, 0x0A33, 0x0A33, 0x0A33, 0x0A33, 0x0A33, 0x0A32, 
    0x0232, 0x0233, 0x0233, 0x0233, 0x0233, 0x0233, 0x0233, 0x0233, 0x0233, 0x0233, 0x0211, 0x01D0, 
    0x01AF, 0x018E, 0x018E, 0x01D0, 0x01AF, 0x01AF, 0x01AF, 0x018E, 0x01AF, 0x01F1, 0x0232, 0x0A53, 
    0x0A53, 0x0A53, 0x0A53, 0x0A53, 0x0233, 0x0233, 0x0233, 0x0233, 0x0213, 0x0232, 0x0233, 0x0232, 
    0x0212, 0x0212, 0x0213, 0x0213, 0x0213, 0x0213, 0x0213, 0x0233, 0x0233, 0x0233, 0x0233, 0x0233, 
    0x0233, 0x0233, 0x0213, 0x0233, 0x0213, 0x0233, 0x0233, 0x0233, 0x0233, 0x0233, 0x0233, 0x0233, 
    0x0233, 0x0233, 0x0233, 0x0233, 0x0233, 0x0233, 0x0233, 0x0233, 0x0233, 0x0233, 0x0233, 0x0233, 
    0x0233, 0x0233, 0x0233, 0x0233, 0x0233, 0x0233, 0x0233, 0x0233, 0x0233, 0x0233, 0x0233, 0x0233, 
    0x0233, 0x0233, 0x0233, 0x0233, 0x0233, 0x0233, 0x0233, 0x0233, 0x0233, 0x0233, 0x0233, 0x0213, 
    0x0233, 0x0213, 0x0233, 0x0233, 0x0233, 0x0233, 0x0233, 0x0233, 0x0233, 0x0233, 0x0233, 0x0233, 
    0x0233, 0x0233, 0x0233, 0x0233, 0x0233, 0x0233, 0x0233, 0x0233, 0x0233, 0x0213, 0x0213, 0x0233, 
    0x0233, 0x0233, 0x0233, 0x0233, 0x0233, 0x0233, 0x0233, 0x0A33, 0x0233, 0x0233, 0x0233, 0x0233, 
    0x0233, 0x0233, 0x0233, 0x0233, 0x0212, 0x0212, 0x0212, 0x0232, 0x0212, 0x0213, 0x0213, 0x0233, 
    0x0213, 0x0233, 0x0233, 0x0233, 0x0233, 0x0233, 0x0233, 0x0233, 0x0233, 0x0233, 0x0233, 0x0233, 
    0x0233, 0x0233, 0x0233, 0x0233, 0x0233, 0x0212, 0x01AF, 0x018E, 0x014C, 0x012B, 0x0086, 0x0042, 
    0x0042, 0x18C3, 0x2965, 0x39A6, 0x4208, 0x5289, 0x5AEB, 0x6B2C, 0x6B4C, 0x736D, 0x7BAE, 0x83EF, 
    0x840F, 0x8C30, 0x8C30, 0x8430, 0x840F, 0x8C2F, 0x8C2F, 0x8C2F, 0x8C2F, 0x8C50, 0x9450, 0x9450, 
    0x83EE, 0x73AD, 0x6B2C, 0x528A, 0x31A6, 0x0861, 0x0085, 0x014C, 0x016D, 0x018E, 0x01AF, 0x01AF, 
    0x01F1, 0x0233, 0x0233, 0x0233, 0x0233, 0x0233, 0x0233, 0x0233, 0x0233, 0x0233, 0x0213, 0x0213, 
    0x0212, 0x0A32, 0x0A33, 0x0A33, 0x0A33, 0x0A33, 0x0A33, 0x0A33, 0x0A32, 0x0A32, 0x0232, 0x0232, 
    0x0A33, 0x0A33, 0x0A33, 0x0A33, 0x0A33, 0x0A53, 0x0A53, 0x0A53, 0x0A53, 0x0A53, 0x0A53, 0x0A53, 
    0x0A53, 0x01CF, 0x01AE, 0x01AE, 0x01AE, 0x01AE, 0x01AE, 0x01AE, 0x01AE, 0x01AE, 0x01AD, 0x01AD, 
    0x01AE, 0x01AE, 0x01AE, 0x01AE, 0x01AD, 0x01AD, 0x01AD, 0x01AD, 0x01AD, 0x01AE, 0x01AE, 0x01AE, 
    0x01AE, 0x01AE, 0x01AE, 0x01AE, 0x01AE, 0x01AE, 0x01AE, 0x01AE, 0x01AE, 0x01CE, 0x01AE, 0x01AE, 
    0x01AE, 0x01AE, 0x01AE, 0x01AE, 0x018E, 0x01AE, 0x01AE, 0x01AE, 0x01CE, 0x01CE, 0x01CE, 0x01AE, 
    0x01AE, 0x01AE, 0x01AE, 0x01AE, 0x01AE, 0x01AE, 0x01AE, 0x01AE, 0x01CE, 0x01AE, 0x01AE, 0x01AE, 
    0x01AE, 0x01AE, 0x01AE, 0x01AE, 0x01AE, 0x01AE, 0x01AE, 0x01AE, 0x01AE, 0x01AE, 0x01AE, 0x01AE, 
    0x01AE, 0x01AE, 0x01AE, 0x01AE, 0x01CE, 0x01CE, 0x01AE, 0x01AE, 0x01AE, 0x01AE, 0x01AE, 0x01AE, 
    0x01AE, 0x01AE, 0x01AE, 0x01CE, 0x01CE, 0x01CE, 0x01CE, 0x01CE, 0x01AE, 0x01AE, 0x01AE, 0x01AE, 
    0x01AE, 0x01AE, 0x01AE, 0x01AE, 0x01AE, 0x01AE, 0x01AE, 0x01AE, 0x01AE, 0x01AE, 0x01AE, 0x01AE, 
    0x01AE, 0x01AE, 0x01AE, 0x01AE, 0x01AE, 0x01AE, 0x01AE, 0x01AE, 0x01AE, 0x01AE, 0x01AE, 0x01AE, 
    0x01AE, 0x01AE, 0x01AE, 0x01AE, 0x01AE, 0x01AE, 0x01AE, 0x01CE, 0x01CE, 0x01AE, 0x01AE, 0x01AE, 
    0x01AE, 0x01AE, 0x01AE, 0x01AE, 0x01AE, 0x018D, 0x01AE, 0x01AE, 0x01AE, 0x01AE, 0x01AE, 0x01AE, 
    0x01AE, 0x01AE, 0x01AE, 0x01AE, 0x01CE, 0x01CE, 0x01CE, 0x01CE, 0x01AE, 0x01AE, 0x01AE, 0x01AE, 
    0x01AE, 0x01AE, 0x01AE, 0x01AE, 0x01AE, 0x01AE, 0x01AD, 0x01AD, 0x014B, 0x012B, 0x00E9, 0x0109, 
    0x00C7, 0x0085, 0x0043, 0x0000, 0x0000, 0x0041, 0x0861, 0x18C3, 0x2124, 0x2945, 0x3186, 0x39E7, 
    0x4228, 0x4A49, 0x4A69, 0x4A69, 0x528A, 0x528A, 0x52AA, 0x52AA, 0x5ACA, 0x5ACA, 0x62EB, 0x5ACA, 
    0x4A69, 0x4A69, 0x4207, 0x1903, 0x0841, 0x0041, 0x00E8, 0x010A, 0x014B, 0x01CE, 0x01AD, 0x018D, 
    0x01AD, 0x01AE, 0x01AE, 0x01AE, 0x01AE, 0x01AE, 0x01AE, 0x01AE, 0x01AE, 0x01AE, 0x01AE, 0x01AE, 
    0x0A33, 0x0A33, 0x0A53, 0x0A53, 0x0A53, 0x0A53, 0x0A53, 0x0A53, 0x0A33, 0x0A53, 0x0A53, 0x0A33, 
    0x0212, 0x0A32, 0x0212, 0x0212, 0x0212, 0x0212, 0x0212, 0x0A12, 0x0A32, 0x0A32, 0x0A32, 0x0A32, 
    0x0109, 0x0021, 0x0041, 0x0041, 0x0041, 0x0041, 0x0041, 0x0041, 0x0041, 0x0041, 0x0041, 0x0040, 
    0x0041, 0x0841, 0x0841, 0x0041, 0x0841, 0x0041, 0x0041, 0x0041, 0x0041, 0x0041, 0x0041, 0x0041, 
    0x0041, 0x0041, 0x0041, 0x0041, 0x0041, 0x0041, 0x0041, 0x0041, 0x0841, 0x0841, 0x0041, 0x0841, 
    0x0041, 0x0041, 0x0041, 0x0841, 0x0041, 0x0041, 0x0041, 0x0041, 0x0041, 0x0041, 0x0041, 0x0041, 
    0x0041, 0x0041, 0x0041, 0x0841, 0x0841, 0x0841, 0x0841, 0x0841, 0x0041, 0x0041, 0x0041, 0x0041, 
    0x0041, 0x0041, 0x0041, 0x0041, 0x0841, 0x0041, 0x0041, 0x0041, 0x0041, 0x0041, 0x0041, 0x0841, 
    0x0841, 0x0041, 0x0041, 0x0041, 0x0041, 0x0041, 0x0041, 0x0041, 0x0041, 0x0041, 0x0041, 0x0041, 
    0x0041, 0x0841, 0x0841, 0x0841, 0x0041, 0x0841, 0x0841, 0x0841, 0x0841, 0x0841, 0x0841, 0x0841, 
    0x0841, 0x0841, 0x0041, 0x0041, 0x0841, 0x0841, 0x0041, 0x0041, 0x0841, 0x0041, 0x0841, 0x0841, 
    0x0041, 0x0041, 0x0041, 0x0841, 0x0841, 0x0841, 0x0841, 0x0841, 0x0841, 0x0841, 0x0841, 0x0041, 
    0x0841, 0x0841, 0x0841, 0x0841, 0x0841, 0x0841, 0x0841, 0x0841, 0x0841, 0x0041, 0x0041, 0x0041, 
    0x0041, 0x0041, 0x0041, 0x0041, 0x0841, 0x0841, 0x0841, 0x0841, 0x0841, 0x0841, 0x0841, 0x0841, 
    0x0841, 0x0841, 0x0841, 0x0841, 0x0841, 0x0841, 0x0041, 0x0041, 0x0041, 0x0041, 0x0041, 0x0841, 
    0x0041, 0x0841, 0x0841, 0x0841, 0x0841, 0x0841, 0x0841, 0x0041, 0x0041, 0x0041, 0x0041, 0x0041, 
    0x0041, 0x0041, 0x0041, 0x0041, 0x0041, 0x0041, 0x0041, 0x0021, 0x0020, 0x0020, 0x0020, 0x0041, 
    0x0841, 0x0841, 0x0841, 0x0841, 0x0841, 0x0021, 0x0020, 0x0041, 0x0021, 0x0020, 0x0020, 0x0020, 
    0x0041, 0x0041, 0x0041, 0x0021, 0x0021, 0x0021, 0x0021, 0x0041, 0x0041, 0x0041, 0x0041, 0x0041, 
    0x0841, 0x0841, 0x0841, 0x0841, 0x0841, 0x0841, 0x0841, 0x0841, 0x0841, 0x0841, 0x0841, 0x0021, 
    0x016C, 0x0232, 0x0A32, 0x0A32, 0x0A32, 0x0232, 0x0A32, 0x0A12, 0x0A12, 0x0212, 0x0212, 0x0212, 
    0x0A33, 0x0A53, 0x0A53, 0x0A53, 0x0A33, 0x0A33, 0x0A32, 0x0A52, 0x0A52, 0x0A53, 0x0A53, 0x096B, 
    0x0021, 0x4ACD, 0x6390, 0x636F, 0x5B6F, 0x5B6F, 0x5B6F, 0x5B4F, 0x5B6F, 0x5B6F, 0x5B70, 0x5B70, 
    0x5B70, 0x5B70, 0x5B70, 0x5B70, 0x5B70, 0x5B70, 0x536F, 0x5B6F, 0x5B6F, 0x5B70, 0x5B70, 0x5B70, 
    0x5B70, 0x5B70, 0x5B70, 0x5B6F, 0x5B70, 0x5B70, 0x5B70, 0x5B70, 0x5B6F, 0x5B6F, 0x5B6F, 0x5B6F, 
    0x5B6F, 0x5B6F, 0x5B6F, 0x5B6F, 0x5B70, 0x5B70, 0x5B70, 0x5B70, 0x5B70, 0x5B4F, 0x5B70, 0x5B90, 
    0x5B90, 0x5B70, 0x5B70, 0x5B70, 0x5B70, 0x5B70, 0x5B70, 0x5B70, 0x5B70, 0x5B6F, 0x534F, 0x534F, 
    0x534F, 0x534F, 0x534F, 0x534F, 0x5B6F, 0x5B70, 0x5B70, 0x5B6F, 0x5B6F, 0x5B6F, 0x5B6F, 0x5B6F, 
    0x5B6F, 0x5B4F, 0x5B4F, 0x534F, 0x534F, 0x534F, 0x5B4F, 0x534F, 0x534F, 0x5B4F, 0x5B6F, 0x5B6F, 
    0x5B70, 0x5B70, 0x5B70, 0x5B70, 0x5370, 0x5B70, 0x5B70, 0x5B70, 0x5B6F, 0x5B6F, 0x5B70, 0x5B6F, 
    0x5B6F, 0x5B6F, 0x5B6F, 0x5B6F, 0x5B70, 0x5B70, 0x5B6F, 0x5B70, 0x5B70, 0x5B70, 0x5B90, 0x5B70, 
    0x5B70, 0x5B70, 0x5B70, 0x5B70, 0x5B4F, 0x534F, 0x534F, 0x5B70, 0x5B6F, 0x5B70, 0x5B70, 0x5B70, 
    0x5B90, 0x5B90, 0x5B70, 0x5B70, 0x5B70, 0x5B70, 0x5370, 0x5370, 0x5370, 0x5370, 0x5370, 0x534F, 
    0x534F, 0x534F, 0x534F, 0x5350, 0x5B70, 0x5B50, 0x5B70, 0x5B70, 0x5B70, 0x5B70, 0x5B6F, 0x5B70, 
    0x5B70, 0x5B70, 0x5B90, 0x5B70, 0x5B70, 0x5370, 0x534F, 0x5B4F, 0x5B70, 0x5B70, 0x5B70, 0x5B70, 
    0x5B6F, 0x5B70, 0x5B70, 0x5B90, 0x5B90, 0x5B90, 0x5B90, 0x5B70, 0x5B70, 0x5B70, 0x5B70, 0x5B70, 
    0x5B70, 0x5B70, 0x5B70, 0x5B70, 0x5B70, 0x5B70, 0x5B70, 0x534F, 0x534F, 0x5350, 0x5370, 0x5350, 
    0x534F, 0x534F, 0x532F, 0x532F, 0x532F, 0x4AEE, 0x42EE, 0x42EE, 0x42CE, 0x42CE, 0x42EE, 0x42EE, 
    0x42EE, 0x42EE, 0x42EE, 0x4AEE, 0x4B0E, 0x532F, 0x5B70, 0x5B70, 0x5B70, 0x5B70, 0x5B70, 0x5B90, 
    0x5B90, 0x5B90, 0x5B90, 0x6390, 0x5B70, 0x5B70, 0x5B70, 0x5B70, 0x5B70, 0x5B70, 0x5B70, 0x2187, 
    0x0021, 0x09AD, 0x0A32, 0x0A32, 0x0A32, 0x0A53, 0x0A53, 0x0A53, 0x0A53, 0x0A53, 0x0A53, 0x0A33, 
    0x0212, 0x0212, 0x0212, 0x0212, 0x0212, 0x0212, 0x0212, 0x0A12, 0x0A12, 0x0A32, 0x0129, 0x0041, 
    0x5B0E, 0x7C52, 0x3ACF, 0x32AF, 0x32AF, 0x32AF, 0x32AF, 0x32AF, 0x32AF, 0x32D0, 0x32D0, 0x32D0, 
    0x32D0, 0x32D0, 0x32D0, 0x32D0, 0x32B0, 0x32D0, 0x32D0, 0x32D0, 0x32D0, 0x32D0, 0x32D0, 0x32D0, 
    0x32D0, 0x32D0, 0x32AF, 0x32D0, 0x32F0, 0x32D0, 0x32CF, 0x32CF, 0x32CF, 0x32D0, 0x32D0, 0x32AF, 
    0x32AF, 0x32AF, 0x32AF, 0x32AF, 0x32CF, 0x32CF, 0x32CF, 0x32AF, 0x32AF, 0x32AF, 0x32D0, 0x3AF0, 
    0x32D0, 0x32D0, 0x32AF, 0x32AF, 0x32AF, 0x32D0, 0x32D0, 0x32D0, 0x32AF, 0x32AF, 0x32AF, 0x32D0, 
    0x32B0, 0x32AF, 0x32AF, 0x2AAF, 0x32AF, 0x32D0, 0x32D0, 0x32AF, 0x32AF, 0x32AF, 0x32AF, 0x32AF, 
    0x32AF, 0x32AF, 0x2AAF, 0x2AAF, 0x2AAF, 0x32AF, 0x2A8F, 0x2A8F, 0x2A8F, 0x2A8F, 0x32AF, 0x32AF, 
    0x32AF, 0x2AAF, 0x32AF, 0x32AF, 0x32AF, 0x32CF, 0x32AF, 0x32AF, 0x32AF, 0x2AAF, 0x2AAF, 0x32AF, 
    0x32AF, 0x32AF, 0x32AF, 0x32B0, 0x32B0, 0x32B0, 0x32AF, 0x32AF, 0x32AF, 0x32D0, 0x32D0, 0x32CF, 
    0x32CF, 0x32D0, 0x32D0, 0x32AF, 0x2A8F, 0x2A8F, 0x32AF, 0x32AF, 0x32AF, 0x32AF, 0x32D0, 0x32D0, 
    0x32CF, 0x32AF, 0x32AF, 0x32AF, 0x32AF, 0x32AF, 0x32AF, 0x2AAF, 0x2AAF, 0x32B0, 0x32B0, 0x2AAF, 
    0x2AAF, 0x2AAF, 0x2AAF, 0x32AF, 0x32AF, 0x32AF, 0x32AF, 0x32AF, 0x32AF, 0x32CF, 0x32CF, 0x32AF, 
    0x32D0, 0x32D0, 0x32D0, 0x32D0, 0x32D0, 0x32B0, 0x32B0, 0x32AF, 0x32AF, 0x32CF, 0x32D0, 0x32D0, 
    0x32CF, 0x32D0, 0x32D0, 0x32D0, 0x32D0, 0x32D0, 0x32D0, 0x32D0, 0x32B0, 0x32AF, 0x32AF, 0x32D0, 
    0x32D0, 0x32D0, 0x32D0, 0x32AF, 0x32D0, 0x32D0, 0x32D0, 0x32B0, 0x2AB0, 0x2AB0, 0x2AAF, 0x2A8F, 
    0x2A8F, 0x2AAF, 0x32AF, 0x32AF, 0x2AAF, 0x2AAF, 0x2A8F, 0x2A8F, 0x2AAF, 0x2AAF, 0x2AAF, 0x2AAF, 
    0x2AAF, 0x32B0, 0x32AF, 0x2AAF, 0x2AAF, 0x32B0, 0x32AF, 0x32AF, 0x2A8F, 0x2AAF, 0x32AF, 0x32AF, 
    0x32AF, 0x32AF, 0x32CF, 0x32D0, 0x32CF, 0x32AF, 0x32AF, 0x32AF, 0x32CF, 0x32CF, 0x3ACF, 0x63D1, 
    0x3A6B, 0x0020, 0x016C, 0x0232, 0x0A12, 0x0A12, 0x0A32, 0x0A32, 0x0A32, 0x0233, 0x0232, 0x0212, 
    0x0A32, 0x0A33, 0x0A33, 0x0A33, 0x0A33, 0x0A32, 0x0A32, 0x0A32, 0x0A53, 0x09CE, 0x0062, 0x4ACC, 
    0x7C11, 0x3AEF, 0x08E5, 0x0062, 0x0083, 0x0083, 0x0083, 0x0083, 0x0083, 0x0083, 0x0083, 0x0083, 
    0x0083, 0x0083, 0x0883, 0x0083, 0x0083, 0x0083, 0x0083, 0x0883, 0x0883, 0x0883, 0x0883, 0x0883, 
    0x0883, 0x0883, 0x0883, 0x0083, 0x0083, 0x0083, 0x0083, 0x0083, 0x0083, 0x0083, 0x0083, 0x0083, 
    0x0083, 0x0083, 0x0083, 0x0083, 0x0083, 0x0083, 0x0062, 0x0062, 0x0063, 0x0063, 0x0083, 0x0883, 
    0x0083, 0x0083, 0x0083, 0x0083, 0x0083, 0x0883, 0x0883, 0x0883, 0x0083, 0x0883, 0x0083, 0x0083, 
    0x0083, 0x0883, 0x0083, 0x0083, 0x0883, 0x0883, 0x0083, 0x0083, 0x0083, 0x0083, 0x0083, 0x0083, 
    0x0083, 0x0063, 0x0062, 0x0062, 0x0063, 0x0083, 0x0083, 0x0063, 0x0083, 0x0083, 0x0083, 0x0063, 
    0x0083, 0x0083, 0x0083, 0x0083, 0x0083, 0x0083, 0x0083, 0x0083, 0x0083, 0x0083, 0x0083, 0x0083, 
    0x0883, 0x0083, 0x0083, 0x0083, 0x0083, 0x0083, 0x0083, 0x0083, 0x0083, 0x0083, 0x0083, 0x0083, 
    0x0083, 0x0083, 0x0083, 0x0083, 0x0083, 0x0083, 0x0883, 0x0883, 0x0083, 0x0083, 0x0083, 0x0083, 
    0x0083, 0x0083, 0x0083, 0x0083, 0x0083, 0x0083, 0x0083, 0x0083, 0x0083, 0x0083, 0x0083, 0x0083, 
    0x0083, 0x0083, 0x0083, 0x0083, 0x0083, 0x0083, 0x0063, 0x0063, 0x0083, 0x0083, 0x0083, 0x0883, 
    0x0883, 0x0883, 0x0083, 0x0083, 0x0083, 0x0083, 0x0083, 0x0083, 0x0083, 0x0083, 0x0083, 0x0083, 
    0x0083, 0x0083, 0x0083, 0x0083, 0x0083, 0x0083, 0x0083, 0x0083, 0x0083, 0x0083, 0x0083, 0x0883, 
    0x0083, 0x0083, 0x0083, 0x0083, 0x0083, 0x0883, 0x0083, 0x0083, 0x0083, 0x0083, 0x0083, 0x0883, 
    0x0083, 0x0083, 0x0883, 0x0883, 0x0083, 0x0083, 0x0083, 0x0083, 0x0083, 0x0083, 0x0083, 0x0083, 
    0x0083, 0x0883, 0x0883, 0x0883, 0x0083, 0x0083, 0x0083, 0x0083, 0x0083, 0x0083, 0x0083, 0x0083, 
    0x0883, 0x0883, 0x0083, 0x0083, 0x0083, 0x0083, 0x0083, 0x0083, 0x0083, 0x0883, 0x1169, 0x4310, 
    0x5391, 0x29E9, 0x0042, 0x01AE, 0x0A33, 0x0A33, 0x0A33, 0x0A53, 0x0A53, 0x0A53, 0x0A33, 0x0A33, 
    0x0232, 0x0233, 0x0A33, 0x0A32, 0x0A32, 0x0A32, 0x0A32, 0x0A33, 0x01AE, 0x0883, 0x426A, 0x7C32, 
    0x4B2F, 0x1127, 0x0042, 0x0042, 0x0042, 0x0042, 0x0042, 0x0062, 0x0062, 0x0042, 0x0042, 0x0042, 
    0x0042, 0x0042, 0x0042, 0x0042, 0x0042, 0x0042, 0x0042, 0x0042, 0x0042, 0x0042, 0x0042, 0x0042, 
    0x0042, 0x0042, 0x0042, 0x0042, 0x0042, 0x0042, 0x0042, 0x0042, 0x0042, 0x0042, 0x0042, 0x0042, 
    0x0042, 0x0042, 0x0042, 0x0042, 0x0042, 0x0042, 0x0042, 0x0042, 0x0042, 0x0042, 0x0042, 0x0042, 
    0x0042, 0x0042, 0x0042, 0x0042, 0x0042, 0x0042, 0x0042, 0x0042, 0x0042, 0x0042, 0x0042, 0x0042, 
    0x0062, 0x0042, 0x0042, 0x0042, 0x0042, 0x0062, 0x0042, 0x0042, 0x0042, 0x0042, 0x0042, 0x0042, 
    0x0042, 0x0042, 0x0042, 0x0042, 0x0042, 0x0042, 0x0042, 0x0042, 0x0042, 0x0042, 0x0042, 0x0042, 
    0x0042, 0x0042, 0x0042, 0x0042, 0x0042, 0x0042, 0x0042, 0x0042, 0x0042, 0x0042, 0x0042, 0x0042, 
    0x0042, 0x0042, 0x0042, 0x0042, 0x0042, 0x0042, 0x0042, 0x0042, 0x0042, 0x0042, 0x0042, 0x0042, 
    0x0042, 0x0042, 0x0062, 0x0042, 0x0042, 0x0042, 0x0042, 0x0062, 0x0062, 0x0042, 0x0042, 0x0042, 
    0x0042, 0x0042, 0x0042, 0x0042, 0x0042, 0x0042, 0x0042, 0x0042, 0x0042, 0x0042, 0x0042, 0x0042, 
    0x0042, 0x0042, 0x0042, 0x0042, 0x0042, 0x0042, 0x0042, 0x0042, 0x0042, 0x0042, 0x0042, 0x0042, 
    0x0042, 0x0042, 0x0042, 0x0042, 0x0042, 0x0042, 0x0042, 0x0042, 0x0042, 0x0042, 0x0042, 0x0042, 
    0x0042, 0x0042, 0x0042, 0x0042, 0x0062, 0x0062, 0x0062, 0x0042, 0x0042, 0x0042, 0x0042, 0x0062, 
    0x0042, 0x0042, 0x0042, 0x0042, 0x0042, 0x0042, 0x0042, 0x0062, 0x0042, 0x0042, 0x0042, 0x0062, 
    0x0062, 0x0042, 0x0042, 0x0042, 0x0042, 0x0042, 0x0042, 0x0042, 0x0042, 0x0042, 0x0042, 0x0042, 
    0x0042, 0x0042, 0x0042, 0x0062, 0x0062, 0x0062, 0x0062, 0x0042, 0x0042, 0x0042, 0x0042, 0x0062, 
    0x0042, 0x0042, 0x0042, 0x0062, 0x0042, 0x0042, 0x0062, 0x0042, 0x0042, 0x0042, 0x0083, 0x1969, 
    0x4B51, 0x5B91, 0x21A8, 0x0062, 0x01AF, 0x0233, 0x0A33, 0x0A33, 0x0A33, 0x0A33, 0x0A33, 0x0A53, 
    0x0212, 0x0232, 0x0A32, 0x0A32, 0x0A32, 0x0A32, 0x0A32, 0x0A33, 0x018D, 0x0861, 0x63B1, 0x4B10, 
    0x19A9, 0x0021, 0x0062, 0x00C5, 0x00A5, 0x00A5, 0x00A5, 0x00A5, 0x00A5, 0x00A5, 0x00A5, 0x00A5, 
    0x00A5, 0x00A5, 0x00A5, 0x00A5, 0x00A5, 0x00A5, 0x00A5, 0x00A5, 0x00A5, 0x00A5, 0x00A5, 0x00A5, 
    0x00A5, 0x00A5, 0x00C5, 0x08C5, 0x08C5, 0x08C5, 0x00C5, 0x00A5, 0x00A5, 0x00A5, 0x00C5, 0x00A5, 
    0x00A5, 0x00A5, 0x00A5, 0x00A5, 0x00A5, 0x00A5, 0x00A5, 0x00A5, 0x00A5, 0x00A5, 0x00A5, 0x00A5, 
    0x08C5, 0x08C5, 0x08C5, 0x00C5, 0x00A5, 0x00A5, 0x00A5, 0x00A5, 0x00C5, 0x00A5, 0x00A5, 0x08C5, 
    0x08C5, 0x00C5, 0x00A5, 0x00A5, 0x00A5, 0x08C5, 0x00C5, 0x00C5, 0x00A5, 0x00A5, 0x00A5, 0x00A5, 
    0x00A5, 0x00A5, 0x00A5, 0x00A5, 0x00A5, 0x00A5, 0x00A5, 0x00A5, 0x00A5, 0x00A5, 0x00A5, 0x00A5, 
    0x00A5, 0x00A5, 0x00A5, 0x00A5, 0x00A5, 0x00C5, 0x00C5, 0x00C5, 0x00C5, 0x00A5, 0x00C5, 0x00A5, 
    0x00A5, 0x00A5, 0x00A5, 0x00A5, 0x00A5, 0x00A5, 0x00A5, 0x00A5, 0x00A5, 0x00A5, 0x00A5, 0x00A5, 
    0x00A5, 0x00A5, 0x08A5, 0x00A5, 0x00A5, 0x00C5, 0x00C5, 0x00C5, 0x00C5, 0x00C5, 0x00A5, 0x00A5, 
    0x00A5, 0x00A5, 0x00A5, 0x00A5, 0x00A5, 0x00A5, 0x00A5, 0x00A5, 0x00A5, 0x00A5, 0x00A5, 0x00A5, 
    0x00A5, 0x00A5, 0x00A5, 0x00A5, 0x00A5, 0x00A5, 0x00A5, 0x00A5, 0x00A5, 0x00A5, 0x00A5, 0x00A5, 
    0x00A5, 0x00A5, 0x00A5, 0x00A5, 0x00A5, 0x00A5, 0x00A5, 0x00C5, 0x08A5, 0x00A5, 0x00C5, 0x00C5, 
    0x00C5, 0x00C5, 0x00C5, 0x00A5, 0x08C5, 0x08C5, 0x00A5, 0x00A5, 0x00A5, 0x00A5, 0x00C5, 0x00C5, 
    0x00C5, 0x00C5, 0x00C5, 0x00A5, 0x00C5, 0x00C5, 0x00C5, 0x00C5, 0x00C5, 0x00A5, 0x00A5, 0x00A5, 
    0x00C5, 0x00C5, 0x00A5, 0x00A5, 0x00A5, 0x00A5, 0x00A5, 0x00A5, 0x00A5, 0x00A5, 0x00A5, 0x00A5, 
    0x00A5, 0x00A5, 0x00A5, 0x00A5, 0x00C5, 0x00C5, 0x00A5, 0x00A5, 0x00A5, 0x00A5, 0x00A5, 0x00A5, 
    0x00A5, 0x00A5, 0x00A5, 0x08A5, 0x00A5, 0x00A5, 0x00A5, 0x00A5, 0x08C5, 0x08C5, 0x0041, 0x0062, 
    0x19CB, 0x4B71, 0x3AEF, 0x0021, 0x01AE, 0x0A33, 0x0A32, 0x0A33, 0x0A33, 0x0A33, 0x0A33, 0x0A53, 
    0x0A53, 0x0A53, 0x0A53, 0x0A53, 0x0A53, 0x0A53, 0x0A53, 0x0A53, 0x018D, 0x0861, 0x5B90, 0x2A4D, 
    0x0041, 0x0041, 0x08A5, 0x08A5, 0x08A5, 0x00A5, 0x00A5, 0x00A5, 0x00A5, 0x00A5, 0x00A5, 0x00A5, 
    0x00A5, 0x00A5, 0x00A5, 0x00A5, 0x00A5, 0x00A5, 0x00A5, 0x00A5, 0x00A5, 0x00A5, 0x00A5, 0x00A5, 
    0x00A5, 0x00A5, 0x00A5, 0x00A5, 0x00A5, 0x00A5, 0x00A5, 0x00A5, 0x08A5, 0x00A5, 0x00A5, 0x00A5, 
    0x00A5, 0x00A5, 0x00A5, 0x00A5, 0x00A5, 0x00A5, 0x00A5, 0x00A5, 0x00A5, 0x00A5, 0x00A5, 0x08A5, 
    0x08A5, 0x00A5, 0x00A5, 0x00A5, 0x08C5, 0x08C5, 0x08C5, 0x00A5, 0x00A5, 0x00A5, 0x00A5, 0x00C5, 
    0x08C5, 0x00A5, 0x00A5, 0x00A5, 0x08A5, 0x08C5, 0x08C5, 0x08C5, 0x00A5, 0x00A5, 0x00A5, 0x00A5, 
    0x00A5, 0x00A5, 0x00A5, 0x00A5, 0x00A5, 0x00A5, 0x00A5, 0x00A5, 0x00A5, 0x00A5, 0x00A5, 0x00A5, 
    0x00A5, 0x00A5, 0x00A5, 0x00A5, 0x00A5, 0x00A5, 0x08C5, 0x08C5, 0x08C5, 0x08C5, 0x00A5, 0x00A5, 
    0x00A5, 0x00A5, 0x08C5, 0x00C5, 0x00A5, 0x00A5, 0x08A5, 0x08C5, 0x00A5, 0x00A5, 0x00A5, 0x00A5, 
    0x08A5, 0x08A5, 0x08C5, 0x00C5, 0x08A5, 0x08A5, 0x00C5, 0x08C5, 0x00A5, 0x00A5, 0x00A5, 0x00A5, 
    0x00A5, 0x00A5, 0x00A5, 0x00A5, 0x00A5, 0x00A5, 0x00A5, 0x00A5, 0x00A5, 0x00A5, 0x00A5, 0x00A5, 
    0x00A5, 0x00C5, 0x00A5, 0x00A5, 0x00A5, 0x00A5, 0x00A5, 0x00A5, 0x08A5, 0x08A5, 0x08A5, 0x08A5, 
    0x00A5, 0x00A5, 0x00A5, 0x00A5, 0x00A5, 0x00A5, 0x00A5, 0x00A5, 0x00C5, 0x08C5, 0x08C5, 0x08C5, 
    0x08C5, 0x08C5, 0x00A5, 0x00A5, 0x00A5, 0x00C5, 0x00A5, 0x00A5, 0x00A5, 0x00A5, 0x00C5, 0x08C5, 
    0x08C5, 0x00A5, 0x00A5, 0x00A5, 0x00A5, 0x00C5, 0x00A5, 0x00A5, 0x08C5, 0x08C5, 0x00A5, 0x08A5, 
    0x00A5, 0x00C5, 0x00A5, 0x00A5, 0x00A5, 0x00A5, 0x00A5, 0x00A5, 0x00A5, 0x00A5, 0x00A5, 0x00A5, 
    0x00A5, 0x00A5, 0x00A5, 0x00A5, 0x00A5, 0x00A5, 0x08C5, 0x08A5, 0x00A5, 0x00A5, 0x00A5, 0x00A5, 
    0x00A5, 0x00A5, 0x00A5, 0x08A5, 0x08A5, 0x00A5, 0x00A5, 0x08A5, 0x08C5, 0x08C5, 0x08A5, 0x0042, 
    0x0041, 0x3ACF, 0x3ACE, 0x0021, 0x01AE, 0x0A53, 0x0A53, 0x0A53, 0x0A33, 0x0A33, 0x0A32, 0x0212, 
    0x0232, 0x0233, 0x0233, 0x0A33, 0x0A33, 0x0233, 0x0232, 0x0A33, 0x016C, 0x0861, 0x5350, 0x2A4D, 
    0x0041, 0x0083, 0x08A5, 0x08A5, 0x00A5, 0x00A5, 0x00A5, 0x00A5, 0x00A5, 0x00A5, 0x00A5, 0x00A5, 
    0x00A5, 0x00A5, 0x00A5, 0x00A5, 0x00A5, 0x00A5, 0x00A4, 0x00A4, 0x00A4, 0x08A5, 0x00C5, 0x00A5, 
    0x00A5, 0x00A5, 0x00A5, 0x00A5, 0x00A5, 0x00A5, 0x00A5, 0x00A5, 0x00A5, 0x00A5, 0x00A5, 0x00A5, 
    0x00A5, 0x00A5, 0x00A5, 0x00A5, 0x00A5, 0x00A5, 0x00A5, 0x00C5, 0x00C5, 0x00C5, 0x08A5, 0x08C5, 
    0x08A5, 0x08A5, 0x08C5, 0x08C5, 0x08C5, 0x08C5, 0x08C5, 0x00C5, 0x00A5, 0x00C5, 0x00C5, 0x00A5, 
    0x00C5, 0x00C5, 0x08C5, 0x08C5, 0x08C5, 0x00C5, 0x08C5, 0x00A5, 0x00A5, 0x08A5, 0x08A5, 0x08C5, 
    0x00C5, 0x00A5, 0x00A5, 0x00A5, 0x00A5, 0x00A5, 0x00A5, 0x00A5, 0x00A5, 0x08A5, 0x08C5, 0x08C5, 
    0x00C5, 0x00A5, 0x00A5, 0x00A5, 0x08A5, 0x08C5, 0x08C5, 0x08C5, 0x08C5, 0x08C5, 0x08C5, 0x00C5, 
    0x08C5, 0x00C5, 0x08C5, 0x08C5, 0x08C5, 0x08C5, 0x08C5, 0x08C5, 0x08A5, 0x08A5, 0x00A5, 0x00A5, 
    0x08C5, 0x08C5, 0x08C5, 0x08C5, 0x08C5, 0x08C5, 0x08C5, 0x08C5, 0x08C5, 0x08A5, 0x00C5, 0x00C5, 
    0x00A5, 0x00A5, 0x00A5, 0x00A5, 0x00A5, 0x08A5, 0x00A5, 0x00A5, 0x00A5, 0x00A5, 0x00A5, 0x00A5, 
    0x00A5, 0x00C5, 0x00C5, 0x00A5, 0x00A5, 0x00A5, 0x08A5, 0x08A5, 0x08A5, 0x08A5, 0x00A5, 0x08A5, 
    0x00A5, 0x00A5, 0x08C5, 0x08C5, 0x00C5, 0x00A5, 0x00A5, 0x08C5, 0x08C5, 0x08C5, 0x08C5, 0x08C5, 
    0x08C5, 0x08C5, 0x00A5, 0x00A5, 0x00C5, 0x00C5, 0x00C5, 0x00A5, 0x00A5, 0x08C5, 0x00C5, 0x08C5, 
    0x00A5, 0x00A5, 0x08C5, 0x00C5, 0x08C5, 0x00C5, 0x00C5, 0x08C5, 0x08A5, 0x08C5, 0x08A5, 0x08C5, 
    0x00C5, 0x08C5, 0x00A5, 0x00A5, 0x08A5, 0x08C5, 0x00C5, 0x00A5, 0x00A5, 0x00C5, 0x00C5, 0x00C5, 
    0x08C5, 0x00A5, 0x00A5, 0x00A5, 0x00A5, 0x08A5, 0x08C5, 0x08A5, 0x08A5, 0x00A5, 0x00A5, 0x00A5, 
    0x00A5, 0x00A5, 0x00A5, 0x08A5, 0x08A5, 0x08A5, 0x00A5, 0x08A5, 0x08C5, 0x08C5, 0x08A5, 0x0084, 
    0x0062, 0x3AEF, 0x3ACF, 0x0021, 0x01AF, 0x0253, 0x0A53, 0x0A53, 0x0A33, 0x0A53, 0x0A53, 0x0A53, 
    0x0A53, 0x0A53, 0x0A53, 0x0A53, 0x0A53, 0x0A53, 0x0A53, 0x0A53, 0x018D, 0x0861, 0x5370, 0x2A6E, 
    0x0041, 0x0083, 0x08A5, 0x00A5, 0x00A5, 0x00A5, 0x00A5, 0x00A5, 0x00A5, 0x00A5, 0x00A5, 0x08A5, 
    0x00A5, 0x00A5, 0x00A5, 0x00A5, 0x08C5, 0x0063, 0x0000, 0x0000, 0x0021, 0x0084, 0x00C5, 0x00A5, 
    0x00A5, 0x00A5, 0x00A5, 0x00A5, 0x00A5, 0x00A5, 0x00A5, 0x00A5, 0x00A5, 0x00A5, 0x00A5, 0x00A5, 
    0x00A5, 0x00A5, 0x0063, 0x0063, 0x0063, 0x00A5, 0x00A5, 0x0083, 0x0083, 0x0084, 0x08C5, 0x0083, 
    0x0063, 0x0084, 0x00A4, 0x0084, 0x08C5, 0x0084, 0x0063, 0x0083, 0x0084, 0x0084, 0x0063, 0x0063, 
    0x0063, 0x0063, 0x0084, 0x00A4, 0x0063, 0x0083, 0x0084, 0x00A4, 0x0063, 0x0063, 0x08C5, 0x00A4, 
    0x0084, 0x0083, 0x0063, 0x0063, 0x0063, 0x0063, 0x0084, 0x00A5, 0x00A5, 0x08C5, 0x08C5, 0x00A4, 
    0x0083, 0x0083, 0x0083, 0x0083, 0x0084, 0x0083, 0x0084, 0x08A5, 0x0083, 0x0084, 0x0084, 0x0083, 
    0x0083, 0x0063, 0x00A4, 0x08C5, 0x0084, 0x0063, 0x0063, 0x00A4, 0x08C5, 0x00A4, 0x0063, 0x0063, 
    0x0063, 0x0083, 0x0083, 0x00A4, 0x08E5, 0x00A4, 0x0083, 0x0083, 0x0083, 0x0084, 0x0084, 0x08C5, 
    0x0084, 0x0063, 0x0063, 0x0083, 0x0083, 0x00A4, 0x08C5, 0x00C5, 0x00A5, 0x00A4, 0x0063, 0x0063, 
    0x0083, 0x0063, 0x0083, 0x00A5, 0x0083, 0x0063, 0x0084, 0x08A5, 0x00A5, 0x00A5, 0x00A5, 0x08A5, 
    0x00A4, 0x0083, 0x0084, 0x00A5, 0x0083, 0x0083, 0x0083, 0x0084, 0x08C5, 0x00A4, 0x0084, 0x0083, 
    0x0063, 0x00A4, 0x08C5, 0x08A5, 0x0084, 0x0083, 0x0084, 0x0084, 0x0084, 0x0084, 0x0063, 0x0083, 
    0x0084, 0x0083, 0x0084, 0x0083, 0x0084, 0x0084, 0x0083, 0x0084, 0x08A5, 0x08A5, 0x08C5, 0x08C5, 
    0x08C5, 0x0083, 0x0063, 0x0063, 0x0084, 0x08C5, 0x0084, 0x0063, 0x0083, 0x00A4, 0x00A4, 0x0063, 
    0x0084, 0x00A4, 0x0083, 0x0084, 0x08A5, 0x08A5, 0x08C5, 0x08A5, 0x08A5, 0x00A5, 0x00A5, 0x00A5, 
    0x08A5, 0x00A5, 0x00A5, 0x08A5, 0x08A5, 0x08C5, 0x08C5, 0x08C5, 0x08C5, 0x08C5, 0x08A5, 0x0084, 
    0x0042, 0x3AF0, 0x3ACF, 0x0021, 0x01AF, 0x0233, 0x0212, 0x0232, 0x0233, 0x0232, 0x0232, 0x0232, 
    0x0233, 0x0A33, 0x0233, 0x0233, 0x0233, 0x0A33, 0x0233, 0x0233, 0x016C, 0x0861, 0x5371, 0x2A6D, 
    0x0041, 0x0083, 0x08A5, 0x00A5, 0x00A5, 0x00A5, 0x00A5, 0x08A5, 0x00A5, 0x00A5, 0x00A5, 0x08C5, 
    0x00A5, 0x00A5, 0x00A5, 0x08C5, 0x0063, 0x0860, 0x8B20, 0xA3A1, 0x3100, 0x0000, 0x00A5, 0x00A5, 
    0x00A5, 0x00A5, 0x00A5, 0x00A5, 0x00A5, 0x00A5, 0x00A5, 0x00A5, 0x00A5, 0x00A5, 0x00A5, 0x00A5, 
    0x00A4, 0x0062, 0x6AE9, 0x8BCC, 0x5247, 0x0042, 0x0042, 0x5A88, 0x93EC, 0x62C9, 0x0022, 0x3165, 
    0x5A87, 0x0042, 0x31A6, 0x6AE9, 0x0042, 0x2964, 0x8BAB, 0x8BCC, 0x7B8B, 0x0882, 0x7309, 0x83AB, 
    0x7B6A, 0x83AB, 0x2944, 0x0041, 0x732A, 0x8BEC, 0x41E6, 0x0022, 0x41E6, 0x5AA8, 0x0042, 0x39A5, 
    0x62A8, 0x20E3, 0x8BCC, 0x8BAC, 0x83AB, 0x83AB, 0x18E3, 0x0084, 0x00A5, 0x00A5, 0x00A5, 0x10C3, 
    0x7B6A, 0x8BCC, 0x8BEC, 0x83AB, 0x1081, 0x6AE9, 0x2103, 0x0043, 0x4A06, 0x5267, 0x2103, 0x8BAC, 
    0x8BAB, 0x7B6B, 0x10A3, 0x0063, 0x2944, 0x8BCB, 0x83AB, 0x18C3, 0x0063, 0x18E3, 0x83AC, 0x8BCC, 
    0x83AB, 0x18C2, 0x6288, 0x41E6, 0x0084, 0x62E9, 0x41C5, 0x41C5, 0x8BCB, 0x8BEC, 0x6AE9, 0x0042, 
    0x2944, 0x83AB, 0x8BAB, 0x8BCC, 0x62C8, 0x0063, 0x00C5, 0x00C5, 0x00C5, 0x0083, 0x6AE9, 0x8BCC, 
    0x838B, 0x838B, 0x3164, 0x0021, 0x6B09, 0x93EC, 0x5268, 0x0043, 0x00A5, 0x00A5, 0x00A5, 0x00A5, 
    0x0883, 0x732A, 0x18C3, 0x0042, 0x5A67, 0x41E6, 0x41C5, 0x5A88, 0x0063, 0x2124, 0x6AC9, 0x1082, 
    0x732A, 0x10C3, 0x00C5, 0x00A5, 0x18C3, 0x7B6A, 0x8BCC, 0x940C, 0x7B6B, 0x1082, 0x6AE9, 0x18C3, 
    0x0862, 0x7309, 0x18E3, 0x6AC9, 0x8BCC, 0x83AB, 0x8BCC, 0x2104, 0x0084, 0x08A5, 0x08C5, 0x08C5, 
    0x0063, 0x3985, 0x8BCC, 0x838B, 0x10C3, 0x0042, 0x2103, 0x940C, 0x8BEC, 0x1904, 0x0062, 0x6B09, 
    0x2103, 0x0062, 0x7309, 0x2104, 0x00A5, 0x08A5, 0x00A5, 0x00A5, 0x00A5, 0x00A5, 0x08A5, 0x00A5, 
    0x00A5, 0x00A5, 0x00A5, 0x08A5, 0x08A5, 0x08C5, 0x08C5, 0x08C5, 0x08C5, 0x08C5, 0x08C5, 0x00A4, 
    0x0042, 0x32D0, 0x3AAE, 0x0021, 0x018E, 0x0233, 0x0A33, 0x0A33, 0x0A32, 0x0A32, 0x0A32, 0x0A33, 
    0x0233, 0x0A33, 0x0A53, 0x0A33, 0x0A33, 0x0A33, 0x0A53, 0x0A53, 0x018D, 0x0861, 0x5B91, 0x326D, 
    0x0041, 0x0084, 0x00A5, 0x00A5, 0x00A5, 0x00A5, 0x00A5, 0x08A5, 0x00A5, 0x00A5, 0x00A5, 0x08A5, 
    0x00C5, 0x08C5, 0x00A5, 0x00A5, 0x0001, 0x5A00, 0xE564, 0xE501, 0x9B20, 0x0840, 0x0063, 0x08C5, 
    0x00A5, 0x00A5, 0x00A5, 0x00A5, 0x00A5, 0x00A5, 0x00C5, 0x08C5, 0x00A5, 0x00A5, 0x00A5, 0x00A5, 
    0x0063, 0x62A8, 0x7B4A, 0x4A27, 0x8BCC, 0x39A5, 0x41E6, 0x7B6A, 0x4A06, 0x7B6B, 0x41E6, 0x39C5, 
    0xA46E, 0x39C6, 0x41E6, 0x8BCB, 0x18A2, 0x940C, 0x5247, 0x41E6, 0x4207, 0x08A3, 0x39C6, 0x734A, 
    0x940C, 0x4A06, 0x18C2, 0x6AE9, 0x732A, 0x41E6, 0x83AB, 0x2944, 0x5A88, 0xACCF, 0x3144, 0x41E6, 
    0x83AB, 0x10A3, 0x4A27, 0x8BEC, 0x8BEC, 0x41E6, 0x10A3, 0x00A4, 0x00A5, 0x00A5, 0x00A5, 0x18E4, 
    0xA46E, 0x5AA9, 0x4207, 0x41E6, 0x0861, 0x8BCC, 0x62A8, 0x0862, 0x8BCC, 0x5AA8, 0x3164, 0x9C4D, 
    0x41C6, 0x730A, 0x734A, 0x18C3, 0x8BAB, 0x5248, 0x62A8, 0x7B6B, 0x1082, 0x83AB, 0x62C9, 0x4206, 
    0x4A27, 0x10A3, 0x8BCC, 0x5268, 0x0042, 0x838B, 0x5226, 0x5AA8, 0x8BEC, 0x41E6, 0x838B, 0x5247, 
    0x3185, 0xA46E, 0x4A27, 0x4A06, 0x3984, 0x0063, 0x00A5, 0x00C5, 0x00C5, 0x0084, 0x39A5, 0x6AE9, 
    0x9C4D, 0x4A06, 0x18A2, 0x5A88, 0x7B4A, 0x4A06, 0x83AC, 0x41C6, 0x0084, 0x00A5, 0x00A5, 0x00A5, 
    0x0883, 0x8BEC, 0x4A06, 0x0861, 0x8BCC, 0x5227, 0x5247, 0x83AB, 0x0041, 0x41E6, 0x8BCC, 0x18C2, 
    0xA46D, 0x18E4, 0x00A5, 0x00A5, 0x2104, 0xA46D, 0x5267, 0x4A27, 0x4207, 0x1082, 0x9C0C, 0x6B09, 
    0x1061, 0x942D, 0x2924, 0x93EC, 0x6B09, 0x41C5, 0x4A06, 0x10C3, 0x00A5, 0x08C5, 0x08C5, 0x0084, 
    0x2944, 0x8BCC, 0x4A27, 0x6B0A, 0x732A, 0x10A2, 0x838B, 0x5247, 0x5A88, 0x7B4A, 0x10A2, 0x9C2D, 
    0x7B6B, 0x0861, 0x940C, 0x2964, 0x0084, 0x00A5, 0x00A5, 0x00A5, 0x00A5, 0x00A5, 0x00A5, 0x00A5, 
    0x00A5, 0x00A5, 0x00A5, 0x00A5, 0x08A5, 0x08A5, 0x08A5, 0x08C5, 0x08C5, 0x08C5, 0x08C5, 0x0084, 
    0x0042, 0x32CF, 0x3AAE, 0x0021, 0x018E, 0x0233, 0x0A32, 0x0A32, 0x0A32, 0x0A32, 0x0A33, 0x0A33, 
    0x0232, 0x0233, 0x0233, 0x0A33, 0x0A53, 0x0A53, 0x0A53, 0x0A53, 0x016C, 0x0861, 0x5B91, 0x2A4D, 
    0x0041, 0x0084, 0x00A5, 0x00A5, 0x00A5, 0x00A5, 0x00A5, 0x00A5, 0x00A5, 0x00A5, 0x00A5, 0x08C5, 
    0x00C5, 0x08C5, 0x08C5, 0x0042, 0x18A0, 0xB403, 0xE546, 0xCC40, 0xD460, 0x51A0, 0x0840, 0x0084, 
    0x00C5, 0x00A5, 0x00A5, 0x00A5, 0x08A5, 0x00A5, 0x00C5, 0x08C5, 0x08C5, 0x00A5, 0x00A5, 0x00A5, 
    0x0063, 0x7B6B, 0x5247, 0x0022, 0x2145, 0x10E4, 0x6AE9, 0x6AC9, 0x0000, 0x62C8, 0x5A88, 0x39A5, 
    0xB4CF, 0x838B, 0x41E6, 0x7B4A, 0x18C2, 0x8BCC, 0x41C5, 0x3164, 0x0062, 0x00A5, 0x0064, 0x41C6, 
    0x838A, 0x0022, 0x0064, 0x8BCC, 0x4A27, 0x0021, 0x83AC, 0x41E6, 0x5247, 0xB4EF, 0x732A, 0x4A27, 
    0x83AB, 0x0084, 0x0043, 0x62C9, 0x7309, 0x0022, 0x00A4, 0x00A5, 0x00A5, 0x00A5, 0x00A4, 0x18E3, 
    0x9C4D, 0x4A07, 0x3164, 0x0862, 0x0084, 0x2145, 0x940C, 0x734A, 0x732A, 0x0041, 0x3185, 0x8BEC, 
    0x1082, 0x5247, 0x93EC, 0x2924, 0xA48E, 0x08A3, 0x18E4, 0x9C4E, 0x18C2, 0x838B, 0x5247, 0x3185, 
    0x10C3, 0x0063, 0x8BCC, 0x5247, 0x0021, 0x7B4A, 0x4A26, 0x5AA8, 0x7B8B, 0x0862, 0x7329, 0x730A, 
    0x3185, 0x9C2D, 0x3164, 0x3144, 0x0042, 0x00A4, 0x00A5, 0x00C5, 0x08C5, 0x08C5, 0x0064, 0x2944, 
    0x8BCB, 0x0063, 0x0063, 0x7B6B, 0x5267, 0x0000, 0x732A, 0x5A88, 0x0084, 0x00C5, 0x00A5, 0x00A5, 
    0x0063, 0x2924, 0x93EC, 0x7B6B, 0x732A, 0x0063, 0x08A3, 0x940C, 0x5A88, 0x940D, 0x2944, 0x10A2, 
    0x9C2D, 0x18E4, 0x00C5, 0x00A5, 0x2125, 0xA46E, 0x39C5, 0x2944, 0x0062, 0x0882, 0x940C, 0xA46E, 
    0x4A06, 0x940D, 0x2103, 0x8BCC, 0x62C8, 0x3164, 0x18C2, 0x0084, 0x08C5, 0x00C5, 0x00C5, 0x0084, 
    0x39A6, 0x93EC, 0x0042, 0x0882, 0x2125, 0x2124, 0x9C4D, 0x0882, 0x18C2, 0x93EC, 0x18C2, 0x93EC, 
    0xAC8E, 0x41E6, 0x8BCC, 0x2964, 0x0084, 0x00A5, 0x00A5, 0x00A5, 0x00A5, 0x08A5, 0x00A5, 0x00A5, 
    0x00A5, 0x00A5, 0x08A5, 0x08A5, 0x08A5, 0x00A5, 0x08A5, 0x08A5, 0x08A5, 0x08A5, 0x08C5, 0x0084, 
    0x0042, 0x32D0, 0x3ACF, 0x0021, 0x01AE, 0x0233, 0x0212, 0x0212, 0x0212, 0x0212, 0x0212, 0x0A32, 
    0x0A33, 0x0A33, 0x0A33, 0x0A33, 0x0A33, 0x0A53, 0x0A53, 0x0A53, 0x018D, 0x0861, 0x5B91, 0x2A2D, 
    0x0041, 0x0084, 0x00A5, 0x00A5, 0x00A5, 0x00A5, 0x00A5, 0x00A5, 0x00A5, 0x00A5, 0x00A5, 0x08C5, 
    0x08C5, 0x08C5, 0x0084, 0x0020, 0xA340, 0xED24, 0xD4C4, 0xC420, 0xCC20, 0xBBA0, 0x30E0, 0x0022, 
    0x00A5, 0x00A5, 0x00A5, 0x00A5, 0x00C5, 0x00C5, 0x00C5, 0x00C5, 0x00A5, 0x00A5, 0x00A5, 0x00A5, 
    0x0063, 0x7B6B, 0x5247, 0x0063, 0x0084, 0x0063, 0x62E9, 0x62C9, 0x0000, 0x6AC9, 0x62A8, 0x41E6, 
    0x8BAC, 0x83AB, 0x838B, 0x7B4A, 0x0021, 0x2924, 0x940D, 0xA46E, 0x732A, 0x0883, 0x0063, 0x41E6, 
    0x8BCC, 0x0063, 0x0063, 0x7B6B, 0xA46E, 0x9C4E, 0xACCF, 0x39C6, 0x4A27, 0x732A, 0x940D, 0x942D, 
    0x83AB, 0x0063, 0x0063, 0x62C8, 0x732A, 0x0063, 0x00A5, 0x00A5, 0x00A5, 0x00A5, 0x00A4, 0x18E3, 
    0xA46E, 0x9C4E, 0x9C2D, 0x3186, 0x00C6, 0x0083, 0x62C9, 0xB4CF, 0x2923, 0x0001, 0x2964, 0xA46E, 
    0x9C0D, 0x940C, 0x3165, 0x2124, 0x9C6E, 0x08A3, 0x2124, 0x9C4E, 0x0882, 0x18C3, 0x8BCC, 0xA46E, 
    0x83AC, 0x18C2, 0x7B4A, 0x4A06, 0x0001, 0x7B8B, 0x5247, 0x5A68, 0xA48E, 0xA46E, 0x732A, 0x10A3, 
    0x31A6, 0xACAF, 0x9C4D, 0x940D, 0x18E4, 0x00A5, 0x00A5, 0x00A5, 0x08A5, 0x00A5, 0x0084, 0x3164, 
    0x942D, 0x08A4, 0x0064, 0x7B6B, 0x5A68, 0x0000, 0x732A, 0x5268, 0x0084, 0x00C5, 0x00C5, 0x00A5, 
    0x00A5, 0x0041, 0x732A, 0xACAF, 0x2965, 0x00A5, 0x0084, 0x2965, 0xA48E, 0x5A88, 0x0021, 0x18C3, 
    0xA44D, 0x18E4, 0x00C5, 0x00A5, 0x2124, 0xA48E, 0x9C2D, 0x93EC, 0x18E3, 0x0882, 0x93ED, 0x6B0A, 
    0x940D, 0x940D, 0x20E3, 0x836B, 0xA48E, 0xA44D, 0x5247, 0x0063, 0x08C5, 0x00C5, 0x00A5, 0x0084, 
    0x39A5, 0x940C, 0x0083, 0x0084, 0x0063, 0x2125, 0x9C4D, 0x8BCC, 0x93EC, 0x940C, 0x18A2, 0x83AC, 
    0x6AE9, 0x8BCB, 0x9C2D, 0x2964, 0x0084, 0x00A5, 0x00A5, 0x00A5, 0x00A5, 0x08A5, 0x08A5, 0x08A5, 
    0x08A5, 0x00A5, 0x00A5, 0x00A5, 0x00A5, 0x00A5, 0x00A5, 0x08A5, 0x08A5, 0x08A5, 0x08C5, 0x0084, 
    0x0042, 0x3AF0, 0x3ACF, 0x0021, 0x01AF, 0x0A53, 0x0A33, 0x0A53, 0x0A33, 0x0A33, 0x0A33, 0x0A33, 
    0x0212, 0x0212, 0x0212, 0x0A32, 0x0A32, 0x0A32, 0x0A32, 0x0A33, 0x016C, 0x0861, 0x5391, 0x2A4D, 
    0x0041, 0x0084, 0x00A5, 0x00A5, 0x00A5, 0x08A5, 0x08C5, 0x00A5, 0x00A5, 0x00A5, 0x00A5, 0x00A5, 
    0x08C5, 0x08A5, 0x0001, 0x4960, 0xE547, 0xDCE3, 0xD460, 0xCC40, 0xCC40, 0xCC40, 0x8AA0, 0x0000, 
    0x0083, 0x00A5, 0x08A5, 0x00A5, 0x00A5, 0x08C5, 0x00C5, 0x00A5, 0x00C5, 0x00A5, 0x00A5, 0x00A5, 
    0x0063, 0x7B8B, 0x5AA8, 0x0042, 0x62C9, 0x39A5, 0x5AA8, 0x6AE9, 0x0000, 0x7309, 0x6AE9, 0x41E7, 
    0x83AC, 0x3185, 0xACAE, 0x7B6A, 0x0021, 0x0021, 0x0021, 0x2944, 0xACAE, 0x18C3, 0x0043, 0x4A06, 
    0x940D, 0x0084, 0x0063, 0x838B, 0x732A, 0x4206, 0xA46E, 0x41E6, 0x5227, 0x6AE9, 0x4A27, 0xBD30, 
    0x7B6B, 0x0042, 0x0043, 0x62A8, 0x732A, 0x0063, 0x00A5, 0x00A5, 0x00A5, 0x00A5, 0x00A5, 0x18E4, 
    0x9C4D, 0x2103, 0x0882, 0x08A3, 0x0083, 0x4207, 0x8BEC, 0x41C5, 0x93EC, 0x1082, 0x3144, 0x93EC, 
    0x18E4, 0x10C3, 0x0043, 0x2945, 0x9C4D, 0x0882, 0x2103, 0x9C4D, 0x1082, 0x0062, 0x0862, 0x10A2, 
    0xAC8E, 0x3184, 0x7B4A, 0x4A26, 0x0000, 0x8BCB, 0x5267, 0x5A88, 0x7309, 0x62C8, 0x8BAB, 0x0041, 
    0x31A5, 0x93EC, 0x0882, 0x08A3, 0x0883, 0x08A5, 0x00A5, 0x00A5, 0x00A5, 0x08A5, 0x0084, 0x3164, 
    0x942D, 0x08A4, 0x0063, 0x7B6A, 0x5A88, 0x0000, 0x7B6A, 0x5A88, 0x0064, 0x00A5, 0x00A5, 0x00C5, 
    0x0083, 0x5247, 0x838B, 0x39A5, 0x8C0D, 0x18E4, 0x00C5, 0x0083, 0x8BCC, 0x2964, 0x0043, 0x1904, 
    0xA46E, 0x1904, 0x0083, 0x0062, 0x20E3, 0x9C4D, 0x18C2, 0x0841, 0x0041, 0x1082, 0x940D, 0x39A5, 
    0x9C2D, 0xACAF, 0x18E3, 0x838B, 0x41E6, 0x0841, 0x0862, 0x0083, 0x00C5, 0x00A5, 0x00C5, 0x0084, 
    0x39C6, 0x940C, 0x0062, 0x3185, 0x6AE9, 0x18E3, 0x942D, 0x4A07, 0x5267, 0x9C4D, 0x18C2, 0x83AB, 
    0x3164, 0x8BAB, 0xB4CE, 0x2965, 0x0084, 0x00A5, 0x00A5, 0x08A5, 0x00A5, 0x08A5, 0x08A5, 0x08A5, 
    0x08C5, 0x08A5, 0x08A5, 0x08A5, 0x00A5, 0x00A5, 0x00A5, 0x08A5, 0x08A5, 0x08A5, 0x08A5, 0x0083, 
    0x0041, 0x3AF0, 0x3AEF, 0x0021, 0x01AE, 0x0233, 0x0A32, 0x0A32, 0x0212, 0x0212, 0x0212, 0x0212, 
    0x0233, 0x0A33, 0x0A33, 0x0A53, 0x0A53, 0x0A53, 0x0A53, 0x0A53, 0x018D, 0x0861, 0x5391, 0x2A4D, 
    0x0041, 0x0084, 0x00A5, 0x00A5, 0x08C5, 0x00C5, 0x00C5, 0x08C5, 0x08A5, 0x00A5, 0x00A5, 0x08A5, 
    0x08C5, 0x0063, 0x0840, 0xABC2, 0xE568, 0xCC40, 0x51A0, 0x3120, 0xA340, 0xD480, 0xC400, 0x4160, 
    0x0021, 0x00A5, 0x08A5, 0x08C5, 0x08C5, 0x00C5, 0x00C5, 0x00C5, 0x08C5, 0x00C5, 0x00A5, 0x00A5, 
    0x0063, 0x3165, 0x8BEC, 0x9C2D, 0x8BCC, 0x18C2, 0x18E3, 0x7B4A, 0x93EC, 0x8BCC, 0x2104, 0x4A27, 
    0x8BEC, 0x0021, 0x5A88, 0x838B, 0x18C2, 0x8BCC, 0x8BCB, 0x9C2D, 0x62A8, 0x0883, 0x0084, 0x5247, 
    0x9C2D, 0x0084, 0x0084, 0x8BCC, 0x4A47, 0x0001, 0x8BEC, 0x4A06, 0x5A88, 0x732A, 0x0021, 0x6AE9, 
    0x836A, 0x0063, 0x0063, 0x62C9, 0x732A, 0x0063, 0x00A5, 0x00A5, 0x00A5, 0x00A5, 0x00A5, 0x18E4, 
    0xA46E, 0x940C, 0x940C, 0x8BCC, 0x18A2, 0x940D, 0x39A5, 0x0021, 0x7B6A, 0x732A, 0x3164, 0x9C2D, 
    0x08A4, 0x00A5, 0x00A5, 0x0883, 0x6AE9, 0x940D, 0x9C2D, 0x5247, 0x0882, 0x83AC, 0x8BEC, 0x940C, 
    0x6B09, 0x10A2, 0x3185, 0x93EC, 0x9C2C, 0x940C, 0x2103, 0x62A8, 0x7309, 0x0020, 0x7B4A, 0x62A8, 
    0x3164, 0xACAE, 0x8BEC, 0x942D, 0x732A, 0x0084, 0x00C5, 0x00A5, 0x00A5, 0x00A5, 0x0084, 0x3185, 
    0x9C2D, 0x08A3, 0x0063, 0x2944, 0x8BAC, 0x9C2D, 0x8BEC, 0x2124, 0x0084, 0x08A5, 0x08A5, 0x00C5, 
    0x10C4, 0xA48E, 0x3165, 0x0000, 0x8BCB, 0x62C9, 0x0084, 0x0882, 0x93EC, 0x39A6, 0x0084, 0x1904, 
    0xACCF, 0x940C, 0x93EC, 0x7B4A, 0x2103, 0xA46E, 0x8BEC, 0x8BEC, 0x838B, 0x18A2, 0x9C2D, 0x2104, 
    0x2965, 0xA46E, 0x2103, 0x83AB, 0x9C2C, 0x8BAB, 0x940C, 0x2965, 0x0085, 0x08C5, 0x08C5, 0x00A5, 
    0x10C3, 0x6B09, 0x93EC, 0x9C4D, 0x4A07, 0x18C2, 0x940C, 0x0883, 0x18E4, 0x9C4D, 0x18C2, 0x8BCB, 
    0x2103, 0x2103, 0xA46D, 0x3165, 0x0084, 0x00A5, 0x00A5, 0x08A5, 0x08A5, 0x08A5, 0x08C5, 0x08A5, 
    0x08C5, 0x08A5, 0x00A5, 0x00A5, 0x00A5, 0x08A5, 0x08C5, 0x08A5, 0x08C5, 0x00A5, 0x08C5, 0x0083, 
    0x0041, 0x2AD0, 0x32CF, 0x0021, 0x01AF, 0x0A53, 0x0A53, 0x0A53, 0x0A33, 0x0A33, 0x0233, 0x0212, 
    0x0233, 0x0233, 0x0A33, 0x0A53, 0x0A53, 0x0A53, 0x0A53, 0x0A53, 0x018D, 0x0861, 0x5391, 0x222D, 
    0x0041, 0x0084, 0x00A5, 0x00A5, 0x00A5, 0x00C5, 0x00C5, 0x08C5, 0x08C5, 0x08C5, 0x08A5, 0x08C5, 
    0x00A4, 0x0020, 0x7AA1, 0xE546, 0xDCC3, 0x7A80, 0x0020, 0x0001, 0x3100, 0xC400, 0xD460, 0x9B20, 
    0x1860, 0x0043, 0x08A5, 0x08A5, 0x00C5, 0x00C5, 0x00C5, 0x00A5, 0x00A5, 0x00A5, 0x00C5, 0x00A5, 
    0x00A5, 0x0043, 0x3164, 0x4A06, 0x2103, 0x0063, 0x0043, 0x2123, 0x4A06, 0x2965, 0x0085, 0x2124, 
    0x3185, 0x0042, 0x10A2, 0x3164, 0x0882, 0x41E6, 0x41E6, 0x41C5, 0x0883, 0x00C5, 0x00A5, 0x1903, 
    0x39A5, 0x0084, 0x0084, 0x31A5, 0x2103, 0x0022, 0x3164, 0x18E3, 0x2124, 0x2965, 0x0043, 0x18C2, 
    0x3164, 0x0084, 0x0084, 0x2124, 0x2944, 0x0084, 0x00A5, 0x00A5, 0x00A5, 0x00A5, 0x00A5, 0x0883, 
    0x39A5, 0x41E6, 0x41E6, 0x41C5, 0x0841, 0x3165, 0x08A3, 0x0084, 0x2124, 0x3185, 0x18C3, 0x39A6, 
    0x08A4, 0x00A5, 0x00A5, 0x0084, 0x10A3, 0x4A07, 0x41E6, 0x0883, 0x08A4, 0x39C6, 0x41C5, 0x41C5, 
    0x10A2, 0x0084, 0x0062, 0x39A5, 0x4A47, 0x2965, 0x0063, 0x2103, 0x2924, 0x0063, 0x2124, 0x3185, 
    0x10A2, 0x41E6, 0x41E6, 0x4206, 0x3185, 0x0083, 0x00C5, 0x00A5, 0x00A5, 0x00A5, 0x00A5, 0x18E3, 
    0x39A6, 0x0062, 0x00A4, 0x0063, 0x3185, 0x4A27, 0x2945, 0x0084, 0x08C5, 0x08A5, 0x08A5, 0x00A5, 
    0x08A3, 0x39C6, 0x10C4, 0x0063, 0x2944, 0x2103, 0x0084, 0x0062, 0x3185, 0x18E4, 0x00C6, 0x08A3, 
    0x39C5, 0x41C6, 0x41E6, 0x39C6, 0x1082, 0x39A5, 0x41C6, 0x41E6, 0x39C6, 0x0882, 0x39C6, 0x10A3, 
    0x0042, 0x39A5, 0x1082, 0x3165, 0x41C6, 0x41E6, 0x41E6, 0x10C3, 0x00A5, 0x08C5, 0x08C5, 0x08C5, 
    0x0084, 0x18C3, 0x41E6, 0x39A5, 0x0083, 0x08A3, 0x39A5, 0x0883, 0x0883, 0x3985, 0x0882, 0x3185, 
    0x10A3, 0x0042, 0x39A5, 0x10C3, 0x00A5, 0x00A5, 0x00A5, 0x00A5, 0x08A5, 0x00A5, 0x08A5, 0x00A5, 
    0x00A5, 0x08C5, 0x08A5, 0x08A5, 0x08A5, 0x08A5, 0x08A5, 0x08A5, 0x08C5, 0x08A5, 0x08C5, 0x0083, 
    0x0041, 0x32B0, 0x3ACF, 0x0021, 0x01CF, 0x0A53, 0x0A32, 0x0A32, 0x0A33, 0x0233, 0x0233, 0x0232, 
    0x0233, 0x0233, 0x0A33, 0x0A33, 0x0A33, 0x0A33, 0x0A53, 0x0A53, 0x018D, 0x0861, 0x4B51, 0x220C, 
    0x0021, 0x0084, 0x00A5, 0x08A5, 0x00A5, 0x00A5, 0x00C5, 0x00C5, 0x00C5, 0x00C5, 0x00C5, 0x08C5, 
    0x0021, 0x28E0, 0xCCA5, 0xE547, 0xD460, 0x4160, 0x0001, 0x0021, 0x0020, 0xB3A0, 0xD460, 0xCC20, 
    0x59C0, 0x0000, 0x00A4, 0x08A5, 0x00A5, 0x08C5, 0x00C5, 0x00A5, 0x00A5, 0x00A5, 0x00A5, 0x00A5, 
    0x00A5, 0x00A5, 0x0084, 0x0064, 0x0084, 0x00C5, 0x00A5, 0x0084, 0x0085, 0x00A5, 0x08C6, 0x00A5, 
    0x0084, 0x0084, 0x0084, 0x0084, 0x08C5, 0x00A5, 0x0084, 0x0063, 0x00A5, 0x08C5, 0x08C5, 0x00A5, 
    0x0084, 0x00A5, 0x08A5, 0x0084, 0x0084, 0x00A4, 0x0063, 0x0084, 0x00A5, 0x00A5, 0x00A5, 0x0084, 
    0x0084, 0x08C5, 0x08C5, 0x0084, 0x0084, 0x00A5, 0x00A5, 0x00A5, 0x00A5, 0x00A5, 0x00A5, 0x00A5, 
    0x0084, 0x0084, 0x0064, 0x0063, 0x0083, 0x0064, 0x00A5, 0x08C6, 0x00A5, 0x00A5, 0x00C5, 0x0085, 
    0x00A5, 0x00A5, 0x00A5, 0x00A5, 0x00A5, 0x0085, 0x0084, 0x08C5, 0x08C5, 0x0084, 0x0064, 0x0063, 
    0x0084, 0x00A5, 0x00A5, 0x0085, 0x00A5, 0x00A5, 0x08C5, 0x0084, 0x0063, 0x08C5, 0x00A5, 0x00A5, 
    0x00A5, 0x0064, 0x0084, 0x0084, 0x0064, 0x00A5, 0x00C5, 0x00A5, 0x00A5, 0x00A5, 0x00A5, 0x00A5, 
    0x0085, 0x00A5, 0x00A5, 0x00C5, 0x0085, 0x0085, 0x00A5, 0x08C5, 0x08A5, 0x08C5, 0x08C5, 0x08C5, 
    0x00A5, 0x0085, 0x00C6, 0x08C6, 0x0084, 0x0084, 0x00A4, 0x00A4, 0x0084, 0x00C5, 0x08C6, 0x00C5, 
    0x0064, 0x0063, 0x0063, 0x0084, 0x00A5, 0x0084, 0x0084, 0x0084, 0x00A5, 0x08C5, 0x00A5, 0x00A4, 
    0x0084, 0x0063, 0x00A4, 0x00A5, 0x0084, 0x0084, 0x0064, 0x00A4, 0x08C5, 0x08C5, 0x08C5, 0x08C5, 
    0x08C5, 0x00A4, 0x0064, 0x0064, 0x00A5, 0x00A5, 0x00A5, 0x08C5, 0x00A4, 0x0063, 0x00A4, 0x00A5, 
    0x00A5, 0x00A4, 0x0084, 0x00A5, 0x08A5, 0x00A5, 0x00A5, 0x00A5, 0x00A5, 0x00A5, 0x00A5, 0x00A5, 
    0x00A5, 0x08C5, 0x08A5, 0x08A5, 0x00A5, 0x00A5, 0x00A5, 0x08A5, 0x08A5, 0x08A5, 0x00A5, 0x0083, 
    0x0041, 0x32AF, 0x3ACF, 0x0021, 0x01AF, 0x0A53, 0x0A33, 0x0A33, 0x0A33, 0x0233, 0x0233, 0x0233, 
    0x0212, 0x0212, 0x0212, 0x0A12, 0x0A12, 0x0A32, 0x0A32, 0x0A33, 0x018D, 0x0861, 0x4B31, 0x222C, 
    0x0021, 0x0084, 0x00A5, 0x00A5, 0x00A5, 0x00A5, 0x00A5, 0x00A5, 0x00C5, 0x00C5, 0x08C5, 0x00A4, 
    0x0020, 0x7AC1, 0xEDA7, 0xD461, 0xD440, 0x4980, 0x0001, 0x0021, 0x0840, 0xABA0, 0xD460, 0xCC40, 
    0xB3A0, 0x1880, 0x0042, 0x00A5, 0x08A5, 0x08C5, 0x08C5, 0x00A5, 0x00A5, 0x00A5, 0x00A5, 0x00A5, 
    0x00A5, 0x00C5, 0x00A5, 0x00A5, 0x00A5, 0x00C5, 0x08C5, 0x00C6, 0x00C6, 0x00C5, 0x00C5, 0x08A5, 
    0x00A5, 0x00A5, 0x08C5, 0x00C5, 0x08C5, 0x08C5, 0x00C5, 0x00A5, 0x00A5, 0x08C5, 0x00C5, 0x00A5, 
    0x00A5, 0x00A5, 0x00A5, 0x00A5, 0x08C5, 0x00A5, 0x00A5, 0x00A5, 0x00A5, 0x00C5, 0x00C5, 0x00A5, 
    0x00A5, 0x00C5, 0x08C6, 0x08C6, 0x00C5, 0x00A5, 0x00A5, 0x00A5, 0x00A5, 0x00A5, 0x00A5, 0x00C5, 
    0x00C6, 0x00C5, 0x00A5, 0x00A5, 0x00A5, 0x00A5, 0x00C5, 0x08C5, 0x08C6, 0x00C5, 0x00A5, 0x00A5, 
    0x00A5, 0x08C5, 0x00C5, 0x00A5, 0x00A5, 0x00A5, 0x08A5, 0x08C5, 0x08C5, 0x08C5, 0x08C5, 0x00C5, 
    0x00A5, 0x00A5, 0x00C5, 0x00C6, 0x00C5, 0x00C5, 0x00A5, 0x00A5, 0x00C5, 0x08C5, 0x08C5, 0x08C5, 
    0x00A5, 0x00A5, 0x00A5, 0x00C5, 0x00A5, 0x00A5, 0x00A5, 0x00C5, 0x00A5, 0x00C5, 0x00C5, 0x00C5, 
    0x00A5, 0x00C5, 0x00C5, 0x00C5, 0x00A5, 0x00A5, 0x08C5, 0x08A5, 0x08C5, 0x08C5, 0x08C5, 0x08C5, 
    0x00C5, 0x08C5, 0x00C5, 0x08C6, 0x00C5, 0x00A5, 0x00A5, 0x00C5, 0x00C5, 0x08C5, 0x08C5, 0x08C5, 
    0x00C5, 0x00A5, 0x00A5, 0x00A5, 0x08C5, 0x08C5, 0x00C6, 0x00C5, 0x00C5, 0x00A5, 0x00A5, 0x00A5, 
    0x00A5, 0x00A5, 0x00C5, 0x00C5, 0x00C6, 0x00C5, 0x00A5, 0x00A5, 0x08A5, 0x08C5, 0x00C5, 0x08C5, 
    0x08C5, 0x00C5, 0x00A5, 0x00A5, 0x00A5, 0x00C5, 0x00C6, 0x08C6, 0x08C5, 0x00A5, 0x00A5, 0x08C5, 
    0x00C5, 0x00C5, 0x00C5, 0x08A5, 0x00A5, 0x00A5, 0x00A5, 0x00A5, 0x00A5, 0x00A5, 0x00A5, 0x00A5, 
    0x00A5, 0x08C5, 0x00A5, 0x00A5, 0x00A5, 0x00A5, 0x00A5, 0x08A5, 0x08A5, 0x08A5, 0x08A5, 0x0083, 
    0x0041, 0x2AAF, 0x32AF, 0x0021, 0x01AE, 0x0233, 0x0A32, 0x0A32, 0x0212, 0x0212, 0x0212, 0x0212, 
    0x0233, 0x0233, 0x0A53, 0x0A53, 0x0A33, 0x0A53, 0x0A53, 0x0A74, 0x018D, 0x0861, 0x4B51, 0x222C, 
    0x0021, 0x0084, 0x00A5, 0x00A5, 0x00A5, 0x00A5, 0x00A5, 0x00A5, 0x00C5, 0x08C5, 0x08C5, 0x0021, 
    0x3940, 0xDCC2, 0xDD05, 0xCC20, 0xD460, 0x4980, 0x0001, 0x0041, 0x0840, 0xB3C0, 0xD460, 0xCC40, 
    0xCC40, 0x7220, 0x0000, 0x0083, 0x00A5, 0x00A5, 0x00A5, 0x00A5, 0x00A5, 0x00A5, 0x00A5, 0x00A5, 
    0x00C5, 0x00A4, 0x0063, 0x0062, 0x0062, 0x00A5, 0x08C5, 0x0083, 0x0083, 0x0062, 0x0083, 0x0062, 
    0x0062, 0x00A4, 0x08A4, 0x08A4, 0x08A4, 0x0083, 0x0883, 0x0883, 0x0883, 0x0083, 0x0883, 0x0883, 
    0x0062, 0x0083, 0x0084, 0x00C5, 0x00A5, 0x08C5, 0x00A4, 0x0062, 0x0062, 0x0083, 0x0883, 0x0063, 
    0x0042, 0x0062, 0x08A3, 0x08A4, 0x0883, 0x0063, 0x0862, 0x0062, 0x0062, 0x0062, 0x0083, 0x0883, 
    0x0883, 0x08A3, 0x0884, 0x00A5, 0x0062, 0x0062, 0x0883, 0x00A4, 0x0083, 0x0062, 0x0062, 0x0062, 
    0x0883, 0x08C5, 0x00A4, 0x0883, 0x0062, 0x0062, 0x00A4, 0x08C5, 0x08C5, 0x00A5, 0x00C5, 0x0084, 
    0x0883, 0x0883, 0x00A4, 0x00A5, 0x0062, 0x0063, 0x0083, 0x0083, 0x0084, 0x00C5, 0x00A5, 0x00C5, 
    0x00A4, 0x0062, 0x0062, 0x0062, 0x0062, 0x0062, 0x0883, 0x0883, 0x0084, 0x0883, 0x08A4, 0x0063, 
    0x0062, 0x0883, 0x0883, 0x0063, 0x00A4, 0x00A5, 0x00A5, 0x08C5, 0x0083, 0x0883, 0x08A4, 0x08A4, 
    0x0883, 0x0063, 0x0883, 0x0883, 0x0862, 0x0062, 0x0063, 0x08A3, 0x0883, 0x0883, 0x0083, 0x08A4, 
    0x0883, 0x0084, 0x0063, 0x0062, 0x0063, 0x00A4, 0x08A3, 0x0883, 0x0063, 0x0083, 0x0062, 0x0062, 
    0x0083, 0x0883, 0x0083, 0x00A4, 0x0883, 0x0883, 0x0883, 0x0883, 0x08A5, 0x08A5, 0x00C5, 0x00C5, 
    0x00C5, 0x0063, 0x0883, 0x0882, 0x0883, 0x0083, 0x0083, 0x08A4, 0x08A4, 0x0083, 0x0083, 0x0083, 
    0x0883, 0x08A4, 0x0883, 0x0062, 0x0862, 0x0883, 0x0883, 0x0883, 0x0062, 0x0062, 0x0883, 0x0883, 
    0x0883, 0x0883, 0x0883, 0x0883, 0x00A4, 0x0083, 0x0883, 0x00A5, 0x00A5, 0x00A5, 0x00A5, 0x0083, 
    0x0041, 0x32AF, 0x3ACF, 0x0021, 0x01AF, 0x0A53, 0x0A53, 0x0A53, 0x0A53, 0x0A33, 0x0A33, 0x0A33, 
    0x0233, 0x0A33, 0x0A33, 0x0A33, 0x0A53, 0x0A53, 0x0A53, 0x0A53, 0x018D, 0x0861, 0x4B51, 0x2A2C, 
    0x0041, 0x0084, 0x00A5, 0x00A5, 0x00A5, 0x00A5, 0x00A5, 0x00A5, 0x00A5, 0x00C5, 0x0083, 0x0000, 
    0xA3C3, 0xDCE4, 0xCC20, 0xCC20, 0xD460, 0x4980, 0x0001, 0x0041, 0x0840, 0xB3C0, 0xD460, 0xCC40, 
    0xD460, 0xB3C0, 0x2080, 0x0021, 0x00A5, 0x00A5, 0x00A5, 0x00A5, 0x00A5, 0x00A5, 0x00A5, 0x00A5, 
    0x00A4, 0x10A3, 0x83AC, 0x9C2D, 0x5A88, 0x0063, 0x0883, 0x730A, 0x9C2D, 0x6AE9, 0x0021, 0x39A5, 
    0x7309, 0x0063, 0x4A28, 0x6AE9, 0x0021, 0x39C6, 0x942D, 0x9C2D, 0x836B, 0x10C3, 0x8BCC, 0x93EC, 
    0x8BEC, 0x7B4A, 0x0883, 0x00A5, 0x08C5, 0x08C5, 0x0063, 0x5267, 0x940C, 0x940C, 0x9C2C, 0x41E6, 
    0x41E6, 0x940C, 0x940C, 0xA44E, 0x49E6, 0x5247, 0x93EC, 0x8BAB, 0x8BCC, 0x2923, 0x5247, 0x9C2D, 
    0x940D, 0x9C4D, 0x39C6, 0x0063, 0x6B09, 0x9C2D, 0x7B6B, 0x0862, 0x41E6, 0x93EC, 0x8BCB, 0x940D, 
    0x62C9, 0x0042, 0x5AA8, 0x9C4D, 0x940D, 0x6AC9, 0x0063, 0x08C5, 0x08C5, 0x00C5, 0x0084, 0x2965, 
    0x940D, 0x9C2D, 0x3185, 0x0862, 0x7B4A, 0x2103, 0x0862, 0x7B6A, 0x18E3, 0x00A4, 0x00A5, 0x00A5, 
    0x0063, 0x6B09, 0x940C, 0x93EC, 0x940D, 0x3164, 0x5267, 0x5267, 0x0022, 0x62C9, 0x4A06, 0x3985, 
    0x93EC, 0x9C0D, 0x9C2D, 0x5227, 0x0063, 0x08C5, 0x08A5, 0x00A4, 0x2944, 0x838A, 0x0062, 0x2944, 
    0x7309, 0x20E3, 0x8BCC, 0x8BCC, 0x93EC, 0x7329, 0x18E3, 0x8BCC, 0x942D, 0x8BCC, 0x18E3, 0x10A3, 
    0x838B, 0x10E4, 0x10C3, 0x7B6A, 0x10A2, 0x2124, 0x940C, 0x942D, 0x3185, 0x0021, 0x6B09, 0x2945, 
    0x0063, 0x7B6B, 0x2124, 0x0882, 0x838B, 0x940D, 0x9C2D, 0x41E6, 0x0084, 0x08C5, 0x00C5, 0x08C5, 
    0x0062, 0x5247, 0x9C4D, 0x9C2D, 0x6AE9, 0x2103, 0x7B4A, 0x0062, 0x1904, 0x838B, 0x1082, 0x18C3, 
    0x8BCC, 0x940D, 0x8BEC, 0x18C2, 0x6AE9, 0x9C2D, 0x8BEC, 0x940D, 0x39A5, 0x5A68, 0x9C2D, 0x940D, 
    0x9C2D, 0x3164, 0x5A67, 0x4A27, 0x0042, 0x6AC9, 0x4A06, 0x0064, 0x00A5, 0x00A5, 0x00A5, 0x0083, 
    0x0041, 0x32AF, 0x32AF, 0x0021, 0x01AF, 0x0253, 0x0A32, 0x0A32, 0x0232, 0x0232, 0x0212, 0x0212, 
    0x0A33, 0x0A33, 0x0A33, 0x0A32, 0x0A33, 0x0A33, 0x0232, 0x0233, 0x018D, 0x0861, 0x5371, 0x2A4D, 
    0x0021, 0x0084, 0x00A5, 0x08A5, 0x08A5, 0x00A5, 0x08C5, 0x00C5, 0x00C5, 0x00A4, 0x0000, 0x6A20, 
    0xDD05, 0xD4C3, 0xCC20, 0xCC40, 0xD460, 0x49A0, 0x0021, 0x0021, 0x0840, 0xB3C0, 0xD460, 0xCC40, 
    0xCC40, 0xCC20, 0x7A40, 0x0820, 0x0063, 0x00C5, 0x00A5, 0x00A5, 0x00A5, 0x00A5, 0x00A5, 0x00A5, 
    0x0063, 0x6B0A, 0x7B6B, 0x41C6, 0x8BAB, 0x3164, 0x5247, 0x83AB, 0x39A6, 0x7B6B, 0x4A06, 0x41E6, 
    0x93EC, 0x0063, 0x5289, 0x7B8B, 0x18E2, 0x9C2D, 0x41E6, 0x41E7, 0x39C7, 0x18E4, 0xA46E, 0x4A06, 
    0x3985, 0x3164, 0x0863, 0x00C5, 0x08C5, 0x08C5, 0x0063, 0x6B09, 0x7B6B, 0x3184, 0x39A5, 0x18E3, 
    0x62C9, 0x8BCB, 0x3985, 0x41C6, 0x18E3, 0x6AE9, 0x7B6A, 0x3185, 0x39C6, 0x1082, 0x6AE9, 0x838B, 
    0x39C6, 0x4206, 0x18C2, 0x5247, 0x940D, 0x39C6, 0x83AC, 0x5A88, 0x18A2, 0x4A06, 0xA46E, 0x5A88, 
    0x2924, 0x41C6, 0x9C2D, 0x39C6, 0x39C6, 0x2944, 0x0063, 0x00A5, 0x08A5, 0x00A5, 0x10C3, 0x940D, 
    0x4A27, 0x5248, 0x940C, 0x18C2, 0x940C, 0x83AB, 0x10A2, 0x9C2D, 0x2104, 0x0084, 0x00A4, 0x00A5, 
    0x0084, 0x3165, 0x62A8, 0xAC8F, 0x4A27, 0x10A2, 0x62C9, 0x5AA8, 0x0002, 0x7B6B, 0x5268, 0x49E6, 
    0x8BCC, 0x39A5, 0x39A5, 0x2103, 0x0084, 0x08A5, 0x08C5, 0x00A4, 0x3185, 0xB4CE, 0x4A06, 0x2944, 
    0x8BCB, 0x2944, 0xA48E, 0x41C6, 0x39A5, 0x3165, 0x2103, 0x9C4E, 0x4A27, 0x5A68, 0x838B, 0x20E3, 
    0xA46E, 0x18E4, 0x1904, 0xA46D, 0x20E3, 0x8BCC, 0x62A8, 0x41E6, 0x8BEC, 0x20E3, 0x8BEC, 0x39C6, 
    0x0083, 0x940D, 0x2944, 0x730A, 0x730A, 0x3185, 0x41C6, 0x1904, 0x00A5, 0x08C5, 0x08A5, 0x0084, 
    0x3185, 0x9C2D, 0x41E6, 0x4207, 0x2965, 0x2944, 0x9C2D, 0x0882, 0x2945, 0xAC8E, 0x18C2, 0x83AC, 
    0x5247, 0x3985, 0x39C6, 0x10A3, 0x2965, 0x62C9, 0x9C2D, 0x41E6, 0x18A2, 0x732A, 0x7B6B, 0x39C6, 
    0x41E7, 0x10A3, 0x6AE9, 0x9C4D, 0x41E6, 0xACAF, 0x4A27, 0x0064, 0x00A5, 0x00A5, 0x00A5, 0x0083, 
    0x0041, 0x32AF, 0x32CF, 0x0021, 0x01AF, 0x0253, 0x0A33, 0x0A33, 0x0A33, 0x0A33, 0x0233, 0x0232, 
    0x0A32, 0x0232, 0x0232, 0x0A32, 0x0232, 0x0212, 0x0232, 0x0233, 0x016C, 0x0861, 0x5371, 0x2A2D, 
    0x0021, 0x0084, 0x00A5, 0x00A5, 0x00A5, 0x08C5, 0x00C5, 0x00A5, 0x00C5, 0x0042, 0x1080, 0xBC23, 
    0xE546, 0xCC40, 0xCC40, 0xCC40, 0xD460, 0x4180, 0x0001, 0x0041, 0x0840, 0xB3A0, 0xD460, 0xCC40, 
    0xCC20, 0xCC20, 0xBBA0, 0x4960, 0x0001, 0x00A4, 0x00A5, 0x00A5, 0x00A5, 0x00A5, 0x00A5, 0x00A5, 
    0x0063, 0x7B6B, 0x5268, 0x0043, 0x18E4, 0x0882, 0x62A8, 0x6AE9, 0x0000, 0x62A8, 0x62C8, 0x4206, 
    0x8BEC, 0x0042, 0x4A47, 0x734A, 0x20E3, 0x942D, 0x4A26, 0x41E6, 0x0063, 0x10C3, 0x9C2D, 0x5247, 
    0x41E6, 0x10C3, 0x00A5, 0x00A5, 0x08A5, 0x08C5, 0x0063, 0x6B09, 0x83AC, 0x41E6, 0x2944, 0x0043, 
    0x62E9, 0x8BCC, 0x41C5, 0x3164, 0x0000, 0x6AE9, 0x838B, 0x4A07, 0x3185, 0x0022, 0x6B09, 0x83AC, 
    0x4206, 0x2964, 0x0001, 0x62E9, 0x734A, 0x0043, 0x10E4, 0x18C3, 0x0063, 0x0883, 0x9C4D, 0x2944, 
    0x0043, 0x41C6, 0x8BCC, 0x41C5, 0x3185, 0x0063, 0x08C5, 0x00C5, 0x00A5, 0x00A5, 0x18E3, 0x9C2C, 
    0x10C4, 0x10C4, 0x940C, 0x20E3, 0x8BEC, 0xAC8E, 0x41E6, 0x93EC, 0x2104, 0x0084, 0x00A5, 0x00A5, 
    0x08C5, 0x0084, 0x2944, 0x9C2D, 0x0883, 0x0063, 0x62E9, 0x7B8B, 0x41E6, 0x93EC, 0x5247, 0x4A06, 
    0x8BCC, 0x41E6, 0x3185, 0x0063, 0x00A5, 0x00A5, 0x00C5, 0x0084, 0x3165, 0xACAE, 0x8BAB, 0x41E5, 
    0x838A, 0x2123, 0xA48F, 0x5247, 0x4A06, 0x0883, 0x18E3, 0x940D, 0x2124, 0x41E6, 0x8BEC, 0x2103, 
    0xA46E, 0x1903, 0x18E3, 0x940C, 0x2103, 0x93EC, 0x2924, 0x0862, 0x942C, 0x2944, 0x8BCC, 0x39C6, 
    0x0062, 0x940D, 0x3164, 0x7309, 0x7329, 0x39A5, 0x2124, 0x0084, 0x08C5, 0x00A5, 0x00A5, 0x0084, 
    0x3185, 0x9C4D, 0x4206, 0x3185, 0x0062, 0x0042, 0x62C8, 0x7B4A, 0x7B8B, 0x5247, 0x0862, 0x83AC, 
    0x5A88, 0x41E6, 0x10C3, 0x00A5, 0x0084, 0x2965, 0x93EC, 0x0062, 0x0022, 0x732A, 0x83AC, 0x4A47, 
    0x2965, 0x0043, 0x6AE9, 0x9C2D, 0x8BEC, 0x9C2D, 0x4A27, 0x0064, 0x00A5, 0x00A5, 0x00A5, 0x0083, 
    0x0041, 0x2AAF, 0x32AF, 0x0021, 0x01AF, 0x0233, 0x0212, 0x0232, 0x0232, 0x0A32, 0x0A32, 0x0A32, 
    0x0A53, 0x0A53, 0x0A53, 0x0A33, 0x0A33, 0x0A33, 0x0A53, 0x0A54, 0x018D, 0x0861, 0x5371, 0x2A2D, 
    0x0021, 0x0084, 0x00A5, 0x00A5, 0x00A5, 0x08A5, 0x00C5, 0x00C5, 0x0084, 0x0020, 0x82E1, 0xED86, 
    0xDCC3, 0xCC20, 0xCC20, 0xCC20, 0xD460, 0x6220, 0x0021, 0x0021, 0x1880, 0xB3A0, 0xD440, 0xCC20, 
    0xCC20, 0xCC20, 0xD440, 0x9AE0, 0x1060, 0x0042, 0x00A5, 0x00A5, 0x00A5, 0x00A5, 0x00A5, 0x00A5, 
    0x0063, 0x7B4A, 0x5247, 0x0084, 0x0084, 0x0042, 0x5A88, 0xA44D, 0x8BCC, 0xA44D, 0x62C9, 0x4207, 
    0x8BCC, 0x0001, 0x4A27, 0x7B6B, 0x0063, 0x39C6, 0x940D, 0x9C2D, 0x5A88, 0x1082, 0x940C, 0x93EC, 
    0x942D, 0x2966, 0x00A5, 0x08A5, 0x00A5, 0x08C5, 0x0063, 0x6AE9, 0xA48E, 0x940C, 0x62C9, 0x0043, 
    0x62C9, 0xACAF, 0x93EC, 0x6AE9, 0x0000, 0x62C9, 0xACAF, 0x9C4D, 0x6B0A, 0x0043, 0x6AE9, 0xA48E, 
    0x940D, 0x62C9, 0x0001, 0x5AA8, 0x6B09, 0x0042, 0x0063, 0x0062, 0x00A4, 0x10E4, 0x9C4E, 0x2965, 
    0x00A5, 0x0062, 0x41E6, 0x83AB, 0x940D, 0x5247, 0x0084, 0x00C5, 0x08C5, 0x00A5, 0x18C3, 0x940C, 
    0x10C4, 0x10C3, 0x9C0C, 0x2103, 0x8BCC, 0x732A, 0x942D, 0x940C, 0x2104, 0x00A4, 0x00A5, 0x00A5, 
    0x08C5, 0x00A4, 0x2944, 0x940D, 0x08A3, 0x0085, 0x6AE9, 0xA46E, 0x93EC, 0xA44D, 0x4A27, 0x4A06, 
    0xA48E, 0x93ED, 0x734A, 0x08A4, 0x00C5, 0x00A5, 0x00A5, 0x0084, 0x3165, 0x940D, 0x8BEC, 0x8BCC, 
    0x836A, 0x20E3, 0xA4AF, 0x9C4E, 0x942D, 0x1904, 0x10C3, 0x940C, 0xA44D, 0xA46E, 0x1924, 0x0883, 
    0x7309, 0x62A8, 0x5A88, 0x6AE8, 0x0841, 0x93EC, 0x2965, 0x10A3, 0x9C2D, 0x2944, 0x838B, 0x31A6, 
    0x0062, 0x8BEC, 0x3164, 0x0862, 0x732A, 0x93EC, 0x9C2D, 0x3165, 0x0084, 0x00A5, 0x00A5, 0x08C5, 
    0x0063, 0x4A27, 0x93EC, 0x9C0C, 0x5227, 0x0042, 0x18C3, 0x942D, 0x8BCC, 0x0883, 0x00A4, 0x18C3, 
    0x7B6B, 0x940D, 0x83CC, 0x1904, 0x0085, 0x3185, 0x940C, 0x0862, 0x0042, 0x6B0A, 0xA48F, 0x9C4E, 
    0x5268, 0x0042, 0x6B0A, 0x62A8, 0x7329, 0x7309, 0x5247, 0x0064, 0x00A5, 0x00A5, 0x00C5, 0x0084, 
    0x0041, 0x2A8F, 0x32AF, 0x0021, 0x01AF, 0x0253, 0x0A53, 0x0A53, 0x0A53, 0x0A53, 0x0A53, 0x0A53, 
    0x0A12, 0x0A12, 0x0212, 0x0212, 0x0212, 0x0212, 0x0212, 0x0233, 0x016D, 0x0861, 0x5371, 0x2A2D, 
    0x0021, 0x0084, 0x00A5, 0x00A5, 0x00A5, 0x00A5, 0x00A5, 0x00A5, 0x0021, 0x28C0, 0xD4A3, 0xDD06, 
    0xCC00, 0xCC20, 0xCC20, 0xCC40, 0xCC40, 0xCC40, 0x3121, 0x0841, 0x8AE0, 0xD440, 0xCC40, 0xCC40, 
    0xCC40, 0xCC20, 0xCC20, 0xC400, 0x61E0, 0x0000, 0x0084, 0x00A5, 0x00A5, 0x00A5, 0x00A5, 0x00A5, 
    0x0063, 0x838B, 0x5A88, 0x0042, 0x732A, 0x41C6, 0x5A68, 0x838A, 0x41E6, 0x8BAB, 0x62C9, 0x4A07, 
    0x8BAB, 0x0020, 0x5247, 0x838B, 0x0083, 0x0883, 0x0862, 0x3164, 0x9C2D, 0x18C2, 0x940C, 0x20E3, 
    0x0882, 0x08A3, 0x08A4, 0x08C5, 0x00A5, 0x08C5, 0x0063, 0x6B09, 0x62A8, 0x0841, 0x0882, 0x0042, 
    0x62C9, 0x732A, 0x0042, 0x0063, 0x0042, 0x6AE9, 0x6AC9, 0x0083, 0x08A4, 0x0063, 0x6AE9, 0x62A8, 
    0x0020, 0x0841, 0x0021, 0x62C8, 0x732A, 0x0020, 0x5247, 0x5247, 0x0084, 0x10E4, 0x9C4D, 0x2945, 
    0x0084, 0x0062, 0x0841, 0x0020, 0x4A27, 0x93EC, 0x0083, 0x08C5, 0x08C5, 0x00A5, 0x18E3, 0x9C2D, 
    0x18C2, 0x18C2, 0xA46D, 0x2924, 0x93EC, 0x39C5, 0x93EC, 0xACAE, 0x2104, 0x00A5, 0x08A5, 0x08C5, 
    0x08A5, 0x0084, 0x2944, 0x9C2D, 0x08C4, 0x0084, 0x6AE9, 0x62A8, 0x0020, 0x732A, 0x5247, 0x5247, 
    0x838B, 0x0862, 0x08A3, 0x08A4, 0x00A5, 0x00A5, 0x00A5, 0x0084, 0x3164, 0x93CC, 0x39C6, 0xACCF, 
    0x83AC, 0x20E3, 0x942D, 0x18E4, 0x0882, 0x0041, 0x18E3, 0x940C, 0x39A5, 0x9C2D, 0x31A6, 0x0063, 
    0x41E6, 0x83AB, 0x83AB, 0x4A27, 0x0062, 0x9C2D, 0x3185, 0x18E3, 0xA48E, 0x2923, 0x8BAB, 0x39C6, 
    0x0882, 0x9C4D, 0x31A5, 0x0062, 0x0862, 0x0862, 0x8BEC, 0x62A8, 0x0064, 0x00C5, 0x08C5, 0x08C5, 
    0x0883, 0x0882, 0x0061, 0x4A06, 0x93EC, 0x0062, 0x0042, 0x732A, 0x5AA9, 0x0084, 0x0084, 0x0062, 
    0x0841, 0x0881, 0xA46E, 0x31A6, 0x0084, 0x3185, 0x940C, 0x0882, 0x0043, 0x6B0A, 0x5AA8, 0x0041, 
    0x0861, 0x0041, 0x6AE9, 0x5227, 0x18A2, 0x6B09, 0x5267, 0x0064, 0x00A5, 0x08A5, 0x00C5, 0x0083, 
    0x0041, 0x328F, 0x32AF, 0x0021, 0x01AF, 0x0233, 0x0A32, 0x0A32, 0x0A12, 0x0212, 0x0212, 0x0212, 
    0x0A53, 0x0A53, 0x0A53, 0x0A32, 0x0A32, 0x0A53, 0x0A53, 0x0A53, 0x018D, 0x0861, 0x5371, 0x2A2D, 
    0x0041, 0x0084, 0x00A5, 0x00A5, 0x00A5, 0x00A5, 0x08C5, 0x0083, 0x0820, 0x9AE0, 0xE504, 0xD461, 
    0xCC40, 0xCC40, 0xCC40, 0xCC60, 0xCC40, 0xCC40, 0xBBE0, 0xB3C0, 0xCC40, 0xCC20, 0xCC40, 0xCC40, 
    0xCC40, 0xCC20, 0xCC20, 0xCC20, 0xAB60, 0x20A0, 0x0022, 0x00A5, 0x00A5, 0x00A5, 0x00A5, 0x00A5, 
    0x0084, 0x3985, 0x9C2D, 0x9C4D, 0x940D, 0x18C2, 0x62C8, 0x6AE9, 0x0001, 0x732A, 0x734A, 0x18C3, 
    0x8BAB, 0x9C2D, 0x9C2D, 0x39A5, 0x2124, 0x9C4D, 0x9C6E, 0xA46E, 0x5268, 0x10A2, 0xA48E, 0x9C4D, 
    0x9C2D, 0x93EC, 0x10C4, 0x00C5, 0x08C5, 0x08C5, 0x0063, 0x6AE9, 0xA46D, 0x93EC, 0x940C, 0x39C5, 
    0x62C8, 0x836A, 0x0084, 0x00C5, 0x0043, 0x7309, 0x6B09, 0x0085, 0x00C6, 0x0063, 0x6AE9, 0xA48E, 
    0x93EC, 0x9C2C, 0x41C6, 0x2104, 0x940C, 0x940C, 0xA44D, 0x3185, 0x0085, 0x10C4, 0x9C4D, 0x2924, 
    0x0063, 0x39C6, 0x9C4D, 0x940C, 0x940C, 0x41C5, 0x0083, 0x08C5, 0x00A5, 0x00A5, 0x0882, 0x5A67, 
    0x93EC, 0x9C2D, 0x6B09, 0x18C3, 0x9C4D, 0x2103, 0x20E3, 0xAC8D, 0x2124, 0x00A5, 0x08A5, 0x08C5, 
    0x08A5, 0x0084, 0x3165, 0xA46D, 0x08A3, 0x0043, 0x6AC9, 0x5A88, 0x0022, 0x7B4A, 0x5A67, 0x4A27, 
    0xACAF, 0x940C, 0x9C2D, 0x5A88, 0x0084, 0x00C5, 0x00A5, 0x0084, 0x3165, 0xA44D, 0x0882, 0x5A89, 
    0x942D, 0x2103, 0xA48E, 0x9C2D, 0x940C, 0x734A, 0x2103, 0xA46E, 0x0862, 0x4A06, 0x9C2D, 0x0883, 
    0x10A3, 0x940C, 0x9C6E, 0x10C3, 0x0083, 0x5247, 0x9C4E, 0xA48E, 0x7B4A, 0x0862, 0x4A27, 0x9C6D, 
    0x9C6E, 0x838B, 0x1082, 0x6B09, 0xA46D, 0x9C4D, 0x93EC, 0x2124, 0x0084, 0x08C5, 0x08C5, 0x0084, 
    0x3164, 0x9C6D, 0x9C2D, 0xA44D, 0x4A06, 0x0083, 0x0063, 0x7B4A, 0x62C9, 0x0084, 0x0883, 0x83AB, 
    0x940D, 0x9C2D, 0x7B6A, 0x10C3, 0x0085, 0x3185, 0x9C2D, 0x0883, 0x0063, 0x6B0A, 0xA48E, 0x93EC, 
    0x940C, 0x3144, 0x6AE9, 0x5247, 0x0001, 0x732A, 0x5A88, 0x0064, 0x00A5, 0x00A5, 0x08A5, 0x0083, 
    0x0041, 0x32AF, 0x32AF, 0x0021, 0x01CF, 0x0A54, 0x0A53, 0x0A33, 0x0A32, 0x0A32, 0x0A32, 0x0A33, 
    0x0A32, 0x0A32, 0x0A32, 0x0A32, 0x0A32, 0x0A32, 0x0232, 0x0233, 0x016C, 0x0861, 0x5371, 0x2A4D, 
    0x0041, 0x0084, 0x00A5, 0x00A5, 0x00A5, 0x00A5, 0x08A5, 0x0021, 0x28C0, 0xD4A4, 0xDCE3, 0xCC40, 
    0xCC40, 0xD440, 0xCC60, 0xCC40, 0xCC40, 0xC420, 0x59E0, 0x4180, 0xA360, 0xD460, 0xCC40, 0xCC60, 
    0xCC60, 0xCC40, 0xCC20, 0xCC20, 0xC400, 0x69E0, 0x0000, 0x0084, 0x00A5, 0x00A5, 0x00A5, 0x00A5, 
    0x00A5, 0x0063, 0x3185, 0x4207, 0x2124, 0x0042, 0x2123, 0x2124, 0x0063, 0x2945, 0x2965, 0x0043, 
    0x2124, 0x4A07, 0x3165, 0x0042, 0x10A3, 0x41C6, 0x41E6, 0x39C6, 0x0884, 0x08A3, 0x39C6, 0x41C6, 
    0x39C5, 0x39A5, 0x0883, 0x00C5, 0x08C5, 0x00C5, 0x0083, 0x2103, 0x39C5, 0x39A5, 0x39A5, 0x18C3, 
    0x2103, 0x2944, 0x00A4, 0x00A5, 0x0063, 0x2924, 0x2924, 0x0084, 0x00C5, 0x00A4, 0x2124, 0x41C5, 
    0x41C5, 0x41E6, 0x2104, 0x0063, 0x2924, 0x4207, 0x3185, 0x0063, 0x00C5, 0x0883, 0x3185, 0x0882, 
    0x0084, 0x18E4, 0x41E6, 0x41E6, 0x3185, 0x0063, 0x00C5, 0x08A5, 0x00A5, 0x00A5, 0x00A5, 0x0883, 
    0x39A5, 0x41E6, 0x08A3, 0x0083, 0x3185, 0x0882, 0x0062, 0x39A6, 0x10A3, 0x00A5, 0x00A5, 0x08A5, 
    0x00A5, 0x00A5, 0x10A2, 0x3985, 0x0062, 0x0042, 0x2103, 0x2124, 0x0084, 0x2965, 0x2104, 0x18C2, 
    0x39A5, 0x39A5, 0x39C5, 0x2103, 0x0084, 0x00C5, 0x00A5, 0x00A4, 0x10A3, 0x39C6, 0x00A4, 0x18E4, 
    0x39C6, 0x0882, 0x39A5, 0x39A5, 0x39C5, 0x3185, 0x1082, 0x39C6, 0x08A3, 0x10A3, 0x39A5, 0x0883, 
    0x0084, 0x2944, 0x2965, 0x0083, 0x00C5, 0x0063, 0x39C6, 0x4206, 0x10A3, 0x0084, 0x0883, 0x39C6, 
    0x4206, 0x18E4, 0x0043, 0x2964, 0x41E6, 0x41E6, 0x2124, 0x0064, 0x08C5, 0x08C5, 0x08C5, 0x00A5, 
    0x10C3, 0x41E6, 0x41E6, 0x31A5, 0x0063, 0x00C6, 0x0084, 0x2944, 0x2124, 0x00A4, 0x0083, 0x39A5, 
    0x41E6, 0x41E6, 0x10C3, 0x0085, 0x00A5, 0x10C3, 0x39A5, 0x0083, 0x0084, 0x2124, 0x41E6, 0x39C6, 
    0x41E6, 0x10A2, 0x2124, 0x18E3, 0x0063, 0x2924, 0x2103, 0x0084, 0x08A5, 0x08A5, 0x08A5, 0x0083, 
    0x0041, 0x32AF, 0x3ACF, 0x0021, 0x01AF, 0x0253, 0x0A33, 0x0A32, 0x0A32, 0x0232, 0x0232, 0x0232, 
    0x0A32, 0x0A32, 0x0A32, 0x0A33, 0x0A33, 0x0A33, 0x0A33, 0x0A53, 0x016C, 0x0861, 0x5371, 0x2A6D, 
    0x0041, 0x0084, 0x00A5, 0x00A5, 0x00A5, 0x00A5, 0x0063, 0x1880, 0xABA1, 0xE566, 0xD461, 0xCC40, 
    0xD440, 0xD460, 0xCC40, 0xCC40, 0xD460, 0x6A40, 0x0001, 0x0001, 0x18C1, 0xBBC0, 0xCC60, 0xCC60, 
    0xCC60, 0xCC40, 0xCC20, 0xCC20, 0xCC40, 0xAB40, 0x3900, 0x0021, 0x00A5, 0x00C5, 0x00A5, 0x00A5, 
    0x00A5, 0x00A5, 0x0084, 0x00A5, 0x00C5, 0x08C5, 0x0084, 0x0083, 0x00A5, 0x00A5, 0x0084, 0x00C5, 
    0x00A5, 0x0085, 0x0084, 0x00A4, 0x0084, 0x0063, 0x0063, 0x0064, 0x00C6, 0x00C6, 0x0084, 0x0084, 
    0x0084, 0x0084, 0x00A4, 0x00C5, 0x08A5, 0x00A5, 0x00A5, 0x0084, 0x0084, 0x0084, 0x0084, 0x00A5, 
    0x0084, 0x0084, 0x00A5, 0x00A5, 0x00A5, 0x00A5, 0x00A4, 0x00A5, 0x00A5, 0x08C5, 0x0084, 0x0063, 
    0x0063, 0x0084, 0x00A5, 0x00A5, 0x0084, 0x00A5, 0x00A5, 0x00A5, 0x00A5, 0x00C5, 0x0084, 0x0084, 
    0x00A4, 0x00A4, 0x0084, 0x00A5, 0x0085, 0x00A5, 0x00A5, 0x00A5, 0x00A5, 0x00A5, 0x00A5, 0x00A5, 
    0x0084, 0x0084, 0x00A4, 0x00A5, 0x0084, 0x00A5, 0x00C5, 0x0085, 0x00A5, 0x08A5, 0x00A5, 0x00A5, 
    0x00A5, 0x00A5, 0x00A5, 0x0084, 0x00A4, 0x00A4, 0x0084, 0x00A5, 0x08C6, 0x00A5, 0x00A4, 0x0063, 
    0x0063, 0x0084, 0x0084, 0x0084, 0x08A5, 0x08C5, 0x00A5, 0x00C5, 0x00A5, 0x00A5, 0x08C5, 0x00A5, 
    0x0084, 0x00A5, 0x0063, 0x0063, 0x0064, 0x0085, 0x00A5, 0x0085, 0x00A5, 0x00A5, 0x0084, 0x00A5, 
    0x00A5, 0x0084, 0x0084, 0x08C5, 0x08C5, 0x00A5, 0x0084, 0x0084, 0x00A5, 0x00C5, 0x00A5, 0x0084, 
    0x0084, 0x00A5, 0x00A5, 0x0084, 0x0084, 0x0084, 0x0085, 0x08C5, 0x08C5, 0x08C5, 0x00A5, 0x08A5, 
    0x00A5, 0x0084, 0x0084, 0x0084, 0x00A5, 0x00C5, 0x00C5, 0x00A5, 0x00A5, 0x00C5, 0x00A5, 0x0084, 
    0x0084, 0x0084, 0x00A5, 0x00C5, 0x00C5, 0x00A5, 0x0084, 0x00C5, 0x08C5, 0x0084, 0x0084, 0x0084, 
    0x0084, 0x00A5, 0x0084, 0x00A4, 0x00A5, 0x0084, 0x00A4, 0x08A5, 0x08A5, 0x08C5, 0x08C5, 0x0084, 
    0x0041, 0x32CF, 0x3ACF, 0x0021, 0x01AF, 0x0253, 0x0A33, 0x0A33, 0x0A33, 0x0232, 0x0232, 0x0232, 
    0x0A32, 0x0A32, 0x0A33, 0x0A33, 0x0A53, 0x0A53, 0x0A53, 0x0A53, 0x018D, 0x0861, 0x5371, 0x2A4D, 
    0x0041, 0x0084, 0x00A5, 0x00A5, 0x00A5, 0x00A5, 0x0042, 0x3920, 0xDCC2, 0xD4C3, 0xCC40, 0xD440, 
    0xD440, 0xCC40, 0xCC40, 0xCC40, 0xD460, 0x49A0, 0x0021, 0x0021, 0x0021, 0xABA0, 0xD460, 0xCC40, 
    0xCC40, 0xCC40, 0xCC20, 0xCC20, 0xCC20, 0xCC00, 0x7220, 0x0000, 0x00A4, 0x08C5, 0x00A5, 0x00A5, 
    0x00A5, 0x00A5, 0x00A5, 0x00C5, 0x08C6, 0x08C5, 0x00C5, 0x00A5, 0x08C5, 0x00A5, 0x00A5, 0x00A5, 
    0x00A5, 0x00C5, 0x00A5, 0x00A5, 0x00A5, 0x00A5, 0x00A5, 0x00A5, 0x08C5, 0x00A5, 0x00A5, 0x00C5, 
    0x00C6, 0x00A5, 0x00A5, 0x00A5, 0x00A5, 0x00A5, 0x00A5, 0x00A5, 0x00A5, 0x00C5, 0x00C5, 0x00C5, 
    0x00A5, 0x00A4, 0x00A5, 0x00C5, 0x00C5, 0x00C5, 0x00A5, 0x0084, 0x00A5, 0x00A5, 0x00A4, 0x00A4, 
    0x00A5, 0x00C5, 0x00C5, 0x08A5, 0x00A5, 0x00C5, 0x00C5, 0x08C5, 0x08C5, 0x00C5, 0x00A5, 0x00A4, 
    0x00A4, 0x00A5, 0x00C5, 0x00C5, 0x00C5, 0x08A5, 0x00A5, 0x00A5, 0x00A5, 0x00A5, 0x08C5, 0x08C5, 
    0x00C5, 0x08A5, 0x00A5, 0x00A5, 0x00C5, 0x00C5, 0x00C5, 0x00A5, 0x00A5, 0x00A5, 0x00A5, 0x00A5, 
    0x00A5, 0x00A5, 0x08C5, 0x00A5, 0x00A5, 0x00A5, 0x00C5, 0x00C5, 0x08A5, 0x00A5, 0x00A5, 0x00A5, 
    0x00A5, 0x00C5, 0x00A5, 0x00A4, 0x00A5, 0x00A5, 0x00C5, 0x00C5, 0x00C5, 0x00A5, 0x00A5, 0x00A4, 
    0x00A4, 0x00C5, 0x00C5, 0x00A5, 0x00C5, 0x00A5, 0x00C5, 0x00C5, 0x08C5, 0x08C5, 0x00C5, 0x00A5, 
    0x00A5, 0x00A5, 0x00A5, 0x00C5, 0x00A5, 0x00A5, 0x00C5, 0x08C5, 0x00C5, 0x00C5, 0x00C5, 0x00C5, 
    0x00A5, 0x00A5, 0x00A5, 0x00A5, 0x00A5, 0x00A5, 0x00A5, 0x08A5, 0x00C5, 0x08A5, 0x08A5, 0x08A5, 
    0x08C5, 0x08C5, 0x08C5, 0x08C5, 0x00C5, 0x00A5, 0x00A5, 0x00C5, 0x00C5, 0x00C5, 0x00C5, 0x00C5, 
    0x00C5, 0x00C5, 0x00C5, 0x00C5, 0x00C5, 0x08C5, 0x08C5, 0x00A5, 0x00A5, 0x00A5, 0x00A5, 0x00A5, 
    0x00C5, 0x00C5, 0x00A5, 0x00A5, 0x00C5, 0x08C5, 0x08C5, 0x00A5, 0x08A5, 0x08A5, 0x08A5, 0x0084, 
    0x0042, 0x32D0, 0x3ACF, 0x0021, 0x018E, 0x0233, 0x0232, 0x0232, 0x0A32, 0x0212, 0x0212, 0x0232, 
    0x0A53, 0x0A33, 0x0233, 0x0233, 0x0232, 0x0232, 0x0212, 0x0233, 0x016D, 0x0861, 0x5371, 0x2A4D, 
    0x0041, 0x0084, 0x00A5, 0x00A5, 0x08A5, 0x00A5, 0x0042, 0x3120, 0xCC20, 0xD460, 0xD460, 0xD460, 
    0xD440, 0xCC40, 0xCC40, 0xCC40, 0xCC40, 0xABA0, 0x18C1, 0x0861, 0x51C0, 0xCC20, 0xCC60, 0xCC40, 
    0xCC20, 0xCC20, 0xCC20, 0xC420, 0xCC20, 0xC400, 0x7220, 0x0000, 0x00A5, 0x00C5, 0x00A5, 0x00A5, 
    0x00A5, 0x0084, 0x0883, 0x10C3, 0x08A3, 0x08C5, 0x08A3, 0x08A4, 0x08C5, 0x0883, 0x0862, 0x0862, 
    0x10A3, 0x10A3, 0x0882, 0x0084, 0x08C5, 0x00C5, 0x00A5, 0x00A5, 0x0084, 0x0883, 0x10A3, 0x10C4, 
    0x08A4, 0x00A5, 0x08A4, 0x10C4, 0x10C4, 0x10C4, 0x0883, 0x0083, 0x0862, 0x10C4, 0x10E4, 0x08A3, 
    0x0062, 0x0882, 0x10C3, 0x10C4, 0x00A4, 0x08A4, 0x0883, 0x0882, 0x10A3, 0x0883, 0x0882, 0x1082, 
    0x10C3, 0x08A4, 0x00C5, 0x00A4, 0x0862, 0x10A3, 0x0883, 0x00A5, 0x08A4, 0x10A3, 0x08A3, 0x10A3, 
    0x0882, 0x0084, 0x0883, 0x10C4, 0x10A4, 0x00A4, 0x0063, 0x0883, 0x08A3, 0x08A3, 0x00A4, 0x08A4, 
    0x08C4, 0x0083, 0x0063, 0x0883, 0x0883, 0x00C5, 0x00A5, 0x00A5, 0x00A5, 0x00C5, 0x0083, 0x10C3, 
    0x10A3, 0x10C3, 0x0883, 0x08A3, 0x0063, 0x08A4, 0x08A4, 0x0883, 0x0083, 0x0862, 0x10C3, 0x10C4, 
    0x08A3, 0x08A3, 0x10A3, 0x0882, 0x10A3, 0x08A3, 0x0884, 0x10C4, 0x10C4, 0x10A3, 0x0883, 0x0042, 
    0x0882, 0x0084, 0x08A4, 0x08C4, 0x00A4, 0x00A5, 0x00A5, 0x08A5, 0x00A5, 0x08C5, 0x00A5, 0x00A5, 
    0x00A5, 0x00A5, 0x00A5, 0x00A5, 0x00A5, 0x00A5, 0x00A5, 0x00A5, 0x00C5, 0x00A5, 0x00C5, 0x00A5, 
    0x00A5, 0x00A5, 0x00A5, 0x00A5, 0x00A5, 0x00A5, 0x00A5, 0x00A5, 0x00A5, 0x08A5, 0x00A5, 0x00A5, 
    0x08C5, 0x08C5, 0x08C5, 0x08C5, 0x00C5, 0x00C5, 0x08C5, 0x08A5, 0x00A5, 0x00C5, 0x00A5, 0x00C5, 
    0x08C5, 0x00C5, 0x00A5, 0x00C5, 0x00A5, 0x00C5, 0x00C5, 0x00A5, 0x00A5, 0x00A5, 0x00A5, 0x00A5, 
    0x00C5, 0x08A5, 0x00A5, 0x00A5, 0x00A5, 0x00A5, 0x00C5, 0x00A5, 0x08A5, 0x08C5, 0x00A5, 0x00A4, 
    0x0062, 0x32D0, 0x32CF, 0x0021, 0x01AF, 0x0253, 0x0A53, 0x0A53, 0x0A33, 0x0232, 0x0A33, 0x0232, 
    0x0A32, 0x0A33, 0x0A33, 0x0A33, 0x0A33, 0x0A33, 0x0A32, 0x0A53, 0x018D, 0x0861, 0x5391, 0x2A4E, 
    0x0041, 0x0084, 0x00A5, 0x00A5, 0x08A5, 0x00A5, 0x0083, 0x0020, 0x5180, 0xBBA0, 0xD460, 0xD460, 
    0xD440, 0xD440, 0xD440, 0xD440, 0xD440, 0xD440, 0xBBE0, 0xB3C0, 0xC400, 0xCC40, 0xCC60, 0xCC40, 
    0xCC20, 0xCC20, 0xCC20, 0xCC20, 0xC400, 0x92C0, 0x28C0, 0x0021, 0x00A5, 0x00A5, 0x00A5, 0x00A5, 
    0x00A4, 0x10C3, 0x8BCC, 0xA46D, 0x5AA8, 0x0042, 0x62A8, 0x6AE9, 0x0063, 0x5A88, 0x5247, 0x3185, 
    0x9C4D, 0x9C2D, 0x838B, 0x10A3, 0x00A5, 0x08C5, 0x00A5, 0x00A5, 0x0062, 0x732A, 0xA48E, 0xA46E, 
    0x62C9, 0x0042, 0x5A88, 0xA46E, 0x9C4D, 0x9C4D, 0x41E6, 0x0041, 0x7309, 0xA46D, 0xA48F, 0x5A88, 
    0x3144, 0x9C4D, 0xA48E, 0x9C4E, 0x18E4, 0x2144, 0x9C6E, 0x9C4D, 0x9C4D, 0x10C3, 0x62EA, 0x9C4D, 
    0xA44D, 0x6B0A, 0x0883, 0x08A3, 0x838B, 0xA46E, 0x732A, 0x0041, 0x4207, 0x9C4D, 0x940D, 0xA46E, 
    0x6AE9, 0x0042, 0x62C9, 0xA48E, 0x8BEC, 0x10A3, 0x2104, 0xA46E, 0xA46E, 0x9C4E, 0x2944, 0x10A3, 
    0x8BEC, 0x10E4, 0x0063, 0x7B6B, 0x3165, 0x0084, 0x00A5, 0x00A5, 0x00A5, 0x0084, 0x5268, 0xA48E, 
    0x9C4D, 0x838B, 0x18C2, 0x83AB, 0x10C4, 0x0084, 0x7B4A, 0x3185, 0x0841, 0x732A, 0xA46E, 0xA48E, 
    0x4206, 0x5247, 0xA48E, 0x9C2D, 0xA46D, 0x6AE9, 0x2924, 0x9C6E, 0x9C2D, 0x940D, 0x732A, 0x18C2, 
    0x8BCC, 0x10C3, 0x2124, 0x940C, 0x10C4, 0x00A5, 0x00A5, 0x00A5, 0x08A5, 0x08A5, 0x00A5, 0x08A5, 
    0x00A5, 0x00A5, 0x08A5, 0x00A5, 0x00A5, 0x00A5, 0x08A5, 0x08A5, 0x08A5, 0x08A5, 0x08A5, 0x00A5, 
    0x00A5, 0x00A5, 0x00A5, 0x00A5, 0x00A5, 0x08C5, 0x08A5, 0x00A5, 0x00A5, 0x00A5, 0x00A5, 0x08C5, 
    0x08C5, 0x08C5, 0x00A5, 0x00A5, 0x00A5, 0x00A5, 0x00A5, 0x08A5, 0x08A5, 0x00A5, 0x00C5, 0x00A5, 
    0x08C5, 0x08C5, 0x00A5, 0x00A5, 0x00A5, 0x00A5, 0x00A5, 0x00A5, 0x00A5, 0x08A5, 0x00A5, 0x00A5, 
    0x08A5, 0x00A5, 0x00A5, 0x00A5, 0x00A5, 0x00A5, 0x08A5, 0x08C5, 0x08A5, 0x08C5, 0x08A5, 0x0084, 
    0x0041, 0x32CF, 0x32AF, 0x0021, 0x01AF, 0x0233, 0x0A32, 0x0A33, 0x0A33, 0x0A32, 0x0A32, 0x0A32, 
    0x01F2, 0x0212, 0x0212, 0x0212, 0x0212, 0x0212, 0x0212, 0x0233, 0x016C, 0x0861, 0x5391, 0x2A4D, 
    0x0041, 0x0084, 0x00A5, 0x00A5, 0x00A5, 0x08A5, 0x08C5, 0x0063, 0x0020, 0x5180, 0xA300, 0xA300, 
    0xA320, 0xAB20, 0xAB40, 0xAB40, 0xAB40, 0xAB60, 0xB360, 0xB380, 0xB380, 0xB380, 0xB380, 0xB360, 
    0xB360, 0xAB40, 0xAB40, 0xAB20, 0x7A40, 0x1880, 0x0001, 0x00A4, 0x00A5, 0x00A5, 0x00A5, 0x00A5, 
    0x0063, 0x734B, 0x6B0A, 0x2103, 0x8BCC, 0x3985, 0x62A9, 0xB4EF, 0x3164, 0x62C8, 0x62C8, 0x41E6, 
    0x940C, 0x2124, 0x6B0A, 0x7B6B, 0x0063, 0x00A5, 0x00A5, 0x00A5, 0x0062, 0x83AB, 0x62E9, 0x2124, 
    0x8BCC, 0x41C5, 0x62C9, 0x7B6B, 0x2103, 0x2944, 0x10A2, 0x5A88, 0x838B, 0x2103, 0x2944, 0x18E4, 
    0x41E6, 0x942D, 0x2924, 0x732A, 0x7B4A, 0x0861, 0x4A27, 0xACAF, 0x39C6, 0x0041, 0x7B4A, 0x6B2A, 
    0x2124, 0x8BAC, 0x41C6, 0x5267, 0x940D, 0x2944, 0x7B6A, 0x5247, 0x1082, 0x3165, 0x9C4D, 0x5247, 
    0x18E4, 0x4A06, 0x8BCC, 0x2103, 0x5A88, 0x7309, 0x2123, 0xA48F, 0x3185, 0x5247, 0x8BEC, 0x18C2, 
    0x9C2D, 0x2944, 0x0882, 0xA44D, 0x3185, 0x0084, 0x00A5, 0x00A5, 0x00A5, 0x2965, 0xA48E, 0x3164, 
    0x2924, 0x2124, 0x10A2, 0x940D, 0x3185, 0x0883, 0x942D, 0x3184, 0x62A8, 0x7309, 0x2924, 0x3186, 
    0x18E4, 0x18E4, 0x39A5, 0xA46E, 0x5247, 0x18C3, 0x3164, 0x9C4D, 0x2944, 0x2104, 0x2124, 0x2104, 
    0xB510, 0x6B09, 0x730A, 0xA44D, 0x10C4, 0x00A5, 0x00A5, 0x08A5, 0x00A5, 0x00A5, 0x00A5, 0x00A5, 
    0x00A5, 0x00A5, 0x08A5, 0x08A5, 0x00A5, 0x00A5, 0x08A5, 0x00A5, 0x08A5, 0x08C5, 0x08A5, 0x00A5, 
    0x00A5, 0x00A5, 0x00A5, 0x08C5, 0x08C5, 0x08A5, 0x08A5, 0x00A5, 0x00A5, 0x00A5, 0x00A5, 0x08A5, 
    0x08C5, 0x00A5, 0x00A5, 0x00A5, 0x00A5, 0x00A5, 0x00A5, 0x00A5, 0x08A5, 0x00A5, 0x00A5, 0x08A5, 
    0x08A5, 0x00C5, 0x00A5, 0x00A5, 0x00A5, 0x00A5, 0x00A5, 0x00A5, 0x00A5, 0x00A5, 0x00A5, 0x00A5, 
    0x00A5, 0x00A5, 0x00A5, 0x00A5, 0x08A5, 0x00A5, 0x00A5, 0x00A5, 0x00A5, 0x00C5, 0x08A5, 0x0083, 
    0x0041, 0x32AF, 0x32AE, 0x0021, 0x018E, 0x0212, 0x0212, 0x0A12, 0x0A12, 0x0212, 0x0212, 0x0212, 
    0x0212, 0x0212, 0x0A32, 0x0A33, 0x0A33, 0x0A33, 0x0232, 0x0233, 0x016C, 0x0861, 0x5371, 0x2A4D, 
    0x0041, 0x0084, 0x00A5, 0x00A5, 0x00A5, 0x00A5, 0x00A5, 0x00A5, 0x0083, 0x0020, 0x1040, 0x1060, 
    0x1060, 0x1880, 0x1880, 0x1880, 0x1880, 0x18A0, 0x18A0, 0x20A0, 0x20A0, 0x20A0, 0x20A0, 0x20A0, 
    0x20A0, 0x20A0, 0x20A0, 0x20A0, 0x1060, 0x0001, 0x0084, 0x00C5, 0x00A5, 0x00A5, 0x00A5, 0x00A5, 
    0x0063, 0x7B4A, 0x5A88, 0x0861, 0x8BCC, 0x4206, 0x5AA8, 0xACAE, 0x7329, 0x6AE9, 0x62A8, 0x4206, 
    0x8BCC, 0x0021, 0x5248, 0x838B, 0x0063, 0x00A5, 0x00A5, 0x00C5, 0x0063, 0x838B, 0x62A8, 0x20E3, 
    0x93CC, 0x41E6, 0x5A88, 0x8BAB, 0x5A68, 0x39C6, 0x0043, 0x5247, 0x93EC, 0x5247, 0x39A5, 0x0022, 
    0x41E7, 0x940D, 0x20E3, 0x62A8, 0x7B4A, 0x0022, 0x2125, 0xA46E, 0x10C4, 0x0022, 0x732A, 0x732A, 
    0x2124, 0x8BAC, 0x39A5, 0x5267, 0x7309, 0x0061, 0x6B09, 0x5A88, 0x0022, 0x0883, 0x9C2D, 0x3185, 
    0x0064, 0x4A27, 0x838A, 0x0000, 0x41C6, 0x838B, 0x2123, 0x9C4E, 0x2944, 0x4A27, 0x8BEC, 0x0021, 
    0x41E6, 0x940D, 0x7B6B, 0x7B4A, 0x0062, 0x00A5, 0x08A5, 0x08C5, 0x00A5, 0x2124, 0x9C2D, 0x5A67, 
    0x41E6, 0x0862, 0x0021, 0x41E6, 0x942D, 0x838B, 0x7309, 0x0041, 0x5A88, 0x838B, 0x5268, 0x4207, 
    0x0063, 0x00A5, 0x0883, 0x9C4D, 0x3185, 0x0023, 0x2944, 0xA44D, 0x5AA8, 0x5268, 0x08A3, 0x1925, 
    0xAC8E, 0x9C4D, 0x940D, 0x93EC, 0x10C3, 0x00A5, 0x08A5, 0x00A5, 0x00A5, 0x00A5, 0x00A5, 0x00A5, 
    0x00A5, 0x08C5, 0x08A5, 0x08A5, 0x08A5, 0x00A5, 0x08A5, 0x08A5, 0x08A5, 0x00A5, 0x08A5, 0x08A5, 
    0x00A5, 0x08A5, 0x00A5, 0x08A5, 0x08C5, 0x08A5, 0x00A5, 0x00A5, 0x00A5, 0x00A5, 0x00A5, 0x00A5, 
    0x00A5, 0x00A5, 0x00A5, 0x00A5, 0x00A5, 0x00A5, 0x00A5, 0x00A5, 0x00A5, 0x08A5, 0x00C5, 0x00C5, 
    0x00A5, 0x00A5, 0x00A5, 0x00A5, 0x00A5, 0x00A5, 0x00A5, 0x00A5, 0x00A5, 0x00A5, 0x00A5, 0x00A5, 
    0x00A5, 0x00A5, 0x00A5, 0x08A5, 0x00A5, 0x00A5, 0x00A5, 0x00A5, 0x08C5, 0x08A5, 0x00A5, 0x0084, 
    0x0041, 0x32AF, 0x328E, 0x0021, 0x01AE, 0x0233, 0x0A32, 0x0A32, 0x0A32, 0x0A32, 0x0A32, 0x0A32, 
    0x0212, 0x0A32, 0x0A32, 0x0A33, 0x0A33, 0x0A33, 0x0A33, 0x0A53, 0x018D, 0x0861, 0x5371, 0x2A4D, 
    0x0041, 0x0084, 0x00A5, 0x00A5, 0x00A5, 0x00A5, 0x00A5, 0x00A5, 0x08A5, 0x0063, 0x0042, 0x0042, 
    0x0042, 0x0042, 0x0042, 0x0042, 0x0042, 0x0042, 0x0022, 0x0022, 0x0042, 0x0042, 0x0022, 0x0022, 
    0x0022, 0x0042, 0x0042, 0x0042, 0x0042, 0x00A4, 0x00A5, 0x00A5, 0x00A5, 0x00A5, 0x00A5, 0x00A5, 
    0x0063, 0x732A, 0xA46E, 0x9C2D, 0xACD0, 0x41E6, 0x6288, 0x7309, 0x940C, 0x940C, 0x62A8, 0x41E6, 
    0x83AB, 0x0021, 0x4A27, 0x8BAB, 0x0063, 0x00A5, 0x00A5, 0x00A5, 0x0063, 0x7B6A, 0xA44D, 0xACAF, 
    0x5268, 0x0041, 0x5A88, 0x9C2D, 0x83AC, 0x5A88, 0x0083, 0x0062, 0x4A27, 0x838B, 0x93EC, 0x4A06, 
    0x3985, 0xAC8E, 0x940D, 0x83AB, 0x18E3, 0x0064, 0x2104, 0x9C4D, 0x10C3, 0x0042, 0x7329, 0xAC8E, 
    0xACAF, 0x5247, 0x0000, 0x5A68, 0xA46D, 0x940C, 0xA46E, 0x5A68, 0x0063, 0x10C4, 0x9C4D, 0x3185, 
    0x0063, 0x4A06, 0x838A, 0x0001, 0x41E6, 0x8BAB, 0x2924, 0xA46E, 0xA46E, 0x93EC, 0x10A2, 0x0064, 
    0x08A3, 0x734A, 0x9C2D, 0x10A3, 0x00A5, 0x08A5, 0x08A5, 0x08A5, 0x08C5, 0x00A4, 0x2965, 0x7B6A, 
    0x838B, 0x7309, 0x0883, 0x0883, 0x6B2A, 0x9C4D, 0x10A2, 0x0084, 0x0063, 0x5267, 0x7B6B, 0x9C4D, 
    0x4A27, 0x00A5, 0x08C4, 0x9C4D, 0x3185, 0x0043, 0x2924, 0x9C2D, 0x83AB, 0x7B6B, 0x08C4, 0x1904, 
    0x93EC, 0x6AE9, 0x6AE9, 0x93ED, 0x10C3, 0x0084, 0x00A4, 0x08C5, 0x00A5, 0x00A5, 0x00A5, 0x00A5, 
    0x00A5, 0x08A5, 0x00A5, 0x00A5, 0x00A5, 0x00A5, 0x00A5, 0x00A5, 0x00A5, 0x08A5, 0x00A5, 0x00A5, 
    0x08A5, 0x00A5, 0x00A5, 0x08A5, 0x00A5, 0x00C5, 0x08A5, 0x00A5, 0x00A5, 0x00A5, 0x00A5, 0x00A5, 
    0x00A5, 0x00A5, 0x00A5, 0x00A5, 0x00A5, 0x00A5, 0x00A5, 0x00A5, 0x00A5, 0x00A5, 0x00A5, 0x00C5, 
    0x00C5, 0x00A5, 0x00A5, 0x00A5, 0x00A5, 0x00A5, 0x00A5, 0x08A5, 0x00A5, 0x00A5, 0x00A5, 0x00A5, 
    0x00A5, 0x00A5, 0x00A5, 0x00A5, 0x08A5, 0x00A5, 0x00A5, 0x00C5, 0x00C5, 0x00A5, 0x00A5, 0x00A4, 
    0x0042, 0x32CF, 0x328E, 0x0021, 0x01AF, 0x0A33, 0x0A32, 0x0A32, 0x0A32, 0x0A32, 0x0A32, 0x0A32, 
    0x0212, 0x0212, 0x0212, 0x0212, 0x0A12, 0x0A12, 0x0212, 0x0213, 0x016C, 0x0861, 0x5371, 0x2A4D, 
    0x0041, 0x0084, 0x00A5, 0x00A5, 0x00A5, 0x00A5, 0x08A5, 0x08A5, 0x00A5, 0x00A5, 0x00A5, 0x00A5, 
    0x00A5, 0x00A5, 0x00A5, 0x00A5, 0x00A5, 0x00A5, 0x00A5, 0x00A5, 0x00A5, 0x00A5, 0x00A5, 0x00A5, 
    0x00A5, 0x00A5, 0x00C5, 0x08C5, 0x08C5, 0x00A5, 0x00A5, 0x00A5, 0x00A5, 0x00A5, 0x00A5, 0x00A5, 
    0x0063, 0x7B6B, 0x62C8, 0x2103, 0x940D, 0x41E6, 0x6288, 0x62A8, 0x5247, 0xBD30, 0x62C8, 0x41C5, 
    0x8BCC, 0x0882, 0x62A8, 0x838B, 0x0063, 0x00A5, 0x00A5, 0x00A5, 0x0063, 0x83AB, 0x5247, 0x7309, 
    0x838B, 0x0041, 0x62C9, 0x6B2A, 0x10A2, 0x18E3, 0x0883, 0x0862, 0x1082, 0x0841, 0x6AE9, 0x734A, 
    0x39A5, 0x8BCC, 0x0882, 0x0883, 0x00A4, 0x0084, 0x2944, 0x9C0C, 0x2124, 0x0062, 0x7B6A, 0x5A87, 
    0x5A67, 0x836B, 0x0841, 0x62A8, 0x838B, 0x2103, 0x7B6A, 0x5A88, 0x0084, 0x10E5, 0x9C2D, 0x3164, 
    0x0042, 0x4A06, 0x8BAB, 0x0861, 0x4A27, 0x8BAB, 0x2924, 0x942D, 0x3164, 0x93EC, 0x3985, 0x0084, 
    0x0085, 0x5247, 0x838B, 0x0063, 0x08C5, 0x08A5, 0x08C5, 0x08A5, 0x00A5, 0x0883, 0x10A2, 0x0861, 
    0x39A5, 0xA44D, 0x10C4, 0x00A5, 0x5268, 0x83AC, 0x0063, 0x08A4, 0x10C4, 0x0861, 0x0020, 0x732A, 
    0x732A, 0x00A5, 0x08C4, 0x9C4D, 0x3185, 0x0043, 0x2944, 0x93EC, 0x18C2, 0x18E3, 0x10C4, 0x2124, 
    0x940C, 0x18C2, 0x2103, 0x9C2D, 0x10C3, 0x3165, 0x3165, 0x0084, 0x00C5, 0x00A5, 0x00A5, 0x08A5, 
    0x00A5, 0x00A5, 0x00A5, 0x00A5, 0x00A5, 0x00A5, 0x00A5, 0x00A5, 0x00A5, 0x00A5, 0x00A5, 0x00A5, 
    0x08A5, 0x00A5, 0x00A5, 0x00A5, 0x00A5, 0x00A5, 0x00A5, 0x00A5, 0x00A5, 0x00A5, 0x00A5, 0x00A5, 
    0x00A5, 0x00A5, 0x00A5, 0x00A5, 0x00A5, 0x00A5, 0x00A5, 0x00A5, 0x00C5, 0x00A5, 0x00A5, 0x08C5, 
    0x00A5, 0x00A5, 0x00A5, 0x00A5, 0x00A5, 0x00A5, 0x00A5, 0x00A5, 0x00A5, 0x00A5, 0x00A5, 0x00A5, 
    0x00A5, 0x00A5, 0x00A5, 0x00A5, 0x00A5, 0x08A5, 0x00A5, 0x00A5, 0x00A5, 0x00A5, 0x08C5, 0x00A4, 
    0x0042, 0x32AF, 0x328E, 0x0021, 0x01AE, 0x0233, 0x0A32, 0x0A32, 0x0A32, 0x0A32, 0x0A32, 0x0A32, 
    0x0A12, 0x0A32, 0x0A32, 0x0A32, 0x0A32, 0x0A32, 0x0A32, 0x0A33, 0x016D, 0x0861, 0x5371, 0x2A4D, 
    0x0041, 0x0084, 0x08C5, 0x08C5, 0x08C5, 0x08A5, 0x08A5, 0x00A5, 0x00A5, 0x00A5, 0x00A5, 0x00A5, 
    0x00C5, 0x00C5, 0x00A5, 0x00A5, 0x00A5, 0x00A5, 0x00A5, 0x00A5, 0x00A5, 0x00A5, 0x00A5, 0x00A5, 
    0x00A5, 0x00A5, 0x00A5, 0x00A5, 0x00C5, 0x00A5, 0x00A5, 0x00A5, 0x08C5, 0x00A5, 0x00A5, 0x00A5, 
    0x0063, 0x7B6A, 0x5247, 0x0001, 0x7B6B, 0x41C5, 0x6AC8, 0x6AE9, 0x0042, 0x7B6A, 0x62A8, 0x39C5, 
    0xACAF, 0xA44E, 0x93EC, 0x18E3, 0x0084, 0x00A5, 0x00A5, 0x00A5, 0x0062, 0x8BAB, 0x4A27, 0x0042, 
    0x9C2C, 0x4A06, 0x5A68, 0xAC8E, 0x9C2D, 0xA44D, 0x41C5, 0x41E6, 0xA46E, 0x9C2C, 0x8BEC, 0x18E3, 
    0x41E6, 0x8BEC, 0x0063, 0x00A5, 0x00A4, 0x2944, 0xA46D, 0xAC6E, 0x9C2D, 0x20E3, 0x7B2A, 0x5A67, 
    0x0021, 0x93EC, 0x4A06, 0x5A67, 0x7309, 0x0000, 0x7309, 0x62C9, 0x0085, 0x10E5, 0xA44D, 0x3164, 
    0x0063, 0x10A3, 0x732A, 0xA44D, 0x9C0C, 0x2944, 0x2124, 0x9C2D, 0x0841, 0x3185, 0x9C4D, 0x10C3, 
    0x0064, 0x5247, 0x836A, 0x0063, 0x08C5, 0x08C5, 0x08C5, 0x08C5, 0x0084, 0x2924, 0xA44D, 0xA44D, 
    0xACAE, 0x4A27, 0x0084, 0x0084, 0x4A27, 0x7B6A, 0x0063, 0x0084, 0x732A, 0xA46D, 0x93EC, 0x836A, 
    0x18C3, 0x00A5, 0x0883, 0x9C2D, 0x31A6, 0x0084, 0x2944, 0xA46E, 0xA44D, 0xA44D, 0x838B, 0x2924, 
    0x9C2D, 0x10A3, 0x18E3, 0x9C2D, 0x10A2, 0x8BAB, 0x838A, 0x0063, 0x00C5, 0x00A5, 0x00A5, 0x08A5, 
    0x00A5, 0x00A5, 0x00A5, 0x00A5, 0x00A5, 0x00A5, 0x00A5, 0x00A5, 0x00A5, 0x00A5, 0x00A5, 0x00A5, 
    0x00A5, 0x00A5, 0x00A5, 0x00A5, 0x00A5, 0x00A5, 0x00A5, 0x00A5, 0x00A5, 0x00A5, 0x00A5, 0x00A5, 
    0x00C5, 0x00A5, 0x00A5, 0x00C5, 0x00A5, 0x00A5, 0x00A5, 0x00A5, 0x00A5, 0x00A5, 0x00A5, 0x00A5, 
    0x00C5, 0x00C5, 0x00A5, 0x00A5, 0x00A5, 0x00A5, 0x00A5, 0x00A5, 0x00A5, 0x08A5, 0x00A5, 0x00A5, 
    0x00A5, 0x00A5, 0x00A5, 0x00A5, 0x00A5, 0x00A5, 0x00A5, 0x00A5, 0x00A5, 0x00C5, 0x00C5, 0x0084, 
    0x0042, 0x2A4E, 0x328E, 0x0041, 0x018E, 0x0212, 0x0212, 0x0212, 0x0212, 0x0212, 0x0212, 0x0212, 
    0x0A32, 0x0A32, 0x0A32, 0x0A32, 0x0A33, 0x0A33, 0x0A53, 0x0A54, 0x018D, 0x0861, 0x5371, 0x328E, 
    0x0041, 0x0084, 0x08C5, 0x08C5, 0x08A5, 0x08C5, 0x08A5, 0x00A5, 0x00A5, 0x00A5, 0x00A5, 0x00A5, 
    0x00A5, 0x08A5, 0x00A5, 0x00A5, 0x00A5, 0x00A5, 0x00A5, 0x00A5, 0x00A5, 0x00A5, 0x00A5, 0x00A5, 
    0x00A5, 0x00A5, 0x00A5, 0x00A5, 0x00A5, 0x00A5, 0x00A5, 0x00A5, 0x00A5, 0x00A5, 0x00A5, 0x00A5, 
    0x0084, 0x2104, 0x10C3, 0x0063, 0x2104, 0x10A2, 0x18E3, 0x18E4, 0x0063, 0x18E3, 0x18C3, 0x1082, 
    0x2944, 0x2945, 0x18E3, 0x0084, 0x00C5, 0x00A5, 0x00A5, 0x00A5, 0x0083, 0x2104, 0x10C3, 0x0084, 
    0x2124, 0x10C3, 0x10C3, 0x2924, 0x2924, 0x2924, 0x10A3, 0x10C3, 0x2965, 0x2965, 0x2104, 0x0063, 
    0x10A3, 0x2124, 0x0084, 0x08C5, 0x00A5, 0x08A3, 0x2965, 0x2944, 0x2945, 0x0862, 0x18E3, 0x10C3, 
    0x0084, 0x2124, 0x10C3, 0x10A2, 0x18C3, 0x0062, 0x18E4, 0x18E4, 0x00A5, 0x08A4, 0x2124, 0x0882, 
    0x00A4, 0x0084, 0x10A3, 0x3165, 0x2124, 0x0063, 0x08A3, 0x2124, 0x0083, 0x08A3, 0x2945, 0x0884, 
    0x00A4, 0x10C3, 0x18E3, 0x0084, 0x08C5, 0x08C5, 0x08C5, 0x08C5, 0x00A5, 0x0882, 0x2924, 0x2944, 
    0x2945, 0x0084, 0x00C5, 0x0084, 0x1082, 0x18E3, 0x0084, 0x0084, 0x1904, 0x2965, 0x2945, 0x18C3, 
    0x0083, 0x08A5, 0x0063, 0x2124, 0x10C4, 0x00A5, 0x08A3, 0x2945, 0x2944, 0x2944, 0x2103, 0x0862, 
    0x2124, 0x08A4, 0x0883, 0x2104, 0x0862, 0x2104, 0x2103, 0x0084, 0x08C5, 0x00A5, 0x00A5, 0x08A5, 
    0x08A5, 0x00A5, 0x08A5, 0x00A5, 0x00A5, 0x00A5, 0x00A5, 0x00A5, 0x00A5, 0x00A5, 0x00A5, 0x00A5, 
    0x00A5, 0x08A5, 0x00A5, 0x00A5, 0x00A5, 0x00A5, 0x00A5, 0x00A5, 0x00A5, 0x00A5, 0x00A5, 0x00A5, 
    0x00A5, 0x00A5, 0x00A5, 0x00A5, 0x00A5, 0x00A5, 0x00A5, 0x00A5, 0x00A5, 0x00A5, 0x00A5, 0x00C5, 
    0x00C5, 0x00A5, 0x00A5, 0x00A5, 0x00A5, 0x00A5, 0x00A5, 0x00A5, 0x00A5, 0x08A5, 0x00A5, 0x00A5, 
    0x00A5, 0x00A5, 0x00A5, 0x00A5, 0x00A5, 0x00A5, 0x00A5, 0x00A5, 0x08A5, 0x08A5, 0x00A5, 0x0084, 
    0x0042, 0x3ACF, 0x32AE, 0x0021, 0x01AF, 0x0233, 0x0A32, 0x0A32, 0x0A33, 0x0A33, 0x0A33, 0x0A33, 
    0x0212, 0x0A12, 0x0A12, 0x0A32, 0x0A32, 0x0A32, 0x0A32, 0x0A33, 0x016D, 0x0861, 0x5371, 0x328E, 
    0x0021, 0x0062, 0x08C5, 0x00A5, 0x08C5, 0x08A5, 0x00A5, 0x00A5, 0x00A5, 0x00A5, 0x00A5, 0x00A5, 
    0x00A5, 0x00A5, 0x00A5, 0x00A5, 0x00A5, 0x00A5, 0x00A5, 0x00A5, 0x00A5, 0x00A5, 0x00A5, 0x00A5, 
    0x00A5, 0x00A5, 0x00A5, 0x00A5, 0x00A5, 0x00A5, 0x00A5, 0x00A5, 0x00A5, 0x00A5, 0x00A5, 0x00A5, 
    0x00A5, 0x0084, 0x00A5, 0x00A5, 0x0084, 0x0084, 0x0084, 0x0084, 0x00A5, 0x00A5, 0x00A5, 0x00A4, 
    0x0084, 0x0084, 0x00A5, 0x00A5, 0x00A5, 0x00A5, 0x00A5, 0x00A5, 0x00A5, 0x00A5, 0x00A5, 0x00C5, 
    0x00A5, 0x00A5, 0x00A5, 0x0084, 0x0084, 0x0084, 0x00A5, 0x00A5, 0x00A5, 0x00A5, 0x00A5, 0x00A5, 
    0x00A4, 0x0084, 0x00A5, 0x00A5, 0x00A5, 0x00A5, 0x00A5, 0x0085, 0x0084, 0x00A5, 0x00A4, 0x00A5, 
    0x00C5, 0x00A5, 0x00A5, 0x00A4, 0x0084, 0x00A5, 0x00A5, 0x00A5, 0x00C5, 0x00A5, 0x0084, 0x00A4, 
    0x00A5, 0x00A5, 0x00A5, 0x0085, 0x00A5, 0x00A5, 0x00A4, 0x0084, 0x00A5, 0x00A5, 0x00A5, 0x00A5, 
    0x00A5, 0x00A4, 0x0084, 0x00A5, 0x08A5, 0x08C5, 0x08A5, 0x00A5, 0x00A5, 0x00A5, 0x0084, 0x00A5, 
    0x00A5, 0x00A5, 0x00A5, 0x00A4, 0x0084, 0x0084, 0x00A5, 0x00A5, 0x00A4, 0x00A5, 0x0084, 0x00A4, 
    0x00A5, 0x00A4, 0x00A5, 0x00A5, 0x00A5, 0x00C5, 0x00A5, 0x00A5, 0x00A5, 0x0084, 0x0084, 0x00A4, 
    0x0085, 0x00C5, 0x00C5, 0x00A5, 0x00C5, 0x00A4, 0x00A5, 0x00A5, 0x00A5, 0x00A5, 0x00A5, 0x00A5, 
    0x00A5, 0x00A5, 0x00A5, 0x00A5, 0x00A5, 0x00A5, 0x00A5, 0x00A5, 0x00A5, 0x00A5, 0x00A5, 0x00A5, 
    0x00A5, 0x00A5, 0x00A5, 0x00A5, 0x00A5, 0x00A5, 0x00A5, 0x00A5, 0x00A5, 0x00A5, 0x00A5, 0x00A5, 
    0x00A5, 0x00A5, 0x00A5, 0x00A5, 0x00A5, 0x00A5, 0x00A5, 0x00A5, 0x00A5, 0x00A5, 0x00A5, 0x00A5, 
    0x00A5, 0x00A5, 0x00A5, 0x00A5, 0x00A5, 0x00A5, 0x00A5, 0x00A5, 0x00A5, 0x00A5, 0x00A5, 0x00A5, 
    0x00A5, 0x00A5, 0x00A5, 0x00A5, 0x00A5, 0x00A5, 0x00A5, 0x00A5, 0x00A5, 0x00A5, 0x08C5, 0x0062, 
    0x0041, 0x4B30, 0x3AAE, 0x0021, 0x01AE, 0x0232, 0x0A12, 0x0212, 0x0212, 0x0A32, 0x0A32, 0x0232, 
    0x0212, 0x0A32, 0x0A32, 0x0A32, 0x0A32, 0x0A32, 0x0A32, 0x0A53, 0x016D, 0x0861, 0x5350, 0x42EF, 
    0x1947, 0x0021, 0x0084, 0x08C5, 0x00A5, 0x00A5, 0x00A5, 0x00A5, 0x00A5, 0x00A5, 0x00A5, 0x00A5, 
    0x00A5, 0x00A5, 0x00A5, 0x00A5, 0x00A5, 0x00A5, 0x00A5, 0x00A5, 0x00A5, 0x00A5, 0x00A5, 0x00A5, 
    0x00A5, 0x00A5, 0x00A5, 0x00A5, 0x00A5, 0x00A5, 0x00A5, 0x00A5, 0x00A5, 0x00A5, 0x00A5, 0x00A5, 
    0x00A5, 0x00A5, 0x00A5, 0x00A5, 0x00A5, 0x00A5, 0x00A5, 0x00A5, 0x00A5, 0x00A5, 0x00A5, 0x00A5, 
    0x00A5, 0x00A5, 0x00A5, 0x00A5, 0x00A5, 0x00A5, 0x00A5, 0x00A5, 0x00A5, 0x00A5, 0x00A5, 0x00A5, 
    0x00A5, 0x00A5, 0x00A5, 0x00A5, 0x00A5, 0x00A5, 0x00A5, 0x00A5, 0x00A5, 0x00C5, 0x00A5, 0x00A5, 
    0x00A5, 0x00A5, 0x00A5, 0x00A5, 0x00A5, 0x00A5, 0x00A5, 0x00A5, 0x00A5, 0x00A5, 0x00A5, 0x00A5, 
    0x00A5, 0x00A5, 0x00A5, 0x00A5, 0x00A5, 0x00A5, 0x00A5, 0x00A5, 0x00A5, 0x00A5, 0x00A5, 0x00A5, 
    0x00A5, 0x00A5, 0x00A5, 0x00A5, 0x00A5, 0x00A5, 0x00A5, 0x00A5, 0x00A5, 0x00A5, 0x00A5, 0x00A5, 
    0x00A5, 0x00A5, 0x00A5, 0x00A5, 0x00A5, 0x00A5, 0x00C5, 0x00A5, 0x00A5, 0x00A5, 0x00A5, 0x00A5, 
    0x00A5, 0x00A5, 0x00A5, 0x00A5, 0x00A5, 0x00A5, 0x00A5, 0x00A5, 0x00A5, 0x00A5, 0x00A5, 0x00A5, 
    0x00A5, 0x00A5, 0x00A5, 0x00A5, 0x00A5, 0x00A5, 0x00A5, 0x00A5, 0x00A5, 0x00A5, 0x00A5, 0x00A5, 
    0x00A5, 0x00A5, 0x00A5, 0x00C5, 0x00A5, 0x00A5, 0x00A5, 0x00A5, 0x00A5, 0x00A5, 0x00A5, 0x08A5, 
    0x00A5, 0x00A5, 0x00A5, 0x00A5, 0x00A5, 0x00A5, 0x00A5, 0x00A5, 0x00A5, 0x00A5, 0x00A5, 0x00A5, 
    0x00A5, 0x00A5, 0x00A5, 0x00A5, 0x00A5, 0x00A5, 0x00A5, 0x00A5, 0x00A5, 0x00A5, 0x00A5, 0x00A5, 
    0x00A5, 0x00A5, 0x00A5, 0x00A5, 0x00A5, 0x00A5, 0x00A5, 0x00A5, 0x00A5, 0x00A5, 0x00A5, 0x00A5, 
    0x00A5, 0x00A5, 0x00A5, 0x00A5, 0x00A5, 0x00A5, 0x00A5, 0x00A5, 0x00A5, 0x00A5, 0x00A5, 0x00A5, 
    0x00A5, 0x00A5, 0x00A5, 0x00A5, 0x00A5, 0x00A5, 0x00A5, 0x00A5, 0x00A5, 0x00A5, 0x0063, 0x0882, 
    0x21A9, 0x5371, 0x328D, 0x0021, 0x01AE, 0x0A32, 0x0A32, 0x0A32, 0x0A32, 0x0A32, 0x0A32, 0x0232, 
    0x0A32, 0x0A52, 0x0A52, 0x0A52, 0x0A52, 0x0A53, 0x0A53, 0x0A73, 0x018D, 0x0041, 0x2A2C, 0x42F0, 
    0x42F0, 0x08C4, 0x0062, 0x0084, 0x00A4, 0x00A4, 0x00A4, 0x0084, 0x0084, 0x0084, 0x0084, 0x0084, 
    0x0084, 0x00A4, 0x0084, 0x0084, 0x0084, 0x0084, 0x0084, 0x0084, 0x0084, 0x0084, 0x0084, 0x0084, 
    0x0084, 0x0084, 0x0084, 0x0084, 0x0084, 0x0084, 0x0084, 0x0084, 0x0084, 0x0084, 0x0084, 0x0084, 
    0x0084, 0x0084, 0x0084, 0x0084, 0x0084, 0x0084, 0x0084, 0x0084, 0x0084, 0x0084, 0x00A4, 0x00A4, 
    0x0084, 0x00A4, 0x0084, 0x0084, 0x0084, 0x00A4, 0x00A4, 0x00A4, 0x00A4, 0x00A4, 0x00A4, 0x00A4, 
    0x0084, 0x0084, 0x00A4, 0x00A4, 0x0084, 0x0084, 0x0084, 0x0084, 0x00A4, 0x00A4, 0x00A4, 0x00A4, 
    0x00A4, 0x00A4, 0x00A4, 0x0084, 0x0084, 0x00A4, 0x00A4, 0x00A4, 0x00A4, 0x00A4, 0x00A4, 0x0084, 
    0x0084, 0x00A4, 0x0084, 0x0084, 0x0084, 0x0084, 0x0084, 0x0084, 0x00A4, 0x0084, 0x0084, 0x0084, 
    0x0084, 0x0084, 0x0084, 0x0084, 0x0084, 0x0084, 0x0084, 0x0084, 0x0084, 0x0084, 0x0084, 0x0084, 
    0x0084, 0x0084, 0x00A4, 0x00A4, 0x00A4, 0x00A4, 0x00A4, 0x0084, 0x00A4, 0x00A4, 0x0084, 0x0084, 
    0x0084, 0x0084, 0x0084, 0x0084, 0x0084, 0x0084, 0x0084, 0x0084, 0x0084, 0x0084, 0x0084, 0x0084, 
    0x0084, 0x0084, 0x0084, 0x00A4, 0x00A4, 0x00A4, 0x00A4, 0x00A4, 0x0084, 0x0084, 0x00A4, 0x00A4, 
    0x00A4, 0x00A4, 0x00A4, 0x0084, 0x00A4, 0x0084, 0x0084, 0x0084, 0x0084, 0x0084, 0x00A4, 0x00A4, 
    0x00A4, 0x00A4, 0x0084, 0x0084, 0x0084, 0x00A4, 0x0084, 0x0084, 0x0084, 0x0084, 0x0084, 0x0084, 
    0x0084, 0x00A4, 0x0084, 0x00A4, 0x0084, 0x00A4, 0x0084, 0x0084, 0x0084, 0x0084, 0x0084, 0x0084, 
    0x0084, 0x0084, 0x0084, 0x0084, 0x0084, 0x0084, 0x00A4, 0x0084, 0x0084, 0x0084, 0x0084, 0x0084, 
    0x0084, 0x0084, 0x0084, 0x0084, 0x0084, 0x0084, 0x00A4, 0x0084, 0x00A4, 0x0084, 0x00A4, 0x00A4, 
    0x0084, 0x00A4, 0x00A4, 0x00A4, 0x00A4, 0x00A4, 0x00A4, 0x00A4, 0x00A4, 0x0084, 0x0062, 0x1946, 
    0x4B51, 0x3ACF, 0x220C, 0x0021, 0x01AF, 0x0A53, 0x0A52, 0x0A52, 0x0A53, 0x0A53, 0x0A33, 0x0A32, 
    0x0A52, 0x0A53, 0x0A53, 0x0A53, 0x0A53, 0x0A53, 0x0A53, 0x0A53, 0x01CF, 0x0042, 0x08A4, 0x2A2C, 
    0x63D2, 0x3ACF, 0x08A3, 0x0000, 0x0020, 0x0000, 0x0000, 0x0000, 0x0000, 0x0000, 0x0000, 0x0000, 
    0x0000, 0x0000, 0x0000, 0x0000, 0x0000, 0x0000, 0x0000, 0x0000, 0x0000, 0x0000, 0x0000, 0x0000, 
    0x0000, 0x0000, 0x0000, 0x0000, 0x0000, 0x0000, 0x0000, 0x0000, 0x0000, 0x0000, 0x0000, 0x0000, 
    0x0000, 0x0000, 0x0000, 0x0000, 0x0000, 0x0000, 0x0000, 0x0000, 0x0000, 0x0000, 0x0000, 0x0000, 
    0x0000, 0x0000, 0x0000, 0x0000, 0x0000, 0x0000, 0x0000, 0x0000, 0x0020, 0x0000, 0x0000, 0x0000, 
    0x0000, 0x0000, 0x0000, 0x0000, 0x0000, 0x0000, 0x0000, 0x0000, 0x0000, 0x0000, 0x0000, 0x0000, 
    0x0000, 0x0000, 0x0000, 0x0000, 0x0000, 0x0000, 0x0000, 0x0000, 0x0000, 0x0000, 0x0000, 0x0000, 
    0x0000, 0x0000, 0x0000, 0x0000, 0x0000, 0x0000, 0x0000, 0x0000, 0x0000, 0x0000, 0x0000, 0x0000, 
    0x0000, 0x0000, 0x0000, 0x0000, 0x0000, 0x0000, 0x0000, 0x0000, 0x0000, 0x0000, 0x0000, 0x0000, 
    0x0000, 0x0000, 0x0000, 0x0000, 0x0000, 0x0000, 0x0000, 0x0000, 0x0000, 0x0000, 0x0000, 0x0000, 
    0x0000, 0x0000, 0x0000, 0x0000, 0x0000, 0x0000, 0x0000, 0x0000, 0x0000, 0x0000, 0x0000, 0x0000, 
    0x0000, 0x0000, 0x0000, 0x0000, 0x0000, 0x0000, 0x0000, 0x0000, 0x0000, 0x0000, 0x0000, 0x0000, 
    0x0000, 0x0000, 0x0000, 0x0000, 0x0000, 0x0000, 0x0000, 0x0000, 0x0000, 0x0000, 0x0000, 0x0000, 
    0x0000, 0x0000, 0x0000, 0x0000, 0x0000, 0x0000, 0x0000, 0x0000, 0x0000, 0x0000, 0x0000, 0x0000, 
    0x0000, 0x0000, 0x0000, 0x0000, 0x0000, 0x0000, 0x0000, 0x0000, 0x0000, 0x0000, 0x0000, 0x0000, 
    0x0000, 0x0000, 0x0000, 0x0000, 0x0000, 0x0000, 0x0000, 0x0000, 0x0000, 0x0000, 0x0000, 0x0000, 
    0x0000, 0x0000, 0x0000, 0x0000, 0x0000, 0x0000, 0x0000, 0x0000, 0x0020, 0x0020, 0x0020, 0x0020, 
    0x0000, 0x0020, 0x0000, 0x0000, 0x0000, 0x0000, 0x0000, 0x0000, 0x0000, 0x0000, 0x1989, 0x4310, 
    0x5350, 0x220D, 0x08C5, 0x0000, 0x01CF, 0x0A53, 0x0A53, 0x0A53, 0x0A53, 0x0A53, 0x0A53, 0x0A53, 
    0x0212, 0x0212, 0x0212, 0x0212, 0x0A12, 0x0A12, 0x0A32, 0x0A32, 0x0A33, 0x09CF, 0x0021, 0x08A3, 
    0x222D, 0x4331, 0x3A8D, 0x3A6C, 0x3A8D, 0x3A8D, 0x3A8D, 0x3A8D, 0x42AD, 0x42AD, 0x42AD, 0x3AAD, 
    0x3AAD, 0x3A8D, 0x3A8D, 0x3A8C, 0x3A6C, 0x3A6C, 0x3A6C, 0x3A6C, 0x3A8D, 0x3A8D, 0x3A8D, 0x42AD, 
    0x42AD, 0x3AAD, 0x42AD, 0x42AD, 0x3AAD, 0x42AD, 0x42AD, 0x3A8D, 0x42AD, 0x42AD, 0x3A8C, 0x3A8C, 
    0x3A8D, 0x3A8D, 0x3AAD, 0x3AAD, 0x3AAD, 0x3A8D, 0x3A6D, 0x3A8D, 0x42AD, 0x3AAD, 0x3A8D, 0x3A8D, 
    0x3A8D, 0x3A8D, 0x42AD, 0x3A8D, 0x3A8D, 0x42AD, 0x42AD, 0x42AD, 0x3A8D, 0x3A8D, 0x3A8D, 0x3A8D, 
    0x3A8D, 0x3A8D, 0x3A8D, 0x3A8D, 0x3A8D, 0x3AAD, 0x3AAD, 0x3A8D, 0x3A8D, 0x3A8C, 0x3A8C, 0x3A6C, 
    0x3A8D, 0x3A8D, 0x3A6C, 0x3A6C, 0x3A6C, 0x3A8D, 0x3A8D, 0x3A8D, 0x3A8D, 0x3A8D, 0x3A8D, 0x3A8D, 
    0x3A8D, 0x3A8D, 0x3A8D, 0x3A8D, 0x3A8D, 0x42AD, 0x428D, 0x42AD, 0x42AD, 0x3A8D, 0x3A8D, 0x3A8D, 
    0x3A8D, 0x42AD, 0x42AD, 0x3AAD, 0x42AD, 0x42AD, 0x3A8D, 0x3A8D, 0x3A8D, 0x3A8D, 0x3A8D, 0x3A8D, 
    0x3A8D, 0x3A8D, 0x42AD, 0x42AD, 0x3A8D, 0x3A6C, 0x3A8D, 0x3A8D, 0x42AD, 0x3AAD, 0x3A8D, 0x3A8D, 
    0x326D, 0x326D, 0x3A8D, 0x3A8D, 0x3A8D, 0x3AAD, 0x3A8D, 0x3A8D, 0x3A8D, 0x3A8D, 0x3A8C, 0x3A8D, 
    0x3AAD, 0x3A8D, 0x42AD, 0x3A8D, 0x3A8D, 0x3A8D, 0x3A8D, 0x3A8D, 0x3A8D, 0x3A8D, 0x3A8C, 0x3A8D, 
    0x3A8D, 0x3AAD, 0x42AD, 0x42AD, 0x3A8C, 0x42AD, 0x42AD, 0x42AD, 0x42AD, 0x42AD, 0x42AD, 0x42AD, 
    0x42CD, 0x42CD, 0x42CD, 0x3AAD, 0x3A8D, 0x3A8D, 0x3A8D, 0x3A6D, 0x3A6C, 0x3A8D, 0x3A8C, 0x3A8C, 
    0x3A8D, 0x3A8D, 0x3A8D, 0x3A8D, 0x3A8C, 0x3A8D, 0x3A8D, 0x3A8D, 0x42AD, 0x42AD, 0x42AD, 0x428D, 
    0x42AD, 0x42AD, 0x42AD, 0x42AD, 0x3AAD, 0x3A8D, 0x3A8C, 0x3A8C, 0x3A8D, 0x3A8D, 0x3AAD, 0x42AD, 
    0x42AD, 0x42AD, 0x3AAD, 0x3A8D, 0x3A8D, 0x3A8C, 0x3A8C, 0x3A8D, 0x3A8C, 0x3A8D, 0x42AD, 0x3AAD, 
    0x3A8D, 0x3A8D, 0x42AD, 0x42AD, 0x42CD, 0x42AD, 0x428C, 0x3A8D, 0x3A8C, 0x3A8C, 0x4B0F, 0x3AEF, 
    0x11CC, 0x08E5, 0x0001, 0x016C, 0x0A32, 0x0A53, 0x0A53, 0x0A53, 0x0A53, 0x0A53, 0x0A53, 0x0A53, 
    0x0A32, 0x0A33, 0x0A33, 0x0A33, 0x0A53, 0x0A53, 0x0A53, 0x0A33, 0x0A32, 0x0A12, 0x016C, 0x0042, 
    0x0883, 0x222C, 0x2A6F, 0x328F, 0x328F, 0x32AF, 0x2A8F, 0x2A8F, 0x2A8F, 0x328F, 0x328F, 0x32AF, 
    0x32AF, 0x328F, 0x328F, 0x328F, 0x2A8F, 0x2A8F, 0x2A8F, 0x2A8F, 0x2A8F, 0x32AF, 0x32AF, 0x32AF, 
    0x32AF, 0x32AF, 0x32AF, 0x32AF, 0x32AF, 0x32AF, 0x328F, 0x32AF, 0x32AF, 0x32B0, 0x32AF, 0x2AAF, 
    0x32AF, 0x32B0, 0x32B0, 0x2AAF, 0x2AB0, 0x2AB0, 0x2AB0, 0x32D0, 0x32D0, 0x32D0, 0x32D0, 0x32D0, 
    0x32B0, 0x32B0, 0x32B0, 0x32AF, 0x32AF, 0x32AF, 0x32AF, 0x32AF, 0x2A8F, 0x2A8F, 0x2A8F, 0x2A8F, 
    0x2A8F, 0x2A8F, 0x2A8F, 0x2AB0, 0x2AB0, 0x32B0, 0x32B0, 0x2AB0, 0x32B0, 0x32AF, 0x32AF, 0x32B0, 
    0x32B0, 0x32B0, 0x2AAF, 0x2A8F, 0x2A8F, 0x32AF, 0x32B0, 0x32B0, 0x32B0, 0x2AAF, 0x2A8F, 0x2A8F, 
    0x2A8F, 0x2A8F, 0x2A8F, 0x2A8F, 0x2A8F, 0x2A8F, 0x32AF, 0x32AF, 0x328F, 0x2A8F, 0x328F, 0x32AF, 
    0x2A8F, 0x32AF, 0x32AF, 0x32AF, 0x32AF, 0x32AF, 0x32AF, 0x32AF, 0x32AF, 0x32AF, 0x2AAF, 0x2A8F, 
    0x2A8F, 0x32AF, 0x32AF, 0x32AF, 0x2A8F, 0x2A8F, 0x2A8F, 0x2A8F, 0x2A8F, 0x2AB0, 0x2AB0, 0x2A8F, 
    0x2A8F, 0x2A90, 0x2A90, 0x2A8F, 0x2A8F, 0x32B0, 0x32B0, 0x32AF, 0x32AF, 0x2AAF, 0x32AF, 0x32B0, 
    0x32D0, 0x32D0, 0x32D0, 0x32B0, 0x32AF, 0x32AF, 0x32AF, 0x32B0, 0x32D0, 0x32D0, 0x32AF, 0x32B0, 
    0x32AF, 0x32AF, 0x32AF, 0x32AF, 0x32AF, 0x32AF, 0x32AF, 0x32B0, 0x32D0, 0x32B0, 0x32B0, 0x32B0, 
    0x32B0, 0x32AF, 0x32AF, 0x32AF, 0x2A8F, 0x2A8F, 0x2A8F, 0x2A6F, 0x2A6F, 0x2A8F, 0x2A8F, 0x2A8F, 
    0x32AF, 0x2AAF, 0x2AAF, 0x2A8F, 0x32AF, 0x32B0, 0x32B0, 0x32D0, 0x32D0, 0x32D0, 0x32B0, 0x32B0, 
    0x32B0, 0x32B0, 0x32D0, 0x32D0, 0x32D0, 0x32B0, 0x32D0, 0x32D0, 0x32D0, 0x32D0, 0x32B0, 0x32D0, 
    0x32D0, 0x32D0, 0x32AF, 0x32B0, 0x32B0, 0x32B0, 0x32D0, 0x32AF, 0x32AF, 0x32AF, 0x32D0, 0x32AF, 
    0x32AF, 0x32AF, 0x32AF, 0x32D0, 0x32D0, 0x32D0, 0x32AF, 0x32AF, 0x32AF, 0x328F, 0x2A6E, 0x1A0C, 
    0x0083, 0x0043, 0x014C, 0x0233, 0x0A53, 0x0A53, 0x0A53, 0x0A53, 0x0A33, 0x0A33, 0x0A33, 0x0A32, 
    0x0232, 0x0A32, 0x0A32, 0x0A32, 0x0A32, 0x0A32, 0x0A32, 0x0A32, 0x0A12, 0x0A32, 0x0A32, 0x014B, 
    0x0064, 0x0883, 0x08A4, 0x08A4, 0x08A4, 0x08A4, 0x08A4, 0x08A4, 0x08A4, 0x08A3, 0x08A4, 0x08A4, 
    0x08A4, 0x08A4, 0x08A4, 0x08A4, 0x08A4, 0x08A4, 0x08A4, 0x08A4, 0x08A4, 0x08A4, 0x08C4, 0x08A4, 
    0x08A4, 0x08A4, 0x08A4, 0x08A4, 0x08A4, 0x08A4, 0x08A4, 0x08A4, 0x08A4, 0x08C4, 0x08C4, 0x08A4, 
    0x08A4, 0x08A4, 0x08A4, 0x08A4, 0x08A4, 0x08A4, 0x08A4, 0x08A4, 0x08C4, 0x08A4, 0x08A4, 0x08A4, 
    0x08A4, 0x08A4, 0x08A4, 0x08A4, 0x08A4, 0x08A4, 0x08A4, 0x08A4, 0x08A4, 0x08A4, 0x08A4, 0x08A4, 
    0x08A4, 0x08A4, 0x08A4, 0x08A4, 0x08A4, 0x08A4, 0x08A4, 0x08A4, 0x08A4, 0x08C4, 0x08A4, 0x08C4, 
    0x08C4, 0x08C4, 0x08A4, 0x08A4, 0x08A4, 0x08A4, 0x08A4, 0x08A4, 0x08A4, 0x08A4, 0x08A4, 0x08A4, 
    0x08A4, 0x08A4, 0x08A4, 0x08A4, 0x08A4, 0x08A4, 0x08A4, 0x08A4, 0x08A4, 0x08A4, 0x08A4, 0x08A4, 
    0x08A4, 0x08A4, 0x08A4, 0x08A4, 0x08A4, 0x08A4, 0x08A4, 0x08A4, 0x08A4, 0x08A4, 0x08A4, 0x08A4, 
    0x08A4, 0x08A4, 0x08A4, 0x08A4, 0x08A4, 0x08A4, 0x08A4, 0x08A4, 0x08A4, 0x08A4, 0x08A4, 0x08A4, 
    0x08A4, 0x08A4, 0x08A4, 0x08A4, 0x08A4, 0x08A4, 0x08A4, 0x08A4, 0x08A4, 0x08A4, 0x08A4, 0x08A4, 
    0x08C4, 0x08C4, 0x08C4, 0x08A4, 0x08A4, 0x08A4, 0x08A4, 0x08A4, 0x08A4, 0x08A4, 0x08C4, 0x08A4, 
    0x08A4, 0x08A4, 0x08A4, 0x08A4, 0x08A4, 0x08A4, 0x08A4, 0x08C4, 0x08C4, 0x08A4, 0x08A4, 0x08A4, 
    0x08A4, 0x08A4, 0x08A3, 0x0883, 0x08A4, 0x08A4, 0x08A4, 0x08A4, 0x08A4, 0x08A4, 0x08A4, 0x08A4, 
    0x08A4, 0x08A4, 0x08A4, 0x08A4, 0x08A4, 0x08C4, 0x08C4, 0x08C4, 0x08C4, 0x08C4, 0x08A4, 0x08A4, 
    0x08A4, 0x08A4, 0x08C4, 0x08C4, 0x08C4, 0x08C4, 0x08C4, 0x08C4, 0x08C4, 0x08C4, 0x08A4, 0x08A4, 
    0x08A4, 0x08A4, 0x08A4, 0x08A4, 0x08A4, 0x08C4, 0x08C4, 0x08A4, 0x08A4, 0x08A4, 0x08A4, 0x08A4, 
    0x08A4, 0x08A4, 0x08A4, 0x08C4, 0x08C4, 0x08A4, 0x08A4, 0x08A4, 0x08A4, 0x08A4, 0x08A4, 0x0062, 
    0x0084, 0x014B, 0x0212, 0x0A53, 0x0A53, 0x0A53, 0x0A53, 0x0A53, 0x0A33, 0x0A32, 0x0A33, 0x0A32, 
    0x0212, 0x0212, 0x0212, 0x0A32, 0x0A32, 0x0A32, 0x0232, 0x0A32, 0x0A33, 0x0A33, 0x0A32, 0x0253, 
    0x018D, 0x00A6, 0x00A6, 0x00A6, 0x00A6, 0x00A6, 0x0086, 0x00A6, 0x00A6, 0x00A6, 0x00A6, 0x00A6, 
    0x00A6, 0x00A6, 0x00A6, 0x00A6, 0x00A6, 0x0086, 0x0086, 0x0086, 0x0086, 0x0086, 0x0085, 0x0085, 
    0x0086, 0x0086, 0x0086, 0x0086, 0x0086, 0x0086, 0x0086, 0x0086, 0x00A6, 0x0086, 0x00A6, 0x00A6, 
    0x00A6, 0x0085, 0x00A5, 0x00A6, 0x00A6, 0x0085, 0x0085, 0x00A6, 0x00A6, 0x0086, 0x0085, 0x0085, 
    0x0085, 0x0085, 0x0086, 0x0085, 0x0085, 0x0085, 0x0085, 0x00A6, 0x00A6, 0x00A6, 0x00A6, 0x00A6, 
    0x00A6, 0x00A6, 0x0086, 0x00A6, 0x0086, 0x00A6, 0x0086, 0x0085, 0x0086, 0x00A6, 0x0086, 0x00A6, 
    0x00A6, 0x0086, 0x00A6, 0x0086, 0x0086, 0x00A6, 0x00A6, 0x00A6, 0x00A6, 0x00A6, 0x00A6, 0x00A6, 
    0x00A6, 0x00A6, 0x00A6, 0x00A6, 0x00A6, 0x00A6, 0x0086, 0x0086, 0x00A6, 0x0086, 0x0085, 0x0085, 
    0x0085, 0x0086, 0x0086, 0x0085, 0x0086, 0x00A6, 0x00A6, 0x00A6, 0x00A6, 0x00A6, 0x00A6, 0x00A6, 
    0x00A6, 0x00A6, 0x00A6, 0x00A6, 0x0086, 0x0085, 0x00A6, 0x0086, 0x0085, 0x0085, 0x0085, 0x00A5, 
    0x00A6, 0x00A6, 0x00A6, 0x0086, 0x0085, 0x0085, 0x0086, 0x00A6, 0x00A6, 0x00A6, 0x00A6, 0x00A6, 
    0x00A6, 0x00A6, 0x00A6, 0x00A6, 0x00A6, 0x0086, 0x0086, 0x0085, 0x0085, 0x00A6, 0x00A6, 0x00A6, 
    0x00A6, 0x00A6, 0x0085, 0x0085, 0x0085, 0x0085, 0x0085, 0x0085, 0x00A6, 0x00A6, 0x0085, 0x0085, 
    0x00A6, 0x00A6, 0x00A6, 0x0086, 0x00A6, 0x00A6, 0x00A6, 0x00A6, 0x00A6, 0x0086, 0x0086, 0x0085, 
    0x0086, 0x0086, 0x0086, 0x00A6, 0x0086, 0x0086, 0x0086, 0x0086, 0x0086, 0x0086, 0x00A6, 0x00A6, 
    0x00A6, 0x00A6, 0x00A6, 0x0086, 0x0086, 0x00A6, 0x00A6, 0x00A6, 0x00A6, 0x00A6, 0x00A6, 0x00A6, 
    0x00A6, 0x00A6, 0x00A6, 0x00A6, 0x00A6, 0x00A6, 0x00A6, 0x00A6, 0x00A6, 0x00A6, 0x00A6, 0x00A6, 
    0x00A6, 0x0086, 0x0086, 0x00A6, 0x00A6, 0x00A6, 0x00A6, 0x00A6, 0x00A5, 0x0085, 0x0085, 0x00A5, 
    0x014C, 0x0A53, 0x0A53, 0x0A53, 0x0A53, 0x0A53, 0x0A53, 0x0A53, 0x0A33, 0x0A33, 0x0A33, 0x0A53, 
    0x0233, 0x0A33, 0x0A33, 0x0A53, 0x0A53, 0x0A53, 0x0A53, 0x0A33, 0x0A33, 0x0A33, 0x0A32, 0x0A33, 
    0x0A33, 0x0233, 0x0212, 0x0212, 0x0212, 0x0212, 0x0212, 0x0212, 0x0212, 0x0212, 0x0212, 0x0212, 
    0x0212, 0x0212, 0x0212, 0x0212, 0x0212, 0x0212, 0x0212, 0x0212, 0x0212, 0x0212, 0x0212, 0x0212, 
    0x0212, 0x0212, 0x01F2, 0x01F2, 0x0212, 0x0212, 0x01F2, 0x0212, 0x0212, 0x0212, 0x0212, 0x0212, 
    0x0212, 0x0212, 0x0212, 0x0212, 0x0212, 0x0212, 0x0212, 0x0212, 0x0212, 0x01F2, 0x01F2, 0x01F2, 
    0x01F2, 0x01F2, 0x0212, 0x01F2, 0x01F2, 0x0212, 0x0212, 0x0212, 0x0212, 0x0212, 0x0212, 0x0212, 
    0x0212, 0x0212, 0x0212, 0x0212, 0x0212, 0x0212, 0x0212, 0x0212, 0x0212, 0x0212, 0x0212, 0x0212, 
    0x0212, 0x0212, 0x0212, 0x0212, 0x0212, 0x0212, 0x0212, 0x0212, 0x0212, 0x0212, 0x0212, 0x0212, 
    0x0212, 0x0212, 0x0212, 0x0212, 0x0212, 0x0212, 0x0212, 0x0212, 0x0212, 0x0212, 0x0212, 0x0212, 
    0x0212, 0x0212, 0x0212, 0x0212, 0x0212, 0x0212, 0x0212, 0x0212, 0x0212, 0x0212, 0x0212, 0x0212, 
    0x0212, 0x0212, 0x0212, 0x0212, 0x0212, 0x0212, 0x0212, 0x0212, 0x0212, 0x01F1, 0x01F1, 0x01F1, 
    0x0212, 0x0212, 0x01F2, 0x01F2, 0x01F1, 0x01F2, 0x0212, 0x0212, 0x0212, 0x0212, 0x0212, 0x0212, 
    0x0212, 0x0212, 0x0212, 0x0212, 0x0212, 0x0212, 0x0212, 0x0212, 0x0212, 0x0212, 0x0212, 0x0212, 
    0x0212, 0x0212, 0x01F2, 0x01F2, 0x0212, 0x01F2, 0x0212, 0x0212, 0x0212, 0x0212, 0x0212, 0x0212, 
    0x0212, 0x0212, 0x0212, 0x0212, 0x0212, 0x0212, 0x0212, 0x0212, 0x0212, 0x01F2, 0x01F2, 0x01F2, 
    0x0212, 0x0212, 0x0212, 0x0212, 0x0212, 0x0212, 0x0212, 0x0212, 0x0212, 0x0212, 0x0212, 0x0213, 
    0x0212, 0x0213, 0x0212, 0x0212, 0x0212, 0x0212, 0x0212, 0x0212, 0x0212, 0x0212, 0x0212, 0x0212, 
    0x0212, 0x0212, 0x0212, 0x0212, 0x0212, 0x0212, 0x0212, 0x0212, 0x0212, 0x0212, 0x0212, 0x0212, 
    0x0212, 0x0212, 0x0212, 0x0212, 0x0212, 0x0212, 0x0212, 0x01F2, 0x0212, 0x0212, 0x01F2, 0x0212, 
    0x0A53, 0x0A53, 0x0A33, 0x0A33, 0x0A33, 0x0A33, 0x0A33, 0x0A33, 0x0A33, 0x0232, 0x0232, 0x0233, 
    0x0212, 0x0212, 0x0A12, 0x0A33, 0x0A33, 0x0A32, 0x0A32, 0x0A32, 0x0A32, 0x0212, 0x0A12, 0x0A12, 
    0x0212, 0x0232, 0x0232, 0x0A32, 0x0A33, 0x0233, 0x0233, 0x0233, 0x0232, 0x0232, 0x0A33, 0x0A33, 
    0x0A33, 0x0A33, 0x0A32, 0x0A33, 0x0232, 0x0232, 0x0232, 0x0232, 0x0233, 0x0233, 0x0A53, 0x0253, 
    0x0253, 0x0233, 0x0232, 0x0232, 0x0232, 0x0232, 0x0232, 0x0232, 0x0232, 0x0232, 0x0232, 0x0232, 
    0x0232, 0x0232, 0x0A33, 0x0233, 0x0A33, 0x0A32, 0x0A53, 0x0233, 0x0232, 0x0232, 0x0212, 0x0212, 
    0x0232, 0x0232, 0x0233, 0x0232, 0x0232, 0x0232, 0x0A33, 0x0232, 0x0232, 0x0233, 0x0233, 0x0233, 
    0x0232, 0x0232, 0x0232, 0x0232, 0x0232, 0x0232, 0x0232, 0x0232, 0x0232, 0x0232, 0x0232, 0x0232, 
    0x0232, 0x0232, 0x0232, 0x0232, 0x0232, 0x0A32, 0x0A32, 0x0232, 0x0212, 0x0212, 0x0232, 0x0232, 
    0x0A32, 0x0212, 0x0212, 0x0212, 0x0232, 0x0A32, 0x0232, 0x0232, 0x0232, 0x0A32, 0x0A32, 0x0A32, 
    0x0A32, 0x0232, 0x0232, 0x0212, 0x0212, 0x0212, 0x0212, 0x0212, 0x0212, 0x0212, 0x0212, 0x0212, 
    0x0212, 0x0212, 0x0212, 0x0212, 0x0212, 0x0212, 0x0212, 0x0A12, 0x0212, 0x0212, 0x0212, 0x0212, 
    0x0212, 0x0212, 0x0212, 0x0212, 0x0212, 0x0212, 0x0232, 0x0232, 0x0232, 0x0232, 0x0233, 0x0A33, 
    0x0232, 0x0232, 0x0A33, 0x0233, 0x0A33, 0x0A33, 0x0A33, 0x0232, 0x0232, 0x0233, 0x0A33, 0x0A33, 
    0x0A32, 0x0232, 0x0232, 0x0A32, 0x0A32, 0x0A33, 0x0232, 0x0233, 0x0A33, 0x0A33, 0x0A32, 0x0A33, 
    0x0A32, 0x0232, 0x0232, 0x0232, 0x0232, 0x0232, 0x0A32, 0x0212, 0x0212, 0x0212, 0x0212, 0x0232, 
    0x0A32, 0x0232, 0x0232, 0x0212, 0x0212, 0x0212, 0x0212, 0x0232, 0x0232, 0x0232, 0x0233, 0x0A32, 
    0x0A33, 0x0A33, 0x0A33, 0x0A33, 0x0A32, 0x0A32, 0x0A32, 0x0232, 0x0232, 0x0232, 0x0232, 0x0232, 
    0x0A32, 0x0A32, 0x0A32, 0x0A33, 0x0A32, 0x0232, 0x0A32, 0x0A32, 0x0A32, 0x0A32, 0x0A32, 0x0232, 
    0x0232, 0x0232, 0x0A32, 0x0232, 0x0232, 0x0232, 0x0232, 0x0232, 0x0232, 0x0A32, 0x0A33, 0x0233, 
    0x0A33, 0x0A53, 0x0A53, 0x0A53, 0x0A53, 0x0A53, 0x0A53, 0x0A53, 0x0A53, 0x0A33, 0x0A33, 0x0A33, 
};